	mHsm	mH1	mH2	mH3	mHp	R11	R12	R13	R21	R22	R23	R31	R32	R33	L1	L2	L3	L4	L5	L6	L7	L8	Tr	Ti	m11sq	m22sq	mssq	v	a1	a2	a3	DD_nSd	DD_nSi	DD_pSd	DD_pSi	S	STU_chisq	T	U	b_Hsm_H1H1	b_Hsm_H1H2	b_Hsm_H1H3	b_Hsm_H2H2	b_Hsm_H2H3	b_Hsm_H3H3	b_Hsm_WW	b_Hsm_ZZ	b_Hsm_Zgam	b_Hsm_bb	b_Hsm_cc	b_Hsm_gamgam	b_Hsm_gg	b_Hsm_mumu	b_Hsm_ss	b_Hsm_tautau	b_Hsm_tt	c_HsmH1H1	c_HsmH1H2	c_HsmH1H3	c_HsmH2H2	c_HsmH2H3	c_HsmH3H3	c_HsmHpHm	hb_H1_channel	hb_H1_expratio	hb_H1_obsratio	hb_H2_channel	hb_H2_expratio	hb_H2_obsratio	hb_H3_channel	hb_H3_expratio	hb_H3_obsratio	hb_Hp_channel	hb_Hp_expratio	hb_Hp_obsratio	hb_Hsm_channel	hb_Hsm_expratio	hb_Hsm_obsratio	hb_result	hs_Chisq_channel	hs_channel	hs_chisq	hs_deltaChisq	hs_deltaChisq_channel	hs_result	mDM	maxEV	mu_Hsm_WW	mu_Hsm_ZZ	mu_Hsm_bb	mu_Hsm_gamgam	mu_Hsm_tautau	omega_c	valid_DM	w_Hsm	dm11s	dm22s	dmSs	dReA	dImA	dL1	dL2	dL3	dL4	dL5	dL6	dL7	dL8	dT1	dT2	dTCP	dTCB	dTS	dImL5	status_nlo_stability	status_ewsr	status_tracing	Tcrit	Temp	omega_{CB}	omega_1	omega_2	omega_{CP}	omega_S	mG0sq	mGmsq	mGpsq	mHSMsq	mHpsq	mHmsq	mH1sq	mH2sq	mH3sq	mG0sq_T	mGmsq_T	mGpsq_T	mHSMsq_T	mHpsq_T	mHmsq_T	mH1sq_T	mH2sq_T	mH3sq_T	mL_0sq	mL_1sq	mL_2sq	mL_3sq	mL_4sq	mL_5sq	mL_6sq	mL_7sq	mL_8sq	mQ_0sq	mQ_1sq	mQ_2sq	mQ_3sq	mQ_4sq	mQ_5sq	mQ_6sq	mQ_7sq	mQ_8sq	mQ_9sq	mQ_10sq	mQ_11sq	mG_0sq	mG_1sq	mG_2sq	mG_3sq	mG_0sq_T	mG_1sq_T	mG_2sq_T	mG_3sq_T	alpha1_T	alpha2_T	alpha3_T	MS_00	MS_01	MS_02	MS_10	MS_11	MS_12	MS_20	MS_21	MS_22	alpha1_pot_T	alpha2_pot_T	alpha3_pot_T	MS_pot_00	MS_pot_01	MS_pot_02	MS_pot_10	MS_pot_11	MS_pot_12	MS_pot_20	MS_pot_21	MS_pot_22	mG0sq_pot	mGmsq_pot	mGpsq_pot	mHSMsq_pot	mHpsq_pot	mHmsq_pot	mH1sq_pot	mH2sq_pot	mH3sq_pot	runtime
1	125.09	3691.502463321032	4513.56126887456	4520.300489052716	4498.308688780068	6.18075050722311e-05	-0.0001991005609511	-0.9999999782693996	0.9999999980889872	1.3756812231591198e-06	6.180723239868069e-05	1.3633753389030725e-06	-0.9999999801785372	0.0001991006455976	0.2581069881028696	4.536191850067056	2.287236645505852	5.538875356525736	-1.0042363171067217	12.099991847187358	-1.2041500964627423	-6.277438717525325	1.6931808750688164	5.50347492821874	-7823.75405	20165450.209195983	13663691.000094296	246.21965079413735	-1.2697951155548	-1.5705878532929405	0.3009998417140569	0	4.34499995216127e-10	0	4.3820371046357355e-10	0.0002808510406859	2.1981876736909296	0.0061260948591266	-2.5311601220010024e-06	0	0	0	0	0	0	0.2098359012069659	0.0263855244319735	0.0015451931004345	0.5891461720423038	0.0288576376286612	0.0023154248712063	0.0781040895547566	0.0002243503867746	0.0002163905984633	0.0633693161784596	0	-296.4877115571781	-1.5710320221221237	-5.011560708737396	1679.6800506556497	-2.736116104707948e-05	2174.207373078797	563.1626081400051	-1	0	0	-1	0	0	-1	0	0	-1	0	0	12045	3.865931893308993	0.7671317849941387	1	17.065179175759397	210306956	151.79814355184558	-0.7507248024962223	-0.5390414867796238	1	3691.502463321032	24.82210904624852	0.4299274351226336	0.440509237498375	0.4471768557557052	0.4497400299549358	0.4466217834373835	0.3924605855066331	0	0.0040855735202076	-5978953.083871303	-7259203.760351969	-6055366.116591227	-0.09841158153088081	-1.331719004353727	-2.532685839621262	0	0	-4.447546283742883	1.464426396041786	0	0	0	-0	0	-0	-0	-0	-1.387646883377161e-07	success	non_bfb	success	176.4862953615486	0	7.39213690413563e-09	246.2196475147267	0	0	-8.111303658186022e-09	-0.0002084098669001833	-0.0002084098669001833	-0.0002084098669001833	15647.50747477039	20234781.05770741	20234781.05770741	13627190.43767755	20372235.32237617	20433116.5042001	0	0	0	15647.50747477039	20234781.05770741	20234781.05770741	13627190.43767755	20372235.32237617	20433116.5042001	0	0	0	2.611198974614137e-07	2.611198974614137e-07	0.0111636911706526	0.0111636911706526	3.157089228301172	3.157089228301172	0.009999999733619105	0.009999999733619105	0.009999999733619105	0.009999999733619105	0.009999999733619105	0.009999999733619105	2.280099939262492	2.280099939262492	24.20639935518775	24.20639935518775	29756.24920735035	29756.24920735035	0	6461.748052871371	6461.748052871371	8315.178172259533	0	6461.748052871371	6461.748052871371	8315.178172259533	0.3010012112682712	-1.570587853294006	0.3009998417398776	6.180750430839592e-05	-0.0001991005585363842	-0.9999999782693998	0.9999999980889868	1.375681318349869e-06	6.180723163446995e-05	1.363375434115477e-06	-0.9999999801785373	0.0001991006431833294	0.3008656366725337	-1.570587859807179	0.3008658718169399	6.177858060298861e-05	-0.0001991027170301832	-0.9999999782707576	0.9999999980916744	-2.289942500603733e-07	6.177862742087672e-05	-2.412945376583936e-07	-0.9999999801790278	0.0001991027025030686	0.1953125	0.09765624999999999	1.07421875	15265.087890625	20234781.34765625	20234781.59179687	13627192.38023842	20372236.15855559	20433117.3596435	460.605
1	125.09	3691.502463321032	4513.56126887456	4520.300489052716	4498.308688780068	6.18075050722311e-05	-0.0001991005609511	-0.9999999782693996	0.9999999980889872	1.3756812231591198e-06	6.180723239868069e-05	1.3633753389030725e-06	-0.9999999801785372	0.0001991006455976	0.2581069881028696	4.536191850067056	2.287236645505852	5.538875356525736	-1.0042363171067217	12.099991847187358	-1.2041500964627423	-6.277438717525325	1.6931808750688164	5.50347492821874	-7823.75405	20165450.209195983	13663691.000094296	246.21965079413735	-1.2697951155548	-1.5705878532929405	0.3009998417140569	0	4.34499995216127e-10	0	4.3820371046357355e-10	0.0002808510406859	2.1981876736909296	0.0061260948591266	-2.5311601220010024e-06	0	0	0	0	0	0	0.2098359012069659	0.0263855244319735	0.0015451931004345	0.5891461720423038	0.0288576376286612	0.0023154248712063	0.0781040895547566	0.0002243503867746	0.0002163905984633	0.0633693161784596	0	-296.4877115571781	-1.5710320221221237	-5.011560708737396	1679.6800506556497	-2.736116104707948e-05	2174.207373078797	563.1626081400051	-1	0	0	-1	0	0	-1	0	0	-1	0	0	12045	3.865931893308993	0.7671317849941387	1	17.065179175759397	210306956	151.79814355184558	-0.7507248024962223	-0.5390414867796238	1	3691.502463321032	24.82210904624852	0.4299274351226336	0.440509237498375	0.4471768557557052	0.4497400299549358	0.4466217834373835	0.3924605855066331	0	0.0040855735202076	-5978953.083871303	-7259203.760351969	-6055366.116591227	-0.09841158153088081	-1.331719004353727	-2.532685839621262	0	0	-4.447546283742883	1.464426396041786	0	0	0	-0	0	-0	-0	-0	-1.387646883377161e-07	success	non_bfb	success	176.4862953615486	1	3.794639634866229e-09	246.2196306329105	0	0	1.473251995950675e-09	-0.001281266334444808	-0.001281266334444808	-0.001281266334444808	15647.50425620099	20234781.04820021	20234781.04820021	13627190.4426828	20372235.29402012	20433116.46749553	1.189078408687685	1.189078408687685	1.189078408687685	15648.69461587602	20234782.85105072	20234782.85105072	13627192.2207493	20372237.09687062	20433118.27034604	0	0	0	2.611198616545393e-07	2.611198616545393e-07	0.01116368963979688	0.01116368963979688	3.157088795375537	3.157088795375537	0.009999998362338182	0.009999998362338182	0.009999998362338182	0.009999998362338182	0.009999998362338182	0.009999998362338182	2.280099626596729	2.280099626596729	24.2063960358103	24.2063960358103	29756.24512693255	29756.24512693255	0	6461.747166784165	6461.747166784165	8315.177032014984	0.380119762068039	6462.59986351342	6462.59986351342	8315.894188898899	0.3010012109966494	-1.570587853307852	0.3009998414682564	6.180750014922205e-05	-0.0001991005453803904	-0.9999999782694027	0.9999999980889871	1.375681320099222e-06	6.180722747531429e-05	1.36337543750606e-06	-0.99999998017854	0.0001991006300273301	0.3011207033820228	-1.570587933452146	0.3011113142081102	6.180752065726436e-05	-0.0001990166208803632	-0.9999999782861074	0.9999999980458949	9.395323810139293e-06	6.180565205288202e-05	9.383023254107342e-06	-0.999999980152056	0.000199017201193356	0.146484375	0.5859374999999999	0.5859374999999999	15276.318359375	20234781.4453125	20234781.49414062	13627191.89216633	20372235.57263686	20433116.8223062	461.583
1	125.09	3691.502463321032	4513.56126887456	4520.300489052716	4498.308688780068	6.18075050722311e-05	-0.0001991005609511	-0.9999999782693996	0.9999999980889872	1.3756812231591198e-06	6.180723239868069e-05	1.3633753389030725e-06	-0.9999999801785372	0.0001991006455976	0.2581069881028696	4.536191850067056	2.287236645505852	5.538875356525736	-1.0042363171067217	12.099991847187358	-1.2041500964627423	-6.277438717525325	1.6931808750688164	5.50347492821874	-7823.75405	20165450.209195983	13663691.000094296	246.21965079413735	-1.2697951155548	-1.5705878532929405	0.3009998417140569	0	4.34499995216127e-10	0	4.3820371046357355e-10	0.0002808510406859	2.1981876736909296	0.0061260948591266	-2.5311601220010024e-06	0	0	0	0	0	0	0.2098359012069659	0.0263855244319735	0.0015451931004345	0.5891461720423038	0.0288576376286612	0.0023154248712063	0.0781040895547566	0.0002243503867746	0.0002163905984633	0.0633693161784596	0	-296.4877115571781	-1.5710320221221237	-5.011560708737396	1679.6800506556497	-2.736116104707948e-05	2174.207373078797	563.1626081400051	-1	0	0	-1	0	0	-1	0	0	-1	0	0	12045	3.865931893308993	0.7671317849941387	1	17.065179175759397	210306956	151.79814355184558	-0.7507248024962223	-0.5390414867796238	1	3691.502463321032	24.82210904624852	0.4299274351226336	0.440509237498375	0.4471768557557052	0.4497400299549358	0.4466217834373835	0.3924605855066331	0	0.0040855735202076	-5978953.083871303	-7259203.760351969	-6055366.116591227	-0.09841158153088081	-1.331719004353727	-2.532685839621262	0	0	-4.447546283742883	1.464426396041786	0	0	0	-0	0	-0	-0	-0	-1.387646883377161e-07	success	non_bfb	success	176.4862953615486	2	4.425614045988677e-09	246.2195584688675	0	0	9.571431592417048e-10	-0.00586736327932158	-0.00586736327932158	-0.00586736327932158	15647.49049791016	20234781.00756013	20234781.00756013	13627190.46407854	20372235.17280763	20433116.31059598	4.755571336809197	4.755571336809197	4.755571336809197	15652.25193661025	20234788.21896217	20234788.21896217	13627197.57634452	20372242.38420969	20433123.52199801	0	0	0	2.611197085923152e-07	2.611197085923152e-07	0.01116368309590875	0.01116368309590875	3.157086944765516	3.157086944765516	0.009999992500578066	0.009999992500578066	0.009999992500578066	0.009999992500578066	0.009999992500578066	0.009999992500578066	2.280098290056805	2.280098290056805	24.20638184659929	24.20638184659929	29756.2276845326	29756.2276845326	0	6461.743379062362	6461.743379062362	8315.172157856874	1.520386625453951	6465.154165979384	6465.154165979384	8318.040877815363	0.3010012103845209	-1.570587853366432	0.300999840856118	6.180748265963935e-05	-0.0001991004900671435	-0.9999999782694149	0.9999999980889883	1.375681334020209e-06	6.180720998580618e-05	1.363375458327992e-06	-0.9999999801785511	0.0001991005747140602	0.3005543601173249	-1.57058789493975	0.3005578050396854	6.170620061419791e-05	-0.00019908837866386	-0.999999978278081	0.9999999980902173	-3.438779785568695e-06	6.170688645783847e-05	-3.451064834849084e-06	-0.999999980175996	0.0001990881660896092	0.2929687499999999	0.6835937499999999	0.5859374999999999	15220.263671875	20234782.12890625	20234781.54296875	13627192.08736883	20372235.27958832	20433116.77366784	463.742
1	125.09	3691.502463321032	4513.56126887456	4520.300489052716	4498.308688780068	6.18075050722311e-05	-0.0001991005609511	-0.9999999782693996	0.9999999980889872	1.3756812231591198e-06	6.180723239868069e-05	1.3633753389030725e-06	-0.9999999801785372	0.0001991006455976	0.2581069881028696	4.536191850067056	2.287236645505852	5.538875356525736	-1.0042363171067217	12.099991847187358	-1.2041500964627423	-6.277438717525325	1.6931808750688164	5.50347492821874	-7823.75405	20165450.209195983	13663691.000094296	246.21965079413735	-1.2697951155548	-1.5705878532929405	0.3009998417140569	0	4.34499995216127e-10	0	4.3820371046357355e-10	0.0002808510406859	2.1981876736909296	0.0061260948591266	-2.5311601220010024e-06	0	0	0	0	0	0	0.2098359012069659	0.0263855244319735	0.0015451931004345	0.5891461720423038	0.0288576376286612	0.0023154248712063	0.0781040895547566	0.0002243503867746	0.0002163905984633	0.0633693161784596	0	-296.4877115571781	-1.5710320221221237	-5.011560708737396	1679.6800506556497	-2.736116104707948e-05	2174.207373078797	563.1626081400051	-1	0	0	-1	0	0	-1	0	0	-1	0	0	12045	3.865931893308993	0.7671317849941387	1	17.065179175759397	210306956	151.79814355184558	-0.7507248024962223	-0.5390414867796238	1	3691.502463321032	24.82210904624852	0.4299274351226336	0.440509237498375	0.4471768557557052	0.4497400299549358	0.4466217834373835	0.3924605855066331	0	0.0040855735202076	-5978953.083871303	-7259203.760351969	-6055366.116591227	-0.09841158153088081	-1.331719004353727	-2.532685839621262	0	0	-4.447546283742883	1.464426396041786	0	0	0	-0	0	-0	-0	-0	-1.387646883377161e-07	success	non_bfb	success	176.4862953615486	3	5.518621046991973e-09	246.2200600118795	0	0	-1.239159073281231e-08	0.02600622344380099	0.02600622344380099	0.02600622344380099	15647.58611867033	20234781.29001058	20234781.29001058	13627190.31537712	20372236.01523997	20433117.40105519	10.73924329864297	10.73924329864297	10.73924329864297	15658.29935574553	20234797.51566517	20234797.51566517	13627206.31797556	20372252.24089457	20433133.62670978	0	0	0	2.611207723818804e-07	2.611207723818804e-07	0.01116372857623519	0.01116372857623519	3.157099806591098	3.157099806591098	0.01000003324008306	0.01000003324008306	0.01000003324008306	0.01000003324008306	0.01000003324008306	0.01000003324008306	2.28010757907134	2.28010757907134	24.20648046227467	24.20648046227467	29756.34891002217	29756.34891002217	0	6461.769703904773	6461.769703904773	8315.206033482049	3.420523436683134	6469.443974468074	6469.443974468074	8321.660999859245	0.3010012212384311	-1.57058785298353	0.300999851710265	6.180759834222612e-05	-0.0001991008557541949	-0.9999999782693351	0.9999999980889812	1.375681106601296e-06	6.180732566794019e-05	1.363375185274465e-06	-0.9999999801784782	0.0001991009404012546	0.3009982900096023	-1.570587851271395	0.3009953164492262	6.180752233480181e-05	-0.0001991026695467806	-0.9999999782689781	0.9999999980855124	2.979713340963369e-06	6.180693029071618e-05	2.96740735139378e-06	-0.9999999801746237	0.0001991028533340778	0	-0.04882812499999999	0.5859374999999999	15201.904296875	20234781.93359375	20234781.93359375	13627191.20833935	20372235.96326668	20433117.75026896	464.539
1	125.09	3691.502463321032	4513.56126887456	4520.300489052716	4498.308688780068	6.18075050722311e-05	-0.0001991005609511	-0.9999999782693996	0.9999999980889872	1.3756812231591198e-06	6.180723239868069e-05	1.3633753389030725e-06	-0.9999999801785372	0.0001991006455976	0.2581069881028696	4.536191850067056	2.287236645505852	5.538875356525736	-1.0042363171067217	12.099991847187358	-1.2041500964627423	-6.277438717525325	1.6931808750688164	5.50347492821874	-7823.75405	20165450.209195983	13663691.000094296	246.21965079413735	-1.2697951155548	-1.5705878532929405	0.3009998417140569	0	4.34499995216127e-10	0	4.3820371046357355e-10	0.0002808510406859	2.1981876736909296	0.0061260948591266	-2.5311601220010024e-06	0	0	0	0	0	0	0.2098359012069659	0.0263855244319735	0.0015451931004345	0.5891461720423038	0.0288576376286612	0.0023154248712063	0.0781040895547566	0.0002243503867746	0.0002163905984633	0.0633693161784596	0	-296.4877115571781	-1.5710320221221237	-5.011560708737396	1679.6800506556497	-2.736116104707948e-05	2174.207373078797	563.1626081400051	-1	0	0	-1	0	0	-1	0	0	-1	0	0	12045	3.865931893308993	0.7671317849941387	1	17.065179175759397	210306956	151.79814355184558	-0.7507248024962223	-0.5390414867796238	1	3691.502463321032	24.82210904624852	0.4299274351226336	0.440509237498375	0.4471768557557052	0.4497400299549358	0.4466217834373835	0.3924605855066331	0	0.0040855735202076	-5978953.083871303	-7259203.760351969	-6055366.116591227	-0.09841158153088081	-1.331719004353727	-2.532685839621262	0	0	-4.447546283742883	1.464426396041786	0	0	0	-0	0	-0	-0	-0	-1.387646883377161e-07	success	non_bfb	success	176.4862953615486	4	6.268856361016633e-09	246.2203765140475	0	0	6.430080478956578e-09	0.04612030303178472	0.04612030303178472	0.04612030303178472	15647.64646090909	20234781.46825318	20234781.46825318	13627190.2215379	20372236.54686358	20433118.08919813	19.09187510338586	19.09187510338586	19.09187510338586	15666.69221570945	20234810.31386135	20234810.31386135	13627218.67060179	20372265.39247174	20433146.93480628	0	0	0	2.611214436947189e-07	2.611214436947189e-07	0.01116375727695574	0.01116375727695574	3.157107923148098	3.157107923148098	0.01000005894907067	0.01000005894907067	0.01000005894907067	0.01000005894907067	0.01000005894907067	0.01000005894907067	2.280113440977603	2.280113440977603	24.20654269447842	24.20654269447842	29756.42541032841	29756.42541032841	0	6461.786316405274	6461.786316405274	8315.227410963875	6.080068648973958	6475.429464073364	6475.429464073364	8326.703768650681	0.3010012250744574	-1.570587852742819	0.3009998555464725	6.180767047131268e-05	-0.0001991010837361974	-0.9999999782692849	0.9999999980889764	1.375680943654959e-06	6.180739779674833e-05	1.363374993876181e-06	-0.9999999801784327	0.0001991011683833449	0.3013607742376359	-1.570587948047974	0.3013690286796086	6.185096463311602e-05	-0.0001989878375677543	-0.999999978289149	0.9999999980531104	-8.248288038091704e-06	6.185260716457235e-05	-8.26059577556196e-06	-0.9999999801679028	0.0001989873270159973	-0.3906249999999999	0	0.09765624999999999	15252.44140625	20234781.73828125	20234782.08007812	13627190.52502044	20372236.64689305	20433118.72652401	466.209
1	125.09	3691.502463321032	4513.56126887456	4520.300489052716	4498.308688780068	6.18075050722311e-05	-0.0001991005609511	-0.9999999782693996	0.9999999980889872	1.3756812231591198e-06	6.180723239868069e-05	1.3633753389030725e-06	-0.9999999801785372	0.0001991006455976	0.2581069881028696	4.536191850067056	2.287236645505852	5.538875356525736	-1.0042363171067217	12.099991847187358	-1.2041500964627423	-6.277438717525325	1.6931808750688164	5.50347492821874	-7823.75405	20165450.209195983	13663691.000094296	246.21965079413735	-1.2697951155548	-1.5705878532929405	0.3009998417140569	0	4.34499995216127e-10	0	4.3820371046357355e-10	0.0002808510406859	2.1981876736909296	0.0061260948591266	-2.5311601220010024e-06	0	0	0	0	0	0	0.2098359012069659	0.0263855244319735	0.0015451931004345	0.5891461720423038	0.0288576376286612	0.0023154248712063	0.0781040895547566	0.0002243503867746	0.0002163905984633	0.0633693161784596	0	-296.4877115571781	-1.5710320221221237	-5.011560708737396	1679.6800506556497	-2.736116104707948e-05	2174.207373078797	563.1626081400051	-1	0	0	-1	0	0	-1	0	0	-1	0	0	12045	3.865931893308993	0.7671317849941387	1	17.065179175759397	210306956	151.79814355184558	-0.7507248024962223	-0.5390414867796238	1	3691.502463321032	24.82210904624852	0.4299274351226336	0.440509237498375	0.4471768557557052	0.4497400299549358	0.4466217834373835	0.3924605855066331	0	0.0040855735202076	-5978953.083871303	-7259203.760351969	-6055366.116591227	-0.09841158153088081	-1.331719004353727	-2.532685839621262	0	0	-4.447546283742883	1.464426396041786	0	0	0	-0	0	-0	-0	-0	-1.387646883377161e-07	success	non_bfb	success	176.4862953615486	5	1.0238963263913e-08	246.2209448457902	0	0	-5.626207767511669e-09	0.08223850884496642	0.08223850884496642	0.08223850884496642	15647.75481552653	20234781.78831768	20234781.78831768	13627190.05303383	20372237.50148298	20433119.32487426	29.84123038439821	29.84123038439821	29.84123038439821	15677.51380740208	20234826.85958044	20234826.85958044	13627234.50469617	20372282.57274574	20433164.396137	0	0	0	2.611226491495926e-07	2.611226491495926e-07	0.01116380881391658	0.01116380881391658	3.157122497788459	3.157122497788459	0.01000010511387286	0.01000010511387286	0.01000010511387286	0.01000010511387286	0.01000010511387286	0.01000010511387286	2.280123967014152	2.280123967014152	24.2066544428452	24.2066544428452	29756.56277946793	29756.56277946793	0	6461.816146938137	6461.816146938137	8315.26579782045	9.498376897649916	6483.133565169526	6483.133565169526	8333.199337072452	0.3010012365431534	-1.570587852310923	0.3009998670154742	6.180780080162693e-05	-0.0001991014957026999	-0.9999999782691948	0.9999999980889684	1.375680669097467e-06	6.180752812655951e-05	1.363374667907134e-06	-0.9999999801783508	0.0001991015803500075	0.3010901509382846	-1.570587815367736	0.3010903845997826	6.183645947312362e-05	-0.0001991312830134968	-0.9999999782614925	0.9999999980880976	-2.275047004094306e-07	6.183650600243527e-05	-2.398182782411546e-07	-0.9999999801733401	0.0001991312685643589	-0.3906249999999999	-0.09765624999999999	0.1953125	15270.5078125	20234783.49609375	20234783.10546875	13627190.62230005	20372238.11172886	20433120.09409609	467.986
1	125.09	3691.502463321032	4513.56126887456	4520.300489052716	4498.308688780068	6.18075050722311e-05	-0.0001991005609511	-0.9999999782693996	0.9999999980889872	1.3756812231591198e-06	6.180723239868069e-05	1.3633753389030725e-06	-0.9999999801785372	0.0001991006455976	0.2581069881028696	4.536191850067056	2.287236645505852	5.538875356525736	-1.0042363171067217	12.099991847187358	-1.2041500964627423	-6.277438717525325	1.6931808750688164	5.50347492821874	-7823.75405	20165450.209195983	13663691.000094296	246.21965079413735	-1.2697951155548	-1.5705878532929405	0.3009998417140569	0	4.34499995216127e-10	0	4.3820371046357355e-10	0.0002808510406859	2.1981876736909296	0.0061260948591266	-2.5311601220010024e-06	0	0	0	0	0	0	0.2098359012069659	0.0263855244319735	0.0015451931004345	0.5891461720423038	0.0288576376286612	0.0023154248712063	0.0781040895547566	0.0002243503867746	0.0002163905984633	0.0633693161784596	0	-296.4877115571781	-1.5710320221221237	-5.011560708737396	1679.6800506556497	-2.736116104707948e-05	2174.207373078797	563.1626081400051	-1	0	0	-1	0	0	-1	0	0	-1	0	0	12045	3.865931893308993	0.7671317849941387	1	17.065179175759397	210306956	151.79814355184558	-0.7507248024962223	-0.5390414867796238	1	3691.502463321032	24.82210904624852	0.4299274351226336	0.440509237498375	0.4471768557557052	0.4497400299549358	0.4466217834373835	0.3924605855066331	0	0.0040855735202076	-5978953.083871303	-7259203.760351969	-6055366.116591227	-0.09841158153088081	-1.331719004353727	-2.532685839621262	0	0	-4.447546283742883	1.464426396041786	0	0	0	-0	0	-0	-0	-0	-1.387646883377161e-07	success	non_bfb	success	176.4862953615486	6	9.199501936738596e-09	246.221765768753	0	0	-1.123681883359719e-08	0.1344093554544088	0.1344093554544088	0.1344093554544088	15647.91132806637	20234782.25063399	20234782.25063399	13627189.80963857	20372238.88038045	20433121.10974337	42.98735765625108	42.98735765625108	42.98735765625108	15690.76427636716	20234847.15325238	20234847.15325238	13627253.82003235	20372303.78299883	20433186.01236172	0	0	0	2.611243903656883e-07	2.611243903656883e-07	0.01116388325634299	0.01116388325634299	3.157143550089081	3.157143550089081	0.01000017179649897	0.01000017179649897	0.01000017179649897	0.01000017179649897	0.01000017179649897	0.01000017179649897	2.280139171319731	2.280139171319731	24.20681585747727	24.20681585747727	29756.76120195725	29756.76120195725	0	6461.859235572228	6461.859235572228	8315.321245613635	13.67461979859397	6492.55631782543	6492.55631782543	8341.148585070552	0.3010012525715393	-1.570587851685182	0.3009998830442785	6.180798951043072e-05	-0.0001991020922141601	-0.9999999782690644	0.9999999980889567	1.375680282620813e-06	6.180771683462951e-05	1.363374206989238e-06	-0.999999980178232	0.0001991021768616999	0.3007432964872673	-1.570587777806638	0.3007387189691973	6.177851291610473e-05	-0.0001991885922706495	-0.9999999782536598	0.9999999980812591	4.583670762219151e-06	6.177760112607757e-05	4.571365269138926e-06	-0.999999980151447	0.0001991888750607105	-0.1953125	-0.2929687499999999	-0.1953125	15281.93359375	20234783.984375	20234783.49609375	13627189.64563037	20372239.86949178	20433121.94972159	469.932
1	125.09	3691.502463321032	4513.56126887456	4520.300489052716	4498.308688780068	6.18075050722311e-05	-0.0001991005609511	-0.9999999782693996	0.9999999980889872	1.3756812231591198e-06	6.180723239868069e-05	1.3633753389030725e-06	-0.9999999801785372	0.0001991006455976	0.2581069881028696	4.536191850067056	2.287236645505852	5.538875356525736	-1.0042363171067217	12.099991847187358	-1.2041500964627423	-6.277438717525325	1.6931808750688164	5.50347492821874	-7823.75405	20165450.209195983	13663691.000094296	246.21965079413735	-1.2697951155548	-1.5705878532929405	0.3009998417140569	0	4.34499995216127e-10	0	4.3820371046357355e-10	0.0002808510406859	2.1981876736909296	0.0061260948591266	-2.5311601220010024e-06	0	0	0	0	0	0	0.2098359012069659	0.0263855244319735	0.0015451931004345	0.5891461720423038	0.0288576376286612	0.0023154248712063	0.0781040895547566	0.0002243503867746	0.0002163905984633	0.0633693161784596	0	-296.4877115571781	-1.5710320221221237	-5.011560708737396	1679.6800506556497	-2.736116104707948e-05	2174.207373078797	563.1626081400051	-1	0	0	-1	0	0	-1	0	0	-1	0	0	12045	3.865931893308993	0.7671317849941387	1	17.065179175759397	210306956	151.79814355184558	-0.7507248024962223	-0.5390414867796238	1	3691.502463321032	24.82210904624852	0.4299274351226336	0.440509237498375	0.4471768557557052	0.4497400299549358	0.4466217834373835	0.3924605855066331	0	0.0040855735202076	-5978953.083871303	-7259203.760351969	-6055366.116591227	-0.09841158153088081	-1.331719004353727	-2.532685839621262	0	0	-4.447546283742883	1.464426396041786	0	0	0	-0	0	-0	-0	-0	-1.387646883377161e-07	success	non_bfb	success	176.4862953615486	7	8.537564234671479e-09	246.2228523431076	0	0	1.16545763616025e-09	0.2034630013422429	0.2034630013422429	0.2034630013422429	15648.11848900403	20234782.86255865	20234782.86255865	13627189.48747915	20372240.70549743	20433123.47220685	58.5310870774266	58.5310870774266	58.5310870774266	15706.44611308012	20234871.20223367	20234871.20223367	13627276.61273735	20372329.04517244	20433211.81188183	0	0	0	2.611266950497694e-07	2.611266950497694e-07	0.01116398178878567	0.01116398178878567	3.157171415040615	3.157171415040615	0.01000026005802336	0.01000026005802336	0.01000026005802336	0.01000026005802336	0.01000026005802336	0.01000026005802336	2.280159295829906	2.280159295829906	24.20702950685367	24.20702950685367	29757.02383515575	29757.02383515575	0	6461.916267947084	6461.916267947084	8315.394636645697	18.60778697968319	6503.698407680608	6503.698407680608	8350.553405319344	0.3010012749589103	-1.570587850856544	0.3009999054322	6.180823963953738e-05	-0.0001991028828872144	-0.9999999782688916	0.9999999980889414	1.375679778963123e-06	6.180796696276386e-05	1.363373604660392e-06	-0.9999999801780746	0.0001991029675350625	0.3009730065867442	-1.57058788324883	0.3009940935312481	6.179300861985926e-05	-0.0001990736940767537	-0.9999999782756441	0.9999999978683529	-2.108079366219613e-05	6.179720646204423e-05	-2.109309540240349e-05	-0.9999999799626321	0.0001990723910067341	-0.04882812499999999	0.1953125	0.4882812499999999	15290.380859375	20234785.25390625	20234785.59570312	13627188.37639833	20372241.72494682	20433124.87912361	471.877
1	125.09	3691.502463321032	4513.56126887456	4520.300489052716	4498.308688780068	6.18075050722311e-05	-0.0001991005609511	-0.9999999782693996	0.9999999980889872	1.3756812231591198e-06	6.180723239868069e-05	1.3633753389030725e-06	-0.9999999801785372	0.0001991006455976	0.2581069881028696	4.536191850067056	2.287236645505852	5.538875356525736	-1.0042363171067217	12.099991847187358	-1.2041500964627423	-6.277438717525325	1.6931808750688164	5.50347492821874	-7823.75405	20165450.209195983	13663691.000094296	246.21965079413735	-1.2697951155548	-1.5705878532929405	0.3009998417140569	0	4.34499995216127e-10	0	4.3820371046357355e-10	0.0002808510406859	2.1981876736909296	0.0061260948591266	-2.5311601220010024e-06	0	0	0	0	0	0	0.2098359012069659	0.0263855244319735	0.0015451931004345	0.5891461720423038	0.0288576376286612	0.0023154248712063	0.0781040895547566	0.0002243503867746	0.0002163905984633	0.0633693161784596	0	-296.4877115571781	-1.5710320221221237	-5.011560708737396	1679.6800506556497	-2.736116104707948e-05	2174.207373078797	563.1626081400051	-1	0	0	-1	0	0	-1	0	0	-1	0	0	12045	3.865931893308993	0.7671317849941387	1	17.065179175759397	210306956	151.79814355184558	-0.7507248024962223	-0.5390414867796238	1	3691.502463321032	24.82210904624852	0.4299274351226336	0.440509237498375	0.4471768557557052	0.4497400299549358	0.4466217834373835	0.3924605855066331	0	0.0040855735202076	-5978953.083871303	-7259203.760351969	-6055366.116591227	-0.09841158153088081	-1.331719004353727	-2.532685839621262	0	0	-4.447546283742883	1.464426396041786	0	0	0	-0	0	-0	-0	-0	-1.387646883377161e-07	success	non_bfb	success	176.4862953615486	8	9.95268724223671e-09	246.2242823251916	0	0	-9.363460444362549e-09	0.2943412561535297	0.2943412561535297	0.2943412561535297	15648.39112376846	20234783.6678839	20234783.6678839	13627189.06350029	20372243.107448	20433126.58133389	76.47736045756983	76.47736045756983	76.47736045756983	15724.57414296988	20234899.05031658	20234899.05031658	13627302.8597559	20372358.48988068	20433241.96376652	0	0	0	2.611297281360676e-07	2.611297281360676e-07	0.01116411146269814	0.01116411146269814	3.157208086792456	3.157208086792456	0.01000037621486345	0.01000037621486345	0.01000037621486345	0.01000037621486345	0.01000037621486345	0.01000037621486345	2.280185780751016	2.280185780751016	24.20731068074706	24.20731068074706	29757.36947435306	29757.36947435306	0	6461.991325572611	6461.991325572611	8315.491223130399	24.29668735725582	6516.56391624497	6516.56391624497	8361.420241116266	0.3010013042691161	-1.570587849764302	0.3009999347431255	6.180856929948256e-05	-0.0001991039249775114	-0.9999999782686639	0.999999998088921	1.375679126787568e-06	6.180829662142621e-05	1.363372822438722e-06	-0.9999999801778672	0.0001991040096257667	0.3008657409628392	-1.570587860336017	0.300865976099947	6.177844464779533e-05	-0.0001991022027957688	-0.9999999782708678	0.9999999980916825	-2.289869915573405e-07	6.177849146411004e-05	-2.41287220317556e-07	-0.9999999801791301	0.0001991021882691365	0	0.2441406249999999	0.2929687499999999	15297.119140625	20234787.59765625	20234786.96289062	13627186.42320792	20372245.04527426	20433128.98073655	473.247
1	125.09	3691.502463321032	4513.56126887456	4520.300489052716	4498.308688780068	6.18075050722311e-05	-0.0001991005609511	-0.9999999782693996	0.9999999980889872	1.3756812231591198e-06	6.180723239868069e-05	1.3633753389030725e-06	-0.9999999801785372	0.0001991006455976	0.2581069881028696	4.536191850067056	2.287236645505852	5.538875356525736	-1.0042363171067217	12.099991847187358	-1.2041500964627423	-6.277438717525325	1.6931808750688164	5.50347492821874	-7823.75405	20165450.209195983	13663691.000094296	246.21965079413735	-1.2697951155548	-1.5705878532929405	0.3009998417140569	0	4.34499995216127e-10	0	4.3820371046357355e-10	0.0002808510406859	2.1981876736909296	0.0061260948591266	-2.5311601220010024e-06	0	0	0	0	0	0	0.2098359012069659	0.0263855244319735	0.0015451931004345	0.5891461720423038	0.0288576376286612	0.0023154248712063	0.0781040895547566	0.0002243503867746	0.0002163905984633	0.0633693161784596	0	-296.4877115571781	-1.5710320221221237	-5.011560708737396	1679.6800506556497	-2.736116104707948e-05	2174.207373078797	563.1626081400051	-1	0	0	-1	0	0	-1	0	0	-1	0	0	12045	3.865931893308993	0.7671317849941387	1	17.065179175759397	210306956	151.79814355184558	-0.7507248024962223	-0.5390414867796238	1	3691.502463321032	24.82210904624852	0.4299274351226336	0.440509237498375	0.4471768557557052	0.4497400299549358	0.4466217834373835	0.3924605855066331	0	0.0040855735202076	-5978953.083871303	-7259203.760351969	-6055366.116591227	-0.09841158153088081	-1.331719004353727	-2.532685839621262	0	0	-4.447546283742883	1.464426396041786	0	0	0	-0	0	-0	-0	-0	-1.387646883377161e-07	success	non_bfb	success	176.4862953615486	9	9.041629852722302e-09	246.2260623959727	0	0	-1.030969673571779e-09	0.4074690934558021	0.4074690934558021	0.4074690934558021	15648.73050728036	20234784.67037568	20234784.67037568	13627188.53571934	20372246.09746444	20433130.45166371	96.82660277024831	96.82660277024831	96.82660277024831	15745.14964095716	20234930.70126705	20234930.70126705	13627332.55910534	20372392.12835579	20433276.48255499	0	0	0	2.611335038081905e-07	2.611335038081905e-07	0.01116427288447393	0.01116427288447393	3.157253736832553	3.157253736832553	0.01000052081020295	0.01000052081020295	0.01000052081020295	0.01000052081020295	0.01000052081020295	0.01000052081020295	2.280218749934375	2.280218749934375	24.20766069400967	24.20766069400967	29757.79973586015	29757.79973586015	0	6462.084759440447	6462.084759440447	8315.611456734679	30.7399506187951	6531.153194510151	6531.153194510151	8373.750914440778	0.3010013364272876	-1.570587848400473	0.3009999669021834	6.180898004602264e-05	-0.0001991052234022824	-0.9999999782683796	0.9999999980888955	1.375678323392792e-06	6.180870736636167e-05	1.363371857008687e-06	-0.9999999801776085	0.0001991053080510455	0.3012944169117339	-1.570587952986472	0.3012866318116929	6.183629466457834e-05	-0.0001989872262468302	-0.9999999782901781	0.9999999980578802	7.791252192842946e-06	6.183474552724343e-05	7.778947699198105e-06	-0.99999998017169	0.0001989877076426508	0.09765624999999999	0.4394531249999999	0.1953125	15303.36914062499	20234789.453125	20234788.76953125	13627184.27503343	20372248.17031885	20433133.08199148	475.018
1	125.09	3691.502463321032	4513.56126887456	4520.300489052716	4498.308688780068	6.18075050722311e-05	-0.0001991005609511	-0.9999999782693996	0.9999999980889872	1.3756812231591198e-06	6.180723239868069e-05	1.3633753389030725e-06	-0.9999999801785372	0.0001991006455976	0.2581069881028696	4.536191850067056	2.287236645505852	5.538875356525736	-1.0042363171067217	12.099991847187358	-1.2041500964627423	-6.277438717525325	1.6931808750688164	5.50347492821874	-7823.75405	20165450.209195983	13663691.000094296	246.21965079413735	-1.2697951155548	-1.5705878532929405	0.3009998417140569	0	4.34499995216127e-10	0	4.3820371046357355e-10	0.0002808510406859	2.1981876736909296	0.0061260948591266	-2.5311601220010024e-06	0	0	0	0	0	0	0.2098359012069659	0.0263855244319735	0.0015451931004345	0.5891461720423038	0.0288576376286612	0.0023154248712063	0.0781040895547566	0.0002243503867746	0.0002163905984633	0.0633693161784596	0	-296.4877115571781	-1.5710320221221237	-5.011560708737396	1679.6800506556497	-2.736116104707948e-05	2174.207373078797	563.1626081400051	-1	0	0	-1	0	0	-1	0	0	-1	0	0	12045	3.865931893308993	0.7671317849941387	1	17.065179175759397	210306956	151.79814355184558	-0.7507248024962223	-0.5390414867796238	1	3691.502463321032	24.82210904624852	0.4299274351226336	0.440509237498375	0.4471768557557052	0.4497400299549358	0.4466217834373835	0.3924605855066331	0	0.0040855735202076	-5978953.083871303	-7259203.760351969	-6055366.116591227	-0.09841158153088081	-1.331719004353727	-2.532685839621262	0	0	-4.447546283742883	1.464426396041786	0	0	0	-0	0	-0	-0	-0	-1.387646883377161e-07	success	non_bfb	success	176.4862953615486	10	3.950844306014872e-09	246.2281975869597	0	0	1.811190687832266e-09	0.5431667643506444	0.5431667643506444	0.5431667643506444	15649.13760029305	20234785.87287193	20234785.87287193	13627187.90264222	20372249.68401109	20433135.09415271	119.5791342665636	119.5791342665636	119.5791342665636	15768.17356779527	20234966.157923	20234966.157923	13627365.70929161	20372429.96906215	20433315.37920368	0	0	0	2.611380327546051e-07	2.611380327546051e-07	0.01116446651107838	0.01116446651107838	3.157308494390595	3.157308494390595	0.01000069425337362	0.01000069425337362	0.01000069425337362	0.01000069425337362	0.01000069425337362	0.01000069425337362	2.280258296711719	2.280258296711719	24.20808053748632	24.20808053748632	29758.31583769487	29758.31583769487	0	6462.196834050467	6462.196834050467	8315.755677825211	37.93602894531035	6547.466506976028	6547.466506976028	8387.547313478533	0.3010013804969096	-1.57058784676719	0.301000010972858	6.180947305068143e-05	-0.0001991067818648359	-0.9999999782680391	0.9999999980888652	1.375677366748152e-06	6.180920036909753e-05	1.363370705876856e-06	-0.9999999801772983	0.0001991068665142091	0.3011616123106222	-1.570587766506091	0.3011570331907058	6.186518332658344e-05	-0.0001991735233855569	-0.999999978251303	0.9999999980758937	4.585280784651927e-06	6.186427128648548e-05	4.572958960044237e-06	-0.9999999801544412	0.0001991738066716734	-0.3906249999999999	0.341796875	0.2441406249999999	15308.49609374999	20234791.89453125	20234791.2109375	13627181.63778539	20372253.54143915	20433138.55124421	476.072
1	125.09	3691.502463321032	4513.56126887456	4520.300489052716	4498.308688780068	6.18075050722311e-05	-0.0001991005609511	-0.9999999782693996	0.9999999980889872	1.3756812231591198e-06	6.180723239868069e-05	1.3633753389030725e-06	-0.9999999801785372	0.0001991006455976	0.2581069881028696	4.536191850067056	2.287236645505852	5.538875356525736	-1.0042363171067217	12.099991847187358	-1.2041500964627423	-6.277438717525325	1.6931808750688164	5.50347492821874	-7823.75405	20165450.209195983	13663691.000094296	246.21965079413735	-1.2697951155548	-1.5705878532929405	0.3009998417140569	0	4.34499995216127e-10	0	4.3820371046357355e-10	0.0002808510406859	2.1981876736909296	0.0061260948591266	-2.5311601220010024e-06	0	0	0	0	0	0	0.2098359012069659	0.0263855244319735	0.0015451931004345	0.5891461720423038	0.0288576376286612	0.0023154248712063	0.0781040895547566	0.0002243503867746	0.0002163905984633	0.0633693161784596	0	-296.4877115571781	-1.5710320221221237	-5.011560708737396	1679.6800506556497	-2.736116104707948e-05	2174.207373078797	563.1626081400051	-1	0	0	-1	0	0	-1	0	0	-1	0	0	12045	3.865931893308993	0.7671317849941387	1	17.065179175759397	210306956	151.79814355184558	-0.7507248024962223	-0.5390414867796238	1	3691.502463321032	24.82210904624852	0.4299274351226336	0.440509237498375	0.4471768557557052	0.4497400299549358	0.4466217834373835	0.3924605855066331	0	0.0040855735202076	-5978953.083871303	-7259203.760351969	-6055366.116591227	-0.09841158153088081	-1.331719004353727	-2.532685839621262	0	0	-4.447546283742883	1.464426396041786	0	0	0	-0	0	-0	-0	-0	-1.387646883377161e-07	success	non_bfb	success	176.4862953615486	11	9.859565556783682e-09	246.2307390895589	0	0	3.481137002171235e-09	0.7046882678587281	0.7046882678587281	0.7046882678587281	15649.62216480358	20234787.30420823	20234787.30420823	13627187.14908789	20372253.95309251	20433140.62012673	144.7382089455364	144.7382089455364	144.7382089455364	15793.65568548125	20235005.44912003	20235005.44912003	13627402.29513364	20372472.09800429	20433358.7650384	0	0	0	2.611434235784076e-07	2.611434235784076e-07	0.01116469698563307	0.01116469698563307	3.157373672540264	3.157373672540264	0.0100009007035029	0.0100009007035029	0.0100009007035029	0.0100009007035029	0.0100009007035029	0.0100009007035029	2.280305369405696	2.280305369405696	24.20858027892725	24.20858027892725	29758.93015586081	29758.93015586081	0	6462.330236926109	6462.330236926109	8315.927344790645	45.88319899891177	6565.506541166037	6565.506541166037	8402.81461995608	0.3010014305532256	-1.570587844820262	0.3010000610304286	6.181006023620126e-05	-0.0001991086380589608	-0.9999999782676332	0.9999999980888288	1.375676236226449e-06	6.180978755232491e-05	1.363369343711492e-06	-0.9999999801769288	0.0001991087227090611	0.3007943004907792	-1.570587910778853	0.3007865170496459	6.174927538475216e-05	-0.000199058438293587	-0.9999999782813822	0.9999999980632703	7.789586860215003e-06	6.174772602323981e-05	7.777295285125578e-06	-0.9999999801575299	0.0001990589189091866	0.146484375	0.09765624999999999	0.244140625	15314.0625	20234795.41015625	20234794.62890625	13627178.51319351	20372258.81477762	20433145.48452885	477.758
1	125.09	3691.502463321032	4513.56126887456	4520.300489052716	4498.308688780068	6.18075050722311e-05	-0.0001991005609511	-0.9999999782693996	0.9999999980889872	1.3756812231591198e-06	6.180723239868069e-05	1.3633753389030725e-06	-0.9999999801785372	0.0001991006455976	0.2581069881028696	4.536191850067056	2.287236645505852	5.538875356525736	-1.0042363171067217	12.099991847187358	-1.2041500964627423	-6.277438717525325	1.6931808750688164	5.50347492821874	-7823.75405	20165450.209195983	13663691.000094296	246.21965079413735	-1.2697951155548	-1.5705878532929405	0.3009998417140569	0	4.34499995216127e-10	0	4.3820371046357355e-10	0.0002808510406859	2.1981876736909296	0.0061260948591266	-2.5311601220010024e-06	0	0	0	0	0	0	0.2098359012069659	0.0263855244319735	0.0015451931004345	0.5891461720423038	0.0288576376286612	0.0023154248712063	0.0781040895547566	0.0002243503867746	0.0002163905984633	0.0633693161784596	0	-296.4877115571781	-1.5710320221221237	-5.011560708737396	1679.6800506556497	-2.736116104707948e-05	2174.207373078797	563.1626081400051	-1	0	0	-1	0	0	-1	0	0	-1	0	0	12045	3.865931893308993	0.7671317849941387	1	17.065179175759397	210306956	151.79814355184558	-0.7507248024962223	-0.5390414867796238	1	3691.502463321032	24.82210904624852	0.4299274351226336	0.440509237498375	0.4471768557557052	0.4497400299549358	0.4466217834373835	0.3924605855066331	0	0.0040855735202076	-5978953.083871303	-7259203.760351969	-6055366.116591227	-0.09841158153088081	-1.331719004353727	-2.532685839621262	0	0	-4.447546283742883	1.464426396041786	0	0	0	-0	0	-0	-0	-0	-1.387646883377161e-07	success	non_bfb	success	176.4862953615486	12	7.725675536348169e-09	246.2336508098402	0	0	9.858074512813767e-09	0.8897404671633922	0.8897404671633922	0.8897404671633922	15650.17732140149	20234788.94406376	20234788.94406376	13627186.28575462	20372258.84410015	20433146.95113296	172.3015336703501	172.3015336703501	172.3015336703501	15821.58911460467	20235048.5545373	20235048.5545373	13627442.32732974	20372518.45457368	20433406.56160636	0	0	0	2.611495997455373e-07	2.611495997455373e-07	0.01116496103606785	0.01116496103606785	3.157448345940901	3.157448345940901	0.01000113722959781	0.01000113722959781	0.01000113722959781	0.01000113722959781	0.01000113722959781	0.01000113722959781	2.280359299720598	2.280359299720598	24.20915282345366	24.20915282345366	29759.633968822	29759.633968822	0	6462.48307413351	6462.48307413351	8316.124020458052	54.57956400736161	6585.271403146317	6585.271403146317	8419.552293472716	0.3010014872017901	-1.570587842588453	0.3010001176804174	6.181073319509473e-05	-0.0001991107654025811	-0.9999999782671679	0.9999999980887873	1.375674946357827e-06	6.181046050858768e-05	1.363367788358764e-06	-0.9999999801765052	0.0001991108500535151	0.3011464708367338	-1.570587903370254	0.301133874580786	6.182157153716838e-05	-0.0001990437571360882	-0.9999999782798381	0.9999999980097916	1.260240814810989e-05	6.181906432617401e-05	1.259010317555741e-05	-0.9999999801113808	0.0001990445358405156	0.04882812499999999	0.3417968749999999	0	15318.84765625	20234798.046875	20234797.94921875	13627175.58348505	20372265.26014446	20433153.83410488	478.785
1	125.09	3691.502463321032	4513.56126887456	4520.300489052716	4498.308688780068	6.18075050722311e-05	-0.0001991005609511	-0.9999999782693996	0.9999999980889872	1.3756812231591198e-06	6.180723239868069e-05	1.3633753389030725e-06	-0.9999999801785372	0.0001991006455976	0.2581069881028696	4.536191850067056	2.287236645505852	5.538875356525736	-1.0042363171067217	12.099991847187358	-1.2041500964627423	-6.277438717525325	1.6931808750688164	5.50347492821874	-7823.75405	20165450.209195983	13663691.000094296	246.21965079413735	-1.2697951155548	-1.5705878532929405	0.3009998417140569	0	4.34499995216127e-10	0	4.3820371046357355e-10	0.0002808510406859	2.1981876736909296	0.0061260948591266	-2.5311601220010024e-06	0	0	0	0	0	0	0.2098359012069659	0.0263855244319735	0.0015451931004345	0.5891461720423038	0.0288576376286612	0.0023154248712063	0.0781040895547566	0.0002243503867746	0.0002163905984633	0.0633693161784596	0	-296.4877115571781	-1.5710320221221237	-5.011560708737396	1679.6800506556497	-2.736116104707948e-05	2174.207373078797	563.1626081400051	-1	0	0	-1	0	0	-1	0	0	-1	0	0	12045	3.865931893308993	0.7671317849941387	1	17.065179175759397	210306956	151.79814355184558	-0.7507248024962223	-0.5390414867796238	1	3691.502463321032	24.82210904624852	0.4299274351226336	0.440509237498375	0.4471768557557052	0.4497400299549358	0.4466217834373835	0.3924605855066331	0	0.0040855735202076	-5978953.083871303	-7259203.760351969	-6055366.116591227	-0.09841158153088081	-1.331719004353727	-2.532685839621262	0	0	-4.447546283742883	1.464426396041786	0	0	0	-0	0	-0	-0	-0	-1.387646883377161e-07	success	non_bfb	success	176.4862953615486	13	2.852208911614585e-09	246.2369306059265	0	0	-5.070289036971481e-09	1.098188068959644	1.098188068959644	1.098188068959644	15650.80266420688	20234790.79123961	20234790.79123961	13627185.31327362	20372264.35345814	20433154.08254275	202.2689731476996	202.2689731476996	202.2689731476996	15851.97344928562	20235095.47297591	20235095.47297591	13627485.80651108	20372569.03519443	20433458.7642789	0	0	0	2.611565567405437e-07	2.611565567405437e-07	0.01116525846933311	0.01116525846933311	3.157532459998119	3.157532459998119	0.01000140365873204	0.01000140365873204	0.01000140365873204	0.01000140365873204	0.01000140365873204	0.01000140365873204	2.280420048227493	2.280420048227493	24.20979775247314	24.20979775247314	29760.42676201454	29760.42676201454	0	6462.655233932029	6462.655233932029	8316.345561036089	64.02305620685968	6606.760981176225	6606.760981176225	8437.762258000914	0.301001552704166	-1.570587840074967	0.301000183184387	6.18114914277745e-05	-0.0001991131623171046	-0.9999999782666439	0.9999999980887403	1.375673498010305e-06	6.18112187383028e-05	1.363366040882646e-06	-0.999999980176028	0.0001991132469689783	0.3014578436245673	-1.570587868554216	0.3014548688821793	6.189388266941188e-05	-0.0001990577411737086	-0.999999978272581	0.9999999980801673	2.980902566165508e-06	6.189329052363416e-05	2.968582162792746e-06	-0.9999999801835646	0.0001990579252912957	0	0.6835937499999999	0.2441406249999999	15324.12109375	20234802.44140625	20234802.00195312	13627171.48182377	20372271.70552644	20433162.37905601	480.739
1	125.09	3691.502463321032	4513.56126887456	4520.300489052716	4498.308688780068	6.18075050722311e-05	-0.0001991005609511	-0.9999999782693996	0.9999999980889872	1.3756812231591198e-06	6.180723239868069e-05	1.3633753389030725e-06	-0.9999999801785372	0.0001991006455976	0.2581069881028696	4.536191850067056	2.287236645505852	5.538875356525736	-1.0042363171067217	12.099991847187358	-1.2041500964627423	-6.277438717525325	1.6931808750688164	5.50347492821874	-7823.75405	20165450.209195983	13663691.000094296	246.21965079413735	-1.2697951155548	-1.5705878532929405	0.3009998417140569	0	4.34499995216127e-10	0	4.3820371046357355e-10	0.0002808510406859	2.1981876736909296	0.0061260948591266	-2.5311601220010024e-06	0	0	0	0	0	0	0.2098359012069659	0.0263855244319735	0.0015451931004345	0.5891461720423038	0.0288576376286612	0.0023154248712063	0.0781040895547566	0.0002243503867746	0.0002163905984633	0.0633693161784596	0	-296.4877115571781	-1.5710320221221237	-5.011560708737396	1679.6800506556497	-2.736116104707948e-05	2174.207373078797	563.1626081400051	-1	0	0	-1	0	0	-1	0	0	-1	0	0	12045	3.865931893308993	0.7671317849941387	1	17.065179175759397	210306956	151.79814355184558	-0.7507248024962223	-0.5390414867796238	1	3691.502463321032	24.82210904624852	0.4299274351226336	0.440509237498375	0.4471768557557052	0.4497400299549358	0.4466217834373835	0.3924605855066331	0	0.0040855735202076	-5978953.083871303	-7259203.760351969	-6055366.116591227	-0.09841158153088081	-1.331719004353727	-2.532685839621262	0	0	-4.447546283742883	1.464426396041786	0	0	0	-0	0	-0	-0	-0	-1.387646883377161e-07	success	non_bfb	success	176.4862953615486	14	9.514247545145478e-09	246.240528713306	0	0	6.672190081830646e-09	1.326869154407177	1.326869154407177	1.326869154407177	15651.48870746322	20234792.81771616	20234792.81771616	13627184.24639633	20372270.39759564	20433161.90618053	234.6373654587446	234.6373654587446	234.6373654587446	15884.79920376756	20235146.17641625	20235146.17641625	13627532.74742913	20372623.75629571	20433515.26488043	0	0	0	2.611641890335315e-07	2.611641890335315e-07	0.01116558477369623	0.01116558477369623	3.157624738794999	3.157624738794999	0.01000169594947123	0.01000169594947123	0.01000169594947123	0.01000169594947123	0.01000169594947123	0.01000169594947123	2.280486693438935	2.280486693438935	24.21050528312804	24.21050528312804	29761.29650964532	29761.29650964532	0	6462.84410484854	6462.84410484854	8316.588606000005	74.21143931778136	6629.972663782638	6629.972663782638	8457.443389295542	0.3010016243616913	-1.57058783731709	0.3010002548436537	6.181232334264829e-05	-0.0001991157921560969	-0.9999999782660689	0.9999999980886891	1.375671911238304e-06	6.181205064992226e-05	1.363364125909593e-06	-0.9999999801755042	0.0001991158768090016	0.3013710592355414	-1.570587859565394	0.3013600658757987	6.187927548162442e-05	-0.0001990716968355874	-0.9999999782707072	0.9999999980251184	1.099951822631155e-05	6.18770870111085e-05	1.098720001059324e-05	-0.9999999801247349	0.000199072377084663	0.1953125	0	0.5859374999999999	15328.857421875	20234807.2265625	20234806.54296875	13627167.18492257	20372279.90863248	20433171.36347618	482.687
1	125.09	3691.502463321032	4513.56126887456	4520.300489052716	4498.308688780068	6.18075050722311e-05	-0.0001991005609511	-0.9999999782693996	0.9999999980889872	1.3756812231591198e-06	6.180723239868069e-05	1.3633753389030725e-06	-0.9999999801785372	0.0001991006455976	0.2581069881028696	4.536191850067056	2.287236645505852	5.538875356525736	-1.0042363171067217	12.099991847187358	-1.2041500964627423	-6.277438717525325	1.6931808750688164	5.50347492821874	-7823.75405	20165450.209195983	13663691.000094296	246.21965079413735	-1.2697951155548	-1.5705878532929405	0.3009998417140569	0	4.34499995216127e-10	0	4.3820371046357355e-10	0.0002808510406859	2.1981876736909296	0.0061260948591266	-2.5311601220010024e-06	0	0	0	0	0	0	0.2098359012069659	0.0263855244319735	0.0015451931004345	0.5891461720423038	0.0288576376286612	0.0023154248712063	0.0781040895547566	0.0002243503867746	0.0002163905984633	0.0633693161784596	0	-296.4877115571781	-1.5710320221221237	-5.011560708737396	1679.6800506556497	-2.736116104707948e-05	2174.207373078797	563.1626081400051	-1	0	0	-1	0	0	-1	0	0	-1	0	0	12045	3.865931893308993	0.7671317849941387	1	17.065179175759397	210306956	151.79814355184558	-0.7507248024962223	-0.5390414867796238	1	3691.502463321032	24.82210904624852	0.4299274351226336	0.440509237498375	0.4471768557557052	0.4497400299549358	0.4466217834373835	0.3924605855066331	0	0.0040855735202076	-5978953.083871303	-7259203.760351969	-6055366.116591227	-0.09841158153088081	-1.331719004353727	-2.532685839621262	0	0	-4.447546283742883	1.464426396041786	0	0	0	-0	0	-0	-0	-0	-1.387646883377161e-07	success	non_bfb	success	176.4862953615486	15	6.739277684461224e-09	246.244405512103	0	0	-3.690186018312428e-09	1.573266473797958	1.573266473797958	1.573266473797958	15652.22789942139	20234795.00118659	20234795.00118659	13627183.09686662	20372276.90998066	20433170.33592614	269.4041933537771	269.4041933537771	269.4041933537771	15920.05882630137	20235200.6425515	20235200.6425515	13627583.16182773	20372682.55134553	20433575.97729082	0	0	0	2.611724126106118e-07	2.611724126106118e-07	0.01116593635730106	0.01116593635730106	3.157724166555468	3.157724166555468	0.01000201088437053	0.01000201088437053	0.01000201088437053	0.01000201088437053	0.01000201088437053	0.01000201088437053	2.280558501745325	2.280558501745325	24.21126762714269	24.21126762714269	29762.23363780506	29762.23363780506	0	6463.047607851196	6463.047607851196	8316.850479987017	85.14231136225582	6654.904371933706	6654.904371933706	8478.595413971683	0.3010016994481035	-1.57058783434412	0.3010003299319599	6.181321971101411e-05	-0.0001991186257419182	-0.9999999782654491	0.9999999980886335	1.37567020199736e-06	6.181294701478306e-05	1.363362063035145e-06	-0.99999998017494	0.0001991187103959339	0.3007130755234257	-1.570587857521953	0.3007149148998269	6.174888143200413e-05	-0.0001991143210171706	-0.9999999782702812	0.9999999980918349	-1.833228827536886e-06	6.174924767808274e-05	-1.845523947226082e-06	-0.9999999801750629	0.0001991142074373981	0.3906249999999999	-0.04882812499999999	0.5371093749999999	15333.642578125	20234811.23046875	20234811.27929687	13627162.49741518	20372287.72103094	20433181.32452261	483.683
1	125.09	3691.502463321032	4513.56126887456	4520.300489052716	4498.308688780068	6.18075050722311e-05	-0.0001991005609511	-0.9999999782693996	0.9999999980889872	1.3756812231591198e-06	6.180723239868069e-05	1.3633753389030725e-06	-0.9999999801785372	0.0001991006455976	0.2581069881028696	4.536191850067056	2.287236645505852	5.538875356525736	-1.0042363171067217	12.099991847187358	-1.2041500964627423	-6.277438717525325	1.6931808750688164	5.50347492821874	-7823.75405	20165450.209195983	13663691.000094296	246.21965079413735	-1.2697951155548	-1.5705878532929405	0.3009998417140569	0	4.34499995216127e-10	0	4.3820371046357355e-10	0.0002808510406859	2.1981876736909296	0.0061260948591266	-2.5311601220010024e-06	0	0	0	0	0	0	0.2098359012069659	0.0263855244319735	0.0015451931004345	0.5891461720423038	0.0288576376286612	0.0023154248712063	0.0781040895547566	0.0002243503867746	0.0002163905984633	0.0633693161784596	0	-296.4877115571781	-1.5710320221221237	-5.011560708737396	1679.6800506556497	-2.736116104707948e-05	2174.207373078797	563.1626081400051	-1	0	0	-1	0	0	-1	0	0	-1	0	0	12045	3.865931893308993	0.7671317849941387	1	17.065179175759397	210306956	151.79814355184558	-0.7507248024962223	-0.5390414867796238	1	3691.502463321032	24.82210904624852	0.4299274351226336	0.440509237498375	0.4471768557557052	0.4497400299549358	0.4466217834373835	0.3924605855066331	0	0.0040855735202076	-5978953.083871303	-7259203.760351969	-6055366.116591227	-0.09841158153088081	-1.331719004353727	-2.532685839621262	0	0	-4.447546283742883	1.464426396041786	0	0	0	-0	0	-0	-0	-0	-1.387646883377161e-07	success	non_bfb	success	176.4862953615486	16	1.053712145991115e-08	246.2485040918334	0	0	-3.792071501787719e-09	1.833763720599563	1.833763720599563	1.833763720599563	15653.0093911618	20234797.30960472	20234797.30960472	13627181.88155581	20372283.79503271	20433179.2480585	306.5658405262648	306.5658405262648	306.5658405262648	15957.74146796746	20235258.83933545	20235258.83933545	13627637.06657823	20372745.32476342	20433640.77778898	0	0	0	2.611811067765776e-07	2.611811067765776e-07	0.01116630806005053	0.01116630806005053	3.157829284005292	3.157829284005292	0.01000234384121598	0.01000234384121598	0.01000234384121598	0.01000234384121598	0.01000234384121598	0.01000234384121598	2.280634419235655	2.280634419235655	24.21207359580104	24.21207359580104	29763.22439251829	29763.22439251829	0	6463.262756181701	6463.262756181701	8317.127339543746	96.81310754759093	6681.553118871135	6681.553118871135	8501.217053368653	0.3010017819681561	-1.570587831203456	0.3010004124540028	6.181416727706578e-05	-0.0001991216211693409	-0.9999999782647943	0.9999999980885751	1.375668393239319e-06	6.181389457713023e-05	1.363359880439895e-06	-0.9999999801743436	0.000199121705824531	0.3009937735190555	-1.570587899941442	0.3009956122569826	6.179219390690938e-05	-0.0001990564671275072	-0.9999999782791235	0.9999999980891605	-1.83258783771153e-06	6.179255991948206e-05	-1.844888006578453e-06	-0.9999999801865821	0.0001990563535074082	-0.04882812499999999	-0.4394531249999999	0.2929687499999999	15338.232421875	20234815.91796875	20234816.30859375	13627157.32175395	20372295.82653584	20433191.87124146	484.843
1	125.09	3691.502463321032	4513.56126887456	4520.300489052716	4498.308688780068	6.18075050722311e-05	-0.0001991005609511	-0.9999999782693996	0.9999999980889872	1.3756812231591198e-06	6.180723239868069e-05	1.3633753389030725e-06	-0.9999999801785372	0.0001991006455976	0.2581069881028696	4.536191850067056	2.287236645505852	5.538875356525736	-1.0042363171067217	12.099991847187358	-1.2041500964627423	-6.277438717525325	1.6931808750688164	5.50347492821874	-7823.75405	20165450.209195983	13663691.000094296	246.21965079413735	-1.2697951155548	-1.5705878532929405	0.3009998417140569	0	4.34499995216127e-10	0	4.3820371046357355e-10	0.0002808510406859	2.1981876736909296	0.0061260948591266	-2.5311601220010024e-06	0	0	0	0	0	0	0.2098359012069659	0.0263855244319735	0.0015451931004345	0.5891461720423038	0.0288576376286612	0.0023154248712063	0.0781040895547566	0.0002243503867746	0.0002163905984633	0.0633693161784596	0	-296.4877115571781	-1.5710320221221237	-5.011560708737396	1679.6800506556497	-2.736116104707948e-05	2174.207373078797	563.1626081400051	-1	0	0	-1	0	0	-1	0	0	-1	0	0	12045	3.865931893308993	0.7671317849941387	1	17.065179175759397	210306956	151.79814355184558	-0.7507248024962223	-0.5390414867796238	1	3691.502463321032	24.82210904624852	0.4299274351226336	0.440509237498375	0.4471768557557052	0.4497400299549358	0.4466217834373835	0.3924605855066331	0	0.0040855735202076	-5978953.083871303	-7259203.760351969	-6055366.116591227	-0.09841158153088081	-1.331719004353727	-2.532685839621262	0	0	-4.447546283742883	1.464426396041786	0	0	0	-0	0	-0	-0	-0	-1.387646883377161e-07	success	non_bfb	success	176.4862953615486	17	6.016677722525695e-09	246.2527207628715	0	0	-6.062640434501278e-09	2.101771131524401	2.101771131524401	2.101771131524401	15653.81341339457	20234799.68457479	20234799.68457479	13627180.63120744	20372290.87858156	20433188.4171286	346.1157172129199	346.1157172129199	346.1157172129199	15997.82735947597	20235320.70837237	20235320.70837237	13627694.49242418	20372811.90237913	20433709.44092591	0	0	0	2.611900515962993e-07	2.611900515962993e-07	0.01116669047903094	0.01116669047903094	3.157937432002694	3.157937432002694	0.0100026863972437	0.0100026863972437	0.0100026863972437	0.0100026863972437	0.0100026863972437	0.0100026863972437	2.280712525435536	2.280712525435536	24.21290280062399	24.21290280062399	29764.24371079828	29764.24371079828	0	6463.484107262111	6463.484107262111	8317.412180991783	109.2211031731644	6709.91346201698	6709.91346201698	8525.304028508666	0.3010018663980198	-1.57058782797285	0.3010004968859197	6.181514188980698e-05	-0.0001991247020845015	-0.9999999782641207	0.9999999980885149	1.375666526740639e-06	6.181486918606198e-05	1.36335762942825e-06	-0.99999998017373	0.0001991247867408991	0.301310044287015	-1.570587819853691	0.3013054661622886	6.187891431826392e-05	-0.000199113394660355	-0.9999999782624278	0.9999999980750486	4.584285095559775e-06	6.187800275166046e-05	4.571964256725861e-06	-0.99999998016642	0.000199113677947767	0.09765624999999999	0.6347656249999999	0.7812499999999999	15343.06640625	20234821.6796875	20234821.38671875	13627152.24340165	20372305.59223217	20433202.61358493	486.049
1	125.09	3691.502463321032	4513.56126887456	4520.300489052716	4498.308688780068	6.18075050722311e-05	-0.0001991005609511	-0.9999999782693996	0.9999999980889872	1.3756812231591198e-06	6.180723239868069e-05	1.3633753389030725e-06	-0.9999999801785372	0.0001991006455976	0.2581069881028696	4.536191850067056	2.287236645505852	5.538875356525736	-1.0042363171067217	12.099991847187358	-1.2041500964627423	-6.277438717525325	1.6931808750688164	5.50347492821874	-7823.75405	20165450.209195983	13663691.000094296	246.21965079413735	-1.2697951155548	-1.5705878532929405	0.3009998417140569	0	4.34499995216127e-10	0	4.3820371046357355e-10	0.0002808510406859	2.1981876736909296	0.0061260948591266	-2.5311601220010024e-06	0	0	0	0	0	0	0.2098359012069659	0.0263855244319735	0.0015451931004345	0.5891461720423038	0.0288576376286612	0.0023154248712063	0.0781040895547566	0.0002243503867746	0.0002163905984633	0.0633693161784596	0	-296.4877115571781	-1.5710320221221237	-5.011560708737396	1679.6800506556497	-2.736116104707948e-05	2174.207373078797	563.1626081400051	-1	0	0	-1	0	0	-1	0	0	-1	0	0	12045	3.865931893308993	0.7671317849941387	1	17.065179175759397	210306956	151.79814355184558	-0.7507248024962223	-0.5390414867796238	1	3691.502463321032	24.82210904624852	0.4299274351226336	0.440509237498375	0.4471768557557052	0.4497400299549358	0.4466217834373835	0.3924605855066331	0	0.0040855735202076	-5978953.083871303	-7259203.760351969	-6055366.116591227	-0.09841158153088081	-1.331719004353727	-2.532685839621262	0	0	-4.447546283742883	1.464426396041786	0	0	0	-0	0	-0	-0	-0	-1.387646883377161e-07	success	non_bfb	success	176.4862953615486	18	1.022214072011912e-08	246.2569848168007	0	0	5.511131880594794e-09	2.372794818668808	2.372794818668808	2.372794818668808	15654.626484456	20234802.08627384	20234802.08627384	13627179.36678711	20372298.04185186	20433197.68939157	388.0493295258389	388.0493295258389	388.0493295258389	16040.30301916317	20235386.2098393	20235386.2098393	13627755.46033112	20372882.16541729	20433781.81295671	0	0	0	2.611990970850544e-07	2.611990970850544e-07	0.01116707720192694	0.01116707720192694	3.158046797146412	3.158046797146412	0.01000303280855138	0.01000303280855138	0.01000303280855138	0.01000303280855138	0.01000303280855138	0.01000303280855138	2.280791510677801	2.280791510677801	24.21374133769182	24.21374133769182	29765.2745009457	29765.2745009457	0	6463.707949527365	6463.707949527365	8317.700228173884	122.3634171379982	6739.981689806179	6739.981689806179	8550.854444335448	0.3010019477316983	-1.570587824704488	0.3010005782217002	6.181612708024576e-05	-0.0001991278164233547	-0.9999999782634392	0.9999999980884537	1.375664631010864e-06	6.181585437265141e-05	1.363355345007076e-06	-0.9999999801731099	0.0001991279010809723	0.3008918368406764	-1.570587832414347	0.3008856571732065	6.179191557722889e-05	-0.0001991272593631443	-0.9999999782650467	0.9999999980718234	6.185819564047582e-06	6.179068503580406e-05	6.173515219833731e-06	-0.9999999801550349	0.000199127641212943	-0.04882812499999999	0.7812499999999999	0.6835937499999999	15347.4609375	20234825.78125	20234826.5625	13627147.16531093	20372314.47887735	20433214.03940546	487.487
1	125.09	3691.502463321032	4513.56126887456	4520.300489052716	4498.308688780068	6.18075050722311e-05	-0.0001991005609511	-0.9999999782693996	0.9999999980889872	1.3756812231591198e-06	6.180723239868069e-05	1.3633753389030725e-06	-0.9999999801785372	0.0001991006455976	0.2581069881028696	4.536191850067056	2.287236645505852	5.538875356525736	-1.0042363171067217	12.099991847187358	-1.2041500964627423	-6.277438717525325	1.6931808750688164	5.50347492821874	-7823.75405	20165450.209195983	13663691.000094296	246.21965079413735	-1.2697951155548	-1.5705878532929405	0.3009998417140569	0	4.34499995216127e-10	0	4.3820371046357355e-10	0.0002808510406859	2.1981876736909296	0.0061260948591266	-2.5311601220010024e-06	0	0	0	0	0	0	0.2098359012069659	0.0263855244319735	0.0015451931004345	0.5891461720423038	0.0288576376286612	0.0023154248712063	0.0781040895547566	0.0002243503867746	0.0002163905984633	0.0633693161784596	0	-296.4877115571781	-1.5710320221221237	-5.011560708737396	1679.6800506556497	-2.736116104707948e-05	2174.207373078797	563.1626081400051	-1	0	0	-1	0	0	-1	0	0	-1	0	0	12045	3.865931893308993	0.7671317849941387	1	17.065179175759397	210306956	151.79814355184558	-0.7507248024962223	-0.5390414867796238	1	3691.502463321032	24.82210904624852	0.4299274351226336	0.440509237498375	0.4471768557557052	0.4497400299549358	0.4466217834373835	0.3924605855066331	0	0.0040855735202076	-5978953.083871303	-7259203.760351969	-6055366.116591227	-0.09841158153088081	-1.331719004353727	-2.532685839621262	0	0	-4.447546283742883	1.464426396041786	0	0	0	-0	0	-0	-0	-0	-1.387646883377161e-07	success	non_bfb	success	176.4862953615486	19	6.414394030031031e-09	246.2611392240916	0	0	-4.676996004279599e-10	2.636853868183607	2.636853868183607	2.636853868183607	15655.41866160455	20234804.42625517	20234804.42625517	13627178.13485924	20372305.02104386	20433206.72338032	432.3566965511724	432.3566965511724	432.3566965511724	16085.13850428754	20235455.25528953	20235455.25528953	13627820.01686352	20372955.85007818	20433857.55241432	0	0	0	2.612079101271476e-07	2.612079101271476e-07	0.01116745398700214	0.01116745398700214	3.158153351876754	3.158153351876754	0.01000337031794627	0.01000337031794627	0.01000337031794627	0.01000337031794627	0.01000337031794627	0.01000337031794627	2.280868466194929	2.280868466194929	24.21455832643345	24.21455832643345	29766.27880233886	29766.27880233886	0	6463.926039600697	6463.926039600697	8317.980873256687	136.237014610262	6771.749558861969	6771.749558861969	8577.860727847488	0.3010020301914786	-1.570587821524568	0.3010006606835325	6.181708627473002e-05	-0.0001991308485615009	-0.9999999782627762	0.9999999980883943	1.375662769346244e-06	6.181681356339213e-05	1.363353104902908e-06	-0.9999999801725061	0.0001991309332203053	0.3009378159620404	-1.570587814883737	0.3009332395359724	6.180626756166138e-05	-0.0001991411600537665	-0.9999999782613915	0.9999999980795492	4.582580063025701e-06	6.180535620621628e-05	4.570271973074345e-06	-0.9999999801608987	0.0001991414429034952	-0.09765624999999999	-0.4394531249999999	-0.2441406249999999	15351.708984375	20234831.25	20234831.15234375	13627141.50119813	20372322.87732792	20433223.70741145	489.354
1	125.09	3691.502463321032	4513.56126887456	4520.300489052716	4498.308688780068	6.18075050722311e-05	-0.0001991005609511	-0.9999999782693996	0.9999999980889872	1.3756812231591198e-06	6.180723239868069e-05	1.3633753389030725e-06	-0.9999999801785372	0.0001991006455976	0.2581069881028696	4.536191850067056	2.287236645505852	5.538875356525736	-1.0042363171067217	12.099991847187358	-1.2041500964627423	-6.277438717525325	1.6931808750688164	5.50347492821874	-7823.75405	20165450.209195983	13663691.000094296	246.21965079413735	-1.2697951155548	-1.5705878532929405	0.3009998417140569	0	4.34499995216127e-10	0	4.3820371046357355e-10	0.0002808510406859	2.1981876736909296	0.0061260948591266	-2.5311601220010024e-06	0	0	0	0	0	0	0.2098359012069659	0.0263855244319735	0.0015451931004345	0.5891461720423038	0.0288576376286612	0.0023154248712063	0.0781040895547566	0.0002243503867746	0.0002163905984633	0.0633693161784596	0	-296.4877115571781	-1.5710320221221237	-5.011560708737396	1679.6800506556497	-2.736116104707948e-05	2174.207373078797	563.1626081400051	-1	0	0	-1	0	0	-1	0	0	-1	0	0	12045	3.865931893308993	0.7671317849941387	1	17.065179175759397	210306956	151.79814355184558	-0.7507248024962223	-0.5390414867796238	1	3691.502463321032	24.82210904624852	0.4299274351226336	0.440509237498375	0.4471768557557052	0.4497400299549358	0.4466217834373835	0.3924605855066331	0	0.0040855735202076	-5978953.083871303	-7259203.760351969	-6055366.116591227	-0.09841158153088081	-1.331719004353727	-2.532685839621262	0	0	-4.447546283742883	1.464426396041786	0	0	0	-0	0	-0	-0	-0	-1.387646883377161e-07	success	non_bfb	success	176.4862953615486	20	6.419980861890377e-09	246.2651204954657	0	0	-1.226924113638232e-08	2.889912373783773	2.889912373783773	2.889912373783773	15656.17783712135	20234806.66875427	20234806.66875427	13627176.95425276	20372311.70948685	20433215.38101845	479.0337823826356	479.0337823826356	479.0337823826356	16132.3217071302	20235527.80895855	20235527.80895855	13627888.18085031	20373032.84969108	20433936.52122234	0	0	0	2.612163560231167e-07	2.612163560231167e-07	0.01116781507543384	0.01116781507543384	3.158255467600017	3.158255467600017	0.01000369376689927	0.01000369376689927	0.01000369376689927	0.01000369376689927	0.01000369376689927	0.01000369376689927	2.280942215790702	2.280942215790702	24.21534127990705	24.21534127990705	29767.24126512963	29767.24126512963	0	6464.13504417049	6464.13504417049	8318.249826831237	150.838711591573	6805.21373587273	6805.21373587273	8606.321773634189	0.3010021108625069	-1.570587818481005	0.3010007413565411	6.181800468639618e-05	-0.0001991337517520281	-0.9999999782621416	0.9999999980883377	1.375660967341725e-06	6.181773197147869e-05	1.36335094054552e-06	-0.9999999801719281	0.0001991338364119677	0.3013765051147889	-1.570587816958176	0.3013639096626812	6.189300691283872e-05	-0.0001991120474529362	-0.9999999782618241	0.9999999980053829	1.260161371198416e-05	6.18904990016822e-05	1.258929029407396e-05	-0.9999999800977959	0.0001991128270077706	-0.1953125	0.5371093749999999	0.7812499999999999	15355.517578125	20234835.64453125	20234836.03515625	13627136.9113603	20372330.68989195	20433233.17999774	490.819
1	125.09	3691.502463321032	4513.56126887456	4520.300489052716	4498.308688780068	6.18075050722311e-05	-0.0001991005609511	-0.9999999782693996	0.9999999980889872	1.3756812231591198e-06	6.180723239868069e-05	1.3633753389030725e-06	-0.9999999801785372	0.0001991006455976	0.2581069881028696	4.536191850067056	2.287236645505852	5.538875356525736	-1.0042363171067217	12.099991847187358	-1.2041500964627423	-6.277438717525325	1.6931808750688164	5.50347492821874	-7823.75405	20165450.209195983	13663691.000094296	246.21965079413735	-1.2697951155548	-1.5705878532929405	0.3009998417140569	0	4.34499995216127e-10	0	4.3820371046357355e-10	0.0002808510406859	2.1981876736909296	0.0061260948591266	-2.5311601220010024e-06	0	0	0	0	0	0	0.2098359012069659	0.0263855244319735	0.0015451931004345	0.5891461720423038	0.0288576376286612	0.0023154248712063	0.0781040895547566	0.0002243503867746	0.0002163905984633	0.0633693161784596	0	-296.4877115571781	-1.5710320221221237	-5.011560708737396	1679.6800506556497	-2.736116104707948e-05	2174.207373078797	563.1626081400051	-1	0	0	-1	0	0	-1	0	0	-1	0	0	12045	3.865931893308993	0.7671317849941387	1	17.065179175759397	210306956	151.79814355184558	-0.7507248024962223	-0.5390414867796238	1	3691.502463321032	24.82210904624852	0.4299274351226336	0.440509237498375	0.4471768557557052	0.4497400299549358	0.4466217834373835	0.3924605855066331	0	0.0040855735202076	-5978953.083871303	-7259203.760351969	-6055366.116591227	-0.09841158153088081	-1.331719004353727	-2.532685839621262	0	0	-4.447546283742883	1.464426396041786	0	0	0	-0	0	-0	-0	-0	-1.387646883377161e-07	success	non_bfb	success	176.4862953615486	21	7.489181358806601e-09	246.2687080011235	0	0	5.650117700791165e-09	3.1179457546923	3.1179457546923	3.1179457546923	15656.86193726407	20234808.68949113	20234808.68949113	13627175.89039724	20372317.73650524	20433223.18249696	528.0665624394514	528.0665624394514	528.0665624394514	16181.81055394883	20235603.74656634	20235603.74656634	13627960.01772103	20373112.79358039	20434018.23957174	0	0	0	2.612239666987905e-07	2.612239666987905e-07	0.01116814045558927	0.01116814045558927	3.15834748503118	3.15834748503118	0.0100039852297692	0.0100039852297692	0.0100039852297692	0.0100039852297692	0.0100039852297692	0.0100039852297692	2.281008672239676	2.281008672239676	24.21604680658852	24.21604680658852	29768.10854933198	29768.10854933198	0	6464.323380138736	6464.323380138736	8318.492183407105	166.165176430136	6840.362637740456	6840.362637740456	8636.226007856929	0.3010021782303416	-1.570587815739387	0.3010008087261994	6.181883092949616e-05	-0.0001991363635446299	-0.9999999782615699	0.9999999980882864	1.37565931393917e-06	6.181855821136163e-05	1.363348961152714e-06	-0.9999999801714079	0.0001991364482055888	0.3010248313885488	-1.570587825064442	0.3010410996302681	6.182057711068278e-05	-0.0001991260574933881	-0.9999999782635143	0.9999999979566802	-1.626208726189701e-05	6.182381653335733e-05	-1.627439764126188e-05	-0.9999999800421785	0.0001991250517550018	0	0.2441406249999999	0.4882812499999999	15358.642578125	20234839.0625	20234839.74609375	13627132.61450728	20372336.45154382	20433240.99254263	492.225
1	125.09	3691.502463321032	4513.56126887456	4520.300489052716	4498.308688780068	6.18075050722311e-05	-0.0001991005609511	-0.9999999782693996	0.9999999980889872	1.3756812231591198e-06	6.180723239868069e-05	1.3633753389030725e-06	-0.9999999801785372	0.0001991006455976	0.2581069881028696	4.536191850067056	2.287236645505852	5.538875356525736	-1.0042363171067217	12.099991847187358	-1.2041500964627423	-6.277438717525325	1.6931808750688164	5.50347492821874	-7823.75405	20165450.209195983	13663691.000094296	246.21965079413735	-1.2697951155548	-1.5705878532929405	0.3009998417140569	0	4.34499995216127e-10	0	4.3820371046357355e-10	0.0002808510406859	2.1981876736909296	0.0061260948591266	-2.5311601220010024e-06	0	0	0	0	0	0	0.2098359012069659	0.0263855244319735	0.0015451931004345	0.5891461720423038	0.0288576376286612	0.0023154248712063	0.0781040895547566	0.0002243503867746	0.0002163905984633	0.0633693161784596	0	-296.4877115571781	-1.5710320221221237	-5.011560708737396	1679.6800506556497	-2.736116104707948e-05	2174.207373078797	563.1626081400051	-1	0	0	-1	0	0	-1	0	0	-1	0	0	12045	3.865931893308993	0.7671317849941387	1	17.065179175759397	210306956	151.79814355184558	-0.7507248024962223	-0.5390414867796238	1	3691.502463321032	24.82210904624852	0.4299274351226336	0.440509237498375	0.4471768557557052	0.4497400299549358	0.4466217834373835	0.3924605855066331	0	0.0040855735202076	-5978953.083871303	-7259203.760351969	-6055366.116591227	-0.09841158153088081	-1.331719004353727	-2.532685839621262	0	0	-4.447546283742883	1.464426396041786	0	0	0	-0	0	-0	-0	-0	-1.387646883377161e-07	success	non_bfb	success	176.4862953615486	22	7.89353411616593e-09	246.2718127436788	0	0	-3.29880606670474e-09	3.315295843838612	3.315295843838612	3.315295843838612	15657.45398753152	20234810.43832544	20234810.43832544	13627174.96969002	20372322.95255128	20433229.93423862	579.4493785545494	579.4493785545494	579.4493785545494	16233.58807024223	20235683.01797261	20235683.01797261	13628035.55387305	20373195.5321984	20434102.51388532	0	0	0	2.612305533113151e-07	2.612305533113151e-07	0.01116842205384662	0.01116842205384662	3.158427120951899	3.158427120951899	0.0100042374745201	0.0100042374745201	0.0100042374745201	0.0100042374745201	0.0100042374745201	0.0100042374745201	2.281066186565329	2.281066186565329	24.21665740032235	24.21665740032235	29768.85913511889	29768.85913511889	0	6464.486374345877	6464.486374345877	8318.70192941737	182.2129359175807	6877.191591305588	6877.191591305588	8667.570890157162	0.3010022407585162	-1.57058781337531	0.3010008712559759	6.181954427691028e-05	-0.0001991386184134164	-0.999999978261077	0.9999999980882425	1.375657845020559e-06	6.1819271556008e-05	1.363347210786252e-06	-0.9999999801709589	0.0001991387030752527	0.3007033743601696	-1.570587756075402	0.3006891779856044	6.177699745496534e-05	-0.0001992118133052684	-0.9999999782491276	0.99999999799112	1.420252777258856e-05	6.177416936320457e-05	1.419022131937692e-05	-0.9999999800564704	0.0001992126902942636	-0.2929687499999999	0.1953125	0.1953125	15361.328125	20234842.96875	20234842.48046875	13627128.41509185	20372342.21323015	20433247.63339671	493.327
1	125.09	3691.502463321032	4513.56126887456	4520.300489052716	4498.308688780068	6.18075050722311e-05	-0.0001991005609511	-0.9999999782693996	0.9999999980889872	1.3756812231591198e-06	6.180723239868069e-05	1.3633753389030725e-06	-0.9999999801785372	0.0001991006455976	0.2581069881028696	4.536191850067056	2.287236645505852	5.538875356525736	-1.0042363171067217	12.099991847187358	-1.2041500964627423	-6.277438717525325	1.6931808750688164	5.50347492821874	-7823.75405	20165450.209195983	13663691.000094296	246.21965079413735	-1.2697951155548	-1.5705878532929405	0.3009998417140569	0	4.34499995216127e-10	0	4.3820371046357355e-10	0.0002808510406859	2.1981876736909296	0.0061260948591266	-2.5311601220010024e-06	0	0	0	0	0	0	0.2098359012069659	0.0263855244319735	0.0015451931004345	0.5891461720423038	0.0288576376286612	0.0023154248712063	0.0781040895547566	0.0002243503867746	0.0002163905984633	0.0633693161784596	0	-296.4877115571781	-1.5710320221221237	-5.011560708737396	1679.6800506556497	-2.736116104707948e-05	2174.207373078797	563.1626081400051	-1	0	0	-1	0	0	-1	0	0	-1	0	0	12045	3.865931893308993	0.7671317849941387	1	17.065179175759397	210306956	151.79814355184558	-0.7507248024962223	-0.5390414867796238	1	3691.502463321032	24.82210904624852	0.4299274351226336	0.440509237498375	0.4471768557557052	0.4497400299549358	0.4466217834373835	0.3924605855066331	0	0.0040855735202076	-5978953.083871303	-7259203.760351969	-6055366.116591227	-0.09841158153088081	-1.331719004353727	-2.532685839621262	0	0	-4.447546283742883	1.464426396041786	0	0	0	-0	0	-0	-0	-0	-1.387646883377161e-07	success	non_bfb	success	176.4862953615486	23	7.272612850010822e-09	246.274211256131	0	0	-1.181210993558521e-08	3.467756773089604	3.467756773089604	3.467756773089604	15657.91137031927	20234811.78937071	20234811.78937071	13627174.25840643	20372326.98215792	20433235.15023225	633.1680248597962	633.1680248597962	633.1680248597962	16287.61163840598	20235765.49729086	20235765.49729086	13628114.8555817	20373280.69007802	20434188.85815188	0	0	0	2.612356417360048e-07	2.612356417360048e-07	0.01116863959989475	0.01116863959989475	3.158488642922966	3.158488642922966	0.01000443234379677	0.01000443234379677	0.01000443234379677	0.01000443234379677	0.01000443234379677	0.01000443234379677	2.281110618709101	2.281110618709101	24.21712910868821	24.21712910868821	29769.43899301026	29769.43899301026	0	6464.612293966135	6464.612293966135	8318.863966697261	198.9783760881199	6915.688863742348	6915.688863742348	8700.3449363359	0.3010022883599629	-1.570587811557545	0.3010009188587137	6.182009268290104e-05	-0.0001991403518222133	-0.999999978260698	0.9999999980882088	1.375656650676675e-06	6.181981995988239e-05	1.363345800074463e-06	-0.9999999801706136	0.0001991404364847202	0.3007902595831453	-1.570587765709731	0.3007920970073617	6.17914513728994e-05	-0.0001991972452188881	-0.999999978251137	0.9999999980892089	-1.83126982701017e-06	6.179181738263581e-05	-1.843578546981823e-06	-0.9999999801585518	0.0001991971316813322	0.1953124999999999	0.2929687499999999	0.68359375	15363.8671875	20234844.921875	20234845.21484375	13627125.38777526	20372344.94762928	20433252.4185017	495.27
1	125.09	3691.502463321032	4513.56126887456	4520.300489052716	4498.308688780068	6.18075050722311e-05	-0.0001991005609511	-0.9999999782693996	0.9999999980889872	1.3756812231591198e-06	6.180723239868069e-05	1.3633753389030725e-06	-0.9999999801785372	0.0001991006455976	0.2581069881028696	4.536191850067056	2.287236645505852	5.538875356525736	-1.0042363171067217	12.099991847187358	-1.2041500964627423	-6.277438717525325	1.6931808750688164	5.50347492821874	-7823.75405	20165450.209195983	13663691.000094296	246.21965079413735	-1.2697951155548	-1.5705878532929405	0.3009998417140569	0	4.34499995216127e-10	0	4.3820371046357355e-10	0.0002808510406859	2.1981876736909296	0.0061260948591266	-2.5311601220010024e-06	0	0	0	0	0	0	0.2098359012069659	0.0263855244319735	0.0015451931004345	0.5891461720423038	0.0288576376286612	0.0023154248712063	0.0781040895547566	0.0002243503867746	0.0002163905984633	0.0633693161784596	0	-296.4877115571781	-1.5710320221221237	-5.011560708737396	1679.6800506556497	-2.736116104707948e-05	2174.207373078797	563.1626081400051	-1	0	0	-1	0	0	-1	0	0	-1	0	0	12045	3.865931893308993	0.7671317849941387	1	17.065179175759397	210306956	151.79814355184558	-0.7507248024962223	-0.5390414867796238	1	3691.502463321032	24.82210904624852	0.4299274351226336	0.440509237498375	0.4471768557557052	0.4497400299549358	0.4466217834373835	0.3924605855066331	0	0.0040855735202076	-5978953.083871303	-7259203.760351969	-6055366.116591227	-0.09841158153088081	-1.331719004353727	-2.532685839621262	0	0	-4.447546283742883	1.464426396041786	0	0	0	-0	0	-0	-0	-0	-1.387646883377161e-07	success	non_bfb	success	176.4862953615486	24	6.686008358890616e-09	246.2757387023295	0	0	-4.068805833033457e-09	3.564849336772568	3.564849336772568	3.564849336772568	15658.20264801032	20234812.64976458	20234812.64976458	13627173.80543565	20372329.54835531	20433238.47196326	689.2120221495193	689.2120221495193	689.2120221495193	16343.84982082307	20235851.09165873	20235851.09165873	13628197.97173613	20373367.99024941	20434276.91385684	0	0	0	2.612388822265399e-07	2.612388822265399e-07	0.01116877814098613	0.01116877814098613	3.158527822310912	3.158527822310912	0.01000455644351036	0.01000455644351036	0.01000455644351036	0.01000455644351036	0.01000455644351036	0.01000455644351036	2.281138914684798	2.281138914684798	24.21742950941892	24.21742950941892	29769.80826722052	29769.80826722052	0	6464.692484076539	6464.692484076539	8318.967157822972	216.4577480097175	6955.845800127765	6955.845800127765	8734.54075790137	0.3010023184805724	-1.570587810413862	0.301000948980245	6.182043775741948e-05	-0.0001991414424055343	-0.9999999782604595	0.9999999980881874	1.375655797361033e-06	6.182016503309112e-05	1.36334481062047e-06	-0.9999999801703965	0.0001991415270684567	0.3007186137631019	-1.570587815539185	0.3006996083995284	6.176241974886754e-05	-0.0001991540774051808	-0.9999999782615282	0.9999999979122165	1.901151353741521e-05	6.175863474205956e-05	1.899921364021012e-05	-0.9999999799881077	0.0001991552511866905	0.048828125	0.4394531249999999	0.390625	15364.84375	20234846.2890625	20234846.04492187	13627123.23947879	20372346.99836457	20433254.07856288	496.83
1	125.09	3691.502463321032	4513.56126887456	4520.300489052716	4498.308688780068	6.18075050722311e-05	-0.0001991005609511	-0.9999999782693996	0.9999999980889872	1.3756812231591198e-06	6.180723239868069e-05	1.3633753389030725e-06	-0.9999999801785372	0.0001991006455976	0.2581069881028696	4.536191850067056	2.287236645505852	5.538875356525736	-1.0042363171067217	12.099991847187358	-1.2041500964627423	-6.277438717525325	1.6931808750688164	5.50347492821874	-7823.75405	20165450.209195983	13663691.000094296	246.21965079413735	-1.2697951155548	-1.5705878532929405	0.3009998417140569	0	4.34499995216127e-10	0	4.3820371046357355e-10	0.0002808510406859	2.1981876736909296	0.0061260948591266	-2.5311601220010024e-06	0	0	0	0	0	0	0.2098359012069659	0.0263855244319735	0.0015451931004345	0.5891461720423038	0.0288576376286612	0.0023154248712063	0.0781040895547566	0.0002243503867746	0.0002163905984633	0.0633693161784596	0	-296.4877115571781	-1.5710320221221237	-5.011560708737396	1679.6800506556497	-2.736116104707948e-05	2174.207373078797	563.1626081400051	-1	0	0	-1	0	0	-1	0	0	-1	0	0	12045	3.865931893308993	0.7671317849941387	1	17.065179175759397	210306956	151.79814355184558	-0.7507248024962223	-0.5390414867796238	1	3691.502463321032	24.82210904624852	0.4299274351226336	0.440509237498375	0.4471768557557052	0.4497400299549358	0.4466217834373835	0.3924605855066331	0	0.0040855735202076	-5978953.083871303	-7259203.760351969	-6055366.116591227	-0.09841158153088081	-1.331719004353727	-2.532685839621262	0	0	-4.447546283742883	1.464426396041786	0	0	0	-0	0	-0	-0	-0	-1.387646883377161e-07	success	non_bfb	success	176.4862953615486	25	5.455534296121612e-09	246.2761908899606	0	0	4.61451662623452e-10	3.593592891122171	3.593592891122171	3.593592891122171	15658.28887867337	20234812.90447798	20234812.90447798	13627173.67133691	20372330.30805957	20433239.4553378	747.5683897799532	747.5683897799532	747.5683897799532	16402.2636755622	20235939.68604716	20235939.68604716	13628284.96289559	20373457.08962869	20434366.23690636	0	0	0	2.612398415504292e-07	2.612398415504292e-07	0.01116881915507865	0.01116881915507865	3.158539421086596	3.158539421086596	0.01000459318233697	0.01000459318233697	0.01000459318233697	0.01000459318233697	0.01000459318233697	0.01000459318233697	2.281147291504654	2.281147291504654	24.21751844089217	24.21751844089217	29769.91758819146	29769.91758819146	0	6464.716223781304	6464.716223781304	8318.997706812701	234.6471701105206	6997.651679566054	6997.651679566054	8770.148440443623	0.3010023285162036	-1.570587810102918	0.3010009590163288	6.182053194395045e-05	-0.0001991417398203968	-0.9999999782603947	0.9999999980881817	1.375655367400692e-06	6.182025921930637e-05	1.363344343517406e-06	-0.9999999801703374	0.0001991418244834205	0.300468468468072	-1.570587891776335	0.300447861902547	6.169003662614969e-05	-0.0001990966977150269	-0.9999999782774216	0.9999999978849807	2.061270630237189e-05	6.168593391386867e-05	2.060042438887305e-05	-0.9999999799678102	0.0001990979688922071	0.2929687499999999	0.9277343749999998	0.634765625	15365.771484375	20234845.5078125	20234845.21484375	13627122.45844461	20372345.24048792	20433252.80887994	498.771
1	125.09	3691.502463321032	4513.56126887456	4520.300489052716	4498.308688780068	6.18075050722311e-05	-0.0001991005609511	-0.9999999782693996	0.9999999980889872	1.3756812231591198e-06	6.180723239868069e-05	1.3633753389030725e-06	-0.9999999801785372	0.0001991006455976	0.2581069881028696	4.536191850067056	2.287236645505852	5.538875356525736	-1.0042363171067217	12.099991847187358	-1.2041500964627423	-6.277438717525325	1.6931808750688164	5.50347492821874	-7823.75405	20165450.209195983	13663691.000094296	246.21965079413735	-1.2697951155548	-1.5705878532929405	0.3009998417140569	0	4.34499995216127e-10	0	4.3820371046357355e-10	0.0002808510406859	2.1981876736909296	0.0061260948591266	-2.5311601220010024e-06	0	0	0	0	0	0	0.2098359012069659	0.0263855244319735	0.0015451931004345	0.5891461720423038	0.0288576376286612	0.0023154248712063	0.0781040895547566	0.0002243503867746	0.0002163905984633	0.0633693161784596	0	-296.4877115571781	-1.5710320221221237	-5.011560708737396	1679.6800506556497	-2.736116104707948e-05	2174.207373078797	563.1626081400051	-1	0	0	-1	0	0	-1	0	0	-1	0	0	12045	3.865931893308993	0.7671317849941387	1	17.065179175759397	210306956	151.79814355184558	-0.7507248024962223	-0.5390414867796238	1	3691.502463321032	24.82210904624852	0.4299274351226336	0.440509237498375	0.4471768557557052	0.4497400299549358	0.4466217834373835	0.3924605855066331	0	0.0040855735202076	-5978953.083871303	-7259203.760351969	-6055366.116591227	-0.09841158153088081	-1.331719004353727	-2.532685839621262	0	0	-4.447546283742883	1.464426396041786	0	0	0	-0	0	-0	-0	-0	-1.387646883377161e-07	success	non_bfb	success	176.4862953615486	26	3.579102679953139e-09	246.2753335893509	0	0	-2.288241476881933e-10	3.539098153302803	3.539098153302803	3.539098153302803	15658.12539445991	20234812.42156831	20234812.42156831	13627173.92557392	20372328.86774066	20433237.59096371	808.2222384682625	808.2222384682625	808.2222384682625	16462.80853477487	20236031.14851353	20236031.14851353	13628375.89852379	20373547.59468583	20434456.31790826	0	0	0	2.612380227738369e-07	2.612380227738369e-07	0.01116874139669875	0.01116874139669875	3.158517431035113	3.158517431035113	0.01000452352940889	0.01000452352940889	0.01000452352940889	0.01000452352940889	0.01000452352940889	0.01000452352940889	2.281131409940521	2.281131409940521	24.21734983622833	24.21734983622833	29769.71032719732	29769.71032719732	0	6464.671215812862	6464.671215812862	8318.939789160431	253.5426315398188	7041.094204789648	7041.094204789648	8807.156170307358	0.3010023084853732	-1.570587810802011	0.3010009389853798	6.18203206896057e-05	-0.0001991410716030662	-0.9999999782605404	0.9999999980881945	1.375655455213553e-06	6.182004796585067e-05	1.363344514709075e-06	-0.9999999801704704	0.0001991411562658087	0.3011980708364586	-1.570587844366017	0.30117746024682	6.184934657826879e-05	-0.0001990969119334741	-0.9999999782675385	0.9999999978750578	2.061674653041711e-05	6.184524306035444e-05	2.060443288545339e-05	-0.9999999799676844	0.0001990981866424837	0.1953125	0.7324218749999999	1.171875	15365.234375	20234843.65234375	20234843.06640625	13627123.92315534	20372340.8460894	20433246.94950524	500.094
1	125.09	3691.502463321032	4513.56126887456	4520.300489052716	4498.308688780068	6.18075050722311e-05	-0.0001991005609511	-0.9999999782693996	0.9999999980889872	1.3756812231591198e-06	6.180723239868069e-05	1.3633753389030725e-06	-0.9999999801785372	0.0001991006455976	0.2581069881028696	4.536191850067056	2.287236645505852	5.538875356525736	-1.0042363171067217	12.099991847187358	-1.2041500964627423	-6.277438717525325	1.6931808750688164	5.50347492821874	-7823.75405	20165450.209195983	13663691.000094296	246.21965079413735	-1.2697951155548	-1.5705878532929405	0.3009998417140569	0	4.34499995216127e-10	0	4.3820371046357355e-10	0.0002808510406859	2.1981876736909296	0.0061260948591266	-2.5311601220010024e-06	0	0	0	0	0	0	0.2098359012069659	0.0263855244319735	0.0015451931004345	0.5891461720423038	0.0288576376286612	0.0023154248712063	0.0781040895547566	0.0002243503867746	0.0002163905984633	0.0633693161784596	0	-296.4877115571781	-1.5710320221221237	-5.011560708737396	1679.6800506556497	-2.736116104707948e-05	2174.207373078797	563.1626081400051	-1	0	0	-1	0	0	-1	0	0	-1	0	0	12045	3.865931893308993	0.7671317849941387	1	17.065179175759397	210306956	151.79814355184558	-0.7507248024962223	-0.5390414867796238	1	3691.502463321032	24.82210904624852	0.4299274351226336	0.440509237498375	0.4471768557557052	0.4497400299549358	0.4466217834373835	0.3924605855066331	0	0.0040855735202076	-5978953.083871303	-7259203.760351969	-6055366.116591227	-0.09841158153088081	-1.331719004353727	-2.532685839621262	0	0	-4.447546283742883	1.464426396041786	0	0	0	-0	0	-0	-0	-0	-1.387646883377161e-07	success	non_bfb	success	176.4862953615486	27	1.207470245448718e-08	246.272605503327	0	0	-3.970463506373834e-09	3.365687276453173	3.365687276453173	3.365687276453173	15657.60516182936	20234810.88487333	20234810.88487333	13627174.73459636	20372324.2844181	20433231.65823043	871.1378903675857	871.1378903675857	871.1378903675857	16525.37736492049	20236125.16289562	20236125.16289562	13628470.94507039	20373638.56244031	20434545.93625199	0	0	0	2.612322351389881e-07	2.612322351389881e-07	0.01116849395723248	0.01116849395723248	3.15844745521245	3.15844745521245	0.01000430188277258	0.01000430188277258	0.01000430188277258	0.01000430188277258	0.01000430188277258	0.01000430188277258	2.281080872290976	2.281080872290976	24.21681330951462	24.21681330951462	29769.05078992516	29769.05078992516	0	6464.527993336986	6464.527993336986	8318.7554860283	273.1399859612412	7086.143908964319	7086.143908964319	8845.530174991078	0.301002255114348	-1.570587812949886	0.3010008856133849	6.181967326454162e-05	-0.0001991390244645976	-0.9999999782609883	0.9999999980882347	1.375656287063272e-06	6.181940054339821e-05	1.363345602040665e-06	-0.9999999801708781	0.0001991391091265127	0.3009379542189523	-1.570587815690402	0.3009301712639914	6.1806055985986e-05	-0.0001991403810842204	-0.9999999782615597	0.9999999980597666	7.789108858829084e-06	6.180450608349406e-05	7.77680091661182e-06	-0.9999999801412189	0.00019914086211194	0.1953125	0.1953125	-0.1953125	15361.669921875	20234838.0859375	20234837.84179687	13627126.26682428	20372330.10388792	20433235.03553781	502.04
1	125.09	3691.502463321032	4513.56126887456	4520.300489052716	4498.308688780068	6.18075050722311e-05	-0.0001991005609511	-0.9999999782693996	0.9999999980889872	1.3756812231591198e-06	6.180723239868069e-05	1.3633753389030725e-06	-0.9999999801785372	0.0001991006455976	0.2581069881028696	4.536191850067056	2.287236645505852	5.538875356525736	-1.0042363171067217	12.099991847187358	-1.2041500964627423	-6.277438717525325	1.6931808750688164	5.50347492821874	-7823.75405	20165450.209195983	13663691.000094296	246.21965079413735	-1.2697951155548	-1.5705878532929405	0.3009998417140569	0	4.34499995216127e-10	0	4.3820371046357355e-10	0.0002808510406859	2.1981876736909296	0.0061260948591266	-2.5311601220010024e-06	0	0	0	0	0	0	0.2098359012069659	0.0263855244319735	0.0015451931004345	0.5891461720423038	0.0288576376286612	0.0023154248712063	0.0781040895547566	0.0002243503867746	0.0002163905984633	0.0633693161784596	0	-296.4877115571781	-1.5710320221221237	-5.011560708737396	1679.6800506556497	-2.736116104707948e-05	2174.207373078797	563.1626081400051	-1	0	0	-1	0	0	-1	0	0	-1	0	0	12045	3.865931893308993	0.7671317849941387	1	17.065179175759397	210306956	151.79814355184558	-0.7507248024962223	-0.5390414867796238	1	3691.502463321032	24.82210904624852	0.4299274351226336	0.440509237498375	0.4471768557557052	0.4497400299549358	0.4466217834373835	0.3924605855066331	0	0.0040855735202076	-5978953.083871303	-7259203.760351969	-6055366.116591227	-0.09841158153088081	-1.331719004353727	-2.532685839621262	0	0	-4.447546283742883	1.464426396041786	0	0	0	-0	0	-0	-0	-0	-1.387646883377161e-07	success	non_bfb	success	176.4862953615486	28	8.454541670222136e-09	246.2680354632376	0	0	-1.000689866464e-08	3.075196833805421	3.075196833805421	3.075196833805421	15656.73369050142	20234808.310668	20234808.310668	13627176.08983592	20372316.60663323	20433221.71997079	936.3171820511551	936.3171820511551	936.3171820511551	16589.97567571876	20236221.74546837	20236221.74546837	13628570.09396712	20373730.04143353	20434635.15477039	0	0	0	2.612225399420106e-07	2.612225399420106e-07	0.01116807945728075	0.01116807945728075	3.158330234723926	3.158330234723926	0.01000393058986026	0.01000393058986026	0.01000393058986026	0.01000393058986026	0.01000393058986026	0.01000393058986026	2.280996213794038	2.280996213794038	24.21591454303935	24.21591454303935	29767.94596145294	29767.94596145294	0	6464.288073205274	6464.288073205274	8318.446749348079	293.4349804723015	7132.802308941666	7132.802308941666	8885.276659329043	0.3010021633296593	-1.570587816520497	0.3010007938269221	6.181859638078498e-05	-0.0001991356196225527	-0.9999999782617328	0.9999999980883012	1.375657851310105e-06	6.181832366395062e-05	1.363347591218839e-06	-0.999999980171556	0.0001991357042831029	0.3012898354904781	-1.570587807230964	0.3012900681444914	6.187863628522722e-05	-0.000199126700048956	-0.9999999782597958	0.9999999980854887	-2.264931564808964e-07	6.187868261285125e-05	-2.388148494289624e-07	-0.999999980174253	0.000199126685652638	-0.04882812499999999	0.4882812499999999	0.5859374999999999	15358.154296875	20234830.17578125	20234830.02929687	13627131.83320804	20372316.43207708	20433217.94565238	503.014
1	125.09	3691.502463321032	4513.56126887456	4520.300489052716	4498.308688780068	6.18075050722311e-05	-0.0001991005609511	-0.9999999782693996	0.9999999980889872	1.3756812231591198e-06	6.180723239868069e-05	1.3633753389030725e-06	-0.9999999801785372	0.0001991006455976	0.2581069881028696	4.536191850067056	2.287236645505852	5.538875356525736	-1.0042363171067217	12.099991847187358	-1.2041500964627423	-6.277438717525325	1.6931808750688164	5.50347492821874	-7823.75405	20165450.209195983	13663691.000094296	246.21965079413735	-1.2697951155548	-1.5705878532929405	0.3009998417140569	0	4.34499995216127e-10	0	4.3820371046357355e-10	0.0002808510406859	2.1981876736909296	0.0061260948591266	-2.5311601220010024e-06	0	0	0	0	0	0	0.2098359012069659	0.0263855244319735	0.0015451931004345	0.5891461720423038	0.0288576376286612	0.0023154248712063	0.0781040895547566	0.0002243503867746	0.0002163905984633	0.0633693161784596	0	-296.4877115571781	-1.5710320221221237	-5.011560708737396	1679.6800506556497	-2.736116104707948e-05	2174.207373078797	563.1626081400051	-1	0	0	-1	0	0	-1	0	0	-1	0	0	12045	3.865931893308993	0.7671317849941387	1	17.065179175759397	210306956	151.79814355184558	-0.7507248024962223	-0.5390414867796238	1	3691.502463321032	24.82210904624852	0.4299274351226336	0.440509237498375	0.4471768557557052	0.4497400299549358	0.4466217834373835	0.3924605855066331	0	0.0040855735202076	-5978953.083871303	-7259203.760351969	-6055366.116591227	-0.09841158153088081	-1.331719004353727	-2.532685839621262	0	0	-4.447546283742883	1.464426396041786	0	0	0	-0	0	-0	-0	-0	-1.387646883377161e-07	success	non_bfb	success	176.4862953615486	29	7.694361730616829e-09	246.2614000432052	0	0	-5.869079655471366e-09	2.653431988679586	2.653431988679586	2.653431988679586	15655.46839596604	20234804.57316358	20234804.57316358	13627178.0575165	20372305.45921058	20433207.29055101	1003.745918682291	1003.745918682291	1003.745918682291	16656.56088265965	20236320.77044306	20236320.77044306	13628673.41143785	20373821.65648997	20434723.48782968	0	0	0	2.612084634263964e-07	2.612084634263964e-07	0.01116747764227315	0.01116747764227315	3.158160041581812	3.158160041581812	0.01000339150741668	0.01000339150741668	0.01000339150741668	0.01000339150741668	0.01000339150741668	0.01000339150741668	2.280873297606077	2.280873297606077	24.21460961851311	24.21460961851311	29766.34185425676	29766.34185425676	0	6463.93973170298	6463.93973170298	8317.998492679342	314.4232382419884	7181.05768100694	7181.05768100694	8926.384913711843	0.3010020295366843	-1.57058782168697	0.3010006600312652	6.181703799562534e-05	-0.0001991306925445557	-0.9999999782628101	0.9999999980883973	1.375660237978764e-06	6.181676528500303e-05	1.36335059279371e-06	-0.9999999801725372	0.0001991307772031382	0.3006776645617845	-1.570587785812893	0.3006762958089258	6.176306845927498e-05	-0.0001991849986233721	-0.9999999782553295	0.9999999980917331	1.374903975284331e-06	6.176279582417992e-05	1.362601722986282e-06	-0.9999999801617228	0.0001991850831615623	-0.1953125	0.4882812499999999	0.6835937499999999	15352.099609375	20234819.53125	20234819.18945312	13627139.35267895	20372295.72885547	20433194.50830931	504.953
1	125.09	3691.502463321032	4513.56126887456	4520.300489052716	4498.308688780068	6.18075050722311e-05	-0.0001991005609511	-0.9999999782693996	0.9999999980889872	1.3756812231591198e-06	6.180723239868069e-05	1.3633753389030725e-06	-0.9999999801785372	0.0001991006455976	0.2581069881028696	4.536191850067056	2.287236645505852	5.538875356525736	-1.0042363171067217	12.099991847187358	-1.2041500964627423	-6.277438717525325	1.6931808750688164	5.50347492821874	-7823.75405	20165450.209195983	13663691.000094296	246.21965079413735	-1.2697951155548	-1.5705878532929405	0.3009998417140569	0	4.34499995216127e-10	0	4.3820371046357355e-10	0.0002808510406859	2.1981876736909296	0.0061260948591266	-2.5311601220010024e-06	0	0	0	0	0	0	0.2098359012069659	0.0263855244319735	0.0015451931004345	0.5891461720423038	0.0288576376286612	0.0023154248712063	0.0781040895547566	0.0002243503867746	0.0002163905984633	0.0633693161784596	0	-296.4877115571781	-1.5710320221221237	-5.011560708737396	1679.6800506556497	-2.736116104707948e-05	2174.207373078797	563.1626081400051	-1	0	0	-1	0	0	-1	0	0	-1	0	0	12045	3.865931893308993	0.7671317849941387	1	17.065179175759397	210306956	151.79814355184558	-0.7507248024962223	-0.5390414867796238	1	3691.502463321032	24.82210904624852	0.4299274351226336	0.440509237498375	0.4471768557557052	0.4497400299549358	0.4466217834373835	0.3924605855066331	0	0.0040855735202076	-5978953.083871303	-7259203.760351969	-6055366.116591227	-0.09841158153088081	-1.331719004353727	-2.532685839621262	0	0	-4.447546283742883	1.464426396041786	0	0	0	-0	0	-0	-0	-0	-1.387646883377161e-07	success	non_bfb	success	176.4862953615486	30	6.522059259958198e-09	246.2523539840362	0	0	1.829284581787965e-09	2.078458851868163	2.078458851868163	2.078458851868163	15653.7434765556	20234799.47799107	20234799.47799107	13627180.7399674	20372290.26242819	20433187.61956885	1073.402166371785	1073.402166371785	1073.402166371785	16725.06718407552	20236422.04345069	20236422.04345069	13628780.99981188	20373912.82788771	20434810.18502758	0	0	0	2.611892735426697e-07	2.611892735426697e-07	0.01116665721480818	0.01116665721480818	3.15792802488835	3.15792802488835	0.01000265660044857	0.01000265660044857	0.01000265660044857	0.01000265660044857	0.01000265660044857	0.01000265660044857	2.280705731468279	2.280705731468279	24.21283067330983	24.21283067330983	29764.15504670978	29764.15504670978	0	6463.464853323308	6463.464853323308	8317.387404425082	336.100262236771	7230.891909653349	7230.891909653349	8968.836123575991	0.3010018527773674	-1.570587828719927	0.301000483268163	6.181491768647573e-05	-0.0001991239889759677	-0.9999999782642764	0.9999999980885287	1.375663586185216e-06	6.181464498428331e-05	1.363354777597769e-06	-0.9999999801738721	0.0001991240736318793	0.3011262846886634	-1.570587890743535	0.3011217079412238	6.182129863214775e-05	-0.0001990570605180737	-0.9999999782772063	0.9999999980786183	4.582900366256832e-06	6.182038759760134e-05	4.570594482068168e-06	-0.9999999801776416	0.0001990573434563502	-0.5371093749999999	-0.1953125	0.5859374999999999	15343.26171875	20234804.296875	20234804.93164062	13627148.82563519	20372269.84999647	20433162.96499333	506.769
1	125.09	3691.502463321032	4513.56126887456	4520.300489052716	4498.308688780068	6.18075050722311e-05	-0.0001991005609511	-0.9999999782693996	0.9999999980889872	1.3756812231591198e-06	6.180723239868069e-05	1.3633753389030725e-06	-0.9999999801785372	0.0001991006455976	0.2581069881028696	4.536191850067056	2.287236645505852	5.538875356525736	-1.0042363171067217	12.099991847187358	-1.2041500964627423	-6.277438717525325	1.6931808750688164	5.50347492821874	-7823.75405	20165450.209195983	13663691.000094296	246.21965079413735	-1.2697951155548	-1.5705878532929405	0.3009998417140569	0	4.34499995216127e-10	0	4.3820371046357355e-10	0.0002808510406859	2.1981876736909296	0.0061260948591266	-2.5311601220010024e-06	0	0	0	0	0	0	0.2098359012069659	0.0263855244319735	0.0015451931004345	0.5891461720423038	0.0288576376286612	0.0023154248712063	0.0781040895547566	0.0002243503867746	0.0002163905984633	0.0633693161784596	0	-296.4877115571781	-1.5710320221221237	-5.011560708737396	1679.6800506556497	-2.736116104707948e-05	2174.207373078797	563.1626081400051	-1	0	0	-1	0	0	-1	0	0	-1	0	0	12045	3.865931893308993	0.7671317849941387	1	17.065179175759397	210306956	151.79814355184558	-0.7507248024962223	-0.5390414867796238	1	3691.502463321032	24.82210904624852	0.4299274351226336	0.440509237498375	0.4471768557557052	0.4497400299549358	0.4466217834373835	0.3924605855066331	0	0.0040855735202076	-5978953.083871303	-7259203.760351969	-6055366.116591227	-0.09841158153088081	-1.331719004353727	-2.532685839621262	0	0	-4.447546283742883	1.464426396041786	0	0	0	-0	0	-0	-0	-0	-1.387646883377161e-07	success	non_bfb	success	176.4862953615486	31	3.857858350151866e-09	246.2404898038391	0	0	1.793564032304585e-09	1.32439620891364	1.32439620891364	1.32439620891364	15651.48128862674	20234792.79580195	20234792.79580195	13627184.25793349	20372270.33223464	20433161.82157612	1145.26004390518	1145.26004390518	1145.26004390518	16795.41693632301	20236525.33514271	20236525.33514271	13628892.9798341	20374002.87157531	20434894.36091593	0	0	0	2.611641064983079e-07	2.611641064983079e-07	0.01116558124505763	0.01116558124505763	3.157623740896837	3.157623740896837	0.01000169278865421	0.01000169278865421	0.01000169278865421	0.01000169278865421	0.01000169278865421	0.01000169278865421	2.280485972741047	2.280485972741047	24.21049763192793	24.21049763192793	29761.28710423919	29761.28710423919	0	6462.842062408165	6462.842062408165	8316.585977724269	358.4614381258909	7282.283619222798	7282.283619222798	9012.607396391224	0.3010016156942825	-1.570587837927878	0.30100024618006	6.18121405324204e-05	-0.0001991152088196453	-0.9999999782661962	0.9999999980887002	1.37566806006775e-06	6.181186784125214e-05	1.363360347196507e-06	-0.9999999801756203	0.0001991152934720639	0.3007027126701858	-1.570587751285284	0.3006949275514158	6.177828443036139e-05	-0.0001992164303368405	-0.9999999782481285	0.9999999980614657	7.791272250586343e-06	6.177673350491689e-05	7.778965140784872e-06	-0.9999999801260547	0.0001992169112818638	-0.04882812499999999	-0.04882812499999999	0.1953125	15332.470703125	20234787.40234375	20234787.40234375	13627162.59477257	20372237.13511427	20433124.19589439	508.712
1	125.09	3691.502463321032	4513.56126887456	4520.300489052716	4498.308688780068	6.18075050722311e-05	-0.0001991005609511	-0.9999999782693996	0.9999999980889872	1.3756812231591198e-06	6.180723239868069e-05	1.3633753389030725e-06	-0.9999999801785372	0.0001991006455976	0.2581069881028696	4.536191850067056	2.287236645505852	5.538875356525736	-1.0042363171067217	12.099991847187358	-1.2041500964627423	-6.277438717525325	1.6931808750688164	5.50347492821874	-7823.75405	20165450.209195983	13663691.000094296	246.21965079413735	-1.2697951155548	-1.5705878532929405	0.3009998417140569	0	4.34499995216127e-10	0	4.3820371046357355e-10	0.0002808510406859	2.1981876736909296	0.0061260948591266	-2.5311601220010024e-06	0	0	0	0	0	0	0.2098359012069659	0.0263855244319735	0.0015451931004345	0.5891461720423038	0.0288576376286612	0.0023154248712063	0.0781040895547566	0.0002243503867746	0.0002163905984633	0.0633693161784596	0	-296.4877115571781	-1.5710320221221237	-5.011560708737396	1679.6800506556497	-2.736116104707948e-05	2174.207373078797	563.1626081400051	-1	0	0	-1	0	0	-1	0	0	-1	0	0	12045	3.865931893308993	0.7671317849941387	1	17.065179175759397	210306956	151.79814355184558	-0.7507248024962223	-0.5390414867796238	1	3691.502463321032	24.82210904624852	0.4299274351226336	0.440509237498375	0.4471768557557052	0.4497400299549358	0.4466217834373835	0.3924605855066331	0	0.0040855735202076	-5978953.083871303	-7259203.760351969	-6055366.116591227	-0.09841158153088081	-1.331719004353727	-2.532685839621262	0	0	-4.447546283742883	1.464426396041786	0	0	0	-0	0	-0	-0	-0	-1.387646883377161e-07	success	non_bfb	success	176.4862953615486	32	6.789380455930847e-09	246.2257268519288	0	0	-3.616464473620475e-09	0.3861443889800285	0.3861443889800285	0.3861443889800285	15648.66653316694	20234784.48140503	20234784.48140503	13627188.63520655	20372245.5338435	20433129.72210287	1219.314451611641	1219.314451611641	1219.314451611641	16867.5948403896	20236630.60032797	20236630.60032797	13629009.37529628	20374091.65276635	20434975.8410248	0	0	0	2.611327920904193e-07	2.611327920904193e-07	0.01116424245631631	0.01116424245631631	3.157245131756758	3.157245131756758	0.01000049355384451	0.01000049355384451	0.01000049355384451	0.01000049355384451	0.01000049355384451	0.01000049355384451	2.280212535212086	2.280212535212086	24.20759471617817	24.20759471617817	29757.71863115856	29757.71863115856	0	6462.067147067868	6462.067147067868	8315.588792586401	381.5020584217089	7335.228597825603	7335.228597825603	9057.698019654672	0.3010013225805339	-1.570587849377146	0.3009999530600019	6.180868772808368e-05	-0.0001991042926095733	-0.9999999782685832	0.9999999980889137	1.375673692006359e-06	6.180841505060933e-05	1.363367341355051e-06	-0.9999999801777939	0.0001991043772576535	0.3006512210501241	-1.570587812659703	0.3006338113148801	6.174985081147666e-05	-0.0001991609908680456	-0.9999999782609278	0.9999999979420358	1.741588351165943e-05	6.174638346201355e-05	1.740358566214144e-05	-0.999999980015793	0.0001991620658862764	-0.04882812499999999	0.4882812499999999	0.4394531249999999	15318.79882812499	20234765.33203125	20234765.86914062	13627181.24729319	20372196.80304435	20433075.85591245	509.781
1	125.09	3691.502463321032	4513.56126887456	4520.300489052716	4498.308688780068	6.18075050722311e-05	-0.0001991005609511	-0.9999999782693996	0.9999999980889872	1.3756812231591198e-06	6.180723239868069e-05	1.3633753389030725e-06	-0.9999999801785372	0.0001991006455976	0.2581069881028696	4.536191850067056	2.287236645505852	5.538875356525736	-1.0042363171067217	12.099991847187358	-1.2041500964627423	-6.277438717525325	1.6931808750688164	5.50347492821874	-7823.75405	20165450.209195983	13663691.000094296	246.21965079413735	-1.2697951155548	-1.5705878532929405	0.3009998417140569	0	4.34499995216127e-10	0	4.3820371046357355e-10	0.0002808510406859	2.1981876736909296	0.0061260948591266	-2.5311601220010024e-06	0	0	0	0	0	0	0.2098359012069659	0.0263855244319735	0.0015451931004345	0.5891461720423038	0.0288576376286612	0.0023154248712063	0.0781040895547566	0.0002243503867746	0.0002163905984633	0.0633693161784596	0	-296.4877115571781	-1.5710320221221237	-5.011560708737396	1679.6800506556497	-2.736116104707948e-05	2174.207373078797	563.1626081400051	-1	0	0	-1	0	0	-1	0	0	-1	0	0	12045	3.865931893308993	0.7671317849941387	1	17.065179175759397	210306956	151.79814355184558	-0.7507248024962223	-0.5390414867796238	1	3691.502463321032	24.82210904624852	0.4299274351226336	0.440509237498375	0.4471768557557052	0.4497400299549358	0.4466217834373835	0.3924605855066331	0	0.0040855735202076	-5978953.083871303	-7259203.760351969	-6055366.116591227	-0.09841158153088081	-1.331719004353727	-2.532685839621262	0	0	-4.447546283742883	1.464426396041786	0	0	0	-0	0	-0	-0	-0	-1.387646883377161e-07	success	non_bfb	success	176.4862953615486	33	6.298563490411443e-09	246.2077676549151	0	0	4.93483351182227e-09	-0.7551673054840649	-0.7551673054840649	-0.7551673054840649	15645.24259808355	20234774.36757607	20234774.36757607	13627193.95982498	20372215.36849428	20433090.67554477	1295.546518793615	1295.546518793615	1295.546518793615	16941.54428418265	20236737.6717822	20236737.6717822	13629130.27423682	20374178.67270032	20435053.97974983	0	0	0	2.610947005043772e-07	2.610947005043772e-07	0.01116261392204179	0.01116261392204179	3.156784582648277	3.156784582648277	0.009999034776271528	0.009999034776271528	0.009999034776271528	0.009999034776271528	0.009999034776271528	0.009999034776271528	2.279879919337672	2.279879919337672	24.20406354083392	24.20406354083392	29753.37785614297	29753.37785614297	0	6461.124521728582	6461.124521728582	8314.375793010786	405.2173002404661	7389.711259887931	7389.711259887931	9104.092760249412	0.3010009668420439	-1.570587863297109	0.3009995973137743	6.180448995977191e-05	-0.0001990910211923576	-0.9999999782714851	0.9999999980891732	1.375680601699849e-06	6.180421729893356e-05	1.363375907072313e-06	-0.9999999801804362	0.000199091105835167	0.3013804313091066	-1.570587763052381	0.3013886848760843	6.190978999088496e-05	-0.0001991632798199319	-0.9999999782505827	0.9999999980494773	-8.247401718756136e-06	6.191143379624502e-05	-8.25973202359317e-06	-0.9999999801329841	0.0001991627688364402	0.09765624999999999	-0.09765624999999999	0.09765624999999999	15302.294921875	20234739.2578125	20234738.62304687	13627201.65731322	20372148.36569177	20433018.53168251	511.725
1	125.09	3691.502463321032	4513.56126887456	4520.300489052716	4498.308688780068	6.18075050722311e-05	-0.0001991005609511	-0.9999999782693996	0.9999999980889872	1.3756812231591198e-06	6.180723239868069e-05	1.3633753389030725e-06	-0.9999999801785372	0.0001991006455976	0.2581069881028696	4.536191850067056	2.287236645505852	5.538875356525736	-1.0042363171067217	12.099991847187358	-1.2041500964627423	-6.277438717525325	1.6931808750688164	5.50347492821874	-7823.75405	20165450.209195983	13663691.000094296	246.21965079413735	-1.2697951155548	-1.5705878532929405	0.3009998417140569	0	4.34499995216127e-10	0	4.3820371046357355e-10	0.0002808510406859	2.1981876736909296	0.0061260948591266	-2.5311601220010024e-06	0	0	0	0	0	0	0.2098359012069659	0.0263855244319735	0.0015451931004345	0.5891461720423038	0.0288576376286612	0.0023154248712063	0.0781040895547566	0.0002243503867746	0.0002163905984633	0.0633693161784596	0	-296.4877115571781	-1.5710320221221237	-5.011560708737396	1679.6800506556497	-2.736116104707948e-05	2174.207373078797	563.1626081400051	-1	0	0	-1	0	0	-1	0	0	-1	0	0	12045	3.865931893308993	0.7671317849941387	1	17.065179175759397	210306956	151.79814355184558	-0.7507248024962223	-0.5390414867796238	1	3691.502463321032	24.82210904624852	0.4299274351226336	0.440509237498375	0.4471768557557052	0.4497400299549358	0.4466217834373835	0.3924605855066331	0	0.0040855735202076	-5978953.083871303	-7259203.760351969	-6055366.116591227	-0.09841158153088081	-1.331719004353727	-2.532685839621262	0	0	-4.447546283742883	1.464426396041786	0	0	0	-0	0	-0	-0	-0	-1.387646883377161e-07	success	non_bfb	success	176.4862953615486	34	5.678743923813853e-09	246.1863199268427	0	0	-1.109472147930475e-08	-2.118066991803971	-2.118066991803971	-2.118066991803971	15641.15389902459	20234762.2901266	20234762.2901266	13627200.31822894	20372179.34648103	20433044.04801782	1373.937717333778	1373.937717333778	1373.937717333778	17017.20968335017	20236846.38531695	20236846.38531695	13629255.76309586	20374263.44167126	20435128.14320704	0	0	0	2.610492133592615e-07	2.610492133592615e-07	0.01116066920451837	0.01116066920451837	3.15623461699163	3.15623461699163	0.00999729277405928	0.00999729277405928	0.00999729277405928	0.00999729277405928	0.00999729277405928	0.00999729277405928	2.279482725413256	2.279482725413256	24.19984678059885	24.19984678059885	29748.19431081014	29748.19431081014	0	6459.998883758287	6459.998883758287	8312.92728709507	429.6022375993371	7445.716302777761	7445.716302777761	9151.776852255904	0.3010005401764971	-1.570587879911959	0.3009991706389383	6.179947911162144e-05	-0.0001990751791945558	-0.9999999782749486	0.9999999980894827	1.375688906694909e-06	6.179920647062919e-05	1.363386188705775e-06	-0.9999999801835902	0.0001990752638310771	0.3002472184483535	-1.570587878564976	0.3002346193065662	6.164989231166595e-05	-0.0001991229644111116	-0.9999999782746678	0.9999999980203538	1.26052793450952e-05	6.164738352831822e-05	1.259300366148497e-05	-0.9999999800955757	0.0001991237411309217	0.2929687499999999	0.9277343749999998	0.8789062499999998	15284.521484375	20234708.0078125	20234708.203125	13627226.6576431	20372091.13890687	20432949.78157503	513.268
1	125.09	3691.502463321032	4513.56126887456	4520.300489052716	4498.308688780068	6.18075050722311e-05	-0.0001991005609511	-0.9999999782693996	0.9999999980889872	1.3756812231591198e-06	6.180723239868069e-05	1.3633753389030725e-06	-0.9999999801785372	0.0001991006455976	0.2581069881028696	4.536191850067056	2.287236645505852	5.538875356525736	-1.0042363171067217	12.099991847187358	-1.2041500964627423	-6.277438717525325	1.6931808750688164	5.50347492821874	-7823.75405	20165450.209195983	13663691.000094296	246.21965079413735	-1.2697951155548	-1.5705878532929405	0.3009998417140569	0	4.34499995216127e-10	0	4.3820371046357355e-10	0.0002808510406859	2.1981876736909296	0.0061260948591266	-2.5311601220010024e-06	0	0	0	0	0	0	0.2098359012069659	0.0263855244319735	0.0015451931004345	0.5891461720423038	0.0288576376286612	0.0023154248712063	0.0781040895547566	0.0002243503867746	0.0002163905984633	0.0633693161784596	0	-296.4877115571781	-1.5710320221221237	-5.011560708737396	1679.6800506556497	-2.736116104707948e-05	2174.207373078797	563.1626081400051	-1	0	0	-1	0	0	-1	0	0	-1	0	0	12045	3.865931893308993	0.7671317849941387	1	17.065179175759397	210306956	151.79814355184558	-0.7507248024962223	-0.5390414867796238	1	3691.502463321032	24.82210904624852	0.4299274351226336	0.440509237498375	0.4471768557557052	0.4497400299549358	0.4466217834373835	0.3924605855066331	0	0.0040855735202076	-5978953.083871303	-7259203.760351969	-6055366.116591227	-0.09841158153088081	-1.331719004353727	-2.532685839621262	0	0	-4.447546283742883	1.464426396041786	0	0	0	-0	0	-0	-0	-0	-1.387646883377161e-07	success	non_bfb	success	176.4862953615486	35	6.262367192960488e-09	246.1610791214613	0	0	-8.268724319309783e-09	-3.721846364926023	-3.721846364926023	-3.721846364926023	15636.34256090522	20234748.07810165	20234748.07810165	13627207.80042093	20372136.9579161	20432989.17951452	1454.468755537183	1454.468755537183	1454.468755537183	17094.53316280733	20236956.56997724	20236956.56997724	13629385.93187592	20374345.44979156	20435197.6713889	0	0	0	2.609956867895432e-07	2.609956867895432e-07	0.0111583807764837	0.0111583807764837	3.155587450083522	3.155587450083522	0.009995242889358312	0.009995242889358312	0.009995242889358312	0.009995242889358312	0.009995242889358312	0.009995242889358312	2.279015331202589	2.279015331202589	24.19488474769631	24.19488474769631	29742.09462264683	29742.09462264683	0	6458.674299875495	6458.674299875495	8311.222771397554	454.6518430153707	7503.227793213606	7503.227793213606	9200.73481971541	0.3010000375707482	-1.57058789945778	0.3009986680222104	6.179358419958116e-05	-0.0001990565421661985	-0.9999999782790226	0.9999999980898469	1.375698729401645e-06	6.179331158192615e-05	1.363398336587628e-06	-0.9999999801873001	0.0001990566267953253	0.3010631405261376	-1.570587837511456	0.3010489299836824	6.182451442915404e-05	-0.0001991118028686854	-0.9999999782661094	0.9999999979879823	1.421669767287619e-05	6.182168493618079e-05	1.420438793674802e-05	-0.9999999800761875	0.0001991126814086105	-0.04882812499999999	0.3906249999999999	0.4882812499999999	15267.67578125	20234672.65625	20234671.484375	13627255.85675135	20372024.1468618	20432869.99638683	515.319
1	125.09	3691.502463321032	4513.56126887456	4520.300489052716	4498.308688780068	6.18075050722311e-05	-0.0001991005609511	-0.9999999782693996	0.9999999980889872	1.3756812231591198e-06	6.180723239868069e-05	1.3633753389030725e-06	-0.9999999801785372	0.0001991006455976	0.2581069881028696	4.536191850067056	2.287236645505852	5.538875356525736	-1.0042363171067217	12.099991847187358	-1.2041500964627423	-6.277438717525325	1.6931808750688164	5.50347492821874	-7823.75405	20165450.209195983	13663691.000094296	246.21965079413735	-1.2697951155548	-1.5705878532929405	0.3009998417140569	0	4.34499995216127e-10	0	4.3820371046357355e-10	0.0002808510406859	2.1981876736909296	0.0061260948591266	-2.5311601220010024e-06	0	0	0	0	0	0	0.2098359012069659	0.0263855244319735	0.0015451931004345	0.5891461720423038	0.0288576376286612	0.0023154248712063	0.0781040895547566	0.0002243503867746	0.0002163905984633	0.0633693161784596	0	-296.4877115571781	-1.5710320221221237	-5.011560708737396	1679.6800506556497	-2.736116104707948e-05	2174.207373078797	563.1626081400051	-1	0	0	-1	0	0	-1	0	0	-1	0	0	12045	3.865931893308993	0.7671317849941387	1	17.065179175759397	210306956	151.79814355184558	-0.7507248024962223	-0.5390414867796238	1	3691.502463321032	24.82210904624852	0.4299274351226336	0.440509237498375	0.4471768557557052	0.4497400299549358	0.4466217834373835	0.3924605855066331	0	0.0040855735202076	-5978953.083871303	-7259203.760351969	-6055366.116591227	-0.09841158153088081	-1.331719004353727	-2.532685839621262	0	0	-4.447546283742883	1.464426396041786	0	0	0	-0	0	-0	-0	-0	-1.387646883377161e-07	success	non_bfb	success	176.4862953615486	36	2.407934467470403e-09	246.1317351724693	0	0	3.954615736835093e-09	-5.586129295005776	-5.586129295005776	-5.586129295005776	15630.74971211498	20234731.55760267	20234731.55760267	13627216.49795317	20372087.68413235	20432925.39866298	1537.120009533674	1537.120009533674	1537.120009533674	17173.45585094366	20237068.05186451	20237068.05186451	13629520.87212923	20374424.17839407	20435261.89292355	0	0	0	2.60933465843256e-07	2.60933465843256e-07	0.01115572063669563	0.01115572063669563	3.154835163179277	3.154835163179277	0.009992860039746521	0.009992860039746521	0.009992860039746521	0.009992860039746521	0.009992860039746521	0.009992860039746521	2.278472017662604	2.278472017662604	24.18911672661201	24.18911672661201	29735.00415577074	29735.00415577074	0	6457.134562450549	6457.134562450549	8309.241389436793	480.3609903378207	7562.229523565808	7562.229523565808	9250.95093229723	0.3009994572949293	-1.570587922177253	0.3009980877335612	6.178673293882279e-05	-0.0001990348815315359	-0.9999999782837578	0.9999999980902706	1.375710194341947e-06	6.17864603482815e-05	1.363412503651018e-06	-0.9999999801916115	0.0001990349661520715	0.3008381499500521	-1.570587878183092	0.3008399911033386	6.176766273279909e-05	-0.0001990868625221205	-0.9999999782745882	0.9999999980906716	-1.835004686033352e-06	6.176802928212644e-05	-1.847301849321073e-06	-0.9999999801805268	0.0001990867487980477	-0.2929687499999999	0	0.1953125	15251.611328125	20234629.4921875	20234629.4921875	13627291.59905937	20371946.90073229	20432777.56466145	517.351
1	125.09	3691.502463321032	4513.56126887456	4520.300489052716	4498.308688780068	6.18075050722311e-05	-0.0001991005609511	-0.9999999782693996	0.9999999980889872	1.3756812231591198e-06	6.180723239868069e-05	1.3633753389030725e-06	-0.9999999801785372	0.0001991006455976	0.2581069881028696	4.536191850067056	2.287236645505852	5.538875356525736	-1.0042363171067217	12.099991847187358	-1.2041500964627423	-6.277438717525325	1.6931808750688164	5.50347492821874	-7823.75405	20165450.209195983	13663691.000094296	246.21965079413735	-1.2697951155548	-1.5705878532929405	0.3009998417140569	0	4.34499995216127e-10	0	4.3820371046357355e-10	0.0002808510406859	2.1981876736909296	0.0061260948591266	-2.5311601220010024e-06	0	0	0	0	0	0	0.2098359012069659	0.0263855244319735	0.0015451931004345	0.5891461720423038	0.0288576376286612	0.0023154248712063	0.0781040895547566	0.0002243503867746	0.0002163905984633	0.0633693161784596	0	-296.4877115571781	-1.5710320221221237	-5.011560708737396	1679.6800506556497	-2.736116104707948e-05	2174.207373078797	563.1626081400051	-1	0	0	-1	0	0	-1	0	0	-1	0	0	12045	3.865931893308993	0.7671317849941387	1	17.065179175759397	210306956	151.79814355184558	-0.7507248024962223	-0.5390414867796238	1	3691.502463321032	24.82210904624852	0.4299274351226336	0.440509237498375	0.4471768557557052	0.4497400299549358	0.4466217834373835	0.3924605855066331	0	0.0040855735202076	-5978953.083871303	-7259203.760351969	-6055366.116591227	-0.09841158153088081	-1.331719004353727	-2.532685839621262	0	0	-4.447546283742883	1.464426396041786	0	0	0	-0	0	-0	-0	-0	-1.387646883377161e-07	success	non_bfb	success	176.4862953615486	37	1.01916219290642e-08	246.0980238679455	0	0	-4.150718411652139e-09	-7.727605201681399	-7.727605201681399	-7.727605201681399	15624.32528439496	20234712.58073495	20234712.58073495	13627226.48868764	20372031.08402136	20432852.13448473	1621.874789903614	1621.874789903614	1621.874789903614	17253.92767950026	20237180.68308407	20237180.68308407	13629660.66171775	20374499.18637035	20435320.23683251	0	0	0	2.608619935065121e-07	2.608619935065121e-07	0.01115266497107072	0.01115266497107072	3.153971021661725	3.153971021661725	0.009990122893495514	0.009990122893495514	0.009990122893495514	0.009990122893495514	0.009990122893495514	0.009990122893495514	2.277847920945912	2.277847920945912	24.18249108091099	24.18249108091099	29726.85943495759	29726.85943495759	0	6455.36588745765	6455.36588745765	8306.965403500106	506.7244624388965	7622.707709808567	7622.707709808567	9302.412669416464	0.3009987872645445	-1.570587948270148	0.3009974176884064	6.177886370831252e-05	-0.0001990100024147026	-0.9999999782891953	0.9999999980907567	1.375723407445445e-06	6.177859114890431e-05	1.363428820003662e-06	-0.9999999801965629	0.0001990100870253729	0.3017355330181909	-1.570587890798397	0.3017229187842242	6.194254602975846e-05	-0.0001990193087360058	-0.9999999782772178	0.9999999980020788	1.262039754574328e-05	6.194003554871319e-05	1.260807000853513e-05	-0.99999998011602	0.0001990200900780477	0.09765624999999999	0.5371093749999999	0.2441406249999999	15237.98828125	20234581.4453125	20234581.25	13627330.36863388	20371859.30321203	20432672.63284159	518.901
1	125.09	3691.502463321032	4513.56126887456	4520.300489052716	4498.308688780068	6.18075050722311e-05	-0.0001991005609511	-0.9999999782693996	0.9999999980889872	1.3756812231591198e-06	6.180723239868069e-05	1.3633753389030725e-06	-0.9999999801785372	0.0001991006455976	0.2581069881028696	4.536191850067056	2.287236645505852	5.538875356525736	-1.0042363171067217	12.099991847187358	-1.2041500964627423	-6.277438717525325	1.6931808750688164	5.50347492821874	-7823.75405	20165450.209195983	13663691.000094296	246.21965079413735	-1.2697951155548	-1.5705878532929405	0.3009998417140569	0	4.34499995216127e-10	0	4.3820371046357355e-10	0.0002808510406859	2.1981876736909296	0.0061260948591266	-2.5311601220010024e-06	0	0	0	0	0	0	0.2098359012069659	0.0263855244319735	0.0015451931004345	0.5891461720423038	0.0288576376286612	0.0023154248712063	0.0781040895547566	0.0002243503867746	0.0002163905984633	0.0633693161784596	0	-296.4877115571781	-1.5710320221221237	-5.011560708737396	1679.6800506556497	-2.736116104707948e-05	2174.207373078797	563.1626081400051	-1	0	0	-1	0	0	-1	0	0	-1	0	0	12045	3.865931893308993	0.7671317849941387	1	17.065179175759397	210306956	151.79814355184558	-0.7507248024962223	-0.5390414867796238	1	3691.502463321032	24.82210904624852	0.4299274351226336	0.440509237498375	0.4471768557557052	0.4497400299549358	0.4466217834373835	0.3924605855066331	0	0.0040855735202076	-5978953.083871303	-7259203.760351969	-6055366.116591227	-0.09841158153088081	-1.331719004353727	-2.532685839621262	0	0	-4.447546283742883	1.464426396041786	0	0	0	-0	0	-0	-0	-0	-1.387646883377161e-07	success	non_bfb	success	176.4862953615486	38	3.013382778570728e-09	246.0597159750681	0	0	-3.914913514927488e-09	-10.16071860416105	-10.16071860416105	-10.16071860416105	15617.02594418751	20234691.0194972	20234691.0194972	13627237.84001308	20371966.77580841	20432768.89280386	1708.718652127794	1708.718652127794	1708.718652127794	17335.90531491947	20237294.33563462	20237294.33563462	13629805.36803024	20374570.0919457	20435372.20893987	0	0	0	2.607807876895819e-07	2.607807876895819e-07	0.01114919316876732	0.01114919316876732	3.152989196789709	3.152989196789709	0.009987012988216117	0.009987012988216117	0.009987012988216117	0.009987012988216117	0.009987012988216117	0.009987012988216117	2.277138831443157	2.277138831443157	24.17496311979547	24.17496311979547	29717.60552306058	29717.60552306058	0	6453.356344965743	6453.356344965743	8304.379461781513	533.7369549299134	7684.650422010831	7684.650422010831	9355.109983655831	0.3009980280356542	-1.570587977917308	0.300996658442701	6.176992301652577e-05	-0.0001989817356282974	-0.9999999782953727	0.9999999980913089	1.375738460435956e-06	6.176965049248598e-05	1.363447398311917e-06	-0.9999999802021879	0.0001989818202277615	0.3007957398699337	-1.570588036722717	0.3008024035186427	6.171224721781849e-05	-0.0001989380614196559	-0.999999978307623	0.9999999980735563	-6.657510109181798e-06	6.171357286980164e-05	-6.669787143314577e-06	-0.9999999801896625	0.000198937650186392	0	-0.2929687499999999	-0.4882812499999999	15227.09960937499	20234526.85546875	20234525.9765625	13627376.36514687	20371759.30302636	20432553.00370176	520.002
1	125.09	3691.502463321032	4513.56126887456	4520.300489052716	4498.308688780068	6.18075050722311e-05	-0.0001991005609511	-0.9999999782693996	0.9999999980889872	1.3756812231591198e-06	6.180723239868069e-05	1.3633753389030725e-06	-0.9999999801785372	0.0001991006455976	0.2581069881028696	4.536191850067056	2.287236645505852	5.538875356525736	-1.0042363171067217	12.099991847187358	-1.2041500964627423	-6.277438717525325	1.6931808750688164	5.50347492821874	-7823.75405	20165450.209195983	13663691.000094296	246.21965079413735	-1.2697951155548	-1.5705878532929405	0.3009998417140569	0	4.34499995216127e-10	0	4.3820371046357355e-10	0.0002808510406859	2.1981876736909296	0.0061260948591266	-2.5311601220010024e-06	0	0	0	0	0	0	0.2098359012069659	0.0263855244319735	0.0015451931004345	0.5891461720423038	0.0288576376286612	0.0023154248712063	0.0781040895547566	0.0002243503867746	0.0002163905984633	0.0633693161784596	0	-296.4877115571781	-1.5710320221221237	-5.011560708737396	1679.6800506556497	-2.736116104707948e-05	2174.207373078797	563.1626081400051	-1	0	0	-1	0	0	-1	0	0	-1	0	0	12045	3.865931893308993	0.7671317849941387	1	17.065179175759397	210306956	151.79814355184558	-0.7507248024962223	-0.5390414867796238	1	3691.502463321032	24.82210904624852	0.4299274351226336	0.440509237498375	0.4471768557557052	0.4497400299549358	0.4466217834373835	0.3924605855066331	0	0.0040855735202076	-5978953.083871303	-7259203.760351969	-6055366.116591227	-0.09841158153088081	-1.331719004353727	-2.532685839621262	0	0	-4.447546283742883	1.464426396041786	0	0	0	-0	0	-0	-0	-0	-1.387646883377161e-07	success	non_bfb	success	176.4862953615486	39	5.456975257208319e-09	246.0165345681536	0	0	-7.189399554087395e-09	-12.90291755510498	-12.90291755510498	-12.90291755510498	15608.79934733469	20234666.71927202	20234666.71927202	13627250.63333078	20371894.29833413	20432675.07668755	1797.634148153554	1797.634148153554	1797.634148153554	17419.33641304334	20237408.85489877	20237408.85489877	13629955.07246796	20374636.43396072	20435417.2123128	0	0	0	2.606892660589955e-07	2.606892660589955e-07	0.0111452803332108	0.0111452803332108	3.151882647817799	3.151882647817799	0.009983508022526478	0.009983508022526478	0.009983508022526478	0.009983508022526478	0.009983508022526478	0.009983508022526478	2.276339664216263	2.276339664216263	24.16647885964849	24.16647885964849	29707.17605953035	29707.17605953035	0	6451.091524383372	6451.091524383372	8301.465020284177	561.3930703415271	7748.04324958114	7748.04324958114	9409.029728487831	0.3009971690966506	-1.570588011329701	0.300995799484713	6.175984624126867e-05	-0.0001989498767775299	-0.9999999783023336	0.9999999980919312	1.375755464100761e-06	6.175957375708328e-05	1.363468374661273e-06	-0.9999999802085267	0.0001989499613643658	0.3015813424739314	-1.570588070425491	0.3015735434222007	6.185850366369292e-05	-0.0001988573365701631	-0.9999999783146424	0.9999999980563979	7.805202096858324e-06	6.185695276315645e-05	7.792901218724899e-06	-0.9999999801974192	0.0001988578190020083	0	0.2929687499999999	0.1953125	15220.84960937499	20234465.4296875	20234464.59960937	13627426.65822015	20371647.58439664	20432419.01910197	521.944
1	125.09	3691.502463321032	4513.56126887456	4520.300489052716	4498.308688780068	6.18075050722311e-05	-0.0001991005609511	-0.9999999782693996	0.9999999980889872	1.3756812231591198e-06	6.180723239868069e-05	1.3633753389030725e-06	-0.9999999801785372	0.0001991006455976	0.2581069881028696	4.536191850067056	2.287236645505852	5.538875356525736	-1.0042363171067217	12.099991847187358	-1.2041500964627423	-6.277438717525325	1.6931808750688164	5.50347492821874	-7823.75405	20165450.209195983	13663691.000094296	246.21965079413735	-1.2697951155548	-1.5705878532929405	0.3009998417140569	0	4.34499995216127e-10	0	4.3820371046357355e-10	0.0002808510406859	2.1981876736909296	0.0061260948591266	-2.5311601220010024e-06	0	0	0	0	0	0	0.2098359012069659	0.0263855244319735	0.0015451931004345	0.5891461720423038	0.0288576376286612	0.0023154248712063	0.0781040895547566	0.0002243503867746	0.0002163905984633	0.0633693161784596	0	-296.4877115571781	-1.5710320221221237	-5.011560708737396	1679.6800506556497	-2.736116104707948e-05	2174.207373078797	563.1626081400051	-1	0	0	-1	0	0	-1	0	0	-1	0	0	12045	3.865931893308993	0.7671317849941387	1	17.065179175759397	210306956	151.79814355184558	-0.7507248024962223	-0.5390414867796238	1	3691.502463321032	24.82210904624852	0.4299274351226336	0.440509237498375	0.4471768557557052	0.4497400299549358	0.4466217834373835	0.3924605855066331	0	0.0040855735202076	-5978953.083871303	-7259203.760351969	-6055366.116591227	-0.09841158153088081	-1.331719004353727	-2.532685839621262	0	0	-4.447546283742883	1.464426396041786	0	0	0	-0	0	-0	-0	-0	-1.387646883377161e-07	success	non_bfb	success	176.4862953615486	40	7.800767365029648e-09	245.9681807686871	0	0	-2.941571656451584e-09	-15.9730137470724	-15.9730137470724	-15.9730137470724	15599.58905875878	20234639.51335805	20234639.51335805	13627264.95640385	20371813.15439752	20432570.04255013	1888.602466288335	1888.602466288335	1888.602466288335	17504.16453879419	20237524.07417513	20237524.07417513	13630109.86279405	20374697.71521446	20435454.60336566	0	0	0	2.605868007694332e-07	2.605868007694332e-07	0.0111408996220528	0.0111408996220528	3.150643783736215	3.150643783736215	0.009979583952096416	0.009979583952096416	0.009979583952096416	0.009979583952096416	0.009979583952096416	0.009979583952096416	2.275444936917504	2.275444936917504	24.15698009780267	24.15698009780267	29695.49949745689	29695.49949745689	0	6448.555888869749	6448.555888869749	8298.202085718614	589.6873215678021	7812.87065567871	7812.87065567871	9464.157397728906	0.300996211123595	-1.570588048743147	0.3009948414903677	6.174856362177027e-05	-0.0001989142052021655	-0.9999999783101267	0.9999999980926277	1.375774537903803e-06	6.174829118220718e-05	1.363491895800327e-06	-0.999999980215623	0.0001989142897748636	0.3015753929556216	-1.570588109570731	0.3015643762227422	6.184569344719337e-05	-0.0001988203258581913	-0.9999999783227939	0.9999999980269385	1.102288046105978e-05	6.184350309301756e-05	1.101058447667737e-05	-0.9999999801744869	0.0001988210071837042	0.09765624999999999	0.5371093749999999	-0.04882812499999999	15214.74609375	20234396.6796875	20234396.53320312	13627484.27552736	20371522.48672533	20432269.80024729	523.889
1	125.09	3691.502463321032	4513.56126887456	4520.300489052716	4498.308688780068	6.18075050722311e-05	-0.0001991005609511	-0.9999999782693996	0.9999999980889872	1.3756812231591198e-06	6.180723239868069e-05	1.3633753389030725e-06	-0.9999999801785372	0.0001991006455976	0.2581069881028696	4.536191850067056	2.287236645505852	5.538875356525736	-1.0042363171067217	12.099991847187358	-1.2041500964627423	-6.277438717525325	1.6931808750688164	5.50347492821874	-7823.75405	20165450.209195983	13663691.000094296	246.21965079413735	-1.2697951155548	-1.5705878532929405	0.3009998417140569	0	4.34499995216127e-10	0	4.3820371046357355e-10	0.0002808510406859	2.1981876736909296	0.0061260948591266	-2.5311601220010024e-06	0	0	0	0	0	0	0.2098359012069659	0.0263855244319735	0.0015451931004345	0.5891461720423038	0.0288576376286612	0.0023154248712063	0.0781040895547566	0.0002243503867746	0.0002163905984633	0.0633693161784596	0	-296.4877115571781	-1.5710320221221237	-5.011560708737396	1679.6800506556497	-2.736116104707948e-05	2174.207373078797	563.1626081400051	-1	0	0	-1	0	0	-1	0	0	-1	0	0	12045	3.865931893308993	0.7671317849941387	1	17.065179175759397	210306956	151.79814355184558	-0.7507248024962223	-0.5390414867796238	1	3691.502463321032	24.82210904624852	0.4299274351226336	0.440509237498375	0.4471768557557052	0.4497400299549358	0.4466217834373835	0.3924605855066331	0	0.0040855735202076	-5978953.083871303	-7259203.760351969	-6055366.116591227	-0.09841158153088081	-1.331719004353727	-2.532685839621262	0	0	-4.447546283742883	1.464426396041786	0	0	0	-0	0	-0	-0	-0	-1.387646883377161e-07	success	non_bfb	success	176.4862953615486	41	9.550437870454933e-09	245.9142132236837	0	0	1.210759450816578e-09	-19.39882717852834	-19.39882717852834	-19.39882717852834	15589.31161846441	20234609.15522602	20234609.15522602	13627280.93902233	20371722.60870434	20432452.83861376	1981.595786533672	1981.595786533672	1981.595786533672	17590.30623217661	20237639.74693448	20237639.74693448	13630269.86879853	20374753.20041263	20435483.43032057	0	0	0	2.604724633209326e-07	2.604724633209326e-07	0.01113601133901994	0.01113601133901994	3.149261378448215	3.149261378448215	0.009975205218550392	0.009975205218550392	0.009975205218550392	0.009975205218550392	0.009975205218550392	0.009975205218550392	2.274446541881675	2.274446541881675	24.14638076023182	24.14638076023182	29682.47002844902	29682.47002844902	0	6445.726461497873	6445.726461497873	8294.56109066122	618.614114127594	7879.109663376537	7879.109663376537	9520.469018436615	0.3009951425016968	-1.57058809049729	0.3009937728446577	6.173597217530753e-05	-0.0001988743951852222	-0.9999999783188223	0.9999999980934055	1.375795858490345e-06	6.173569978553534e-05	1.363518178705285e-06	-0.9999999802235409	0.0001988744797421442	0.3017785439480837	-1.57058804427465	0.3017723456139325	6.19054899433551e-05	-0.0001988701030393597	-0.999999978309196	0.9999999980646838	6.20448959884279e-06	6.190425727881348e-05	6.192178558238808e-06	-0.9999999802060929	0.0001988704867463405	-0.5371093749999999	0.3906249999999999	0.09765624999999999	15203.22265625	20234320.01953125	20234319.77539062	13627547.75191513	20371382.6430295	20432103.2964616	525.058
1	125.09	3691.502463321032	4513.56126887456	4520.300489052716	4498.308688780068	6.18075050722311e-05	-0.0001991005609511	-0.9999999782693996	0.9999999980889872	1.3756812231591198e-06	6.180723239868069e-05	1.3633753389030725e-06	-0.9999999801785372	0.0001991006455976	0.2581069881028696	4.536191850067056	2.287236645505852	5.538875356525736	-1.0042363171067217	12.099991847187358	-1.2041500964627423	-6.277438717525325	1.6931808750688164	5.50347492821874	-7823.75405	20165450.209195983	13663691.000094296	246.21965079413735	-1.2697951155548	-1.5705878532929405	0.3009998417140569	0	4.34499995216127e-10	0	4.3820371046357355e-10	0.0002808510406859	2.1981876736909296	0.0061260948591266	-2.5311601220010024e-06	0	0	0	0	0	0	0.2098359012069659	0.0263855244319735	0.0015451931004345	0.5891461720423038	0.0288576376286612	0.0023154248712063	0.0781040895547566	0.0002243503867746	0.0002163905984633	0.0633693161784596	0	-296.4877115571781	-1.5710320221221237	-5.011560708737396	1679.6800506556497	-2.736116104707948e-05	2174.207373078797	563.1626081400051	-1	0	0	-1	0	0	-1	0	0	-1	0	0	12045	3.865931893308993	0.7671317849941387	1	17.065179175759397	210306956	151.79814355184558	-0.7507248024962223	-0.5390414867796238	1	3691.502463321032	24.82210904624852	0.4299274351226336	0.440509237498375	0.4471768557557052	0.4497400299549358	0.4466217834373835	0.3924605855066331	0	0.0040855735202076	-5978953.083871303	-7259203.760351969	-6055366.116591227	-0.09841158153088081	-1.331719004353727	-2.532685839621262	0	0	-4.447546283742883	1.464426396041786	0	0	0	-0	0	-0	-0	-0	-1.387646883377161e-07	success	non_bfb	success	176.4862953615486	42	1.329657844032001e-08	245.8542762546356	0	0	-7.029035484533522e-09	-23.20269346424084	-23.20269346424084	-23.20269346424084	15577.90001960728	20234575.44694703	20234575.44694703	13627298.68538966	20371622.07091482	20432322.70073232	2076.591773274796	2076.591773274796	2076.591773274796	17677.69448634631	20237755.67524787	20237755.67524787	13630435.19468486	20374802.2992155	20435502.92903144	0	0	0	2.603455082563187e-07	2.603455082563187e-07	0.01113058361348973	0.01113058361348973	3.147726418949275	3.147726418949275	0.009970343273426094	0.009970343273426094	0.009970343273426094	0.009970343273426094	0.009970343273426094	0.009970343273426094	2.273337969773884	2.273337969773884	24.13461174138614	24.13461174138614	29668.00270298852	29668.00270298852	0	6442.584794970174	6442.584794970174	8290.518296556298	648.1677764157299	7946.741825377054	7946.741825377054	9577.946523660423	0.3009939539798948	-1.570588136866178	0.3009925842963907	6.172198884207575e-05	-0.000198830183967758	-0.9999999783284769	0.9999999980942685	1.375819567747534e-06	6.172171650759527e-05	1.363547397683418e-06	-0.9999999802323323	0.0001988302685071611	0.3006535779300755	-1.570588064147219	0.3006377267405711	6.167584355737388e-05	-0.0001989206379001161	-0.9999999783133349	0.9999999979725123	1.585732386626225e-05	6.167269042089973e-05	1.584505555145024e-05	-0.9999999800895624	0.0001989216155106327	0.4882812499999999	0.7324218749999999	0.3906249999999999	15192.1875	20234235.44921875	20234235.98632812	13627620.01760571	20371229.22485559	20431919.50753869	526.1319999999999
1	125.09	3691.502463321032	4513.56126887456	4520.300489052716	4498.308688780068	6.18075050722311e-05	-0.0001991005609511	-0.9999999782693996	0.9999999980889872	1.3756812231591198e-06	6.180723239868069e-05	1.3633753389030725e-06	-0.9999999801785372	0.0001991006455976	0.2581069881028696	4.536191850067056	2.287236645505852	5.538875356525736	-1.0042363171067217	12.099991847187358	-1.2041500964627423	-6.277438717525325	1.6931808750688164	5.50347492821874	-7823.75405	20165450.209195983	13663691.000094296	246.21965079413735	-1.2697951155548	-1.5705878532929405	0.3009998417140569	0	4.34499995216127e-10	0	4.3820371046357355e-10	0.0002808510406859	2.1981876736909296	0.0061260948591266	-2.5311601220010024e-06	0	0	0	0	0	0	0.2098359012069659	0.0263855244319735	0.0015451931004345	0.5891461720423038	0.0288576376286612	0.0023154248712063	0.0781040895547566	0.0002243503867746	0.0002163905984633	0.0633693161784596	0	-296.4877115571781	-1.5710320221221237	-5.011560708737396	1679.6800506556497	-2.736116104707948e-05	2174.207373078797	563.1626081400051	-1	0	0	-1	0	0	-1	0	0	-1	0	0	12045	3.865931893308993	0.7671317849941387	1	17.065179175759397	210306956	151.79814355184558	-0.7507248024962223	-0.5390414867796238	1	3691.502463321032	24.82210904624852	0.4299274351226336	0.440509237498375	0.4471768557557052	0.4497400299549358	0.4466217834373835	0.3924605855066331	0	0.0040855735202076	-5978953.083871303	-7259203.760351969	-6055366.116591227	-0.09841158153088081	-1.331719004353727	-2.532685839621262	0	0	-4.447546283742883	1.464426396041786	0	0	0	-0	0	-0	-0	-0	-1.387646883377161e-07	success	non_bfb	success	176.4862953615486	43	5.573470345253228e-09	245.788325288437	0	0	4.36590355939053e-09	-27.38716326456779	-27.38716326456779	-27.38716326456779	15565.3466102063	20234538.3659182	20234538.3659182	13627318.20740559	20371511.47361397	20432179.54164265	2173.58787585135	2173.58787585135	2173.58787585135	17766.32164932222	20237871.83651244	20237871.83651244	13630605.85235276	20374844.94420804	20435513.01223508	0	0	0	2.602058504466132e-07	2.602058504466132e-07	0.01112461280593243	0.01112461280593243	3.146037875981252	3.146037875981252	0.009964994856574563	0.009964994856574563	0.009964994856574563	0.009964994856574563	0.009964994856574563	0.009964994856574563	2.272118477247566	2.272118477247566	24.12166514961864	24.12166514961864	29652.08782009468	29652.08782009468	0	6439.128782660479	6439.128782660479	8286.070992531833	678.3426085444977	8015.765035054085	8015.765035054085	9636.59290241602	0.3009926467455232	-1.5705881878865	0.3009912770328823	6.170660301267269e-05	-0.0001987815378288075	-0.9999999783390975	0.999999998095218	1.375845682097977e-06	6.170633073902983e-05	1.363579572977841e-06	-0.9999999802420034	0.0001987816223489353	0.300994636946565	-1.570588138725713	0.3009964864726761	6.172157333954147e-05	-0.0001988283668351564	-0.999999978328864	0.9999999980935019	-1.843390055638023e-06	6.172194107768956e-05	-1.855662088432039e-06	-0.9999999802319413	0.000198828252678823	0	0.7812499999999999	0.7812499999999999	15178.271484375	20234141.50390625	20234142.48046875	13627697.45923567	20371060.37725149	20431716.87054411	527.98
1	125.09	3691.502463321032	4513.56126887456	4520.300489052716	4498.308688780068	6.18075050722311e-05	-0.0001991005609511	-0.9999999782693996	0.9999999980889872	1.3756812231591198e-06	6.180723239868069e-05	1.3633753389030725e-06	-0.9999999801785372	0.0001991006455976	0.2581069881028696	4.536191850067056	2.287236645505852	5.538875356525736	-1.0042363171067217	12.099991847187358	-1.2041500964627423	-6.277438717525325	1.6931808750688164	5.50347492821874	-7823.75405	20165450.209195983	13663691.000094296	246.21965079413735	-1.2697951155548	-1.5705878532929405	0.3009998417140569	0	4.34499995216127e-10	0	4.3820371046357355e-10	0.0002808510406859	2.1981876736909296	0.0061260948591266	-2.5311601220010024e-06	0	0	0	0	0	0	0.2098359012069659	0.0263855244319735	0.0015451931004345	0.5891461720423038	0.0288576376286612	0.0023154248712063	0.0781040895547566	0.0002243503867746	0.0002163905984633	0.0633693161784596	0	-296.4877115571781	-1.5710320221221237	-5.011560708737396	1679.6800506556497	-2.736116104707948e-05	2174.207373078797	563.1626081400051	-1	0	0	-1	0	0	-1	0	0	-1	0	0	12045	3.865931893308993	0.7671317849941387	1	17.065179175759397	210306956	151.79814355184558	-0.7507248024962223	-0.5390414867796238	1	3691.502463321032	24.82210904624852	0.4299274351226336	0.440509237498375	0.4471768557557052	0.4497400299549358	0.4466217834373835	0.3924605855066331	0	0.0040855735202076	-5978953.083871303	-7259203.760351969	-6055366.116591227	-0.09841158153088081	-1.331719004353727	-2.532685839621262	0	0	-4.447546283742883	1.464426396041786	0	0	0	-0	0	-0	-0	-0	-1.387646883377161e-07	success	non_bfb	success	176.4862953615486	44	5.473072079585742e-09	245.7161100248851	0	0	2.660407199534014e-09	-31.96780376993956	-31.96780376993956	-31.96780376993956	15551.60468869018	20234497.77418955	20234497.77418955	13627339.5776965	20371390.40535437	20432022.82875996	2272.568527072904	2272.568527072904	2272.568527072904	17856.14101953302	20237988.09277822	20237988.09277822	13630781.91442864	20374880.72394286	20435513.14734674	0	0	0	2.60052970332631e-07	2.60052970332631e-07	0.01111807670357017	0.01111807670357017	3.144189467775799	3.144189467775799	0.009959140070654531	0.009959140070654531	0.009959140070654531	0.009959140070654531	0.009959140070654531	0.009959140070654531	2.27078352750994	2.27078352750994	24.10749282062918	24.10749282062918	29634.66617274138	29634.66617274138	0	6435.345567407827	6435.345567407827	8281.202633593595	709.1328053120092	8086.16643524667	8086.16643524667	9696.397414911085	0.300991214348636	-1.57058824375162	0.3009898446040644	6.168975611386181e-05	-0.0001987282713782309	-0.9999999783507236	0.9999999980962573	1.375874300578718e-06	6.168948390683146e-05	1.363614826293015e-06	-0.9999999802525903	0.0001987283558772534	0.300528064485119	-1.570588159479296	0.3005202516321293	6.162265521301308e-05	-0.0001988373197911251	-0.9999999783331844	0.9999999980708518	7.818979211703141e-06	6.162110172439755e-05	7.806726467581301e-06	-0.9999999802012917	0.0001988378012337985	0.2441406249999999	0.4882812499999999	0.5859374999999999	15162.548828125	20234040.0390625	20234040.234375	13627783.1038381	20370875.51388345	20431495.9721222	529.043
1	125.09	3691.502463321032	4513.56126887456	4520.300489052716	4498.308688780068	6.18075050722311e-05	-0.0001991005609511	-0.9999999782693996	0.9999999980889872	1.3756812231591198e-06	6.180723239868069e-05	1.3633753389030725e-06	-0.9999999801785372	0.0001991006455976	0.2581069881028696	4.536191850067056	2.287236645505852	5.538875356525736	-1.0042363171067217	12.099991847187358	-1.2041500964627423	-6.277438717525325	1.6931808750688164	5.50347492821874	-7823.75405	20165450.209195983	13663691.000094296	246.21965079413735	-1.2697951155548	-1.5705878532929405	0.3009998417140569	0	4.34499995216127e-10	0	4.3820371046357355e-10	0.0002808510406859	2.1981876736909296	0.0061260948591266	-2.5311601220010024e-06	0	0	0	0	0	0	0.2098359012069659	0.0263855244319735	0.0015451931004345	0.5891461720423038	0.0288576376286612	0.0023154248712063	0.0781040895547566	0.0002243503867746	0.0002163905984633	0.0633693161784596	0	-296.4877115571781	-1.5710320221221237	-5.011560708737396	1679.6800506556497	-2.736116104707948e-05	2174.207373078797	563.1626081400051	-1	0	0	-1	0	0	-1	0	0	-1	0	0	12045	3.865931893308993	0.7671317849941387	1	17.065179175759397	210306956	151.79814355184558	-0.7507248024962223	-0.5390414867796238	1	3691.502463321032	24.82210904624852	0.4299274351226336	0.440509237498375	0.4471768557557052	0.4497400299549358	0.4466217834373835	0.3924605855066331	0	0.0040855735202076	-5978953.083871303	-7259203.760351969	-6055366.116591227	-0.09841158153088081	-1.331719004353727	-2.532685839621262	0	0	-4.447546283742883	1.464426396041786	0	0	0	-0	0	-0	-0	-0	-1.387646883377161e-07	success	non_bfb	success	176.4862953615486	45	6.731772508733048e-09	245.6373392802329	0	0	3.553799258630602e-09	-36.96272596303243	-36.96272596303243	-36.96272596303243	15536.6199221109	20234453.5112691	20234453.5112691	13627362.88075648	20371258.38745512	20431851.94247128	2373.51561595678	2373.51561595678	2373.51561595678	17947.09826403071	20238104.28355323	20238104.28355323	13630963.46540657	20374909.15973906	20435502.71475343	0	0	0	2.598862634554343e-07	2.598862634554343e-07	0.01111094946389544	0.01111094946389544	3.142173886077895	3.142173886077895	0.009952755766954322	0.009952755766954322	0.009952755766954322	0.009952755766954322	0.009952755766954322	0.009952755766954322	2.269327842423255	2.269327842423255	24.09203871972031	24.09203871972031	29615.66887904345	29615.66887904345	0	6431.22019109756	6431.22019109756	8275.893971174883	740.5324784159751	8157.931067840152	8157.931067840152	9757.346700881182	0.3009896563200423	-1.570588304691197	0.3009882865406092	6.167138000601723e-05	-0.0001986701689465529	-0.9999999783634023	0.9999999980973907	1.37590553839884e-06	6.167110787164837e-05	1.363653299208944e-06	-0.9999999802641353	0.0001986702534225545	0.3004495966160201	-1.570588244442565	0.300443392109661	6.158190782920916e-05	-0.0001987609958326706	-0.9999999783508674	0.9999999980846243	6.210626279021803e-06	6.158067461416259e-05	6.198386308356773e-06	-0.9999999802277473	0.0001987613779141837	-0.3906249999999999	0.3417968749999999	0.4882812499999999	15144.43359375	20233928.41796875	20233929.05273437	13627876.85409279	20370673.95134984	20431254.41916675	530.929
1	125.09	3691.502463321032	4513.56126887456	4520.300489052716	4498.308688780068	6.18075050722311e-05	-0.0001991005609511	-0.9999999782693996	0.9999999980889872	1.3756812231591198e-06	6.180723239868069e-05	1.3633753389030725e-06	-0.9999999801785372	0.0001991006455976	0.2581069881028696	4.536191850067056	2.287236645505852	5.538875356525736	-1.0042363171067217	12.099991847187358	-1.2041500964627423	-6.277438717525325	1.6931808750688164	5.50347492821874	-7823.75405	20165450.209195983	13663691.000094296	246.21965079413735	-1.2697951155548	-1.5705878532929405	0.3009998417140569	0	4.34499995216127e-10	0	4.3820371046357355e-10	0.0002808510406859	2.1981876736909296	0.0061260948591266	-2.5311601220010024e-06	0	0	0	0	0	0	0.2098359012069659	0.0263855244319735	0.0015451931004345	0.5891461720423038	0.0288576376286612	0.0023154248712063	0.0781040895547566	0.0002243503867746	0.0002163905984633	0.0633693161784596	0	-296.4877115571781	-1.5710320221221237	-5.011560708737396	1679.6800506556497	-2.736116104707948e-05	2174.207373078797	563.1626081400051	-1	0	0	-1	0	0	-1	0	0	-1	0	0	12045	3.865931893308993	0.7671317849941387	1	17.065179175759397	210306956	151.79814355184558	-0.7507248024962223	-0.5390414867796238	1	3691.502463321032	24.82210904624852	0.4299274351226336	0.440509237498375	0.4471768557557052	0.4497400299549358	0.4466217834373835	0.3924605855066331	0	0.0040855735202076	-5978953.083871303	-7259203.760351969	-6055366.116591227	-0.09841158153088081	-1.331719004353727	-2.532685839621262	0	0	-4.447546283742883	1.464426396041786	0	0	0	-0	0	-0	-0	-0	-1.387646883377161e-07	success	non_bfb	success	176.4862953615486	46	5.196631367280959e-09	245.5517594611427	0	0	-8.744406869986034e-09	-42.3876024052588	-42.3876024052588	-42.3876024052588	15520.34529278422	20234405.43827314	20234405.43827314	13627388.18970349	20371115.00568381	20431666.3465869	2476.413469941568	2476.413469941568	2476.413469941568	18039.14636513105	20238220.26995374	20238220.26995374	13631150.57840452	20374929.83736422	20435481.17826543	0	0	0	2.597052067390528e-07	2.597052067390528e-07	0.0111032087237768	0.0111032087237768	3.139984806599248	3.139984806599248	0.009945821913451825	0.009945821913451825	0.009945821913451825	0.009945821913451825	0.009945821913451825	0.009945821913451825	2.267746854486151	2.267746854486151	24.07525435657803	24.07525435657803	29595.03633121509	29595.03633121509	0	6426.739709541343	6426.739709541343	8270.128348291933	772.5356733527888	8231.045988646194	8231.045988646194	9819.430057846181	0.3009879627971938	-1.57058837089922	0.3009865929798731	6.165141526496762e-05	-0.000198607042386566	-0.9999999783771728	0.9999999980986218	1.375939495348896e-06	6.165114320954429e-05	1.363695114384596e-06	-0.9999999802766746	0.0001986071268375561	0.3006827346241231	-1.570588488820102	0.3006781412176892	6.155586702156612e-05	-0.0001985132190132615	-0.9999999784016882	0.9999999980949159	4.599516171956483e-06	6.155495516901605e-05	4.587296600317881e-06	-0.9999999802856728	0.000198513501762394	-0.4882812499999999	0.04882812499999999	0.1953125	15125.244140625	20233808.49609375	20233808.54492187	13627978.80792462	20370455.78726556	20430993.23684105	532.7569999999999
1	125.09	3691.502463321032	4513.56126887456	4520.300489052716	4498.308688780068	6.18075050722311e-05	-0.0001991005609511	-0.9999999782693996	0.9999999980889872	1.3756812231591198e-06	6.180723239868069e-05	1.3633753389030725e-06	-0.9999999801785372	0.0001991006455976	0.2581069881028696	4.536191850067056	2.287236645505852	5.538875356525736	-1.0042363171067217	12.099991847187358	-1.2041500964627423	-6.277438717525325	1.6931808750688164	5.50347492821874	-7823.75405	20165450.209195983	13663691.000094296	246.21965079413735	-1.2697951155548	-1.5705878532929405	0.3009998417140569	0	4.34499995216127e-10	0	4.3820371046357355e-10	0.0002808510406859	2.1981876736909296	0.0061260948591266	-2.5311601220010024e-06	0	0	0	0	0	0	0.2098359012069659	0.0263855244319735	0.0015451931004345	0.5891461720423038	0.0288576376286612	0.0023154248712063	0.0781040895547566	0.0002243503867746	0.0002163905984633	0.0633693161784596	0	-296.4877115571781	-1.5710320221221237	-5.011560708737396	1679.6800506556497	-2.736116104707948e-05	2174.207373078797	563.1626081400051	-1	0	0	-1	0	0	-1	0	0	-1	0	0	12045	3.865931893308993	0.7671317849941387	1	17.065179175759397	210306956	151.79814355184558	-0.7507248024962223	-0.5390414867796238	1	3691.502463321032	24.82210904624852	0.4299274351226336	0.440509237498375	0.4471768557557052	0.4497400299549358	0.4466217834373835	0.3924605855066331	0	0.0040855735202076	-5978953.083871303	-7259203.760351969	-6055366.116591227	-0.09841158153088081	-1.331719004353727	-2.532685839621262	0	0	-4.447546283742883	1.464426396041786	0	0	0	-0	0	-0	-0	-0	-1.387646883377161e-07	success	non_bfb	success	176.4862953615486	47	7.525004044179618e-09	245.4591288694397	0	0	1.16695640025501e-08	-48.25729461167157	-48.25729461167157	-48.25729461167157	15502.73621616498	20234353.42350511	20234353.42350511	13627415.57387172	20370959.86724434	20431465.53266464	2581.247227512213	2581.247227512213	2581.247227512213	18132.24073828887	20238335.92028321	20238335.92028321	13631343.32275667	20374942.36402223	20435448.02944057	0	0	0	2.595093041764082e-07	2.595093041764082e-07	0.01109483327736246	0.01109483327736246	3.137616232329975	3.137616232329975	0.009938319514770961	0.009938319514770961	0.009938319514770961	0.009938319514770961	0.009938319514770961	0.009938319514770961	2.266036232562927	2.266036232562927	24.05709375023519	24.05709375023519	29572.71200614034	29572.71200614034	0	6421.891848405411	6421.891848405411	8263.889969950684	805.1363680629963	8305.498923331033	8305.498923331033	9882.637712871447	0.3009861281956179	-1.570588442563368	0.3009847583372661	6.162980519270472e-05	-0.0001985387121346224	-0.9999999783920732	0.9999999980999538	1.375976266124981e-06	6.162953322273387e-05	1.363740388237487e-06	-0.999999980290243	0.0001985387965585389	0.3014589751786743	-1.570588411692283	0.3014576029889248	6.173284277878697e-05	-0.0001985390269136497	-0.9999999783856551	0.999999998093595	1.378317903147482e-06	6.173257034551051e-05	1.366061548910768e-06	-0.9999999802901772	0.0001985391116226363	0.2441406249999999	0.4882812499999999	0.6835937499999999	15103.857421875	20233678.80859375	20233678.3203125	13628089.06163084	20370220.33819377	20430711.10798788	534.697
1	125.09	3691.502463321032	4513.56126887456	4520.300489052716	4498.308688780068	6.18075050722311e-05	-0.0001991005609511	-0.9999999782693996	0.9999999980889872	1.3756812231591198e-06	6.180723239868069e-05	1.3633753389030725e-06	-0.9999999801785372	0.0001991006455976	0.2581069881028696	4.536191850067056	2.287236645505852	5.538875356525736	-1.0042363171067217	12.099991847187358	-1.2041500964627423	-6.277438717525325	1.6931808750688164	5.50347492821874	-7823.75405	20165450.209195983	13663691.000094296	246.21965079413735	-1.2697951155548	-1.5705878532929405	0.3009998417140569	0	4.34499995216127e-10	0	4.3820371046357355e-10	0.0002808510406859	2.1981876736909296	0.0061260948591266	-2.5311601220010024e-06	0	0	0	0	0	0	0.2098359012069659	0.0263855244319735	0.0015451931004345	0.5891461720423038	0.0288576376286612	0.0023154248712063	0.0781040895547566	0.0002243503867746	0.0002163905984633	0.0633693161784596	0	-296.4877115571781	-1.5710320221221237	-5.011560708737396	1679.6800506556497	-2.736116104707948e-05	2174.207373078797	563.1626081400051	-1	0	0	-1	0	0	-1	0	0	-1	0	0	12045	3.865931893308993	0.7671317849941387	1	17.065179175759397	210306956	151.79814355184558	-0.7507248024962223	-0.5390414867796238	1	3691.502463321032	24.82210904624852	0.4299274351226336	0.440509237498375	0.4471768557557052	0.4497400299549358	0.4466217834373835	0.3924605855066331	0	0.0040855735202076	-5978953.083871303	-7259203.760351969	-6055366.116591227	-0.09841158153088081	-1.331719004353727	-2.532685839621262	0	0	-4.447546283742883	1.464426396041786	0	0	0	-0	0	-0	-0	-0	-1.387646883377161e-07	success	non_bfb	success	176.4862953615486	48	1.317219421696671e-08	245.3591615671107	0	0	1.147148215400605e-08	-54.58940501435154	-54.58940501435154	-54.58940501435154	15483.73988495694	20234297.31097959	20234297.31097959	13627445.11538266	20370792.506897	20431248.89849005	2687.999286236635	2687.999286236635	2687.999286236635	18226.32857620793	20238451.0785562	20238451.0785562	13631541.78058454	20374946.27447338	20435402.66606441	0	0	0	2.592979682815756e-07	2.592979682815756e-07	0.01108579800779426	0.01108579800779426	3.135061060228517	3.135061060228517	0.00993022607220846	0.00993022607220846	0.00993022607220846	0.00993022607220846	0.00993022607220846	0.00993022607220846	2.264190846724251	2.264190846724251	24.03750243943069	24.03750243943069	29548.62895611531	29548.62895611531	0	6416.662069594174	6416.662069594174	8257.160128078	838.3284604636946	8381.275333799078	8381.275333799078	9946.957059966764	0.3009841507687063	-1.570588519908868	0.3009827808660703	6.160648273012288e-05	-0.0001984649658264247	-0.9999999784081491	0.9999999981013908	1.376015962868533e-06	6.160621085238554e-05	1.363789258626287e-06	-0.9999999803048817	0.000198465050221121	0.3004436238752931	-1.570588404165985	0.3004357916339319	6.153345149443896e-05	-0.0001986087944833424	-0.9999999783840903	0.9999999980761929	7.838351763012804e-06	6.153189594053452e-05	7.826130817904677e-06	-0.9999999802465533	0.0001986092764219845	-0.09765624999999999	0.09765624999999999	0.4882812499999999	15080.908203125	20233538.28125	20233537.59765625	13628207.22568865	20369965.65052306	20430406.32300704	536.639
1	125.09	3691.502463321032	4513.56126887456	4520.300489052716	4498.308688780068	6.18075050722311e-05	-0.0001991005609511	-0.9999999782693996	0.9999999980889872	1.3756812231591198e-06	6.180723239868069e-05	1.3633753389030725e-06	-0.9999999801785372	0.0001991006455976	0.2581069881028696	4.536191850067056	2.287236645505852	5.538875356525736	-1.0042363171067217	12.099991847187358	-1.2041500964627423	-6.277438717525325	1.6931808750688164	5.50347492821874	-7823.75405	20165450.209195983	13663691.000094296	246.21965079413735	-1.2697951155548	-1.5705878532929405	0.3009998417140569	0	4.34499995216127e-10	0	4.3820371046357355e-10	0.0002808510406859	2.1981876736909296	0.0061260948591266	-2.5311601220010024e-06	0	0	0	0	0	0	0.2098359012069659	0.0263855244319735	0.0015451931004345	0.5891461720423038	0.0288576376286612	0.0023154248712063	0.0781040895547566	0.0002243503867746	0.0002163905984633	0.0633693161784596	0	-296.4877115571781	-1.5710320221221237	-5.011560708737396	1679.6800506556497	-2.736116104707948e-05	2174.207373078797	563.1626081400051	-1	0	0	-1	0	0	-1	0	0	-1	0	0	12045	3.865931893308993	0.7671317849941387	1	17.065179175759397	210306956	151.79814355184558	-0.7507248024962223	-0.5390414867796238	1	3691.502463321032	24.82210904624852	0.4299274351226336	0.440509237498375	0.4471768557557052	0.4497400299549358	0.4466217834373835	0.3924605855066331	0	0.0040855735202076	-5978953.083871303	-7259203.760351969	-6055366.116591227	-0.09841158153088081	-1.331719004353727	-2.532685839621262	0	0	-4.447546283742883	1.464426396041786	0	0	0	-0	0	-0	-0	-0	-1.387646883377161e-07	success	non_bfb	success	176.4862953615486	49	1.217452917214277e-08	245.2516479368989	0	0	-3.474079470333898e-09	-61.39663472422581	-61.39663472422581	-61.39663472422581	15463.31819582732	20234236.98814463	20234236.98814463	13627476.87349146	20370612.58894606	20431016.0095327	2796.656945003907	2796.656945003907	2796.656945003907	18321.37177555545	20238565.63222077	20238565.63222077	13631746.01114325	20374941.23302198	20435344.6536065	0	0	0	2.590707751515476e-07	2.590707751515476e-07	0.01107608479189466	0.01107608479189466	3.132314165064539	3.132314165064539	0.009921525351727767	0.009921525351727767	0.009921525351727767	0.009921525351727767	0.009921525351727767	0.009921525351727767	2.262206995447448	2.262206995447448	24.01644112740631	24.01644112740631	29522.73887473494	29522.73887473494	0	6411.03988308194	6411.03988308194	8249.92532378288	872.1058015563808	8458.364730024638	8458.364730024638	10012.38074923963	0.3009820242693872	-1.570588603098129	0.3009806543191174	6.158139855336371e-05	-0.0001983856471338774	-0.999999978425433	0.9999999981029357	1.376058666679303e-06	6.158112677483521e-05	1.363841825304974e-06	-0.9999999803206204	0.0001983857314971442	0.3008408093316036	-1.57058856011881	0.3008556108828821	6.156611869884143e-05	-0.0001984353901293478	-0.9999999784165042	0.9999999979951733	-1.47954427421215e-05	6.156905584370209e-05	-1.480765990240038e-05	-0.9999999802022451	0.0001984344788334238	-0.3906249999999999	-0.09765624999999997	0.146484375	15056.103515625	20233386.62109375	20233387.01171875	13628334.37458676	20369692.40835162	20430080.34596787	538.3099999999999
1	125.09	3691.502463321032	4513.56126887456	4520.300489052716	4498.308688780068	6.18075050722311e-05	-0.0001991005609511	-0.9999999782693996	0.9999999980889872	1.3756812231591198e-06	6.180723239868069e-05	1.3633753389030725e-06	-0.9999999801785372	0.0001991006455976	0.2581069881028696	4.536191850067056	2.287236645505852	5.538875356525736	-1.0042363171067217	12.099991847187358	-1.2041500964627423	-6.277438717525325	1.6931808750688164	5.50347492821874	-7823.75405	20165450.209195983	13663691.000094296	246.21965079413735	-1.2697951155548	-1.5705878532929405	0.3009998417140569	0	4.34499995216127e-10	0	4.3820371046357355e-10	0.0002808510406859	2.1981876736909296	0.0061260948591266	-2.5311601220010024e-06	0	0	0	0	0	0	0.2098359012069659	0.0263855244319735	0.0015451931004345	0.5891461720423038	0.0288576376286612	0.0023154248712063	0.0781040895547566	0.0002243503867746	0.0002163905984633	0.0633693161784596	0	-296.4877115571781	-1.5710320221221237	-5.011560708737396	1679.6800506556497	-2.736116104707948e-05	2174.207373078797	563.1626081400051	-1	0	0	-1	0	0	-1	0	0	-1	0	0	12045	3.865931893308993	0.7671317849941387	1	17.065179175759397	210306956	151.79814355184558	-0.7507248024962223	-0.5390414867796238	1	3691.502463321032	24.82210904624852	0.4299274351226336	0.440509237498375	0.4471768557557052	0.4497400299549358	0.4466217834373835	0.3924605855066331	0	0.0040855735202076	-5978953.083871303	-7259203.760351969	-6055366.116591227	-0.09841158153088081	-1.331719004353727	-2.532685839621262	0	0	-4.447546283742883	1.464426396041786	0	0	0	-0	0	-0	-0	-0	-1.387646883377161e-07	success	non_bfb	success	176.4862953615486	50	6.948736847702209e-09	245.136326136541	0	0	1.267427877189008e-09	-68.6949226441875	-68.6949226441875	-68.6949226441875	15441.42333206744	20234172.31375629	20234172.31375629	13627510.92255868	20370419.69211962	20430766.32049079	2907.204264911137	2907.204264911137	2907.204264911137	18417.32251962276	20238679.440033	20238679.440033	13631956.08879336	20374926.81839608	20435273.44676505	0	0	0	2.588271928211357e-07	2.588271928211357e-07	0.01106567088649035	0.01106567088649035	3.129369115074	3.129369115074	0.009912196980880066	0.009912196980880066	0.009912196980880066	0.009912196980880066	0.009912196980880066	0.009912196980880066	2.260080033610464	2.260080033610464	23.99386049979752	23.99386049979752	29494.98114123125	29494.98114123125	0	6405.012124705212	6405.012124705212	8242.1686170107	906.4621641255185	8536.753947844214	8536.753947844214	10078.89806785096	0.3009797434029383	-1.570588692335481	0.3009783734015817	6.155449110915694e-05	-0.0001983005610166371	-0.9999999784439657	0.9999999981045921	1.376104479274432e-06	6.155421943706066e-05	1.363898213363767e-06	-0.9999999803374967	0.0001983006453461876	0.3008895515533658	-1.570588677360123	0.3008898004572495	6.154104401015579e-05	-0.0001983204156353366	-0.9999999784408562	0.9999999981063173	-2.428014489602099e-07	6.154109337287543e-05	-2.550062989419799e-07	-0.9999999803344768	0.000198320400317415	0.04882812499999999	1.025390625	0.8789062499999998	15030.224609375	20233226.7578125	20233225.78125	13628472.65618867	20369400.90443616	20429729.85734392	539.375
1	125.09	3691.502463321032	4513.56126887456	4520.300489052716	4498.308688780068	6.18075050722311e-05	-0.0001991005609511	-0.9999999782693996	0.9999999980889872	1.3756812231591198e-06	6.180723239868069e-05	1.3633753389030725e-06	-0.9999999801785372	0.0001991006455976	0.2581069881028696	4.536191850067056	2.287236645505852	5.538875356525736	-1.0042363171067217	12.099991847187358	-1.2041500964627423	-6.277438717525325	1.6931808750688164	5.50347492821874	-7823.75405	20165450.209195983	13663691.000094296	246.21965079413735	-1.2697951155548	-1.5705878532929405	0.3009998417140569	0	4.34499995216127e-10	0	4.3820371046357355e-10	0.0002808510406859	2.1981876736909296	0.0061260948591266	-2.5311601220010024e-06	0	0	0	0	0	0	0.2098359012069659	0.0263855244319735	0.0015451931004345	0.5891461720423038	0.0288576376286612	0.0023154248712063	0.0781040895547566	0.0002243503867746	0.0002163905984633	0.0633693161784596	0	-296.4877115571781	-1.5710320221221237	-5.011560708737396	1679.6800506556497	-2.736116104707948e-05	2174.207373078797	563.1626081400051	-1	0	0	-1	0	0	-1	0	0	-1	0	0	12045	3.865931893308993	0.7671317849941387	1	17.065179175759397	210306956	151.79814355184558	-0.7507248024962223	-0.5390414867796238	1	3691.502463321032	24.82210904624852	0.4299274351226336	0.440509237498375	0.4471768557557052	0.4497400299549358	0.4466217834373835	0.3924605855066331	0	0.0040855735202076	-5978953.083871303	-7259203.760351969	-6055366.116591227	-0.09841158153088081	-1.331719004353727	-2.532685839621262	0	0	-4.447546283742883	1.464426396041786	0	0	0	-0	0	-0	-0	-0	-1.387646883377161e-07	success	non_bfb	success	176.4862953615486	51	2.390977961465207e-09	245.0129710317003	0	0	4.429470939203734e-10	-76.49780893811567	-76.49780893811567	-76.49780893811567	15418.01467318565	20234103.1678273	20234103.1678273	13627547.32575394	20370213.45854544	20430499.36812822	3019.627705794443	3019.627705794443	3019.627705794443	18514.14018791821	20238792.38200558	20238792.38200558	13632172.07670449	20374902.67272347	20435188.58230396	0	0	0	2.585667693837132e-07	2.585667693837132e-07	0.01105453697116161	0.01105453697116161	3.126220446446766	3.126220446446766	0.009902223653185889	0.009902223653185889	0.009902223653185889	0.009902223653185889	0.009902223653185889	0.009902223653185889	2.257806015162915	2.257806015162915	23.96971866384789	23.96971866384789	29465.30425801127	29465.30425801127	0	6398.567611452693	6398.567611452693	8233.875617115051	941.391269300154	8616.431804246511	8616.431804246511	10146.50090402529	0.3009773061924121	-1.570588787798839	0.3009759361363793	6.152570734112642e-05	-0.0001982095392514249	-0.9999999784637826	0.9999999981063636	1.376153487190251e-06	6.152543578289305e-05	1.36395852927434e-06	-0.9999999803555421	0.0001982096235449048	0.3012306530398198	-1.570588744751862	0.3012276610960026	6.158869297980159e-05	-0.0001982350551909378	-0.9999999784548478	0.9999999980989589	2.998048267177913e-06	6.158809987137984e-05	2.985839282207398e-06	-0.999999980346937	0.0001982352394599591	-0.2929687499999999	-0.04882812499999999	-0.2929687499999999	15001.318359375	20233052.734375	20233053.125	13628618.35952651	20369087.62322344	20429355.73600004	540.5119999999999
1	125.09	3691.502463321032	4513.56126887456	4520.300489052716	4498.308688780068	6.18075050722311e-05	-0.0001991005609511	-0.9999999782693996	0.9999999980889872	1.3756812231591198e-06	6.180723239868069e-05	1.3633753389030725e-06	-0.9999999801785372	0.0001991006455976	0.2581069881028696	4.536191850067056	2.287236645505852	5.538875356525736	-1.0042363171067217	12.099991847187358	-1.2041500964627423	-6.277438717525325	1.6931808750688164	5.50347492821874	-7823.75405	20165450.209195983	13663691.000094296	246.21965079413735	-1.2697951155548	-1.5705878532929405	0.3009998417140569	0	4.34499995216127e-10	0	4.3820371046357355e-10	0.0002808510406859	2.1981876736909296	0.0061260948591266	-2.5311601220010024e-06	0	0	0	0	0	0	0.2098359012069659	0.0263855244319735	0.0015451931004345	0.5891461720423038	0.0288576376286612	0.0023154248712063	0.0781040895547566	0.0002243503867746	0.0002163905984633	0.0633693161784596	0	-296.4877115571781	-1.5710320221221237	-5.011560708737396	1679.6800506556497	-2.736116104707948e-05	2174.207373078797	563.1626081400051	-1	0	0	-1	0	0	-1	0	0	-1	0	0	12045	3.865931893308993	0.7671317849941387	1	17.065179175759397	210306956	151.79814355184558	-0.7507248024962223	-0.5390414867796238	1	3691.502463321032	24.82210904624852	0.4299274351226336	0.440509237498375	0.4471768557557052	0.4497400299549358	0.4466217834373835	0.3924605855066331	0	0.0040855735202076	-5978953.083871303	-7259203.760351969	-6055366.116591227	-0.09841158153088081	-1.331719004353727	-2.532685839621262	0	0	-4.447546283742883	1.464426396041786	0	0	0	-0	0	-0	-0	-0	-1.387646883377161e-07	success	non_bfb	success	176.4862953615486	52	2.276051410352775e-09	244.881334021787	0	0	3.606977096451918e-10	-84.82023924666646	-84.82023924666646	-84.82023924666646	15393.04738226	20234029.4179156	20234029.4179156	13627586.15280386	20369993.49320392	20430214.64112468	3133.912322013172	3133.912322013172	3133.912322013172	18611.77994351984	20238904.32569648	20238904.32569648	13632394.04460327	20374868.40098454	20435089.54890293	0	0	0	2.582890060244872e-07	2.582890060244872e-07	0.01104266172001809	0.01104266172001809	3.122862128226075	3.122862128226075	0.009891586265743286	0.009891586265743286	0.009891586265743286	0.009891586265743286	0.009891586265743286	0.009891586265743286	2.255380584452127	2.255380584452127	23.94396937830883	23.94396937830883	29433.65138200236	29433.65138200236	0	6391.693999510104	6391.693999510104	8225.030439692169	976.8867702909697	8697.385955417249	8697.385955417249	10215.17972014819	0.3009747064219349	-1.57058888968198	0.3009733363075746	6.149498865824776e-05	-0.0001981123960675523	-0.9999999784849222	0.9999999981082529	1.376205785981753e-06	6.149471722155086e-05	1.36402289059832e-06	-0.999999980374792	0.000198112480322533	0.3012947738418668	-1.570588723656871	0.301295022467204	6.160766392794125e-05	-0.0001982512496702396	-0.9999999784504686	0.9999999981022155	-2.425184325834466e-07	6.160771321822318e-05	-2.547322334921267e-07	-0.9999999803481915	0.0001982512343530074	0.2441406249999999	0.1953124999999999	1.26953125	14971.6796875	20232869.53125	20232868.65234375	13628774.90245954	20368754.32245662	20428956.8102401	541.231
1	125.09	3691.502463321032	4513.56126887456	4520.300489052716	4498.308688780068	6.18075050722311e-05	-0.0001991005609511	-0.9999999782693996	0.9999999980889872	1.3756812231591198e-06	6.180723239868069e-05	1.3633753389030725e-06	-0.9999999801785372	0.0001991006455976	0.2581069881028696	4.536191850067056	2.287236645505852	5.538875356525736	-1.0042363171067217	12.099991847187358	-1.2041500964627423	-6.277438717525325	1.6931808750688164	5.50347492821874	-7823.75405	20165450.209195983	13663691.000094296	246.21965079413735	-1.2697951155548	-1.5705878532929405	0.3009998417140569	0	4.34499995216127e-10	0	4.3820371046357355e-10	0.0002808510406859	2.1981876736909296	0.0061260948591266	-2.5311601220010024e-06	0	0	0	0	0	0	0.2098359012069659	0.0263855244319735	0.0015451931004345	0.5891461720423038	0.0288576376286612	0.0023154248712063	0.0781040895547566	0.0002243503867746	0.0002163905984633	0.0633693161784596	0	-296.4877115571781	-1.5710320221221237	-5.011560708737396	1679.6800506556497	-2.736116104707948e-05	2174.207373078797	563.1626081400051	-1	0	0	-1	0	0	-1	0	0	-1	0	0	12045	3.865931893308993	0.7671317849941387	1	17.065179175759397	210306956	151.79814355184558	-0.7507248024962223	-0.5390414867796238	1	3691.502463321032	24.82210904624852	0.4299274351226336	0.440509237498375	0.4471768557557052	0.4497400299549358	0.4466217834373835	0.3924605855066331	0	0.0040855735202076	-5978953.083871303	-7259203.760351969	-6055366.116591227	-0.09841158153088081	-1.331719004353727	-2.532685839621262	0	0	-4.447546283742883	1.464426396041786	0	0	0	-0	0	-0	-0	-0	-1.387646883377161e-07	success	non_bfb	success	176.4862953615486	53	4.617387619144463e-09	244.7412092026073	0	0	4.715468703865304e-09	-93.67437625429922	-93.67437625429922	-93.67437625429922	15366.48497123711	20233950.95624055	20233950.95624055	13627627.46045164	20369759.4746302	20429911.72337038	3250.045950882863	3250.045950882863	3250.045950882863	18710.20529837427	20239015.16332505	20239015.16332505	13632622.04923289	20374823.68171442	20434975.93045215	0	0	0	2.579934968105786e-07	2.579934968105786e-07	0.01103002777816138	0.01103002777816138	3.119289252450753	3.119289252450753	0.009880269272710213	0.009880269272710213	0.009880269272710213	0.009880269272710213	0.009880269272710213	0.009880269272710213	2.252800196870656	2.252800196870656	23.91657501229325	23.91657501229325	29399.97625460833	29399.97625460833	0	6384.381243545725	6384.381243545725	8215.620158097079	1012.942277350812	8779.606356024708	8779.606356024708	10284.92797932181	0.3009719387041112	-1.570588998145912	0.3009705685276766	6.146228635846556e-05	-0.0001980089769117031	-0.9999999785074157	0.9999999981102632	1.376261453601334e-06	6.146201505117209e-05	1.364091393302704e-06	-0.9999999803952752	0.0001980090611256938	0.3005174035409777	-1.570588921112931	0.3005290264922797	6.139508084579415e-05	-0.0001981104764173605	-0.9999999784914416	0.9999999980477049	-1.161686966745959e-05	6.139738347005208e-05	-1.162903288248751e-05	-0.9999999803086436	0.0001981097628118266	0.244140625	0.6835937499999999	1.123046875	14940.4296875	20232672.55859375	20232672.75390625	13628941.21163409	20368401.00195779	20428533.07937687	543.3869999999999
1	125.09	3691.502463321032	4513.56126887456	4520.300489052716	4498.308688780068	6.18075050722311e-05	-0.0001991005609511	-0.9999999782693996	0.9999999980889872	1.3756812231591198e-06	6.180723239868069e-05	1.3633753389030725e-06	-0.9999999801785372	0.0001991006455976	0.2581069881028696	4.536191850067056	2.287236645505852	5.538875356525736	-1.0042363171067217	12.099991847187358	-1.2041500964627423	-6.277438717525325	1.6931808750688164	5.50347492821874	-7823.75405	20165450.209195983	13663691.000094296	246.21965079413735	-1.2697951155548	-1.5705878532929405	0.3009998417140569	0	4.34499995216127e-10	0	4.3820371046357355e-10	0.0002808510406859	2.1981876736909296	0.0061260948591266	-2.5311601220010024e-06	0	0	0	0	0	0	0.2098359012069659	0.0263855244319735	0.0015451931004345	0.5891461720423038	0.0288576376286612	0.0023154248712063	0.0781040895547566	0.0002243503867746	0.0002163905984633	0.0633693161784596	0	-296.4877115571781	-1.5710320221221237	-5.011560708737396	1679.6800506556497	-2.736116104707948e-05	2174.207373078797	563.1626081400051	-1	0	0	-1	0	0	-1	0	0	-1	0	0	12045	3.865931893308993	0.7671317849941387	1	17.065179175759397	210306956	151.79814355184558	-0.7507248024962223	-0.5390414867796238	1	3691.502463321032	24.82210904624852	0.4299274351226336	0.440509237498375	0.4471768557557052	0.4497400299549358	0.4466217834373835	0.3924605855066331	0	0.0040855735202076	-5978953.083871303	-7259203.760351969	-6055366.116591227	-0.09841158153088081	-1.331719004353727	-2.532685839621262	0	0	-4.447546283742883	1.464426396041786	0	0	0	-0	0	-0	-0	-0	-1.387646883377161e-07	success	non_bfb	success	176.4862953615486	54	8.844840525833763e-09	244.5923631771373	0	0	-1.443444680919103e-09	-103.0740336143872	-103.0740336143872	-103.0740336143872	15338.28599915684	20233867.66039131	20233867.66039131	13627671.31314282	20369511.03772358	20429590.14227259	3368.014778750143	3368.014778750143	3368.014778750143	18809.37481152137	20239124.77248045	20239124.77248045	13632856.15503891	20374768.14981245	20434847.2543589	0	0	0	2.576797807075755e-07	2.576797807075755e-07	0.01101661543493042	0.01101661543493042	3.115496244950504	3.115496244950504	0.009868255018044206	0.009868255018044206	0.009868255018044206	0.009868255018044206	0.009868255018044206	0.009868255018044206	2.25006082666426	2.25006082666426	23.88749282687853	23.88749282687853	29364.22633806779	29364.22633806779	0	6376.61793466945	6376.61793466945	8205.630091015488	1049.551335298702	8863.081597178782	8863.081597178782	10355.73745541287	0.3009690032007904	-1.570589113377243	0.3009676329584103	6.142754525898225e-05	-0.0001978991066794191	-0.9999999785312998	0.9999999981123978	1.376320578540323e-06	6.142727408918122e-05	1.364164146324508e-06	-0.9999999804170244	0.0001978991908498589	0.3013615346502025	-1.570589028161733	0.3013569098650438	6.153051587159779e-05	-0.0001979563552744811	-0.9999999785136384	0.9999999980963317	4.630875228710402e-06	6.15296003653289e-05	4.618694953779925e-06	-0.999999980395918	0.0001979566398376685	0.04882812499999999	0.1953125	0.7812499999999999	14906.689453125	20232465.52734375	20232464.94140625	13629117.67680732	20368024.146606	20428083.27424294	545.33
1	125.09	3691.502463321032	4513.56126887456	4520.300489052716	4498.308688780068	6.18075050722311e-05	-0.0001991005609511	-0.9999999782693996	0.9999999980889872	1.3756812231591198e-06	6.180723239868069e-05	1.3633753389030725e-06	-0.9999999801785372	0.0001991006455976	0.2581069881028696	4.536191850067056	2.287236645505852	5.538875356525736	-1.0042363171067217	12.099991847187358	-1.2041500964627423	-6.277438717525325	1.6931808750688164	5.50347492821874	-7823.75405	20165450.209195983	13663691.000094296	246.21965079413735	-1.2697951155548	-1.5705878532929405	0.3009998417140569	0	4.34499995216127e-10	0	4.3820371046357355e-10	0.0002808510406859	2.1981876736909296	0.0061260948591266	-2.5311601220010024e-06	0	0	0	0	0	0	0.2098359012069659	0.0263855244319735	0.0015451931004345	0.5891461720423038	0.0288576376286612	0.0023154248712063	0.0781040895547566	0.0002243503867746	0.0002163905984633	0.0633693161784596	0	-296.4877115571781	-1.5710320221221237	-5.011560708737396	1679.6800506556497	-2.736116104707948e-05	2174.207373078797	563.1626081400051	-1	0	0	-1	0	0	-1	0	0	-1	0	0	12045	3.865931893308993	0.7671317849941387	1	17.065179175759397	210306956	151.79814355184558	-0.7507248024962223	-0.5390414867796238	1	3691.502463321032	24.82210904624852	0.4299274351226336	0.440509237498375	0.4471768557557052	0.4497400299549358	0.4466217834373835	0.3924605855066331	0	0.0040855735202076	-5978953.083871303	-7259203.760351969	-6055366.116591227	-0.09841158153088081	-1.331719004353727	-2.532685839621262	0	0	-4.447546283742883	1.464426396041786	0	0	0	-0	0	-0	-0	-0	-1.387646883377161e-07	success	non_bfb	success	176.4862953615486	55	6.342194561890177e-09	244.4345687641887	0	0	-3.961873150586907e-10	-113.0325390970384	-113.0325390970384	-113.0325390970384	15308.41048270888	20233779.41226273	20233779.41226273	13627717.77305609	20369247.83022548	20429249.44186157	3487.805477844904	3487.805477844904	3487.805477844904	18909.24849965082	20239233.03505754	20239233.03505754	13633096.42420002	20374701.45302	20434703.06465345	0	0	0	2.573474128975512e-07	2.573474128975512e-07	0.01100240567296953	0.01100240567296953	3.111477727621632	3.111477727621632	0.009855526466738774	0.009855526466738774	0.009855526466738774	0.009855526466738774	0.009855526466738774	0.009855526466738774	2.247158589681108	2.247158589681108	23.85668158644654	23.85668158644654	29326.35094258956	29326.35094258956	0	6368.393065288979	6368.393065288979	8195.046073535606	1086.707436747326	8947.80067128717	8947.80067128717	10427.60049089687	0.3009658884940274	-1.570589235550246	0.3009645181817657	6.13907115520531e-05	-0.0001977826145603986	-0.9999999785566083	0.9999999981146596	1.376383246318199e-06	6.139044052805038e-05	1.364241254967222e-06	-0.9999999804400711	0.0001977826986846579	0.3016154345305152	-1.570589081785886	0.3016091753141965	6.156484522518071e-05	-0.0001978895219926572	-0.9999999785247532	0.9999999980853342	6.26530771680556e-06	6.156360659064809e-05	6.253124789576165e-06	-0.9999999804002412	0.000197889907336243	0.2441406249999999	0.3906249999999999	0.1953125	14871.728515625	20232244.140625	20232244.43359375	13629305.76292446	20367626.6856937	20427606.61388184	547.2619999999999
1	125.09	3691.502463321032	4513.56126887456	4520.300489052716	4498.308688780068	6.18075050722311e-05	-0.0001991005609511	-0.9999999782693996	0.9999999980889872	1.3756812231591198e-06	6.180723239868069e-05	1.3633753389030725e-06	-0.9999999801785372	0.0001991006455976	0.2581069881028696	4.536191850067056	2.287236645505852	5.538875356525736	-1.0042363171067217	12.099991847187358	-1.2041500964627423	-6.277438717525325	1.6931808750688164	5.50347492821874	-7823.75405	20165450.209195983	13663691.000094296	246.21965079413735	-1.2697951155548	-1.5705878532929405	0.3009998417140569	0	4.34499995216127e-10	0	4.3820371046357355e-10	0.0002808510406859	2.1981876736909296	0.0061260948591266	-2.5311601220010024e-06	0	0	0	0	0	0	0.2098359012069659	0.0263855244319735	0.0015451931004345	0.5891461720423038	0.0288576376286612	0.0023154248712063	0.0781040895547566	0.0002243503867746	0.0002163905984633	0.0633693161784596	0	-296.4877115571781	-1.5710320221221237	-5.011560708737396	1679.6800506556497	-2.736116104707948e-05	2174.207373078797	563.1626081400051	-1	0	0	-1	0	0	-1	0	0	-1	0	0	12045	3.865931893308993	0.7671317849941387	1	17.065179175759397	210306956	151.79814355184558	-0.7507248024962223	-0.5390414867796238	1	3691.502463321032	24.82210904624852	0.4299274351226336	0.440509237498375	0.4471768557557052	0.4497400299549358	0.4466217834373835	0.3924605855066331	0	0.0040855735202076	-5978953.083871303	-7259203.760351969	-6055366.116591227	-0.09841158153088081	-1.331719004353727	-2.532685839621262	0	0	-4.447546283742883	1.464426396041786	0	0	0	-0	0	-0	-0	-0	-1.387646883377161e-07	success	non_bfb	success	176.4862953615486	56	8.920783744624208e-09	244.2676150666227	0	0	3.73170407651568e-09	-123.5620958320351	-123.5620958320351	-123.5620958320351	15276.82181250389	20233686.10371575	20233686.10371575	13627766.89712337	20368969.52960206	20428889.20464385	3609.405845037364	3609.405845037364	3609.405845037364	19009.78975337329	20239339.84291724	20239339.84291724	13633342.91364811	20374623.26880325	20434542.94384231	0	0	0	2.569959860977533e-07	2.569959860977533e-07	0.010987381079669	0.010987381079669	3.107228776182218	3.107228776182218	0.009842068021256331	0.009842068021256331	0.009842068021256331	0.009842068021256331	0.009842068021256331	0.009842068021256331	2.244089929526656	2.244089929526656	23.82410353497393	23.82410353497393	29286.30365575087	29286.30365575087	0	6359.696556668236	6359.696556668236	8183.855136026689	1124.404029423794	9033.753499613798	9033.753499613798	10500.51066841596	0.300962598739704	-1.570589364837071	0.3009612283535087	6.135173515106184e-05	-0.0001976593414478763	-0.9999999785833741	0.9999999981170515	1.3764495353704e-06	6.135146428136885e-05	1.364322815864777e-06	-0.9999999804644447	0.0001976594255232613	0.3006304643813599	-1.57058933438625	0.3006225734767747	6.1295099480955e-05	-0.0001977087940999845	-0.9999999785770715	0.9999999980903702	7.896963720466158e-06	6.12935393778137e-05	7.884845279533559e-06	-0.9999999804244351	0.0001977092777676108	-0.09765624999999999	0.3906249999999999	0.09765624999999999	14834.76562499999	20232011.71875	20232011.23046875	13629502.73631978	20367206.07999793	20427102.80477604	549.213
1	125.09	3691.502463321032	4513.56126887456	4520.300489052716	4498.308688780068	6.18075050722311e-05	-0.0001991005609511	-0.9999999782693996	0.9999999980889872	1.3756812231591198e-06	6.180723239868069e-05	1.3633753389030725e-06	-0.9999999801785372	0.0001991006455976	0.2581069881028696	4.536191850067056	2.287236645505852	5.538875356525736	-1.0042363171067217	12.099991847187358	-1.2041500964627423	-6.277438717525325	1.6931808750688164	5.50347492821874	-7823.75405	20165450.209195983	13663691.000094296	246.21965079413735	-1.2697951155548	-1.5705878532929405	0.3009998417140569	0	4.34499995216127e-10	0	4.3820371046357355e-10	0.0002808510406859	2.1981876736909296	0.0061260948591266	-2.5311601220010024e-06	0	0	0	0	0	0	0.2098359012069659	0.0263855244319735	0.0015451931004345	0.5891461720423038	0.0288576376286612	0.0023154248712063	0.0781040895547566	0.0002243503867746	0.0002163905984633	0.0633693161784596	0	-296.4877115571781	-1.5710320221221237	-5.011560708737396	1679.6800506556497	-2.736116104707948e-05	2174.207373078797	563.1626081400051	-1	0	0	-1	0	0	-1	0	0	-1	0	0	12045	3.865931893308993	0.7671317849941387	1	17.065179175759397	210306956	151.79814355184558	-0.7507248024962223	-0.5390414867796238	1	3691.502463321032	24.82210904624852	0.4299274351226336	0.440509237498375	0.4471768557557052	0.4497400299549358	0.4466217834373835	0.3924605855066331	0	0.0040855735202076	-5978953.083871303	-7259203.760351969	-6055366.116591227	-0.09841158153088081	-1.331719004353727	-2.532685839621262	0	0	-4.447546283742883	1.464426396041786	0	0	0	-0	0	-0	-0	-0	-1.387646883377161e-07	success	non_bfb	success	176.4862953615486	57	1.071020085196048e-08	244.091305641325	0	0	-6.354977022088636e-10	-134.6738959955937	-134.6738959955937	-134.6738959955937	15243.48641201322	20233587.63556997	20233587.63556997	13627818.73756006	20368675.84003935	20428509.04771267	3732.804688151306	3732.804688151306	3732.804688151306	19110.96499616012	20239445.09687917	20239445.09687917	13633595.6755986	20374533.30134824	20434366.50901873	0	0	0	2.566251267662779e-07	2.566251267662779e-07	0.01097152568494575	0.01097152568494575	3.102744874296537	3.102744874296537	0.009827865376218483	0.009827865376218483	0.009827865376218483	0.009827865376218483	0.009827865376218483	0.009827865376218483	2.240851584431577	2.240851584431577	23.78972404428951	23.78972404428951	29244.04191011013	29244.04191011013	0	6350.519165031873	6350.519165031873	8172.045383311392	1162.634519331785	9120.930838383319	9120.930838383319	10574.46268678913	0.3009591274568399	-1.570589501391699	0.300957756992614	6.131056926230588e-05	-0.0001975291385899938	-0.9999999786116264	0.9999999981195762	1.376519517817457e-06	6.131029855562919e-05	1.364408917915554e-06	-0.9999999804901721	0.0001975292226137505	0.3008997113150201	-1.57058944499378	0.300899973375465	6.131554792805465e-05	-0.0001975866464818628	-0.9999999785999603	0.9999999981201659	-2.560028759100466e-07	6.131559970769685e-05	-2.68118014154843e-07	-0.9999999804797257	0.000197586630413365	-0.09765624999999999	0.7324218749999999	0.3906249999999999	14796.337890625	20231765.8203125	20231765.96679687	13629711.52572497	20366762.13470359	20426571.5544152	551.194
1	125.09	3691.502463321032	4513.56126887456	4520.300489052716	4498.308688780068	6.18075050722311e-05	-0.0001991005609511	-0.9999999782693996	0.9999999980889872	1.3756812231591198e-06	6.180723239868069e-05	1.3633753389030725e-06	-0.9999999801785372	0.0001991006455976	0.2581069881028696	4.536191850067056	2.287236645505852	5.538875356525736	-1.0042363171067217	12.099991847187358	-1.2041500964627423	-6.277438717525325	1.6931808750688164	5.50347492821874	-7823.75405	20165450.209195983	13663691.000094296	246.21965079413735	-1.2697951155548	-1.5705878532929405	0.3009998417140569	0	4.34499995216127e-10	0	4.3820371046357355e-10	0.0002808510406859	2.1981876736909296	0.0061260948591266	-2.5311601220010024e-06	0	0	0	0	0	0	0.2098359012069659	0.0263855244319735	0.0015451931004345	0.5891461720423038	0.0288576376286612	0.0023154248712063	0.0781040895547566	0.0002243503867746	0.0002163905984633	0.0633693161784596	0	-296.4877115571781	-1.5710320221221237	-5.011560708737396	1679.6800506556497	-2.736116104707948e-05	2174.207373078797	563.1626081400051	-1	0	0	-1	0	0	-1	0	0	-1	0	0	12045	3.865931893308993	0.7671317849941387	1	17.065179175759397	210306956	151.79814355184558	-0.7507248024962223	-0.5390414867796238	1	3691.502463321032	24.82210904624852	0.4299274351226336	0.440509237498375	0.4471768557557052	0.4497400299549358	0.4466217834373835	0.3924605855066331	0	0.0040855735202076	-5978953.083871303	-7259203.760351969	-6055366.116591227	-0.09841158153088081	-1.331719004353727	-2.532685839621262	0	0	-4.447546283742883	1.464426396041786	0	0	0	-0	0	-0	-0	-0	-1.387646883377161e-07	success	non_bfb	success	176.4862953615486	58	7.164082479005737e-09	243.9054291936612	0	0	1.189740728843902e-09	-146.3799641268424	-146.3799641268424	-146.3799641268424	15208.36820761947	20233483.90126893	20233483.90126893	13627873.35046485	20368366.44372374	20428108.55968443	3857.989982647602	3857.989982647602	3857.989982647602	19212.73815439392	20239548.69038686	20239548.69038686	13633854.76615018	20374431.23284134	20434173.3487991	0	0	0	2.562344335808841e-07	2.562344335808841e-07	0.01095482233102053	0.01095482233102053	3.098021169748669	3.098021169748669	0.009812903162354858	0.009812903162354858	0.009812903162354858	0.009812903162354858	0.009812903162354858	0.009812903162354858	2.237440050048531	2.237440050048531	23.75350591092267	23.75350591092267	29199.51997248218	29199.51997248218	0	6340.850959144339	6340.850959144339	8159.604035567228	1201.39225878215	9209.322756360179	9209.322756360179	10649.45041388302	0.3009554688115977	-1.570589645380553	0.3009540982651193	6.12671635440154e-05	-0.0001973918459471313	-0.9999999786413966	0.9999999981222363	1.376593271149382e-06	6.126689300925761e-05	1.36449965664073e-06	-0.9999999805172818	0.0001973919299164412	0.3008292718421954	-1.570589425793475	0.3008344403526956	6.130731916406153e-05	-0.0001976093018426973	-0.9999999785959879	0.9999999981073181	-5.162452966334534e-06	6.130834050899724e-05	-5.174567954202446e-06	-0.9999999804619564	0.0001976089849723122	0.2441406249999999	0.146484375	0.1953125	14756.25	20231506.8359375	20231506.00585937	13629931.25226643	20366294.1659426	20426012.1306191	553.164
1	125.09	3691.502463321032	4513.56126887456	4520.300489052716	4498.308688780068	6.18075050722311e-05	-0.0001991005609511	-0.9999999782693996	0.9999999980889872	1.3756812231591198e-06	6.180723239868069e-05	1.3633753389030725e-06	-0.9999999801785372	0.0001991006455976	0.2581069881028696	4.536191850067056	2.287236645505852	5.538875356525736	-1.0042363171067217	12.099991847187358	-1.2041500964627423	-6.277438717525325	1.6931808750688164	5.50347492821874	-7823.75405	20165450.209195983	13663691.000094296	246.21965079413735	-1.2697951155548	-1.5705878532929405	0.3009998417140569	0	4.34499995216127e-10	0	4.3820371046357355e-10	0.0002808510406859	2.1981876736909296	0.0061260948591266	-2.5311601220010024e-06	0	0	0	0	0	0	0.2098359012069659	0.0263855244319735	0.0015451931004345	0.5891461720423038	0.0288576376286612	0.0023154248712063	0.0781040895547566	0.0002243503867746	0.0002163905984633	0.0633693161784596	0	-296.4877115571781	-1.5710320221221237	-5.011560708737396	1679.6800506556497	-2.736116104707948e-05	2174.207373078797	563.1626081400051	-1	0	0	-1	0	0	-1	0	0	-1	0	0	12045	3.865931893308993	0.7671317849941387	1	17.065179175759397	210306956	151.79814355184558	-0.7507248024962223	-0.5390414867796238	1	3691.502463321032	24.82210904624852	0.4299274351226336	0.440509237498375	0.4471768557557052	0.4497400299549358	0.4466217834373835	0.3924605855066331	0	0.0040855735202076	-5978953.083871303	-7259203.760351969	-6055366.116591227	-0.09841158153088081	-1.331719004353727	-2.532685839621262	0	0	-4.447546283742883	1.464426396041786	0	0	0	-0	0	-0	-0	-0	-1.387646883377161e-07	success	non_bfb	success	176.4862953615486	59	7.738669360556416e-09	243.7097516492857	0	0	7.540958058421806e-09	-158.6936472932057	-158.6936472932057	-158.6936472932057	15171.42715812038	20233374.78253647	20233374.78253647	13627930.79810649	20368040.98788657	20427687.28392923	3984.948381458827	3984.948381458827	3984.948381458827	19315.06918687241	20239650.50516415	20239650.50516415	13634120.24757161	20374316.71051392	20433963.00655355	0	0	0	2.558234610795918e-07	2.558234610795918e-07	0.01093725197300239	0.01093725197300239	3.093052276647944	3.093052276647944	0.009797164319993928	0.009797164319993928	0.009797164319993928	0.009797164319993928	0.009797164319993928	0.009797164319993928	2.233851436601816	2.233851436601816	23.7154078395501	23.7154078395501	29152.68707968193	29152.68707968193	0	6330.680915475409	6330.680915475409	8146.51690737299	1240.670541130832	9298.918230014155	9298.918230014155	10725.4663709205	0.3009516196590609	-1.570589796990128	0.3009502490260323	6.122146224892596e-05	-0.0001972472863101189	-0.9999999786727199	0.9999999981250351	1.376670881338113e-06	6.122119189522213e-05	1.364595138011464e-06	-0.9999999805458061	0.0001972473702220915	0.3009592552802857	-1.570589783719794	0.300961160690751	6.122690216392446e-05	-0.0001972594932915968	-0.9999999786699791	0.9999999981238066	-1.899371627542562e-06	6.122727802411639e-05	-1.911449248867587e-06	-0.9999999805425421	0.000197259376629081	-0.2929687499999999	0.04882812499999999	-0.09765624999999999	14714.35546875	20231234.66796875	20231234.66796875	13630163.08924364	20365803.15024991	20425423.99488145	553.835
1	125.09	3691.502463321032	4513.56126887456	4520.300489052716	4498.308688780068	6.18075050722311e-05	-0.0001991005609511	-0.9999999782693996	0.9999999980889872	1.3756812231591198e-06	6.180723239868069e-05	1.3633753389030725e-06	-0.9999999801785372	0.0001991006455976	0.2581069881028696	4.536191850067056	2.287236645505852	5.538875356525736	-1.0042363171067217	12.099991847187358	-1.2041500964627423	-6.277438717525325	1.6931808750688164	5.50347492821874	-7823.75405	20165450.209195983	13663691.000094296	246.21965079413735	-1.2697951155548	-1.5705878532929405	0.3009998417140569	0	4.34499995216127e-10	0	4.3820371046357355e-10	0.0002808510406859	2.1981876736909296	0.0061260948591266	-2.5311601220010024e-06	0	0	0	0	0	0	0.2098359012069659	0.0263855244319735	0.0015451931004345	0.5891461720423038	0.0288576376286612	0.0023154248712063	0.0781040895547566	0.0002243503867746	0.0002163905984633	0.0633693161784596	0	-296.4877115571781	-1.5710320221221237	-5.011560708737396	1679.6800506556497	-2.736116104707948e-05	2174.207373078797	563.1626081400051	-1	0	0	-1	0	0	-1	0	0	-1	0	0	12045	3.865931893308993	0.7671317849941387	1	17.065179175759397	210306956	151.79814355184558	-0.7507248024962223	-0.5390414867796238	1	3691.502463321032	24.82210904624852	0.4299274351226336	0.440509237498375	0.4471768557557052	0.4497400299549358	0.4466217834373835	0.3924605855066331	0	0.0040855735202076	-5978953.083871303	-7259203.760351969	-6055366.116591227	-0.09841158153088081	-1.331719004353727	-2.532685839621262	0	0	-4.447546283742883	1.464426396041786	0	0	0	-0	0	-0	-0	-0	-1.387646883377161e-07	success	non_bfb	success	176.4862953615486	60	7.866606870342859e-09	243.5041100705498	0	0	-7.560942959783957e-09	-171.6237011126805	-171.6237011126805	-171.6237011126805	15132.63699666196	20233260.20178397	20233260.20178397	13627991.12133303	20367699.24111321	20427244.92089985	4113.671128966987	4113.671128966987	4113.671128966987	19417.93182674162	20239750.46362241	20239750.46362241	13634392.1607109	20374189.50295132	20433735.18273483	0	0	0	2.553919170412859e-07	2.553919170412859e-07	0.01091880211752596	0.01091880211752596	3.087834661873587	3.087834661873587	0.0097806376580656	0.0097806376580656	0.0097806376580656	0.0097806376580656	0.0097806376580656	0.0097806376580656	2.230083192415538	2.230083192415538	23.67540274061992	23.67540274061992	29103.50993128145	29103.50993128145	0	6320.001802637355	6320.001802637355	8132.774693154247	1280.462656380049	9389.710027957517	9389.710027957517	10802.50796232491	0.3009475776913398	-1.570589956351807	0.3009462069674042	6.117342614315405e-05	-0.0001970953346334696	-0.9999999787056202	0.9999999981279747	1.376752405304627e-06	6.117315597980316e-05	1.364695432339114e-06	-0.9999999805757666	0.0001970954184851638	0.3012285685041245	-1.570589695099669	0.3012304750565759	6.130631756390455e-05	-0.000197327627592786	-0.9999999786516713	0.9999999981189387	-1.900503690777512e-06	6.130669377926376e-05	-1.912601154643954e-06	-0.9999999805290974	0.0001973275107087177	0.09765624999999999	0.4882812499999999	0.3906249999999999	14670.8984375	20230949.0234375	20230948.14453125	13630407.22965682	20365286.64640633	20424806.51456184	555.784
1	125.09	3691.502463321032	4513.56126887456	4520.300489052716	4498.308688780068	6.18075050722311e-05	-0.0001991005609511	-0.9999999782693996	0.9999999980889872	1.3756812231591198e-06	6.180723239868069e-05	1.3633753389030725e-06	-0.9999999801785372	0.0001991006455976	0.2581069881028696	4.536191850067056	2.287236645505852	5.538875356525736	-1.0042363171067217	12.099991847187358	-1.2041500964627423	-6.277438717525325	1.6931808750688164	5.50347492821874	-7823.75405	20165450.209195983	13663691.000094296	246.21965079413735	-1.2697951155548	-1.5705878532929405	0.3009998417140569	0	4.34499995216127e-10	0	4.3820371046357355e-10	0.0002808510406859	2.1981876736909296	0.0061260948591266	-2.5311601220010024e-06	0	0	0	0	0	0	0.2098359012069659	0.0263855244319735	0.0015451931004345	0.5891461720423038	0.0288576376286612	0.0023154248712063	0.0781040895547566	0.0002243503867746	0.0002163905984633	0.0633693161784596	0	-296.4877115571781	-1.5710320221221237	-5.011560708737396	1679.6800506556497	-2.736116104707948e-05	2174.207373078797	563.1626081400051	-1	0	0	-1	0	0	-1	0	0	-1	0	0	12045	3.865931893308993	0.7671317849941387	1	17.065179175759397	210306956	151.79814355184558	-0.7507248024962223	-0.5390414867796238	1	3691.502463321032	24.82210904624852	0.4299274351226336	0.440509237498375	0.4471768557557052	0.4497400299549358	0.4466217834373835	0.3924605855066331	0	0.0040855735202076	-5978953.083871303	-7259203.760351969	-6055366.116591227	-0.09841158153088081	-1.331719004353727	-2.532685839621262	0	0	-4.447546283742883	1.464426396041786	0	0	0	-0	0	-0	-0	-0	-1.387646883377161e-07	success	non_bfb	success	176.4862953615486	61	7.55422483966539e-09	243.2882857214042	0	0	1.29112861557979e-09	-185.1822743929106	-185.1822743929106	-185.1822743929106	15091.96127682127	20233140.05135373	20233140.05135373	13628054.37682291	20367340.88230553	20426781.05496125	4244.146076364434	4244.146076364434	4244.146076364434	19521.28962757861	20239848.45810397	20239848.45810397	13634670.56224655	20374049.28905543	20433489.46170792	0	0	0	2.549393959962299e-07	2.549393959962299e-07	0.0108994554294936	0.0108994554294936	3.082363423064078	3.082363423064078	0.009763307648464609	0.009763307648464609	0.009763307648464609	0.009763307648464609	0.009763307648464609	0.009763307648464609	2.226131776926415	2.226131776926415	23.63345302617937	23.63345302617937	29051.9423214625	29051.9423214625	0	6308.80358675951	6308.80358675951	8118.364481014467	1320.761822564899	9481.688116319599	9481.688116319599	10880.56905816462	0.3009433390533001	-1.570590123640241	0.3009419682340037	6.112300287481037e-05	-0.0001969358243038565	-0.9999999787401296	0.999999998131058	1.376837921618926e-06	6.112273291132477e-05	1.364800636557934e-06	-0.9999999806071925	0.0001969359080922631	0.3004188902508455	-1.570590110834503	0.3004076596820172	6.10235011949678e-05	-0.0001969800844423041	-0.9999999787374889	0.9999999980750707	1.123657940198693e-05	6.102128899271309e-05	1.122455918441048e-05	-0.9999999805362926	0.000196980769758548	-0.09765624999999999	0.1953125	0.7812499999999999	14625.87890625	20230648.73046875	20230648.58398437	13630662.21132763	20364746.11881934	20424159.05266551	557.683
1	125.09	3691.502463321032	4513.56126887456	4520.300489052716	4498.308688780068	6.18075050722311e-05	-0.0001991005609511	-0.9999999782693996	0.9999999980889872	1.3756812231591198e-06	6.180723239868069e-05	1.3633753389030725e-06	-0.9999999801785372	0.0001991006455976	0.2581069881028696	4.536191850067056	2.287236645505852	5.538875356525736	-1.0042363171067217	12.099991847187358	-1.2041500964627423	-6.277438717525325	1.6931808750688164	5.50347492821874	-7823.75405	20165450.209195983	13663691.000094296	246.21965079413735	-1.2697951155548	-1.5705878532929405	0.3009998417140569	0	4.34499995216127e-10	0	4.3820371046357355e-10	0.0002808510406859	2.1981876736909296	0.0061260948591266	-2.5311601220010024e-06	0	0	0	0	0	0	0.2098359012069659	0.0263855244319735	0.0015451931004345	0.5891461720423038	0.0288576376286612	0.0023154248712063	0.0781040895547566	0.0002243503867746	0.0002163905984633	0.0633693161784596	0	-296.4877115571781	-1.5710320221221237	-5.011560708737396	1679.6800506556497	-2.736116104707948e-05	2174.207373078797	563.1626081400051	-1	0	0	-1	0	0	-1	0	0	-1	0	0	12045	3.865931893308993	0.7671317849941387	1	17.065179175759397	210306956	151.79814355184558	-0.7507248024962223	-0.5390414867796238	1	3691.502463321032	24.82210904624852	0.4299274351226336	0.440509237498375	0.4471768557557052	0.4497400299549358	0.4466217834373835	0.3924605855066331	0	0.0040855735202076	-5978953.083871303	-7259203.760351969	-6055366.116591227	-0.09841158153088081	-1.331719004353727	-2.532685839621262	0	0	-4.447546283742883	1.464426396041786	0	0	0	-0	0	-0	-0	-0	-1.387646883377161e-07	success	non_bfb	success	176.4862953615486	62	6.382990244575399e-09	243.0621194747565	0	0	3.725127943046009e-09	-199.3776484221853	-199.3776484221853	-199.3776484221853	15049.37515473344	20233014.25786044	20233014.25786044	13628120.60321123	20366965.69258559	20426295.40279396	4376.364942362881	4376.364942362881	4376.364942362881	19625.11774551851	20239944.41522349	20239944.41522349	13634955.4908136	20373895.84994829	20433225.56015333	0	0	0	2.544656215541909e-07	2.544656215541909e-07	0.01087920009235962	0.01087920009235962	3.07663521850308	3.07663521850308	0.009745163706389543	0.009745163706389543	0.009745163706389543	0.009745163706389543	0.009745163706389543	0.009745163706389543	2.22199477669388	2.22199477669388	23.58953307423479	23.58953307423479	28997.95275382539	28997.95275382539	0	6297.079428209704	6297.079428209704	8103.277469502442	1361.561257286142	9574.845655468233	9574.845655468233	10959.64763938767	0.300938901651298	-1.570590298984669	0.3009375307321259	6.107015391384769e-05	-0.0001967686323563443	-0.9999999787762708	0.999999998134287	1.376927484389862e-06	6.106988415990108e-05	1.364910817582022e-06	-0.9999999806401044	0.0001967687160784038	0.3014065959214995	-1.570590154410104	0.30139534089562	6.120509373097605e-05	-0.0001968781052993697	-0.9999999787464739	0.9999999980636981	1.126105024320006e-05	6.120287785893463e-05	1.124900049723131e-05	-0.9999999805561	0.0001968787941519011	0.09765624999999999	0.1953125	0	14578.90625	20230334.08203125	20230334.32617187	13630929.39899078	20364180.29865318	20423480.92735603	558.699
1	125.09	3691.502463321032	4513.56126887456	4520.300489052716	4498.308688780068	6.18075050722311e-05	-0.0001991005609511	-0.9999999782693996	0.9999999980889872	1.3756812231591198e-06	6.180723239868069e-05	1.3633753389030725e-06	-0.9999999801785372	0.0001991006455976	0.2581069881028696	4.536191850067056	2.287236645505852	5.538875356525736	-1.0042363171067217	12.099991847187358	-1.2041500964627423	-6.277438717525325	1.6931808750688164	5.50347492821874	-7823.75405	20165450.209195983	13663691.000094296	246.21965079413735	-1.2697951155548	-1.5705878532929405	0.3009998417140569	0	4.34499995216127e-10	0	4.3820371046357355e-10	0.0002808510406859	2.1981876736909296	0.0061260948591266	-2.5311601220010024e-06	0	0	0	0	0	0	0.2098359012069659	0.0263855244319735	0.0015451931004345	0.5891461720423038	0.0288576376286612	0.0023154248712063	0.0781040895547566	0.0002243503867746	0.0002163905984633	0.0633693161784596	0	-296.4877115571781	-1.5710320221221237	-5.011560708737396	1679.6800506556497	-2.736116104707948e-05	2174.207373078797	563.1626081400051	-1	0	0	-1	0	0	-1	0	0	-1	0	0	12045	3.865931893308993	0.7671317849941387	1	17.065179175759397	210306956	151.79814355184558	-0.7507248024962223	-0.5390414867796238	1	3691.502463321032	24.82210904624852	0.4299274351226336	0.440509237498375	0.4471768557557052	0.4497400299549358	0.4466217834373835	0.3924605855066331	0	0.0040855735202076	-5978953.083871303	-7259203.760351969	-6055366.116591227	-0.09841158153088081	-1.331719004353727	-2.532685839621262	0	0	-4.447546283742883	1.464426396041786	0	0	0	-0	0	-0	-0	-0	-1.387646883377161e-07	success	non_bfb	success	176.4862953615486	63	2.926975103970513e-09	242.8253946967067	0	0	-5.140157331353156e-09	-214.2215895937916	-214.2215895937916	-214.2215895937916	15004.84333121862	20232882.71703522	20232882.71703522	13628189.85539238	20366573.36096265	20425787.56184611	4510.315960569041	4510.315960569041	4510.315960569041	19729.38088138146	20240038.2307121	20240038.2307121	13635247.00130647	20373728.87463918	20432943.0755192	0	0	0	2.539702010086148e-07	2.539702010086148e-07	0.01085801931669229	0.01085801931669229	3.070645300143264	3.070645300143264	0.009726190792521416	0.009726190792521416	0.009726190792521416	0.009726190792521416	0.009726190792521416	0.009726190792521416	2.217668762602808	2.217668762602808	23.54360648000905	23.54360648000905	28941.49647699654	28941.49647699654	0	6284.81960895866	6284.81960895866	8087.501153156151	1402.854105310892	9669.172927374138	9669.172927374138	11039.73805576493	0.3009342583896459	-1.570590482556696	0.3009328873660135	6.10148272014617e-05	-0.0001965935929458442	-0.9999999788140749	0.9999999981376638	1.377021169947236e-06	6.101455766694287e-05	1.365026069660023e-06	-0.9999999806745313	0.0001965936765984296	0.3005540378929811	-1.570590344574922	0.3005378168029463	6.098092330841798e-05	-0.0001967485735558723	-0.9999999787856626	0.9999999980091987	1.622708910557851e-05	6.097773182406341e-05	1.621509147957651e-05	-0.99999998051334	0.0001967495627071728	0.09765624999999999	0.2441406249999999	0.146484375	14530.37109375	20230007.03125	20230006.20117187	13631208.30581303	20363587.42736369	20422771.84494827	560.649
1	125.09	3691.502463321032	4513.56126887456	4520.300489052716	4498.308688780068	6.18075050722311e-05	-0.0001991005609511	-0.9999999782693996	0.9999999980889872	1.3756812231591198e-06	6.180723239868069e-05	1.3633753389030725e-06	-0.9999999801785372	0.0001991006455976	0.2581069881028696	4.536191850067056	2.287236645505852	5.538875356525736	-1.0042363171067217	12.099991847187358	-1.2041500964627423	-6.277438717525325	1.6931808750688164	5.50347492821874	-7823.75405	20165450.209195983	13663691.000094296	246.21965079413735	-1.2697951155548	-1.5705878532929405	0.3009998417140569	0	4.34499995216127e-10	0	4.3820371046357355e-10	0.0002808510406859	2.1981876736909296	0.0061260948591266	-2.5311601220010024e-06	0	0	0	0	0	0	0.2098359012069659	0.0263855244319735	0.0015451931004345	0.5891461720423038	0.0288576376286612	0.0023154248712063	0.0781040895547566	0.0002243503867746	0.0002163905984633	0.0633693161784596	0	-296.4877115571781	-1.5710320221221237	-5.011560708737396	1679.6800506556497	-2.736116104707948e-05	2174.207373078797	563.1626081400051	-1	0	0	-1	0	0	-1	0	0	-1	0	0	12045	3.865931893308993	0.7671317849941387	1	17.065179175759397	210306956	151.79814355184558	-0.7507248024962223	-0.5390414867796238	1	3691.502463321032	24.82210904624852	0.4299274351226336	0.440509237498375	0.4471768557557052	0.4497400299549358	0.4466217834373835	0.3924605855066331	0	0.0040855735202076	-5978953.083871303	-7259203.760351969	-6055366.116591227	-0.09841158153088081	-1.331719004353727	-2.532685839621262	0	0	-4.447546283742883	1.464426396041786	0	0	0	-0	0	-0	-0	-0	-1.387646883377161e-07	success	non_bfb	success	176.4862953615486	64	8.377465756734767e-09	242.5779326238005	0	0	-4.184473562677035e-09	-229.7233550922128	-229.7233550922128	-229.7233550922128	14958.33803472336	20232745.34684474	20232745.34684474	13628262.17655434	20366163.64276541	20425257.21541084	4645.98987379843	4645.98987379843	4645.98987379843	19834.051263614	20240129.82253649	20240129.82253649	13635545.13691314	20373548.1184568	20432641.69109868	0	0	0	2.534528253984696e-07	2.534528253984696e-07	0.0108358998934425	0.0108358998934425	3.064389932468664	3.064389932468664	0.009706377074708519	0.009706377074708519	0.009706377074708519	0.009706377074708519	0.009706377074708519	0.009706377074708519	2.21315103680429	2.21315103680429	23.49564460212243	23.49564460212243	28882.53828292953	28882.53828292953	0	6272.016483367845	6272.016483367845	8071.025693330364	1444.633502847978	9764.662286398787	9764.662286398787	11120.83733244232	0.300929409872701	-1.570590674503602	0.3009280387399216	6.095697941928789e-05	-0.0001964105678004891	-0.9999999788535676	0.9999999981411917	1.377119038818559e-06	6.095671011426343e-05	1.365146467652611e-06	-0.9999999807104959	0.0001964106513804163	0.3014755963569807	-1.570590389890079	0.3014676061247767	6.114875729135421e-05	-0.0001966490205439118	-0.9999999787949957	0.9999999980985409	7.996244502274709e-06	6.114718601805784e-05	7.984219798474843e-06	-0.9999999806326111	0.0001966495091302949	0.146484375	0.9277343749999998	0.4882812499999999	14480.419921875	20229663.96484375	20229663.42773437	13631500.2981718	20362970.0446976	20422032.78213059	562.598
1	125.09	3691.502463321032	4513.56126887456	4520.300489052716	4498.308688780068	6.18075050722311e-05	-0.0001991005609511	-0.9999999782693996	0.9999999980889872	1.3756812231591198e-06	6.180723239868069e-05	1.3633753389030725e-06	-0.9999999801785372	0.0001991006455976	0.2581069881028696	4.536191850067056	2.287236645505852	5.538875356525736	-1.0042363171067217	12.099991847187358	-1.2041500964627423	-6.277438717525325	1.6931808750688164	5.50347492821874	-7823.75405	20165450.209195983	13663691.000094296	246.21965079413735	-1.2697951155548	-1.5705878532929405	0.3009998417140569	0	4.34499995216127e-10	0	4.3820371046357355e-10	0.0002808510406859	2.1981876736909296	0.0061260948591266	-2.5311601220010024e-06	0	0	0	0	0	0	0.2098359012069659	0.0263855244319735	0.0015451931004345	0.5891461720423038	0.0288576376286612	0.0023154248712063	0.0781040895547566	0.0002243503867746	0.0002163905984633	0.0633693161784596	0	-296.4877115571781	-1.5710320221221237	-5.011560708737396	1679.6800506556497	-2.736116104707948e-05	2174.207373078797	563.1626081400051	-1	0	0	-1	0	0	-1	0	0	-1	0	0	12045	3.865931893308993	0.7671317849941387	1	17.065179175759397	210306956	151.79814355184558	-0.7507248024962223	-0.5390414867796238	1	3691.502463321032	24.82210904624852	0.4299274351226336	0.440509237498375	0.4471768557557052	0.4497400299549358	0.4466217834373835	0.3924605855066331	0	0.0040855735202076	-5978953.083871303	-7259203.760351969	-6055366.116591227	-0.09841158153088081	-1.331719004353727	-2.532685839621262	0	0	-4.447546283742883	1.464426396041786	0	0	0	-0	0	-0	-0	-0	-1.387646883377161e-07	success	non_bfb	success	176.4862953615486	65	9.321784166690955e-09	242.3195619391527	0	0	3.505891395822748e-09	-245.8916024007804	-245.8916024007804	-245.8916024007804	14909.83329279766	20232602.07057001	20232602.07057001	13628337.60708734	20365736.30917299	20424704.06729834	4783.378024567717	4783.378024567717	4783.378024567717	19939.10291976616	20240219.11397763	20240219.11397763	13635849.93802384	20373353.35258023	20432321.11070194	0	0	0	2.529132057779109e-07	2.529132057779109e-07	0.01081282946927296	0.01081282946927296	3.057865621958402	3.057865621958402	0.009685711487312442	0.009685711487312442	0.009685711487312442	0.009685711487312442	0.009685711487312442	0.009685711487312442	2.208439076222111	2.208439076222111	23.445620654648	23.445620654648	28821.04524443409	28821.04524443409	0	6258.662901100329	6258.662901100329	8053.841888749344	1486.892562321198	9861.306582205241	9861.306582205241	11202.94315572031	0.3009243510122372	-1.570590874963419	0.3009229797656064	6.089656888428642e-05	-0.0001962194237368874	-0.9999999788947725	0.9999999981448719	1.377221147809946e-06	6.089629981900508e-05	1.365272081885187e-06	-0.9999999807480203	0.0001962195072409178	0.3005437355307539	-1.570590672802527	0.3005506487769543	6.088172795670581e-05	-0.0001964356873009738	-0.9999999788532178	0.9999999981227697	-6.907266387202954e-06	6.088308596351871e-05	-6.919225851972744e-06	-0.9999999806826549	0.0001964352664057944	0.1953124999999999	0.8300781249999999	0.8789062499999998	14428.61328125	20229307.2265625	20229306.73828125	13631804.98650567	20362325.41556942	20421261.00417491	563.893
1	125.09	3691.502463321032	4513.56126887456	4520.300489052716	4498.308688780068	6.18075050722311e-05	-0.0001991005609511	-0.9999999782693996	0.9999999980889872	1.3756812231591198e-06	6.180723239868069e-05	1.3633753389030725e-06	-0.9999999801785372	0.0001991006455976	0.2581069881028696	4.536191850067056	2.287236645505852	5.538875356525736	-1.0042363171067217	12.099991847187358	-1.2041500964627423	-6.277438717525325	1.6931808750688164	5.50347492821874	-7823.75405	20165450.209195983	13663691.000094296	246.21965079413735	-1.2697951155548	-1.5705878532929405	0.3009998417140569	0	4.34499995216127e-10	0	4.3820371046357355e-10	0.0002808510406859	2.1981876736909296	0.0061260948591266	-2.5311601220010024e-06	0	0	0	0	0	0	0.2098359012069659	0.0263855244319735	0.0015451931004345	0.5891461720423038	0.0288576376286612	0.0023154248712063	0.0781040895547566	0.0002243503867746	0.0002163905984633	0.0633693161784596	0	-296.4877115571781	-1.5710320221221237	-5.011560708737396	1679.6800506556497	-2.736116104707948e-05	2174.207373078797	563.1626081400051	-1	0	0	-1	0	0	-1	0	0	-1	0	0	12045	3.865931893308993	0.7671317849941387	1	17.065179175759397	210306956	151.79814355184558	-0.7507248024962223	-0.5390414867796238	1	3691.502463321032	24.82210904624852	0.4299274351226336	0.440509237498375	0.4471768557557052	0.4497400299549358	0.4466217834373835	0.3924605855066331	0	0.0040855735202076	-5978953.083871303	-7259203.760351969	-6055366.116591227	-0.09841158153088081	-1.331719004353727	-2.532685839621262	0	0	-4.447546283742883	1.464426396041786	0	0	0	-0	0	-0	-0	-0	-1.387646883377161e-07	success	non_bfb	success	176.4862953615486	66	8.254640877878676e-09	242.0501095015244	0	0	5.623151825723322e-09	-262.7349660949922	-262.7349660949922	-262.7349660949922	14859.30320171502	20232452.81169501	20232452.81169501	13628416.18727471	20365291.13196986	20424127.82210246	4922.471778301405	4922.471778301405	4922.471778301405	20044.50994611142	20240306.02851953	20240306.02851953	13636161.44492187	20373144.34879398	20431981.03892283	0	0	0	2.523510539656494e-07	2.523510539656494e-07	0.01078879572353346	0.01078879572353346	3.051068884335514	3.051068884335514	0.009664182993974629	0.009664182993974629	0.009664182993974629	0.009664182993974629	0.009664182993974629	0.009664182993974629	2.203530364456156	2.203530364456156	23.39350792253475	23.39350792253475	28756.98452144576	28756.98452144576	0	6244.751730739074	6244.751730739074	8035.940562484065	1529.624368132485	9959.098683376471	9959.098683376471	11286.05326426795	0.3009190795839091	-1.570591084077933	0.300917708218628	6.083355337970636e-05	-0.0001960200257994069	-0.9999999789377136	0.9999999981487072	1.377327553701676e-06	6.083328456458949e-05	1.365402982682195e-06	-0.9999999807871259	0.0001960201092242457	0.3006782529813948	-1.570590780905126	0.3006752185192193	6.087613489251086e-05	-0.0001963242419107359	-0.9999999788754437	0.9999999981424622	3.040437867315129e-06	6.087553915374092e-05	3.028486459011963e-06	-0.9999999807237736	0.0001963244266360508	0.2441406249999999	0.09765625	0.6835937499999999	14375.29296875	20228933.88671875	20228934.27734375	13632121.78372926	20361654.51712595	20420457.48820728	565.054
1	125.09	3691.502463321032	4513.56126887456	4520.300489052716	4498.308688780068	6.18075050722311e-05	-0.0001991005609511	-0.9999999782693996	0.9999999980889872	1.3756812231591198e-06	6.180723239868069e-05	1.3633753389030725e-06	-0.9999999801785372	0.0001991006455976	0.2581069881028696	4.536191850067056	2.287236645505852	5.538875356525736	-1.0042363171067217	12.099991847187358	-1.2041500964627423	-6.277438717525325	1.6931808750688164	5.50347492821874	-7823.75405	20165450.209195983	13663691.000094296	246.21965079413735	-1.2697951155548	-1.5705878532929405	0.3009998417140569	0	4.34499995216127e-10	0	4.3820371046357355e-10	0.0002808510406859	2.1981876736909296	0.0061260948591266	-2.5311601220010024e-06	0	0	0	0	0	0	0.2098359012069659	0.0263855244319735	0.0015451931004345	0.5891461720423038	0.0288576376286612	0.0023154248712063	0.0781040895547566	0.0002243503867746	0.0002163905984633	0.0633693161784596	0	-296.4877115571781	-1.5710320221221237	-5.011560708737396	1679.6800506556497	-2.736116104707948e-05	2174.207373078797	563.1626081400051	-1	0	0	-1	0	0	-1	0	0	-1	0	0	12045	3.865931893308993	0.7671317849941387	1	17.065179175759397	210306956	151.79814355184558	-0.7507248024962223	-0.5390414867796238	1	3691.502463321032	24.82210904624852	0.4299274351226336	0.440509237498375	0.4471768557557052	0.4497400299549358	0.4466217834373835	0.3924605855066331	0	0.0040855735202076	-5978953.083871303	-7259203.760351969	-6055366.116591227	-0.09841158153088081	-1.331719004353727	-2.532685839621262	0	0	-4.447546283742883	1.464426396041786	0	0	0	-0	0	-0	-0	-0	-1.387646883377161e-07	success	non_bfb	success	176.4862953615486	67	5.828908751277218e-09	241.7693802234018	0	0	3.477630960680423e-09	-280.2633079757743	-280.2633079757743	-280.2633079757743	14806.71817607267	20232297.48282856	20232297.48282856	13628497.96312518	20364827.85050448	20423528.14243123	5063.261273198565	5063.261273198565	5063.261273198565	20150.24275724701	20240390.478771	20240390.478771	13636479.70361603	20372920.84644652	20431621.13836941	0	0	0	2.517660408214157e-07	2.517660408214157e-07	0.01076378458444951	0.01076378458444951	3.043995740105486	3.043995740105486	0.00964177898974755	0.00964177898974755	0.00964177898974755	0.00964177898974755	0.00964177898974755	0.00964177898974755	2.198422027452339	2.198422027452339	23.33927589374251	23.33927589374251	28690.31860636756	28690.31860636756	0	6230.274827284352	6230.274827284352	8017.311233295793	1572.821960277	10058.03044491274	10058.03044491274	11370.16413685134	0.3009135960756459	-1.57059130200846	0.3009122245868385	6.076788544572345e-05	-0.000195812222350124	-0.9999999789824185	0.9999999981526997	1.377438321174849e-06	6.07676168913945e-05	1.365539250114002e-06	-0.9999999808278378	0.0001958123056924141	0.301248994638605	-1.570590980375599	0.3012542768630511	6.092898987572221e-05	-0.0001960989780910562	-0.9999999789164241	0.9999999981298465	-5.276250312749764e-06	6.09300257136923e-05	-5.288198517285057e-06	-0.9999999807586758	0.0001960986562476082	0.3906249999999999	0.3906249999999999	0.3906249999999999	14320.5078125	20228546.6796875	20228547.16796875	13632451.66714717	20360956.56794561	20419621.55006346	566.0890000000001
1	125.09	3691.502463321032	4513.56126887456	4520.300489052716	4498.308688780068	6.18075050722311e-05	-0.0001991005609511	-0.9999999782693996	0.9999999980889872	1.3756812231591198e-06	6.180723239868069e-05	1.3633753389030725e-06	-0.9999999801785372	0.0001991006455976	0.2581069881028696	4.536191850067056	2.287236645505852	5.538875356525736	-1.0042363171067217	12.099991847187358	-1.2041500964627423	-6.277438717525325	1.6931808750688164	5.50347492821874	-7823.75405	20165450.209195983	13663691.000094296	246.21965079413735	-1.2697951155548	-1.5705878532929405	0.3009998417140569	0	4.34499995216127e-10	0	4.3820371046357355e-10	0.0002808510406859	2.1981876736909296	0.0061260948591266	-2.5311601220010024e-06	0	0	0	0	0	0	0.2098359012069659	0.0263855244319735	0.0015451931004345	0.5891461720423038	0.0288576376286612	0.0023154248712063	0.0781040895547566	0.0002243503867746	0.0002163905984633	0.0633693161784596	0	-296.4877115571781	-1.5710320221221237	-5.011560708737396	1679.6800506556497	-2.736116104707948e-05	2174.207373078797	563.1626081400051	-1	0	0	-1	0	0	-1	0	0	-1	0	0	12045	3.865931893308993	0.7671317849941387	1	17.065179175759397	210306956	151.79814355184558	-0.7507248024962223	-0.5390414867796238	1	3691.502463321032	24.82210904624852	0.4299274351226336	0.440509237498375	0.4471768557557052	0.4497400299549358	0.4466217834373835	0.3924605855066331	0	0.0040855735202076	-5978953.083871303	-7259203.760351969	-6055366.116591227	-0.09841158153088081	-1.331719004353727	-2.532685839621262	0	0	-4.447546283742883	1.464426396041786	0	0	0	-0	0	-0	-0	-0	-1.387646883377161e-07	success	non_bfb	success	176.4862953615486	68	1.006732701531283e-08	241.4772251584897	0	0	1.141623051519244e-08	-298.4834601173461	-298.4834601173461	-298.4834601173461	14752.05771964796	20232136.02342767	20232136.02342767	13628582.96651283	20364346.28420225	20422904.79454571	5205.739677184982	5205.739677184982	5205.739677184982	20256.28085695029	20240472.40418905	20240472.40418905	13636804.74598033	20372682.66496321	20431241.17530271	0	0	0	2.511579383228878e-07	2.511579383228878e-07	0.01073778630335463	0.01073778630335463	3.036643432347747	3.036643432347747	0.009618490742155499	0.009618490742155499	0.009618490742155499	0.009618490742155499	0.009618490742155499	0.009618490742155499	2.193112074118876	2.193112074118876	23.28290343009129	23.28290343009129	28621.02151462646	28621.02151462646	0	6215.226548030223	6215.226548030223	7997.946639975201	1616.478396183981	10158.09622410812	10158.09622410812	11455.27545483192	0.3009078924980758	-1.570591528874762	0.300906520880842	6.069952829502231e-05	-0.000195595895434923	-0.999999979028906	0.999999998156851	1.377553495787142e-06	6.069926001226258e-05	1.365680940784003e-06	-0.9999999808701737	0.0001955959786912581	0.3003230771313183	-1.570591364227278	0.3003283813659561	6.06338379095326e-05	-0.0001957886399241238	-0.999999978995173	0.9999999981476699	-5.298298806061723e-06	6.06348764175613e-05	-5.310170314757635e-06	-0.9999999808193684	0.0001957883183050454	0.4882812499999999	0.3417968749999999	0.5371093749999999	14263.8671875	20228144.04296875	20228144.18945312	13632795.3206082	20360230.68879401	20418752.50622279	568.0359999999999
1	125.09	3691.502463321032	4513.56126887456	4520.300489052716	4498.308688780068	6.18075050722311e-05	-0.0001991005609511	-0.9999999782693996	0.9999999980889872	1.3756812231591198e-06	6.180723239868069e-05	1.3633753389030725e-06	-0.9999999801785372	0.0001991006455976	0.2581069881028696	4.536191850067056	2.287236645505852	5.538875356525736	-1.0042363171067217	12.099991847187358	-1.2041500964627423	-6.277438717525325	1.6931808750688164	5.50347492821874	-7823.75405	20165450.209195983	13663691.000094296	246.21965079413735	-1.2697951155548	-1.5705878532929405	0.3009998417140569	0	4.34499995216127e-10	0	4.3820371046357355e-10	0.0002808510406859	2.1981876736909296	0.0061260948591266	-2.5311601220010024e-06	0	0	0	0	0	0	0.2098359012069659	0.0263855244319735	0.0015451931004345	0.5891461720423038	0.0288576376286612	0.0023154248712063	0.0781040895547566	0.0002243503867746	0.0002163905984633	0.0633693161784596	0	-296.4877115571781	-1.5710320221221237	-5.011560708737396	1679.6800506556497	-2.736116104707948e-05	2174.207373078797	563.1626081400051	-1	0	0	-1	0	0	-1	0	0	-1	0	0	12045	3.865931893308993	0.7671317849941387	1	17.065179175759397	210306956	151.79814355184558	-0.7507248024962223	-0.5390414867796238	1	3691.502463321032	24.82210904624852	0.4299274351226336	0.440509237498375	0.4471768557557052	0.4497400299549358	0.4466217834373835	0.3924605855066331	0	0.0040855735202076	-5978953.083871303	-7259203.760351969	-6055366.116591227	-0.09841158153088081	-1.331719004353727	-2.532685839621262	0	0	-4.447546283742883	1.464426396041786	0	0	0	-0	0	-0	-0	-0	-1.387646883377161e-07	success	non_bfb	success	176.4862953615486	69	5.210955536557509e-09	241.1734563990692	0	0	4.749901339089419e-11	-317.4045347461943	-317.4045347461943	-317.4045347461943	14695.29449576142	20231968.35274358	20231968.35274358	13628671.23994938	20363846.1922232	20422257.46669836	5349.897878034164	5349.897878034164	5349.897878034164	20362.59690854177	20240551.72402493	20240551.72402493	13637136.61452653	20372429.5635041	20430840.8379752	0	0	0	2.505264423470455e-07	2.505264423470455e-07	0.01071078787803985	0.01071078787803985	3.029008284040668	3.029008284040668	0.009594306604326107	0.009594306604326107	0.009594306604326107	0.009594306604326107	0.009594306604326107	0.009594306604326107	2.187597848852395	2.187597848852395	23.22436233869594	23.22436233869594	28549.05858949787	28549.05858949787	0	6199.599367060999	6199.599367060999	7977.837097940129	1660.586678735948	10259.28849504691	10259.28849504691	11541.384530745	0.3009019712523552	-1.570591764834652	0.3009005995017099	6.062843591210856e-05	-0.0001953708978019356	-0.9999999790772023	0.9999999981611636	1.37767313770095e-06	6.062816791189626e-05	1.36582812927914e-06	-0.999999980914157	0.0001953709809688481	0.300530114539288	-1.570591614431633	0.3005454728051487	6.06003050369619e-05	-0.0001955370900548228	-0.9999999790464242	0.9999999980457723	-1.535234034950292e-05	6.060330814045001e-05	-1.536419022233797e-05	-0.9999999807647757	0.0001955361593164132	-0.3906249999999999	0.2441406249999999	-0.2929687499999999	14205.419921875	20227724.90234375	20227724.95117187	13633150.88776199	20359476.2942192	20417849.57583128	569.867
1	125.09	3691.502463321032	4513.56126887456	4520.300489052716	4498.308688780068	6.18075050722311e-05	-0.0001991005609511	-0.9999999782693996	0.9999999980889872	1.3756812231591198e-06	6.180723239868069e-05	1.3633753389030725e-06	-0.9999999801785372	0.0001991006455976	0.2581069881028696	4.536191850067056	2.287236645505852	5.538875356525736	-1.0042363171067217	12.099991847187358	-1.2041500964627423	-6.277438717525325	1.6931808750688164	5.50347492821874	-7823.75405	20165450.209195983	13663691.000094296	246.21965079413735	-1.2697951155548	-1.5705878532929405	0.3009998417140569	0	4.34499995216127e-10	0	4.3820371046357355e-10	0.0002808510406859	2.1981876736909296	0.0061260948591266	-2.5311601220010024e-06	0	0	0	0	0	0	0.2098359012069659	0.0263855244319735	0.0015451931004345	0.5891461720423038	0.0288576376286612	0.0023154248712063	0.0781040895547566	0.0002243503867746	0.0002163905984633	0.0633693161784596	0	-296.4877115571781	-1.5710320221221237	-5.011560708737396	1679.6800506556497	-2.736116104707948e-05	2174.207373078797	563.1626081400051	-1	0	0	-1	0	0	-1	0	0	-1	0	0	12045	3.865931893308993	0.7671317849941387	1	17.065179175759397	210306956	151.79814355184558	-0.7507248024962223	-0.5390414867796238	1	3691.502463321032	24.82210904624852	0.4299274351226336	0.440509237498375	0.4471768557557052	0.4497400299549358	0.4466217834373835	0.3924605855066331	0	0.0040855735202076	-5978953.083871303	-7259203.760351969	-6055366.116591227	-0.09841158153088081	-1.331719004353727	-2.532685839621262	0	0	-4.447546283742883	1.464426396041786	0	0	0	-0	0	-0	-0	-0	-1.387646883377161e-07	success	non_bfb	success	176.4862953615486	70	5.271297322450489e-09	240.8579516697821	0	0	5.062468979305209e-09	-337.0314016615957	-337.0314016615957	-337.0314016615957	14636.41389501521	20231794.42762215	20231794.42762215	13628762.80615416	20363327.44585643	20421585.99228358	5495.73100594684	5495.73100594684	5495.73100594684	20469.17630262365	20240628.39512449	20240628.39512449	13637475.33197395	20372161.41335833	20430419.95978129	0	0	0	2.498713903630228e-07	2.498713903630228e-07	0.01068278235980303	0.01068278235980303	3.02108833009292	3.02108833009292	0.009569220351882624	0.009569220351882624	0.009569220351882624	0.009569220351882624	0.009569220351882624	0.009569220351882624	2.181877932432757	2.181877932432757	23.16363755258115	23.16363755258115	28474.41130957073	28474.41130957073	0	6183.389262341141	6183.389262341141	7956.977431510283	1705.139858919919	10361.60323569358	10361.60323569358	11628.49313792329	0.3008958273670704	-1.570592009989733	0.3008944554779707	6.05545775156386e-05	-0.0001951371303186895	-0.9999999791273216	0.9999999981656388	1.377797280218925e-06	6.055430980908029e-05	1.365980857216033e-06	-0.9999999809598007	0.0001951372133926697	0.3009304565382875	-1.570591745613619	0.3009324367102885	6.063969837014418e-05	-0.0001953875277545368	-0.9999999790732702	0.9999999981594412	-1.974247842424329e-06	6.064008527093771e-05	-1.986096117453691e-06	-0.999999980909908	0.000195387407677232	0.2441406249999999	1.171875	0.5859374999999999	14146.337890625	20227292.08984375	20227291.50390625	13633521.00536806	20358695.1419169	20416915.39568378	571.941
1	125.09	3691.502463321032	4513.56126887456	4520.300489052716	4498.308688780068	6.18075050722311e-05	-0.0001991005609511	-0.9999999782693996	0.9999999980889872	1.3756812231591198e-06	6.180723239868069e-05	1.3633753389030725e-06	-0.9999999801785372	0.0001991006455976	0.2581069881028696	4.536191850067056	2.287236645505852	5.538875356525736	-1.0042363171067217	12.099991847187358	-1.2041500964627423	-6.277438717525325	1.6931808750688164	5.50347492821874	-7823.75405	20165450.209195983	13663691.000094296	246.21965079413735	-1.2697951155548	-1.5705878532929405	0.3009998417140569	0	4.34499995216127e-10	0	4.3820371046357355e-10	0.0002808510406859	2.1981876736909296	0.0061260948591266	-2.5311601220010024e-06	0	0	0	0	0	0	0.2098359012069659	0.0263855244319735	0.0015451931004345	0.5891461720423038	0.0288576376286612	0.0023154248712063	0.0781040895547566	0.0002243503867746	0.0002163905984633	0.0633693161784596	0	-296.4877115571781	-1.5710320221221237	-5.011560708737396	1679.6800506556497	-2.736116104707948e-05	2174.207373078797	563.1626081400051	-1	0	0	-1	0	0	-1	0	0	-1	0	0	12045	3.865931893308993	0.7671317849941387	1	17.065179175759397	210306956	151.79814355184558	-0.7507248024962223	-0.5390414867796238	1	3691.502463321032	24.82210904624852	0.4299274351226336	0.440509237498375	0.4471768557557052	0.4497400299549358	0.4466217834373835	0.3924605855066331	0	0.0040855735202076	-5978953.083871303	-7259203.760351969	-6055366.116591227	-0.09841158153088081	-1.331719004353727	-2.532685839621262	0	0	-4.447546283742883	1.464426396041786	0	0	0	-0	0	-0	-0	-0	-1.387646883377161e-07	success	non_bfb	success	176.4862953615486	71	5.893067270755492e-09	240.530540426581	0	0	-1.277644127680592e-08	-357.3717815674208	-357.3717815674208	-357.3717815674208	14575.39275529774	20231614.17964574	20231614.17964574	13628857.70114698	20362789.84104054	20420890.10716064	5643.231340219135	5643.231340219135	5643.231340219135	20575.99587708429	20240702.34907008	20240702.34907008	13637820.93434238	20371878.01046441	20429978.27658024	0	0	0	2.49192524690243e-07	2.49192524690243e-07	0.01065375873199469	0.01065375873199469	3.012880454998631	3.012880454998631	0.009543222116539546	0.009543222116539546	0.009543222116539546	0.009543222116539546	0.009543222116539546	0.009543222116539546	2.175950074792182	2.175950074792182	23.10070518418029	23.10070518418029	28397.05031052799	28397.05031052799	0	6166.589857233015	6166.589857233015	7935.359435030222	1750.130929437315	10465.0340694105	10465.0340694105	11716.60007800989	0.3008894569274143	-1.57059226448087	0.3008880848948264	6.047791091264541e-05	-0.0001948944576410914	-0.9999999791792861	0.9999999981702778	1.377925974894175e-06	6.047764351104108e-05	1.366139188673277e-06	-0.9999999810071257	0.000194894540618573	0.3010025501813773	-1.570592001729933	0.3010129493469308	6.057785160196172e-05	-0.0001951385541132197	-0.999999979125634	0.999999998111029	-1.039325520318074e-05	6.057988087682098e-05	-1.040507645659078e-05	-0.9999999809064622	0.0001951379241438707	0.04882812499999999	0.4882812499999998	0.3906249999999999	14085.009765625	20226841.796875	20226841.30859375	13633904.20925898	20357885.57154354	20415944.64302559	572.6130000000001
1	125.09	3691.502463321032	4513.56126887456	4520.300489052716	4498.308688780068	6.18075050722311e-05	-0.0001991005609511	-0.9999999782693996	0.9999999980889872	1.3756812231591198e-06	6.180723239868069e-05	1.3633753389030725e-06	-0.9999999801785372	0.0001991006455976	0.2581069881028696	4.536191850067056	2.287236645505852	5.538875356525736	-1.0042363171067217	12.099991847187358	-1.2041500964627423	-6.277438717525325	1.6931808750688164	5.50347492821874	-7823.75405	20165450.209195983	13663691.000094296	246.21965079413735	-1.2697951155548	-1.5705878532929405	0.3009998417140569	0	4.34499995216127e-10	0	4.3820371046357355e-10	0.0002808510406859	2.1981876736909296	0.0061260948591266	-2.5311601220010024e-06	0	0	0	0	0	0	0.2098359012069659	0.0263855244319735	0.0015451931004345	0.5891461720423038	0.0288576376286612	0.0023154248712063	0.0781040895547566	0.0002243503867746	0.0002163905984633	0.0633693161784596	0	-296.4877115571781	-1.5710320221221237	-5.011560708737396	1679.6800506556497	-2.736116104707948e-05	2174.207373078797	563.1626081400051	-1	0	0	-1	0	0	-1	0	0	-1	0	0	12045	3.865931893308993	0.7671317849941387	1	17.065179175759397	210306956	151.79814355184558	-0.7507248024962223	-0.5390414867796238	1	3691.502463321032	24.82210904624852	0.4299274351226336	0.440509237498375	0.4471768557557052	0.4497400299549358	0.4466217834373835	0.3924605855066331	0	0.0040855735202076	-5978953.083871303	-7259203.760351969	-6055366.116591227	-0.09841158153088081	-1.331719004353727	-2.532685839621262	0	0	-4.447546283742883	1.464426396041786	0	0	0	-0	0	-0	-0	-0	-1.387646883377161e-07	success	non_bfb	success	176.4862953615486	72	6.260614219802549e-09	240.1910426919423	0	0	9.703485452634173e-09	-378.4338136160459	-378.4338136160459	-378.4338136160459	14512.20665915186	20231427.53668855	20231427.53668855	13628955.96289986	20362233.16265426	20420169.5328728	5792.390741698675	5792.390741698675	5792.390741698675	20683.03121446658	20240773.51373592	20240773.51373592	13638173.45960387	20371579.13970116	20429515.5099153	0	0	0	2.484895736822971e-07	2.484895736822971e-07	0.01062370538088243	0.01062370538088243	3.004381374397019	3.004381374397019	0.009516301495167733	0.009516301495167733	0.009516301495167733	0.009516301495167733	0.009516301495167733	0.009516301495167733	2.169811903913194	2.169811903913194	23.03554005126282	23.03554005126282	28316.94463655848	28316.94463655848	0	6149.194429496492	6149.194429496492	7912.974458112468	1795.552859886383	10569.57427395753	10569.57427395753	11805.70373101912	0.3008828618484563	-1.570592528460706	0.3008814896671966	6.039839157306014e-05	-0.0001946427369254296	-0.9999999792331196	0.999999998175084	1.378059276072076e-06	6.039812448788845e-05	1.366303191198599e-06	-0.9999999810561527	0.0001946428198027867	0.3010117566515432	-1.570592215311859	0.3010002601671704	6.051632395265294e-05	-0.0001949340164712144	-0.9999999791692513	0.9999999981028702	1.150238260226932e-05	6.051408289275972e-05	1.149058610943473e-05	-0.9999999809342118	0.0001949347121832002	0.4394531249999999	0.6835937499999999	0.1953125	14022.0703125	20226376.07421875	20226375.5859375	13634301.08490791	20357046.11836256	20414940.78501077	573.9640000000001
1	125.09	3691.502463321032	4513.56126887456	4520.300489052716	4498.308688780068	6.18075050722311e-05	-0.0001991005609511	-0.9999999782693996	0.9999999980889872	1.3756812231591198e-06	6.180723239868069e-05	1.3633753389030725e-06	-0.9999999801785372	0.0001991006455976	0.2581069881028696	4.536191850067056	2.287236645505852	5.538875356525736	-1.0042363171067217	12.099991847187358	-1.2041500964627423	-6.277438717525325	1.6931808750688164	5.50347492821874	-7823.75405	20165450.209195983	13663691.000094296	246.21965079413735	-1.2697951155548	-1.5705878532929405	0.3009998417140569	0	4.34499995216127e-10	0	4.3820371046357355e-10	0.0002808510406859	2.1981876736909296	0.0061260948591266	-2.5311601220010024e-06	0	0	0	0	0	0	0.2098359012069659	0.0263855244319735	0.0015451931004345	0.5891461720423038	0.0288576376286612	0.0023154248712063	0.0781040895547566	0.0002243503867746	0.0002163905984633	0.0633693161784596	0	-296.4877115571781	-1.5710320221221237	-5.011560708737396	1679.6800506556497	-2.736116104707948e-05	2174.207373078797	563.1626081400051	-1	0	0	-1	0	0	-1	0	0	-1	0	0	12045	3.865931893308993	0.7671317849941387	1	17.065179175759397	210306956	151.79814355184558	-0.7507248024962223	-0.5390414867796238	1	3691.502463321032	24.82210904624852	0.4299274351226336	0.440509237498375	0.4471768557557052	0.4497400299549358	0.4466217834373835	0.3924605855066331	0	0.0040855735202076	-5978953.083871303	-7259203.760351969	-6055366.116591227	-0.09841158153088081	-1.331719004353727	-2.532685839621262	0	0	-4.447546283742883	1.464426396041786	0	0	0	-0	0	-0	-0	-0	-1.387646883377161e-07	success	non_bfb	success	176.4862953615486	73	1.159666585908538e-08	239.8393515817421	0	0	4.19866311233543e-10	-400.2209370870496	-400.2209370870496	-400.2209370870496	14446.84528873885	20231234.46827313	20231234.46827313	13629057.60745825	20361657.31979598	20419424.15175541	5943.20577110588	5943.20577110588	5943.20577110588	20790.27199693178	20240841.85864454	20240841.85864454	13638532.92380385	20371264.71016692	20429031.54212183	0	0	0	2.477624225523006e-07	2.477624225523006e-07	0.0105926173989684	0.0105926173989684	2.995589700448853	2.995589700448853	0.009488454091821761	0.009488454091821761	0.009488454091821761	0.009488454091821761	0.009488454091821761	0.009488454091821761	2.163462417476279	2.163462417476279	22.96813151282743	22.96813151282743	28234.08120697712	28234.08120697712	0	6131.200138582324	6131.200138582324	7889.818845449997	1841.398696200104	10675.22100878542	10675.22100878542	11895.80739571094	0.3008760347714288	-1.570592802018532	0.3008746624363651	6.031599195387236e-05	-0.0001943818789989418	-0.9999999792888328	0.9999999981800568	1.37819720830668e-06	6.031572519674643e-05	1.36647289576568e-06	-0.9999999811068926	0.0001943819617725096	0.3009686565004105	-1.570592491174918	0.3009689726574374	6.04261438592428e-05	-0.0001946731636856268	-0.9999999792255201	0.9999999981742888	-3.102753329587258e-07	6.04262054065283e-05	-3.220386870889231e-07	-0.9999999810511312	0.0001946731445818009	-0.1953125	-0.2441406249999999	0.8300781249999999	13958.056640625	20225894.43359375	20225893.9453125	13634711.73026117	20356179.12610471	20413902.8936341	575.696
1	125.09	3691.502463321032	4513.56126887456	4520.300489052716	4498.308688780068	6.18075050722311e-05	-0.0001991005609511	-0.9999999782693996	0.9999999980889872	1.3756812231591198e-06	6.180723239868069e-05	1.3633753389030725e-06	-0.9999999801785372	0.0001991006455976	0.2581069881028696	4.536191850067056	2.287236645505852	5.538875356525736	-1.0042363171067217	12.099991847187358	-1.2041500964627423	-6.277438717525325	1.6931808750688164	5.50347492821874	-7823.75405	20165450.209195983	13663691.000094296	246.21965079413735	-1.2697951155548	-1.5705878532929405	0.3009998417140569	0	4.34499995216127e-10	0	4.3820371046357355e-10	0.0002808510406859	2.1981876736909296	0.0061260948591266	-2.5311601220010024e-06	0	0	0	0	0	0	0.2098359012069659	0.0263855244319735	0.0015451931004345	0.5891461720423038	0.0288576376286612	0.0023154248712063	0.0781040895547566	0.0002243503867746	0.0002163905984633	0.0633693161784596	0	-296.4877115571781	-1.5710320221221237	-5.011560708737396	1679.6800506556497	-2.736116104707948e-05	2174.207373078797	563.1626081400051	-1	0	0	-1	0	0	-1	0	0	-1	0	0	12045	3.865931893308993	0.7671317849941387	1	17.065179175759397	210306956	151.79814355184558	-0.7507248024962223	-0.5390414867796238	1	3691.502463321032	24.82210904624852	0.4299274351226336	0.440509237498375	0.4471768557557052	0.4497400299549358	0.4466217834373835	0.3924605855066331	0	0.0040855735202076	-5978953.083871303	-7259203.760351969	-6055366.116591227	-0.09841158153088081	-1.331719004353727	-2.532685839621262	0	0	-4.447546283742883	1.464426396041786	0	0	0	-0	0	-0	-0	-0	-1.387646883377161e-07	success	non_bfb	success	176.4862953615486	74	8.832387408555342e-09	239.4752967956692	0	0	-3.28203188534229e-09	-422.7403577665964	-422.7403577665964	-422.7403577665964	14379.28702670021	20231034.91054479	20231034.91054479	13629162.6684397	20361062.12201376	20418653.71728407	6095.669222654586	6095.669222654586	6095.669222654586	20897.69660712139	20240907.31994127	20240907.31994127	13638899.36055986	20370934.53140976	20428526.12667544	0	0	0	2.470108308051938e-07	2.470108308051938e-07	0.01056048450433769	0.01056048450433769	2.986502525431018	2.986502525431018	0.009459670696362714	0.009459670696362714	0.009459670696362714	0.009459670696362714	0.009459670696362714	0.009459670696362714	2.156899515477662	2.156899515477662	22.89845727444344	22.89845727444344	28148.4326158643	28148.4326158643	0	6112.601033130627	6112.601033130627	7865.884938647982	1887.66141106391	10781.9683225343	10781.9683225343	11986.91044100511	0.3008689789247115	-1.570593085301181	0.3008676064306001	6.02306695363106e-05	-0.0001941117471816313	-0.9999999793464477	0.9999999981851994	1.378339820248357e-06	6.023040311902306e-05	1.366648362997856e-06	-0.9999999811593646	0.0001941118298476874	0.3008359706957612	-1.570592756259689	0.300834595254104	6.032176337751258e-05	-0.0001944280014955796	-0.9999999792795187	0.9999999981797048	1.381305745405236e-06	6.032149595308536e-05	1.369577528878534e-06	-0.999999981097922	0.0001944280844644615	0.2441406249999999	0.5859374999999999	0.3906249999999999	13892.578125	20225395.41015625	20225395.75195312	13635135.65683524	20355282.15335884	20412829.45543092	577.14
1	125.09	3691.502463321032	4513.56126887456	4520.300489052716	4498.308688780068	6.18075050722311e-05	-0.0001991005609511	-0.9999999782693996	0.9999999980889872	1.3756812231591198e-06	6.180723239868069e-05	1.3633753389030725e-06	-0.9999999801785372	0.0001991006455976	0.2581069881028696	4.536191850067056	2.287236645505852	5.538875356525736	-1.0042363171067217	12.099991847187358	-1.2041500964627423	-6.277438717525325	1.6931808750688164	5.50347492821874	-7823.75405	20165450.209195983	13663691.000094296	246.21965079413735	-1.2697951155548	-1.5705878532929405	0.3009998417140569	0	4.34499995216127e-10	0	4.3820371046357355e-10	0.0002808510406859	2.1981876736909296	0.0061260948591266	-2.5311601220010024e-06	0	0	0	0	0	0	0.2098359012069659	0.0263855244319735	0.0015451931004345	0.5891461720423038	0.0288576376286612	0.0023154248712063	0.0781040895547566	0.0002243503867746	0.0002163905984633	0.0633693161784596	0	-296.4877115571781	-1.5710320221221237	-5.011560708737396	1679.6800506556497	-2.736116104707948e-05	2174.207373078797	563.1626081400051	-1	0	0	-1	0	0	-1	0	0	-1	0	0	12045	3.865931893308993	0.7671317849941387	1	17.065179175759397	210306956	151.79814355184558	-0.7507248024962223	-0.5390414867796238	1	3691.502463321032	24.82210904624852	0.4299274351226336	0.440509237498375	0.4471768557557052	0.4497400299549358	0.4466217834373835	0.3924605855066331	0	0.0040855735202076	-5978953.083871303	-7259203.760351969	-6055366.116591227	-0.09841158153088081	-1.331719004353727	-2.532685839621262	0	0	-4.447546283742883	1.464426396041786	0	0	0	-0	0	-0	-0	-0	-1.387646883377161e-07	success	non_bfb	success	176.4862953615486	75	1.014016420639361e-08	239.0987530334173	0	0	-6.412442494574412e-09	-445.9963230603561	-445.9963230603561	-445.9963230603561	14309.51913081893	20230828.8258648	20230828.8258648	13629271.16565983	20360447.45704686	20417858.08414653	6249.776848939124	6249.776848939124	6249.776848939124	21005.29230281841	20240969.85998737	20240969.85998737	13639272.78968757	20370588.49116894	20427999.11826386	0	0	0	2.462346566826656e-07	2.462346566826656e-07	0.01052730063637972	0.01052730063637972	2.97711813540428	2.97711813540428	0.009429945879931708	0.009429945879931708	0.009429945879931708	0.009429945879931708	0.009429945879931708	0.009429945879931708	2.150121960083228	2.150121960083228	22.82650419479789	22.82650419479789	28059.98270897178	28059.98270897178	0	6093.393605149476	6093.393605149476	7841.168223513423	1934.334032295026	10889.81270721223	10889.81270721223	12079.01532489139	0.3008616918151194	-1.570593378416663	0.300860319156711	6.014239221122444e-05	-0.0001938322376449752	-0.999999979405978	0.9999999981905122	1.378487141846105e-06	6.014212614571714e-05	1.366829630569959e-06	-0.9999999812135815	0.0001938323201997525	0.3008443326313085	-1.570592965799755	0.3008225272185039	6.026129684882919e-05	-0.0001942273671524819	-0.9999999793221529	0.9999999979466774	2.181126516744011e-05	6.025706162660072e-05	2.179956114599802e-05	-0.9999999808999993	0.0001942286811290165	0.244140625	0.5859374999999999	0.6835937499999999	13826.416015625	20224883.0078125	20224882.12890625	13635573.93872601	20354356.95796523	20411721.15409001	578.404
1	125.09	3691.502463321032	4513.56126887456	4520.300489052716	4498.308688780068	6.18075050722311e-05	-0.0001991005609511	-0.9999999782693996	0.9999999980889872	1.3756812231591198e-06	6.180723239868069e-05	1.3633753389030725e-06	-0.9999999801785372	0.0001991006455976	0.2581069881028696	4.536191850067056	2.287236645505852	5.538875356525736	-1.0042363171067217	12.099991847187358	-1.2041500964627423	-6.277438717525325	1.6931808750688164	5.50347492821874	-7823.75405	20165450.209195983	13663691.000094296	246.21965079413735	-1.2697951155548	-1.5705878532929405	0.3009998417140569	0	4.34499995216127e-10	0	4.3820371046357355e-10	0.0002808510406859	2.1981876736909296	0.0061260948591266	-2.5311601220010024e-06	0	0	0	0	0	0	0.2098359012069659	0.0263855244319735	0.0015451931004345	0.5891461720423038	0.0288576376286612	0.0023154248712063	0.0781040895547566	0.0002243503867746	0.0002163905984633	0.0633693161784596	0	-296.4877115571781	-1.5710320221221237	-5.011560708737396	1679.6800506556497	-2.736116104707948e-05	2174.207373078797	563.1626081400051	-1	0	0	-1	0	0	-1	0	0	-1	0	0	12045	3.865931893308993	0.7671317849941387	1	17.065179175759397	210306956	151.79814355184558	-0.7507248024962223	-0.5390414867796238	1	3691.502463321032	24.82210904624852	0.4299274351226336	0.440509237498375	0.4471768557557052	0.4497400299549358	0.4466217834373835	0.3924605855066331	0	0.0040855735202076	-5978953.083871303	-7259203.760351969	-6055366.116591227	-0.09841158153088081	-1.331719004353727	-2.532685839621262	0	0	-4.447546283742883	1.464426396041786	0	0	0	-0	0	-0	-0	-0	-1.387646883377161e-07	success	non_bfb	success	176.4862953615486	76	1.706240539433191e-09	238.7095873181989	0	0	-6.968178420218565e-10	-469.9933846604763	-469.9933846604763	-469.9933846604763	14237.52794601857	20230616.17389796	20230616.17389796	13629383.12035395	20359813.20459214	20417037.09662025	6405.524098267345	6405.524098267345	6405.524098267345	21113.04542894639	20241029.43844764	20241029.43844764	13639653.23242223	20370226.46914131	20427450.36116457	0	0	0	2.454337482707613e-07	2.454337482707613e-07	0.01049305930029847	0.01049305930029847	2.967434693641851	2.967434693641851	0.009399273824743416	0.009399273824743416	0.009399273824743416	0.009399273824743416	0.009399273824743416	0.009399273824743416	2.143128424779746	2.143128424779746	22.75225819112691	22.75225819112691	27968.71417475213	27968.71417475213	0	6073.574095332472	6073.574095332472	7815.663862454035	1981.409586067317	10998.75040351282	10998.75040351282	12172.12418360365	0.3008541682215348	-1.570593681477772	0.3008527953935464	6.005112594219958e-05	-0.0001935432403548268	-0.9999999794674378	0.9999999981959967	1.378639205100164e-06	6.005086024056441e-05	1.367016738716115e-06	-0.9999999812695565	0.0001935433227945106	0.301242216515421	-1.570593330511392	0.3012476708343972	6.023035962449824e-05	-0.0001938550876654054	-0.9999999793962545	0.9999999981712454	-5.448480846416498e-06	6.023141697107572e-05	-5.460156900774521e-06	-0.9999999811952595	0.0001938547591465982	-0.2441406249999999	0.9277343749999998	0.6835937499999999	13757.32421875	20224351.46484375	20224351.46484375	13636025.79526391	20353400.80561689	20410577.40302546	580.348
1	125.09	3691.502463321032	4513.56126887456	4520.300489052716	4498.308688780068	6.18075050722311e-05	-0.0001991005609511	-0.9999999782693996	0.9999999980889872	1.3756812231591198e-06	6.180723239868069e-05	1.3633753389030725e-06	-0.9999999801785372	0.0001991006455976	0.2581069881028696	4.536191850067056	2.287236645505852	5.538875356525736	-1.0042363171067217	12.099991847187358	-1.2041500964627423	-6.277438717525325	1.6931808750688164	5.50347492821874	-7823.75405	20165450.209195983	13663691.000094296	246.21965079413735	-1.2697951155548	-1.5705878532929405	0.3009998417140569	0	4.34499995216127e-10	0	4.3820371046357355e-10	0.0002808510406859	2.1981876736909296	0.0061260948591266	-2.5311601220010024e-06	0	0	0	0	0	0	0.2098359012069659	0.0263855244319735	0.0015451931004345	0.5891461720423038	0.0288576376286612	0.0023154248712063	0.0781040895547566	0.0002243503867746	0.0002163905984633	0.0633693161784596	0	-296.4877115571781	-1.5710320221221237	-5.011560708737396	1679.6800506556497	-2.736116104707948e-05	2174.207373078797	563.1626081400051	-1	0	0	-1	0	0	-1	0	0	-1	0	0	12045	3.865931893308993	0.7671317849941387	1	17.065179175759397	210306956	151.79814355184558	-0.7507248024962223	-0.5390414867796238	1	3691.502463321032	24.82210904624852	0.4299274351226336	0.440509237498375	0.4471768557557052	0.4497400299549358	0.4466217834373835	0.3924605855066331	0	0.0040855735202076	-5978953.083871303	-7259203.760351969	-6055366.116591227	-0.09841158153088081	-1.331719004353727	-2.532685839621262	0	0	-4.447546283742883	1.464426396041786	0	0	0	-0	0	-0	-0	-0	-1.387646883377161e-07	success	non_bfb	success	176.4862953615486	77	4.013067163562649e-09	238.3076578654093	0	0	4.570041303884328e-10	-494.7364600917663	-494.7364600917663	-494.7364600917663	14163.2987197247	20230396.9110672	20230396.9110672	13629498.55546402	20359159.23467733	20416190.58646685	6562.906053114441	6562.906053114441	6562.906053114441	21220.94123293091	20241086.01174502	20241086.01174502	13640040.71170584	20369848.33535463	20426879.68713917	0	0	0	2.446079414457621e-07	2.446079414457621e-07	0.01045775347929236	0.01045775347929236	2.957450215793901	2.957450215793901	0.009367648245420291	0.009367648245420291	0.009367648245420291	0.009367648245420291	0.009367648245420291	0.009367648245420291	2.135917476438281	2.135917476438281	22.67570404879417	22.67570404879417	27874.60831027875	27874.60831027875	0	6053.138442226892	6053.138442226892	7789.366629066255	2028.881096326823	11108.77734998335	11108.77734998335	12266.23876679226	0.3008464106856986	-1.570593994609861	0.3008450376827894	5.995683449456883e-05	-0.0001932446382098143	-0.9999999795308435	0.9999999982016544	1.3787960444674e-06	5.995656916906074e-05	1.367209730727231e-06	-0.9999999813273041	0.0001932447205305399	0.3007820118161426	-1.570593476267574	0.3007823474802055	6.009795745213261e-05	-0.0001937435721576916	-0.9999999794258319	0.9999999981940595	-3.298422484917684e-07	6.00980224848835e-05	-3.414858472613727e-07	-0.9999999812316597	0.0001937435519847347	0.3417968749999999	0.7324218749999999	0.3906249999999999	13688.134765625	20223804.6875	20223804.93164062	13636492.49494949	20352416.13753758	20409398.78938795	582.316
1	125.09	3691.502463321032	4513.56126887456	4520.300489052716	4498.308688780068	6.18075050722311e-05	-0.0001991005609511	-0.9999999782693996	0.9999999980889872	1.3756812231591198e-06	6.180723239868069e-05	1.3633753389030725e-06	-0.9999999801785372	0.0001991006455976	0.2581069881028696	4.536191850067056	2.287236645505852	5.538875356525736	-1.0042363171067217	12.099991847187358	-1.2041500964627423	-6.277438717525325	1.6931808750688164	5.50347492821874	-7823.75405	20165450.209195983	13663691.000094296	246.21965079413735	-1.2697951155548	-1.5705878532929405	0.3009998417140569	0	4.34499995216127e-10	0	4.3820371046357355e-10	0.0002808510406859	2.1981876736909296	0.0061260948591266	-2.5311601220010024e-06	0	0	0	0	0	0	0.2098359012069659	0.0263855244319735	0.0015451931004345	0.5891461720423038	0.0288576376286612	0.0023154248712063	0.0781040895547566	0.0002243503867746	0.0002163905984633	0.0633693161784596	0	-296.4877115571781	-1.5710320221221237	-5.011560708737396	1679.6800506556497	-2.736116104707948e-05	2174.207373078797	563.1626081400051	-1	0	0	-1	0	0	-1	0	0	-1	0	0	12045	3.865931893308993	0.7671317849941387	1	17.065179175759397	210306956	151.79814355184558	-0.7507248024962223	-0.5390414867796238	1	3691.502463321032	24.82210904624852	0.4299274351226336	0.440509237498375	0.4471768557557052	0.4497400299549358	0.4466217834373835	0.3924605855066331	0	0.0040855735202076	-5978953.083871303	-7259203.760351969	-6055366.116591227	-0.09841158153088081	-1.331719004353727	-2.532685839621262	0	0	-4.447546283742883	1.464426396041786	0	0	0	-0	0	-0	-0	-0	-1.387646883377161e-07	success	non_bfb	success	176.4862953615486	78	8.554992748363156e-09	237.8928686270138	0	0	1.251565724331416e-08	-520.2274745177065	-520.2274745177065	-520.2274745177065	14086.82567644688	20230171.02031254	20230171.02031254	13629617.47997163	20358485.49641957	20415318.48782259	6721.920788316929	6721.920788316929	6721.920788316929	21328.97393928151	20241139.56281952	20241139.56281952	13640435.23651997	20369454.038926	20426287.03032396	0	0	0	2.437571719548171e-07	2.437571719548171e-07	0.01042138042635131	0.01042138042635131	2.947163925006632	2.947163925006632	0.009335066681297705	0.009335066681297705	0.009335066681297705	0.009335066681297705	0.009335066681297705	0.009335066681297705	2.12848855400269	2.12848855400269	22.59683581141648	22.59683581141648	27777.65779353649	27777.65779353649	0	6032.08505581321	6032.08505581321	7762.274477263557	2076.741667046143	11219.89195660428	11219.89195660428	12361.36392439812	0.3008384167640593	-1.570594317899332	0.3008370435808978	5.985949222718761e-05	-0.0001929363475501325	-0.9999999795962031	0.9999999982074855	1.378957675464402e-06	5.985922729018645e-05	1.367408626647887e-06	-0.999999981386832	0.0001929364297479976	0.3014444174473937	-1.570593912412886	0.301448197509455	6.009678963344797e-05	-0.0001932872407757675	-0.999999979514209	0.9999999981870216	-3.774254014672276e-06	6.009752027078333e-05	-3.785870021224304e-06	-0.9999999813128986	0.0001932870136047922	0.4882812499999998	0.1953124999999999	0.7812499999999998	13616.748046875	20223240.13671875	20223239.89257812	13636971.50012153	20351401.29378043	20408184.62797305	584.183
1	125.09	3691.502463321032	4513.56126887456	4520.300489052716	4498.308688780068	6.18075050722311e-05	-0.0001991005609511	-0.9999999782693996	0.9999999980889872	1.3756812231591198e-06	6.180723239868069e-05	1.3633753389030725e-06	-0.9999999801785372	0.0001991006455976	0.2581069881028696	4.536191850067056	2.287236645505852	5.538875356525736	-1.0042363171067217	12.099991847187358	-1.2041500964627423	-6.277438717525325	1.6931808750688164	5.50347492821874	-7823.75405	20165450.209195983	13663691.000094296	246.21965079413735	-1.2697951155548	-1.5705878532929405	0.3009998417140569	0	4.34499995216127e-10	0	4.3820371046357355e-10	0.0002808510406859	2.1981876736909296	0.0061260948591266	-2.5311601220010024e-06	0	0	0	0	0	0	0.2098359012069659	0.0263855244319735	0.0015451931004345	0.5891461720423038	0.0288576376286612	0.0023154248712063	0.0781040895547566	0.0002243503867746	0.0002163905984633	0.0633693161784596	0	-296.4877115571781	-1.5710320221221237	-5.011560708737396	1679.6800506556497	-2.736116104707948e-05	2174.207373078797	563.1626081400051	-1	0	0	-1	0	0	-1	0	0	-1	0	0	12045	3.865931893308993	0.7671317849941387	1	17.065179175759397	210306956	151.79814355184558	-0.7507248024962223	-0.5390414867796238	1	3691.502463321032	24.82210904624852	0.4299274351226336	0.440509237498375	0.4471768557557052	0.4497400299549358	0.4466217834373835	0.3924605855066331	0	0.0040855735202076	-5978953.083871303	-7259203.760351969	-6055366.116591227	-0.09841158153088081	-1.331719004353727	-2.532685839621262	0	0	-4.447546283742883	1.464426396041786	0	0	0	-0	0	-0	-0	-0	-1.387646883377161e-07	success	non_bfb	success	176.4862953615486	79	9.438926399866507e-09	237.4651012308216	0	0	6.165932553199524e-09	-546.4695528316633	-546.4695528316633	-546.4695528316633	14008.09944150501	20229938.47394247	20229938.47394247	13629739.90845554	20357791.90722658	20414420.69377862	6882.565178981448	6882.565178981448	6882.565178981448	21437.13417331812	20241190.06397962	20241190.06397962	13640836.82144338	20369043.49726319	20425672.28381003	0	0	0	2.428813355037661e-07	2.428813355037661e-07	0.01038393568257426	0.01038393568257426	2.936574560303871	2.936574560303871	0.009301525138265742	0.009301525138265742	0.009301525138265742	0.009301525138265742	0.009301525138265742	0.009301525138265742	2.120840746775972	2.120840746775972	22.51564381069159	22.51564381069159	27677.850739552	27677.850739552	0	6010.411355198154	6010.411355198154	7734.384085872281	2124.984393582042	11332.09164248236	11332.09164248236	12457.5032398908	0.3008301855123048	-1.570594651451734	0.3008288121434989	5.975906813391902e-05	-0.0001926182676219618	-0.999999979663528	0.9999999982134916	1.379124121366686e-06	5.97588035979417e-05	1.36761345609597e-06	-0.9999999814481503	0.00019261834969302	0.3006492752508685	-1.570594182105824	0.3006271853438531	5.98632128304688e-05	-0.0001930773685755973	-0.9999999795687624	0.9999999979643435	2.209568563627604e-05	5.985894775473177e-05	2.208412777671565e-05	-0.9999999811164549	0.0001930786909012895	0.2929687499999999	0.4882812499999999	1.07421875	13545.01953125	20222660.546875	20222660.44921875	13637466.42280423	20350357.64121625	20406935.11566701	585.407
1	125.09	3691.502463321032	4513.56126887456	4520.300489052716	4498.308688780068	6.18075050722311e-05	-0.0001991005609511	-0.9999999782693996	0.9999999980889872	1.3756812231591198e-06	6.180723239868069e-05	1.3633753389030725e-06	-0.9999999801785372	0.0001991006455976	0.2581069881028696	4.536191850067056	2.287236645505852	5.538875356525736	-1.0042363171067217	12.099991847187358	-1.2041500964627423	-6.277438717525325	1.6931808750688164	5.50347492821874	-7823.75405	20165450.209195983	13663691.000094296	246.21965079413735	-1.2697951155548	-1.5705878532929405	0.3009998417140569	0	4.34499995216127e-10	0	4.3820371046357355e-10	0.0002808510406859	2.1981876736909296	0.0061260948591266	-2.5311601220010024e-06	0	0	0	0	0	0	0.2098359012069659	0.0263855244319735	0.0015451931004345	0.5891461720423038	0.0288576376286612	0.0023154248712063	0.0781040895547566	0.0002243503867746	0.0002163905984633	0.0633693161784596	0	-296.4877115571781	-1.5710320221221237	-5.011560708737396	1679.6800506556497	-2.736116104707948e-05	2174.207373078797	563.1626081400051	-1	0	0	-1	0	0	-1	0	0	-1	0	0	12045	3.865931893308993	0.7671317849941387	1	17.065179175759397	210306956	151.79814355184558	-0.7507248024962223	-0.5390414867796238	1	3691.502463321032	24.82210904624852	0.4299274351226336	0.440509237498375	0.4471768557557052	0.4497400299549358	0.4466217834373835	0.3924605855066331	0	0.0040855735202076	-5978953.083871303	-7259203.760351969	-6055366.116591227	-0.09841158153088081	-1.331719004353727	-2.532685839621262	0	0	-4.447546283742883	1.464426396041786	0	0	0	-0	0	-0	-0	-0	-1.387646883377161e-07	success	non_bfb	success	176.4862953615486	80	6.20675784857365e-09	237.0242405180868	0	0	1.649857552498646e-09	-573.4654414268889	-573.4654414268889	-573.4654414268889	13927.11177571933	20229699.24761959	20229699.24761959	13629865.85372864	20357078.39451006	20413497.11037528	7044.836478714741	7044.836478714741	7044.836478714741	21545.41369586096	20241237.49088794	20241237.49088794	13641245.47928898	20368616.63777785	20425035.35363777	0	0	0	2.419803404309927e-07	2.419803404309927e-07	0.0103454153291408	0.0103454153291408	2.925681013444134	2.925681013444134	0.009267020105997731	0.009267020105997731	0.009267020105997731	0.009267020105997731	0.009267020105997731	0.009267020105997731	2.112973254368542	2.112973254368542	22.43211954938235	22.43211954938235	27575.1767029095	27575.1767029095	0	5988.115072097014	5988.115072097014	7705.692535993181	2173.602400929049	11445.37413933286	11445.37413933286	12554.66066937652	0.300821716645755	-1.570594995371016	0.3008203430859095	5.965553182851052e-05	-0.0001922902995273396	-0.9999999797328289	0.9999999982196733	1.379295403159928e-06	5.965526770622051e-05	1.367824245909899e-06	-0.9999999815112689	0.0001922903814676009	0.3009689794771981	-1.570594440807169	0.3009537392317732	5.984824650168141e-05	-0.0001928111478419548	-0.999999979621024	0.9999999980930491	1.524601485879865e-05	5.98453080055128e-05	1.523447570557099e-05	-0.9999999812957098	0.0001928120599211958	-0.048828125	0.7324218749999999	1.07421875	13470.947265625	20222063.37890625	20222063.0859375	13637975.40795912	20349283.12949431	20405648.34731216	587.352
1	125.09	3691.502463321032	4513.56126887456	4520.300489052716	4498.308688780068	6.18075050722311e-05	-0.0001991005609511	-0.9999999782693996	0.9999999980889872	1.3756812231591198e-06	6.180723239868069e-05	1.3633753389030725e-06	-0.9999999801785372	0.0001991006455976	0.2581069881028696	4.536191850067056	2.287236645505852	5.538875356525736	-1.0042363171067217	12.099991847187358	-1.2041500964627423	-6.277438717525325	1.6931808750688164	5.50347492821874	-7823.75405	20165450.209195983	13663691.000094296	246.21965079413735	-1.2697951155548	-1.5705878532929405	0.3009998417140569	0	4.34499995216127e-10	0	4.3820371046357355e-10	0.0002808510406859	2.1981876736909296	0.0061260948591266	-2.5311601220010024e-06	0	0	0	0	0	0	0.2098359012069659	0.0263855244319735	0.0015451931004345	0.5891461720423038	0.0288576376286612	0.0023154248712063	0.0781040895547566	0.0002243503867746	0.0002163905984633	0.0633693161784596	0	-296.4877115571781	-1.5710320221221237	-5.011560708737396	1679.6800506556497	-2.736116104707948e-05	2174.207373078797	563.1626081400051	-1	0	0	-1	0	0	-1	0	0	-1	0	0	12045	3.865931893308993	0.7671317849941387	1	17.065179175759397	210306956	151.79814355184558	-0.7507248024962223	-0.5390414867796238	1	3691.502463321032	24.82210904624852	0.4299274351226336	0.440509237498375	0.4471768557557052	0.4497400299549358	0.4466217834373835	0.3924605855066331	0	0.0040855735202076	-5978953.083871303	-7259203.760351969	-6055366.116591227	-0.09841158153088081	-1.331719004353727	-2.532685839621262	0	0	-4.447546283742883	1.464426396041786	0	0	0	-0	0	-0	-0	-0	-1.387646883377161e-07	success	non_bfb	success	176.4862953615486	81	5.049932468134397e-09	236.5701820679724	0	0	7.674938278351986e-09	-601.2170466494053	-601.2170466494053	-601.2170466494053	13843.85696005178	20229453.32445066	20229453.32445066	13629995.32468474	20356344.90788446	20412547.67239266	7208.732781170787	7208.732781170787	7208.732781170787	21653.80678787198	20241281.82665123	20241281.82665123	13641661.21895057	20368173.41008446	20424376.17458724	0	0	0	2.410541231116833e-07	2.410541231116833e-07	0.01030581664589145	0.01030581664589145	2.914482515166962	2.914482515166962	0.009231549147880741	0.009231549147880741	0.009231549147880741	0.009231549147880741	0.009231549147880741	0.009231549147880741	2.104885521208288	2.104885521208288	22.34625712932604	22.34625712932604	27469.62843316263	27469.62843316263	0	5965.194632031864	5965.194632031864	7676.197801539146	2222.588861144765	11559.73787267786	11559.73787267786	12652.84101471056	0.300813007871902	-1.570595349751827	0.3008116341155997	5.954885531134733e-05	-0.00019195235181904	-0.9999999798041141	0.9999999982260314	1.379471536582303e-06	5.954859161553909e-05	1.368041016514538e-06	-0.9999999815761956	0.0001919524336244735	0.3009765848070005	-1.570594838680613	0.3009578126483233	5.973176210322118e-05	-0.0001924307057954945	-0.99999997970127	0.9999999980399692	1.87779052196162e-05	5.972814975296892e-05	1.876641130843574e-05	-0.9999999813089068	0.0001924318270555804	0.390625	0.78125	0.5859374999999999	13397.021484375	20221450	20221449.70703125	13638498.26068112	20348179.02782583	20404326.42243056	589.297
1	125.09	3691.502463321032	4513.56126887456	4520.300489052716	4498.308688780068	6.18075050722311e-05	-0.0001991005609511	-0.9999999782693996	0.9999999980889872	1.3756812231591198e-06	6.180723239868069e-05	1.3633753389030725e-06	-0.9999999801785372	0.0001991006455976	0.2581069881028696	4.536191850067056	2.287236645505852	5.538875356525736	-1.0042363171067217	12.099991847187358	-1.2041500964627423	-6.277438717525325	1.6931808750688164	5.50347492821874	-7823.75405	20165450.209195983	13663691.000094296	246.21965079413735	-1.2697951155548	-1.5705878532929405	0.3009998417140569	0	4.34499995216127e-10	0	4.3820371046357355e-10	0.0002808510406859	2.1981876736909296	0.0061260948591266	-2.5311601220010024e-06	0	0	0	0	0	0	0.2098359012069659	0.0263855244319735	0.0015451931004345	0.5891461720423038	0.0288576376286612	0.0023154248712063	0.0781040895547566	0.0002243503867746	0.0002163905984633	0.0633693161784596	0	-296.4877115571781	-1.5710320221221237	-5.011560708737396	1679.6800506556497	-2.736116104707948e-05	2174.207373078797	563.1626081400051	-1	0	0	-1	0	0	-1	0	0	-1	0	0	12045	3.865931893308993	0.7671317849941387	1	17.065179175759397	210306956	151.79814355184558	-0.7507248024962223	-0.5390414867796238	1	3691.502463321032	24.82210904624852	0.4299274351226336	0.440509237498375	0.4471768557557052	0.4497400299549358	0.4466217834373835	0.3924605855066331	0	0.0040855735202076	-5978953.083871303	-7259203.760351969	-6055366.116591227	-0.09841158153088081	-1.331719004353727	-2.532685839621262	0	0	-4.447546283742883	1.464426396041786	0	0	0	-0	0	-0	-0	-0	-1.387646883377161e-07	success	non_bfb	success	176.4862953615486	82	2.377559736294226e-09	236.1028866825794	0	0	-1.269528488455973e-09	-629.7221170591311	-629.7221170591311	-629.7221170591311	13758.3417488226	20229200.72438701	20229200.72438701	13630128.3108201	20355591.50685627	20411572.45685698	7374.256337789669	7374.256337789669	7374.256337789669	21762.3202036714	20241323.09122082	20241323.09122082	13642084.02992439	20367713.8736895	20423694.82368467	0	0	0	2.401027586882591e-07	2.401027586882591e-07	0.01026514284539938	0.01026514284539938	2.902979973987289	2.902979973987289	0.009195115141612708	0.009195115141612708	0.009195115141612708	0.009195115141612708	0.009195115141612708	0.009195115141612708	2.096578203439114	2.096578203439114	22.25806351639339	22.25806351639339	27361.21449326132	27361.21449326132	0	5941.651894498653	5941.651894498653	7645.902275367339	2271.937096341469	11675.18470201331	11675.18470201331	12752.05334663782	0.3008040583395962	-1.570595714638541	0.30080268438145	5.943902577661489e-05	-0.0001916043810844425	-0.9999999798773814	0.9999999982325649	1.379652510981332e-06	5.943876252015833e-05	1.368263755914011e-06	-0.9999999816429287	0.0001916044627509954	0.300739642495076	-1.570595174964855	0.300746994648166	5.958654906813767e-05	-0.0001921236614409251	-0.9999999797689707	0.9999999981976523	-7.346428956790166e-06	5.958796158909898e-05	-7.357877065522649e-06	-0.9999999815172643	0.0001921232233463019	0.04882812499999999	0.8300781249999999	0.6835937499999999	13321.337890625	20220819.23828125	20220818.75	13639035.27339088	20347044.45740788	20402969.29263873	591.008
1	125.09	3691.502463321032	4513.56126887456	4520.300489052716	4498.308688780068	6.18075050722311e-05	-0.0001991005609511	-0.9999999782693996	0.9999999980889872	1.3756812231591198e-06	6.180723239868069e-05	1.3633753389030725e-06	-0.9999999801785372	0.0001991006455976	0.2581069881028696	4.536191850067056	2.287236645505852	5.538875356525736	-1.0042363171067217	12.099991847187358	-1.2041500964627423	-6.277438717525325	1.6931808750688164	5.50347492821874	-7823.75405	20165450.209195983	13663691.000094296	246.21965079413735	-1.2697951155548	-1.5705878532929405	0.3009998417140569	0	4.34499995216127e-10	0	4.3820371046357355e-10	0.0002808510406859	2.1981876736909296	0.0061260948591266	-2.5311601220010024e-06	0	0	0	0	0	0	0.2098359012069659	0.0263855244319735	0.0015451931004345	0.5891461720423038	0.0288576376286612	0.0023154248712063	0.0781040895547566	0.0002243503867746	0.0002163905984633	0.0633693161784596	0	-296.4877115571781	-1.5710320221221237	-5.011560708737396	1679.6800506556497	-2.736116104707948e-05	2174.207373078797	563.1626081400051	-1	0	0	-1	0	0	-1	0	0	-1	0	0	12045	3.865931893308993	0.7671317849941387	1	17.065179175759397	210306956	151.79814355184558	-0.7507248024962223	-0.5390414867796238	1	3691.502463321032	24.82210904624852	0.4299274351226336	0.440509237498375	0.4471768557557052	0.4497400299549358	0.4466217834373835	0.3924605855066331	0	0.0040855735202076	-5978953.083871303	-7259203.760351969	-6055366.116591227	-0.09841158153088081	-1.331719004353727	-2.532685839621262	0	0	-4.447546283742883	1.464426396041786	0	0	0	-0	0	-0	-0	-0	-1.387646883377161e-07	success	non_bfb	success	176.4862953615486	83	7.849400025449884e-09	235.6222161593648	0	0	2.550912559990497e-09	-658.9842679407103	-658.9842679407103	-658.9842679407103	13670.55529617787	20228941.41539148	20228941.41539148	13630264.82900133	20354818.09587204	20410571.34008211	7541.403533286741	7541.403533286741	7541.403533286741	21870.94309740532	20241361.25255956	20241361.25255956	13642513.92907707	20367237.93303952	20422991.17724393	0	0	0	2.391261264996183e-07	2.391261264996183e-07	0.01022338876902565	0.01022338876902565	2.891171931043241	2.891171931043241	0.009157713466285786	0.009157713466285786	0.009157713466285786	0.009157713466285786	0.009157713466285786	0.009157713466285786	2.088050247447822	2.088050247447822	22.16752752503002	22.16752752503002	27249.92113311664	27249.92113311664	0	5917.483873583076	5917.483873583076	7614.802115110454	2321.640305377265	11791.71164142491	11791.71164142491	12852.30062393288	0.3007948698529158	-1.570596090156234	0.3007934956874787	5.93260070321875e-05	-0.0001912462697149438	-0.9999999799526443	0.999999998239276	1.379838353217196e-06	5.932574422811733e-05	1.368492498273395e-06	-0.9999999817114801	0.0001912463512385117	0.3007463100184312	-1.570595570323713	0.3007396710689698	5.947071167509803e-05	-0.0001917456505278398	-0.9999999798484197	0.9999999982096173	6.64465097818216e-06	5.946943868410243e-05	6.633247838074936e-06	-0.9999999815947268	0.000191746045346331	0.3417968749999999	0.8300781249999999	0.6835937499999999	13244.53125	20220172.0703125	20220172.02148437	13639586.34876118	20345880.10184114	20401575.63924142	591.3049999999999
1	125.09	3691.502463321032	4513.56126887456	4520.300489052716	4498.308688780068	6.18075050722311e-05	-0.0001991005609511	-0.9999999782693996	0.9999999980889872	1.3756812231591198e-06	6.180723239868069e-05	1.3633753389030725e-06	-0.9999999801785372	0.0001991006455976	0.2581069881028696	4.536191850067056	2.287236645505852	5.538875356525736	-1.0042363171067217	12.099991847187358	-1.2041500964627423	-6.277438717525325	1.6931808750688164	5.50347492821874	-7823.75405	20165450.209195983	13663691.000094296	246.21965079413735	-1.2697951155548	-1.5705878532929405	0.3009998417140569	0	4.34499995216127e-10	0	4.3820371046357355e-10	0.0002808510406859	2.1981876736909296	0.0061260948591266	-2.5311601220010024e-06	0	0	0	0	0	0	0.2098359012069659	0.0263855244319735	0.0015451931004345	0.5891461720423038	0.0288576376286612	0.0023154248712063	0.0781040895547566	0.0002243503867746	0.0002163905984633	0.0633693161784596	0	-296.4877115571781	-1.5710320221221237	-5.011560708737396	1679.6800506556497	-2.736116104707948e-05	2174.207373078797	563.1626081400051	-1	0	0	-1	0	0	-1	0	0	-1	0	0	12045	3.865931893308993	0.7671317849941387	1	17.065179175759397	210306956	151.79814355184558	-0.7507248024962223	-0.5390414867796238	1	3691.502463321032	24.82210904624852	0.4299274351226336	0.440509237498375	0.4471768557557052	0.4497400299549358	0.4466217834373835	0.3924605855066331	0	0.0040855735202076	-5978953.083871303	-7259203.760351969	-6055366.116591227	-0.09841158153088081	-1.331719004353727	-2.532685839621262	0	0	-4.447546283742883	1.464426396041786	0	0	0	-0	0	-0	-0	-0	-1.387646883377161e-07	success	non_bfb	success	176.4862953615486	84	8.943158281836729e-09	235.1281376906892	0	0	-8.555475113965148e-10	-689.0005121951718	-689.0005121951718	-689.0005121951718	13580.50656341448	20228675.42393452	20228675.42393452	13630404.8652926	20354024.75388202	20409544.42426264	7710.177354760975	7710.177354760975	7710.177354760975	21979.68443037063	20241396.33713787	20241396.33713787	13642950.90247277	20366745.66708476	20422265.33745962	0	0	0	2.381243262409961e-07	2.381243262409961e-07	0.01018055867905293	0.01018055867905293	2.87905959170735	2.87905959170735	0.009119347939886778	0.009119347939886778	0.009119347939886778	0.009119347939886778	0.009119347939886778	0.009119347939886778	2.079302523773585	2.079302523773585	22.07465839720753	22.07465839720753	27135.75971362559	27135.75971362559	0	5892.693036372079	5892.693036372079	7582.900495492631	2371.691921303086	11909.3211579996	11909.3211579996	12953.59258826895	0.3007854419098207	-1.570596476345391	0.300784067531666	5.92097875249005e-05	-0.0001908779780628244	-0.999999980029899	0.9999999982461639	1.380029048130856e-06	5.920952518632082e-05	1.368727226121912e-06	-0.9999999817818462	0.0001908780594392825	0.300688808538173	-1.570595923019956	0.3006768644282293	5.935522498667911e-05	-0.0001914121970727638	-0.9999999799191636	0.9999999981672155	1.194979031362416e-05	5.935293873410297e-05	1.193842919725655e-05	-0.9999999816092864	0.0001914129060042167	-0.1953125	0.1953125	0.5859374999999999	13166.650390625	20219507.8125	20219507.47070312	13640152.56073395	20344686.15642495	20400146.53674732	592.3869999999999
1	125.09	3691.502463321032	4513.56126887456	4520.300489052716	4498.308688780068	6.18075050722311e-05	-0.0001991005609511	-0.9999999782693996	0.9999999980889872	1.3756812231591198e-06	6.180723239868069e-05	1.3633753389030725e-06	-0.9999999801785372	0.0001991006455976	0.2581069881028696	4.536191850067056	2.287236645505852	5.538875356525736	-1.0042363171067217	12.099991847187358	-1.2041500964627423	-6.277438717525325	1.6931808750688164	5.50347492821874	-7823.75405	20165450.209195983	13663691.000094296	246.21965079413735	-1.2697951155548	-1.5705878532929405	0.3009998417140569	0	4.34499995216127e-10	0	4.3820371046357355e-10	0.0002808510406859	2.1981876736909296	0.0061260948591266	-2.5311601220010024e-06	0	0	0	0	0	0	0.2098359012069659	0.0263855244319735	0.0015451931004345	0.5891461720423038	0.0288576376286612	0.0023154248712063	0.0781040895547566	0.0002243503867746	0.0002163905984633	0.0633693161784596	0	-296.4877115571781	-1.5710320221221237	-5.011560708737396	1679.6800506556497	-2.736116104707948e-05	2174.207373078797	563.1626081400051	-1	0	0	-1	0	0	-1	0	0	-1	0	0	12045	3.865931893308993	0.7671317849941387	1	17.065179175759397	210306956	151.79814355184558	-0.7507248024962223	-0.5390414867796238	1	3691.502463321032	24.82210904624852	0.4299274351226336	0.440509237498375	0.4471768557557052	0.4497400299549358	0.4466217834373835	0.3924605855066331	0	0.0040855735202076	-5978953.083871303	-7259203.760351969	-6055366.116591227	-0.09841158153088081	-1.331719004353727	-2.532685839621262	0	0	-4.447546283742883	1.464426396041786	0	0	0	-0	0	-0	-0	-0	-1.387646883377161e-07	success	non_bfb	success	176.4862953615486	85	4.824528008335955e-09	234.620594882018	0	0	7.022696695634219e-09	-719.7691353699083	-719.7691353699083	-719.7691353699083	13488.20069389027	20228402.76520887	20228402.76520887	13630548.41169539	20353211.52619991	20408491.76805342	7880.579516664979	7880.579516664979	7880.579516664979	22088.54934592516	20241428.36014853	20241428.36014853	13643394.94211298	20366237.12113895	20421517.36298658	0	0	0	2.370974151327111e-07	2.370974151327111e-07	0.01013665502182857	0.01013665502182857	2.866643647806069	2.866643647806069	0.009080020753758352	0.009080020753758352	0.009080020753758352	0.009080020753758352	0.009080020753758352	0.009080020753758352	2.070335532064442	2.070335532064442	21.97946143737762	21.97946143737762	27018.73675540219	27018.73675540219	0	5867.280798856119	5867.280798856119	7550.199238654382	2422.085398959935	12028.01466772784	12028.01466772784	13055.93760694553	0.3007757750576467	-1.570596873266329	0.3007744004613753	5.909035004215708e-05	-0.0001904994484569079	-0.999999980109145	0.9999999982532283	1.380224588793256e-06	5.909008818226914e-05	1.368967932131416e-06	-0.9999999818540274	0.0001904995296821029	0.3011288414771532	-1.570596349443893	0.3011504518330579	5.931297023431537e-05	-0.0001909788252753082	-0.9999999800045296	0.9999999980073596	-2.160469164798685e-05	5.931709734086077e-05	-2.161601952555978e-05	-0.9999999815301627	0.0001909775434563237	0.4394531249999999	0.4882812499999999	0.7812499999999999	13088.28125	20218827.24609375	20218826.5625	13640732.15181257	20343462.23058583	20398680.81291409	594.333
1	125.09	3691.502463321032	4513.56126887456	4520.300489052716	4498.308688780068	6.18075050722311e-05	-0.0001991005609511	-0.9999999782693996	0.9999999980889872	1.3756812231591198e-06	6.180723239868069e-05	1.3633753389030725e-06	-0.9999999801785372	0.0001991006455976	0.2581069881028696	4.536191850067056	2.287236645505852	5.538875356525736	-1.0042363171067217	12.099991847187358	-1.2041500964627423	-6.277438717525325	1.6931808750688164	5.50347492821874	-7823.75405	20165450.209195983	13663691.000094296	246.21965079413735	-1.2697951155548	-1.5705878532929405	0.3009998417140569	0	4.34499995216127e-10	0	4.3820371046357355e-10	0.0002808510406859	2.1981876736909296	0.0061260948591266	-2.5311601220010024e-06	0	0	0	0	0	0	0.2098359012069659	0.0263855244319735	0.0015451931004345	0.5891461720423038	0.0288576376286612	0.0023154248712063	0.0781040895547566	0.0002243503867746	0.0002163905984633	0.0633693161784596	0	-296.4877115571781	-1.5710320221221237	-5.011560708737396	1679.6800506556497	-2.736116104707948e-05	2174.207373078797	563.1626081400051	-1	0	0	-1	0	0	-1	0	0	-1	0	0	12045	3.865931893308993	0.7671317849941387	1	17.065179175759397	210306956	151.79814355184558	-0.7507248024962223	-0.5390414867796238	1	3691.502463321032	24.82210904624852	0.4299274351226336	0.440509237498375	0.4471768557557052	0.4497400299549358	0.4466217834373835	0.3924605855066331	0	0.0040855735202076	-5978953.083871303	-7259203.760351969	-6055366.116591227	-0.09841158153088081	-1.331719004353727	-2.532685839621262	0	0	-4.447546283742883	1.464426396041786	0	0	0	-0	0	-0	-0	-0	-1.387646883377161e-07	success	non_bfb	success	176.4862953615486	86	7.077185232817817e-09	234.0995227999855	0	0	-8.443422985944501e-09	-751.2887694166493	-751.2887694166493	-751.2887694166493	13393.64179175005	20228123.45133761	20228123.45133761	13630695.46182731	20352378.44898381	20407413.41825808	8052.611387047022	8052.611387047022	8052.611387047022	22197.54194821372	20241457.3337146	20241457.3337146	13643846.04161532	20365712.33136017	20420747.30062845	0	0	0	2.36045438833744e-07	2.36045438833744e-07	0.01009167974941659	0.01009167974941659	2.853924651382641	2.853924651382641	0.009039733656483431	0.009039733656483431	0.009039733656483431	0.009039733656483431	0.009039733656483431	0.009039733656483431	2.061149671014788	2.061149671014788	21.88194087823005	21.88194087823005	26898.85746157351	26898.85746157351	0	5841.248290925457	5841.248290925457	7516.699798573609	2472.814242163189	12147.79330049988	12147.79330049988	13159.34363012517	0.3007658698259258	-1.570597280986595	0.300764495006118	5.896767524201599e-05	-0.0001901106163770698	-0.9999999801903832	0.9999999982604694	1.380424970560611e-06	5.896741387411905e-05	1.36921461181715e-06	-0.9999999819280238	0.0001901106974468179	0.3011302335696873	-1.570596590106906	0.3011377328555445	5.924185549995627e-05	-0.0001907489103282713	-0.9999999800526278	0.9999999982170392	-7.493635538875646e-06	5.924328597889036e-05	-7.504935981642047e-06	-0.9999999817793493	0.0001907484660508554	0.9277343749999998	0.7812499999999999	1.26953125	13009.08203125	20218130.2734375	20218130.22460937	13641326.29316984	20342209.30085805	20397181.0075346	595.453
1	125.09	3691.502463321032	4513.56126887456	4520.300489052716	4498.308688780068	6.18075050722311e-05	-0.0001991005609511	-0.9999999782693996	0.9999999980889872	1.3756812231591198e-06	6.180723239868069e-05	1.3633753389030725e-06	-0.9999999801785372	0.0001991006455976	0.2581069881028696	4.536191850067056	2.287236645505852	5.538875356525736	-1.0042363171067217	12.099991847187358	-1.2041500964627423	-6.277438717525325	1.6931808750688164	5.50347492821874	-7823.75405	20165450.209195983	13663691.000094296	246.21965079413735	-1.2697951155548	-1.5705878532929405	0.3009998417140569	0	4.34499995216127e-10	0	4.3820371046357355e-10	0.0002808510406859	2.1981876736909296	0.0061260948591266	-2.5311601220010024e-06	0	0	0	0	0	0	0.2098359012069659	0.0263855244319735	0.0015451931004345	0.5891461720423038	0.0288576376286612	0.0023154248712063	0.0781040895547566	0.0002243503867746	0.0002163905984633	0.0633693161784596	0	-296.4877115571781	-1.5710320221221237	-5.011560708737396	1679.6800506556497	-2.736116104707948e-05	2174.207373078797	563.1626081400051	-1	0	0	-1	0	0	-1	0	0	-1	0	0	12045	3.865931893308993	0.7671317849941387	1	17.065179175759397	210306956	151.79814355184558	-0.7507248024962223	-0.5390414867796238	1	3691.502463321032	24.82210904624852	0.4299274351226336	0.440509237498375	0.4471768557557052	0.4497400299549358	0.4466217834373835	0.3924605855066331	0	0.0040855735202076	-5978953.083871303	-7259203.760351969	-6055366.116591227	-0.09841158153088081	-1.331719004353727	-2.532685839621262	0	0	-4.447546283742883	1.464426396041786	0	0	0	-0	0	-0	-0	-0	-1.387646883377161e-07	success	non_bfb	success	176.4862953615486	87	2.551893842078991e-09	233.5649067218598	0	0	1.667962909948752e-09	-783.5548431402667	-783.5548431402667	-783.5548431402667	13296.8435705792	20227837.52282878	20227837.52282878	13630845.99436219	20351525.64305234	20406309.53126635	8226.277537102233	8226.277537102233	8226.277537102233	22306.6759508217	20241483.29834412	20241483.29834412	13644304.17965358	20365171.41856702	20419955.30677494	0	0	0	2.349685499089665e-07	2.349685499089665e-07	0.01004563938444177	0.01004563938444177	2.840904447033817	2.840904447033817	0.008998492490775242	0.008998492490775242	0.008998492490775242	0.008998492490775242	0.008998492490775242	0.008998492490775242	2.051746272821663	2.051746272821663	21.78211086287018	21.78211086287018	26776.13921786307	26776.13921786307	0	5814.599287994274	5814.599287994274	7482.40703357059	2523.872129163679	12268.66083172992	12268.66083172992	13263.82183787729	0.300755727357627	-1.570597699534685	0.3007543523089149	5.884175548462843e-05	-0.0001897114543005537	-0.9999999802736058	0.9999999982678862	1.380630168426064e-06	5.884149462208246e-05	1.369467235673236e-06	-0.9999999820038289	0.0001897115352106547	0.3012555970803004	-1.570597154831632	0.3012363687258799	5.909820315369574e-05	-0.000190202186458272	-0.9999999801652646	0.9999999980689442	1.923397410302304e-05	5.909454586766616e-05	1.922273380969048e-05	-0.999999981726591	0.0001902033227841789	-0.4394531249999999	0.146484375	0.2929687499999999	12928.3203125	20217416.11328125	20217415.625	13641934.59555626	20340924.14447039	20395643.89669206	597.244
1	125.09	3691.502463321032	4513.56126887456	4520.300489052716	4498.308688780068	6.18075050722311e-05	-0.0001991005609511	-0.9999999782693996	0.9999999980889872	1.3756812231591198e-06	6.180723239868069e-05	1.3633753389030725e-06	-0.9999999801785372	0.0001991006455976	0.2581069881028696	4.536191850067056	2.287236645505852	5.538875356525736	-1.0042363171067217	12.099991847187358	-1.2041500964627423	-6.277438717525325	1.6931808750688164	5.50347492821874	-7823.75405	20165450.209195983	13663691.000094296	246.21965079413735	-1.2697951155548	-1.5705878532929405	0.3009998417140569	0	4.34499995216127e-10	0	4.3820371046357355e-10	0.0002808510406859	2.1981876736909296	0.0061260948591266	-2.5311601220010024e-06	0	0	0	0	0	0	0.2098359012069659	0.0263855244319735	0.0015451931004345	0.5891461720423038	0.0288576376286612	0.0023154248712063	0.0781040895547566	0.0002243503867746	0.0002163905984633	0.0633693161784596	0	-296.4877115571781	-1.5710320221221237	-5.011560708737396	1679.6800506556497	-2.736116104707948e-05	2174.207373078797	563.1626081400051	-1	0	0	-1	0	0	-1	0	0	-1	0	0	12045	3.865931893308993	0.7671317849941387	1	17.065179175759397	210306956	151.79814355184558	-0.7507248024962223	-0.5390414867796238	1	3691.502463321032	24.82210904624852	0.4299274351226336	0.440509237498375	0.4471768557557052	0.4497400299549358	0.4466217834373835	0.3924605855066331	0	0.0040855735202076	-5978953.083871303	-7259203.760351969	-6055366.116591227	-0.09841158153088081	-1.331719004353727	-2.532685839621262	0	0	-4.447546283742883	1.464426396041786	0	0	0	-0	0	-0	-0	-0	-1.387646883377161e-07	success	non_bfb	success	176.4862953615486	88	5.349713967709521e-09	233.0167337411609	0	0	9.930426671948767e-09	-816.5625260456827	-816.5625260456827	-816.5625260456827	13197.82052186295	20227545.02248821	20227545.02248821	13630999.98676406	20350653.23607749	20405180.27233908	8401.582797325689	8401.582797325689	8401.582797325689	22415.96584523433	20241506.29684291	20241506.29684291	13644769.33369184	20364614.51043154	20419141.54668692	0	0	0	2.338669095774567e-07	2.338669095774567e-07	0.00999854081952322	0.00999854081952322	2.827584983990653	2.827584983990653	0.008956303430773522	0.008956303430773522	0.008956303430773522	0.008956303430773522	0.008956303430773522	0.008956303430773522	2.042126745250671	2.042126745250671	21.67998633666761	21.67998633666761	26650.60039619546	26650.60039619546	0	5787.33777963622	5787.33777963622	7447.326077552652	2575.252830336108	12390.62125099159	12390.62125099159	13369.38359373453	0.3007453470188629	-1.570598128937183	0.3007439717358843	5.871258345623801e-05	-0.0001893019356546322	-0.9999999803588047	0.9999999982754783	1.380840155794242e-06	5.871232311245242e-05	1.369725772260924e-06	-0.999999982081435	0.0001893020164008698	0.3009284475035139	-1.570597428423692	0.300916305923525	5.895488080881472e-05	-0.0001899602157829544	-0.999999980219719	0.9999999981885201	1.214717972686134e-05	5.895257438731649e-05	1.213598084283515e-05	-0.999999981883781	0.0001899609315744895	0.3417968749999999	0.1953125	1.171875	12847.8515625	20216686.1328125	20216686.81640625	13642556.17840799	20339611.54670629	20394072.60691697	599.202
1	125.09	3691.502463321032	4513.56126887456	4520.300489052716	4498.308688780068	6.18075050722311e-05	-0.0001991005609511	-0.9999999782693996	0.9999999980889872	1.3756812231591198e-06	6.180723239868069e-05	1.3633753389030725e-06	-0.9999999801785372	0.0001991006455976	0.2581069881028696	4.536191850067056	2.287236645505852	5.538875356525736	-1.0042363171067217	12.099991847187358	-1.2041500964627423	-6.277438717525325	1.6931808750688164	5.50347492821874	-7823.75405	20165450.209195983	13663691.000094296	246.21965079413735	-1.2697951155548	-1.5705878532929405	0.3009998417140569	0	4.34499995216127e-10	0	4.3820371046357355e-10	0.0002808510406859	2.1981876736909296	0.0061260948591266	-2.5311601220010024e-06	0	0	0	0	0	0	0.2098359012069659	0.0263855244319735	0.0015451931004345	0.5891461720423038	0.0288576376286612	0.0023154248712063	0.0781040895547566	0.0002243503867746	0.0002163905984633	0.0633693161784596	0	-296.4877115571781	-1.5710320221221237	-5.011560708737396	1679.6800506556497	-2.736116104707948e-05	2174.207373078797	563.1626081400051	-1	0	0	-1	0	0	-1	0	0	-1	0	0	12045	3.865931893308993	0.7671317849941387	1	17.065179175759397	210306956	151.79814355184558	-0.7507248024962223	-0.5390414867796238	1	3691.502463321032	24.82210904624852	0.4299274351226336	0.440509237498375	0.4471768557557052	0.4497400299549358	0.4466217834373835	0.3924605855066331	0	0.0040855735202076	-5978953.083871303	-7259203.760351969	-6055366.116591227	-0.09841158153088081	-1.331719004353727	-2.532685839621262	0	0	-4.447546283742883	1.464426396041786	0	0	0	-0	0	-0	-0	-0	-1.387646883377161e-07	success	non_bfb	success	176.4862953615486	89	6.134438548714535e-09	232.4550163824611	0	0	-4.280200582696992e-09	-850.3053122926322	-850.3053122926322	-850.3053122926322	13096.5921631221	20227246.00796794	20227246.00796794	13631157.40868098	20349761.40001139	20404025.86405411	8578.533673557657	8578.533673557657	8578.533673557657	22525.43114897239	20241526.38686304	20241526.38686304	13645241.47337811	20364041.77890582	20418306.2429422	0	0	0	2.327407349733902e-07	2.327407349733902e-07	0.009950393337825133	0.009950393337825133	2.813968887529794	2.813968887529794	0.008913174791975181	0.008913174791975181	0.008913174791975181	0.008913174791975181	0.008913174791975181	0.008913174791975181	2.032292984318261	2.032292984318261	21.57558742844681	21.57558742844681	26522.26574037115	26522.26574037115	0	5759.469139116036	5759.469139116036	7411.463845003828	2626.95026742563	12513.67993154965	12513.67993154965	13476.04189043576	0.300734731196066	-1.570598569201919	0.3007333556735177	5.858015773786175e-05	-0.0001888820524752209	-0.9999999804459673	0.9999999982832439	1.381054895424502e-06	5.857989792628238e-05	1.369990177065204e-06	-0.9999999821608313	0.0001888821330533701	0.3009994812638377	-1.570597857910335	0.3009980979264929	5.884104232199271e-05	-0.0001895458501614488	-0.999999980305051	0.9999999982679167	1.388913853469301e-06	5.884078011608295e-05	1.377760800423448e-06	-0.9999999820352207	0.0001895459315582784	-0.09765624999999997	0.4882812499999999	0.1953124999999999	12766.259765625	20215939.6484375	20215939.40429687	13643192.11714693	20338269.0661488	20392466.20928239	600.042
1	125.09	3691.502463321032	4513.56126887456	4520.300489052716	4498.308688780068	6.18075050722311e-05	-0.0001991005609511	-0.9999999782693996	0.9999999980889872	1.3756812231591198e-06	6.180723239868069e-05	1.3633753389030725e-06	-0.9999999801785372	0.0001991006455976	0.2581069881028696	4.536191850067056	2.287236645505852	5.538875356525736	-1.0042363171067217	12.099991847187358	-1.2041500964627423	-6.277438717525325	1.6931808750688164	5.50347492821874	-7823.75405	20165450.209195983	13663691.000094296	246.21965079413735	-1.2697951155548	-1.5705878532929405	0.3009998417140569	0	4.34499995216127e-10	0	4.3820371046357355e-10	0.0002808510406859	2.1981876736909296	0.0061260948591266	-2.5311601220010024e-06	0	0	0	0	0	0	0.2098359012069659	0.0263855244319735	0.0015451931004345	0.5891461720423038	0.0288576376286612	0.0023154248712063	0.0781040895547566	0.0002243503867746	0.0002163905984633	0.0633693161784596	0	-296.4877115571781	-1.5710320221221237	-5.011560708737396	1679.6800506556497	-2.736116104707948e-05	2174.207373078797	563.1626081400051	-1	0	0	-1	0	0	-1	0	0	-1	0	0	12045	3.865931893308993	0.7671317849941387	1	17.065179175759397	210306956	151.79814355184558	-0.7507248024962223	-0.5390414867796238	1	3691.502463321032	24.82210904624852	0.4299274351226336	0.440509237498375	0.4471768557557052	0.4497400299549358	0.4466217834373835	0.3924605855066331	0	0.0040855735202076	-5978953.083871303	-7259203.760351969	-6055366.116591227	-0.09841158153088081	-1.331719004353727	-2.532685839621262	0	0	-4.447546283742883	1.464426396041786	0	0	0	-0	0	-0	-0	-0	-1.387646883377161e-07	success	non_bfb	success	176.4862953615486	90	1.233046321540284e-09	231.8797657760713	0	0	-7.541078242856101e-09	-884.7766446135882	-884.7766446135882	-884.7766446135882	12993.17816615923	20226940.53737575	20226940.53737575	13631318.22952099	20348850.30816538	20402846.53074863	8757.136723065661	8757.136723065661	8757.136723065661	22635.09153383848	20241543.62651226	20241543.62651226	13645720.56812048	20363453.3973012	20417449.61987801	0	0	0	2.31590244947342e-07	2.31590244947342e-07	0.009901206295893115	0.009901206295893115	2.800058803680125	2.800058803680125	0.008869114955609341	0.008869114955609341	0.008869114955609341	0.008869114955609341	0.008869114955609341	0.008869114955609341	2.022246901028486	2.022246901028486	21.4689344261462	21.4689344261462	26391.16018978505	26391.16018978505	0	5730.998782172962	5730.998782172962	7374.827305065647	2678.958465919235	12637.84228914333	12637.84228914333	13583.80967163552	0.3007238869218235	-1.570599020341962	0.3007225111544313	5.844447649375629e-05	-0.00018845179540334	-0.9999999805350819	0.9999999982911828	1.381274349796203e-06	5.844421722786628e-05	1.370260405242277e-06	-0.9999999822420064	0.0001884518758091666	0.3010002831739894	-1.570598290594962	0.3010061429729576	5.871291385775579e-05	-0.000189132570669772	-0.9999999803908318	0.9999999982591956	-5.854246646070213e-06	5.871402213559768e-05	-5.865351265214174e-06	-0.9999999820972991	0.0001891322266207614	0.146484375	0.8300781249999998	0.5371093749999999	12684.27734375	20215177.34375	20215176.22070312	13643842.11839295	20336898.06994548	20390825.24134905	601.682
1	125.09	3691.502463321032	4513.56126887456	4520.300489052716	4498.308688780068	6.18075050722311e-05	-0.0001991005609511	-0.9999999782693996	0.9999999980889872	1.3756812231591198e-06	6.180723239868069e-05	1.3633753389030725e-06	-0.9999999801785372	0.0001991006455976	0.2581069881028696	4.536191850067056	2.287236645505852	5.538875356525736	-1.0042363171067217	12.099991847187358	-1.2041500964627423	-6.277438717525325	1.6931808750688164	5.50347492821874	-7823.75405	20165450.209195983	13663691.000094296	246.21965079413735	-1.2697951155548	-1.5705878532929405	0.3009998417140569	0	4.34499995216127e-10	0	4.3820371046357355e-10	0.0002808510406859	2.1981876736909296	0.0061260948591266	-2.5311601220010024e-06	0	0	0	0	0	0	0.2098359012069659	0.0263855244319735	0.0015451931004345	0.5891461720423038	0.0288576376286612	0.0023154248712063	0.0781040895547566	0.0002243503867746	0.0002163905984633	0.0633693161784596	0	-296.4877115571781	-1.5710320221221237	-5.011560708737396	1679.6800506556497	-2.736116104707948e-05	2174.207373078797	563.1626081400051	-1	0	0	-1	0	0	-1	0	0	-1	0	0	12045	3.865931893308993	0.7671317849941387	1	17.065179175759397	210306956	151.79814355184558	-0.7507248024962223	-0.5390414867796238	1	3691.502463321032	24.82210904624852	0.4299274351226336	0.440509237498375	0.4471768557557052	0.4497400299549358	0.4466217834373835	0.3924605855066331	0	0.0040855735202076	-5978953.083871303	-7259203.760351969	-6055366.116591227	-0.09841158153088081	-1.331719004353727	-2.532685839621262	0	0	-4.447546283742883	1.464426396041786	0	0	0	-0	0	-0	-0	-0	-1.387646883377161e-07	success	non_bfb	success	176.4862953615486	91	8.744170971253404e-09	231.2910311922759	0	0	8.705471196892036e-09	-919.9675535840897	-919.9675535840897	-919.9675535840897	12887.60543924773	20226628.69019495	20226628.69019495	13631482.40743864	20347920.19760511	20401642.57928459	8937.400915274167	8937.400915274167	8937.400915274167	22744.97390810599	20241558.09527389	20241558.09527389	13646206.57607346	20362849.60268335	20416571.98435628	0	0	0	2.304157388562756e-07	2.304157388562756e-07	0.009850992492172346	0.009850992492172346	2.785858351838927	2.785858351838927	0.008824135386024714	0.008824135386024714	0.008824135386024714	0.008824135386024714	0.008824135386024714	0.008824135386024714	2.011991109367495	2.011991109367495	21.36005508082686	21.36005508082686	26257.31785803979	26257.31785803979	0	5701.934116780487	5701.934116780487	7337.425990548575	2731.271655322676	12763.11573174612	12763.11573174612	13692.70224063853	0.3007128089981634	-1.570599482332254	0.3007114329807295	5.830554680104523e-05	-0.0001880111832760351	-0.9999999806261288	0.9999999982992922	1.381498466008472e-06	5.830528809432339e-05	1.370536393037635e-06	-0.9999999823249431	0.0001880112635053065	0.3006045651508486	-1.57059871619784	0.3005868004441978	5.851204605533677e-05	-0.0001887492739400361	-0.999999980475026	0.9999999981304761	1.777022819109369e-05	5.850869297063799e-05	1.775918437081306e-05	-0.9999999820289652	0.0001887503133595756	-0.09765624999999999	-0.146484375	0.1953125	12601.7578125	20214397.65625	20214397.65625	13644504.22899313	20335497.97210952	20389149.21491298	603.651
1	125.09	3691.502463321032	4513.56126887456	4520.300489052716	4498.308688780068	6.18075050722311e-05	-0.0001991005609511	-0.9999999782693996	0.9999999980889872	1.3756812231591198e-06	6.180723239868069e-05	1.3633753389030725e-06	-0.9999999801785372	0.0001991006455976	0.2581069881028696	4.536191850067056	2.287236645505852	5.538875356525736	-1.0042363171067217	12.099991847187358	-1.2041500964627423	-6.277438717525325	1.6931808750688164	5.50347492821874	-7823.75405	20165450.209195983	13663691.000094296	246.21965079413735	-1.2697951155548	-1.5705878532929405	0.3009998417140569	0	4.34499995216127e-10	0	4.3820371046357355e-10	0.0002808510406859	2.1981876736909296	0.0061260948591266	-2.5311601220010024e-06	0	0	0	0	0	0	0.2098359012069659	0.0263855244319735	0.0015451931004345	0.5891461720423038	0.0288576376286612	0.0023154248712063	0.0781040895547566	0.0002243503867746	0.0002163905984633	0.0633693161784596	0	-296.4877115571781	-1.5710320221221237	-5.011560708737396	1679.6800506556497	-2.736116104707948e-05	2174.207373078797	563.1626081400051	-1	0	0	-1	0	0	-1	0	0	-1	0	0	12045	3.865931893308993	0.7671317849941387	1	17.065179175759397	210306956	151.79814355184558	-0.7507248024962223	-0.5390414867796238	1	3691.502463321032	24.82210904624852	0.4299274351226336	0.440509237498375	0.4471768557557052	0.4497400299549358	0.4466217834373835	0.3924605855066331	0	0.0040855735202076	-5978953.083871303	-7259203.760351969	-6055366.116591227	-0.09841158153088081	-1.331719004353727	-2.532685839621262	0	0	-4.447546283742883	1.464426396041786	0	0	0	-0	0	-0	-0	-0	-1.387646883377161e-07	success	non_bfb	success	176.4862953615486	92	5.259170163517828e-09	230.6888445326679	0	0	2.774480911093217e-09	-955.8699927723227	-955.8699927723227	-955.8699927723227	12779.89812168303	20226310.53772965	20226310.53772965	13631649.90489453	20346971.28100118	20400414.2849465	9119.334296614983	9119.334296614983	9119.334296614983	22855.10241107034	20241569.86445205	20241569.86445205	13646699.45969767	20362230.60772287	20415673.61166152	0	0	0	2.292174852520261e-07	2.292174852520261e-07	0.009799763408092533	0.009799763408092533	2.771370778951808	2.771370778951808	0.008778246367838829	0.008778246367838829	0.008778246367838829	0.008778246367838829	0.008778246367838829	0.008778246367838829	2.001527954330931	2.001527954330931	21.24897428784538	21.24897428784538	26120.76934830042	26120.76934830042	0	5672.281788599524	5672.281788599524	7299.26845329556	2783.884151351504	12889.50690501893	12889.50690501893	13802.73383357219	0.300701505391172	-1.570599955170225	0.3007001291185215	5.81633715688451e-05	-0.0001875602216502154	-0.9999999807190926	0.9999999983075715	1.381727197078252e-06	5.81631134347867e-05	1.370818083989602e-06	-0.999999982409627	0.0001875603016986954	0.301110167101335	-1.570599221902447	0.3011106122775144	5.845748839368881e-05	-0.0001882367126537533	-0.9999999805748307	0.9999999982912594	-4.396742462931348e-07	5.845757219218387e-05	-4.506780989715645e-07	-0.9999999822833733	0.0001882366866300755	-0.09765624999999997	0.2929687499999999	0.4882812499999999	12519.140625	20213604.00390625	20213603.61328125	13645181.18355584	20334069.94473278	20387440.08264887	605.104
1	125.09	3691.502463321032	4513.56126887456	4520.300489052716	4498.308688780068	6.18075050722311e-05	-0.0001991005609511	-0.9999999782693996	0.9999999980889872	1.3756812231591198e-06	6.180723239868069e-05	1.3633753389030725e-06	-0.9999999801785372	0.0001991006455976	0.2581069881028696	4.536191850067056	2.287236645505852	5.538875356525736	-1.0042363171067217	12.099991847187358	-1.2041500964627423	-6.277438717525325	1.6931808750688164	5.50347492821874	-7823.75405	20165450.209195983	13663691.000094296	246.21965079413735	-1.2697951155548	-1.5705878532929405	0.3009998417140569	0	4.34499995216127e-10	0	4.3820371046357355e-10	0.0002808510406859	2.1981876736909296	0.0061260948591266	-2.5311601220010024e-06	0	0	0	0	0	0	0.2098359012069659	0.0263855244319735	0.0015451931004345	0.5891461720423038	0.0288576376286612	0.0023154248712063	0.0781040895547566	0.0002243503867746	0.0002163905984633	0.0633693161784596	0	-296.4877115571781	-1.5710320221221237	-5.011560708737396	1679.6800506556497	-2.736116104707948e-05	2174.207373078797	563.1626081400051	-1	0	0	-1	0	0	-1	0	0	-1	0	0	12045	3.865931893308993	0.7671317849941387	1	17.065179175759397	210306956	151.79814355184558	-0.7507248024962223	-0.5390414867796238	1	3691.502463321032	24.82210904624852	0.4299274351226336	0.440509237498375	0.4471768557557052	0.4497400299549358	0.4466217834373835	0.3924605855066331	0	0.0040855735202076	-5978953.083871303	-7259203.760351969	-6055366.116591227	-0.09841158153088081	-1.331719004353727	-2.532685839621262	0	0	-4.447546283742883	1.464426396041786	0	0	0	-0	0	-0	-0	-0	-1.387646883377161e-07	success	non_bfb	success	176.4862953615486	93	3.289407286338818e-09	230.0733255897111	0	0	2.031815355604512e-09	-992.4705759690761	-992.4705759690761	-992.4705759690761	12670.09637209277	20225986.19860288	20225986.19860288	13631820.65943734	20346003.91215673	20399162.10570337	9302.950253297324	9302.950253297324	9302.950253297324	22965.51720135917	20241579.05266976	20241579.05266976	13647199.15654178	20361596.76622288	20414754.95976274	0	0	0	2.279959309029412e-07	2.279959309029412e-07	0.009747538144395936	0.009747538144395936	2.756601486704172	2.756601486704172	0.008731465010752644	0.008731465010752644	0.008731465010752644	0.008731465010752644	0.008731465010752644	0.008731465010752644	1.99086133710171	1.99086133710171	21.13573346362828	21.13573346362828	25981.56557262084	25981.56557262084	0	5642.05285348805	5642.05285348805	7260.368920328183	2836.790625180048	13017.02686481974	13017.02686481974	13913.92400628373	0.3006899790236995	-1.570600438780267	0.3006886024907585	5.801797439394275e-05	-0.0001870989816538846	-0.9999999808139429	0.9999999983160175	1.38196046189304e-06	5.801771684597803e-05	1.371105379638901e-06	-0.9999999824960305	0.0001870990615173599	0.3007014904896706	-1.570599737121853	0.300696428486838	5.822795258505781e-05	-0.0001877684874041605	-0.9999999806762503	0.9999999982919685	5.067469421558219e-06	5.822700209969986e-05	5.056536127525367e-06	-0.9999999823586579	0.0001877687821519261	-0.146484375	0.3906249999999999	0.4882812499999999	12436.1328125	20212793.359375	20212793.65234375	13645870.34517122	20332614.57345126	20385698.57747127	605.302
1	125.09	3691.502463321032	4513.56126887456	4520.300489052716	4498.308688780068	6.18075050722311e-05	-0.0001991005609511	-0.9999999782693996	0.9999999980889872	1.3756812231591198e-06	6.180723239868069e-05	1.3633753389030725e-06	-0.9999999801785372	0.0001991006455976	0.2581069881028696	4.536191850067056	2.287236645505852	5.538875356525736	-1.0042363171067217	12.099991847187358	-1.2041500964627423	-6.277438717525325	1.6931808750688164	5.50347492821874	-7823.75405	20165450.209195983	13663691.000094296	246.21965079413735	-1.2697951155548	-1.5705878532929405	0.3009998417140569	0	4.34499995216127e-10	0	4.3820371046357355e-10	0.0002808510406859	2.1981876736909296	0.0061260948591266	-2.5311601220010024e-06	0	0	0	0	0	0	0.2098359012069659	0.0263855244319735	0.0015451931004345	0.5891461720423038	0.0288576376286612	0.0023154248712063	0.0781040895547566	0.0002243503867746	0.0002163905984633	0.0633693161784596	0	-296.4877115571781	-1.5710320221221237	-5.011560708737396	1679.6800506556497	-2.736116104707948e-05	2174.207373078797	563.1626081400051	-1	0	0	-1	0	0	-1	0	0	-1	0	0	12045	3.865931893308993	0.7671317849941387	1	17.065179175759397	210306956	151.79814355184558	-0.7507248024962223	-0.5390414867796238	1	3691.502463321032	24.82210904624852	0.4299274351226336	0.440509237498375	0.4471768557557052	0.4497400299549358	0.4466217834373835	0.3924605855066331	0	0.0040855735202076	-5978953.083871303	-7259203.760351969	-6055366.116591227	-0.09841158153088081	-1.331719004353727	-2.532685839621262	0	0	-4.447546283742883	1.464426396041786	0	0	0	-0	0	-0	-0	-0	-1.387646883377161e-07	success	non_bfb	success	176.4862953615486	94	4.557172737100229e-09	229.4445905825702	0	0	2.050943040534477e-09	-1029.756066242427	-1029.756066242427	-1029.756066242427	12558.23990127272	20225655.79011481	20225655.79011481	13631994.60931216	20345018.44092945	20397886.4944171	9488.262022253111	9488.262022253111	9488.262022253111	23076.25798976825	20241585.77722718	20241585.77722718	13647705.6048509	20360948.42804109	20413816.48152185	0	0	0	2.267515175951988e-07	2.267515175951988e-07	0.009694335588821478	0.009694335588821478	2.74155581654413	2.74155581654413	0.008683808233667031	0.008683808233667031	0.008683808233667031	0.008683808233667031	0.008683808233667031	0.008683808233667031	1.97999511535842	1.97999511535842	21.02037356274377	21.02037356274377	25839.75687530546	25839.75687530546	0	5611.258244013832	5611.258244013832	7220.741460014327	2889.985901884596	13145.68654371632	13145.68654371632	14026.29200206477	0.3006782306722346	-1.570600933088384	0.3006768538740382	5.786937800095291e-05	-0.0001866275316170748	-0.9999999809106498	0.9999999983246273	1.382198180242826e-06	5.78691210524505e-05	1.371398182638692e-06	-0.9999999825841269	0.0001866276112913531	0.301007357708971	-1.570600162184939	0.3010133718420533	5.815935835214951e-05	-0.0001873447165817824	-0.999999980759723	0.999999998290627	-6.008685055363874e-06	5.816048506715465e-05	-6.019580999346272e-06	-0.9999999824329261	0.0001873443668002731	0.146484375	0.5371093749999999	0.4394531249999999	12353.466796875	20211968.45703125	20211968.26171875	13646572.98310908	20331130.88198368	20383923.77162597	606.915
1	125.09	3691.502463321032	4513.56126887456	4520.300489052716	4498.308688780068	6.18075050722311e-05	-0.0001991005609511	-0.9999999782693996	0.9999999980889872	1.3756812231591198e-06	6.180723239868069e-05	1.3633753389030725e-06	-0.9999999801785372	0.0001991006455976	0.2581069881028696	4.536191850067056	2.287236645505852	5.538875356525736	-1.0042363171067217	12.099991847187358	-1.2041500964627423	-6.277438717525325	1.6931808750688164	5.50347492821874	-7823.75405	20165450.209195983	13663691.000094296	246.21965079413735	-1.2697951155548	-1.5705878532929405	0.3009998417140569	0	4.34499995216127e-10	0	4.3820371046357355e-10	0.0002808510406859	2.1981876736909296	0.0061260948591266	-2.5311601220010024e-06	0	0	0	0	0	0	0.2098359012069659	0.0263855244319735	0.0015451931004345	0.5891461720423038	0.0288576376286612	0.0023154248712063	0.0781040895547566	0.0002243503867746	0.0002163905984633	0.0633693161784596	0	-296.4877115571781	-1.5710320221221237	-5.011560708737396	1679.6800506556497	-2.736116104707948e-05	2174.207373078797	563.1626081400051	-1	0	0	-1	0	0	-1	0	0	-1	0	0	12045	3.865931893308993	0.7671317849941387	1	17.065179175759397	210306956	151.79814355184558	-0.7507248024962223	-0.5390414867796238	1	3691.502463321032	24.82210904624852	0.4299274351226336	0.440509237498375	0.4471768557557052	0.4497400299549358	0.4466217834373835	0.3924605855066331	0	0.0040855735202076	-5978953.083871303	-7259203.760351969	-6055366.116591227	-0.09841158153088081	-1.331719004353727	-2.532685839621262	0	0	-4.447546283742883	1.464426396041786	0	0	0	-0	0	-0	-0	-0	-1.387646883377161e-07	success	non_bfb	success	176.4862953615486	95	9.415694564456789e-09	228.8027468280018	0	0	-7.06049026715746e-09	-1067.713691795395	-1067.713691795395	-1067.713691795395	12444.36702461381	20225319.42544379	20225319.42544379	13632171.69493414	20344015.20488331	20396587.88803643	9675.282375279327	9675.282375279327	9675.282375279327	23187.36309168853	20241590.15130268	20241590.15130268	13648218.74504014	20360285.93074146	20412858.61388757	0	0	0	2.254846715909723e-07	2.254846715909723e-07	0.009640173965408427	0.009640173965408427	2.726238922225685	2.726238922225685	0.008635292360966549	0.008635292360966549	0.008635292360966549	0.008635292360966549	0.008635292360966549	0.008635292360966549	1.968933011223983	1.968933011223983	20.90293410065007	20.90293410065007	25695.39183160109	25695.39183160109	0	5579.908508583166	5579.908508583166	7180.399646370984	2943.464950538389	13275.49649011496	13275.49649011496	14139.85642585904	0.3006662657429646	-1.570601438030712	0.3006648886746248	5.771760298393935e-05	-0.0001861459330884773	-0.9999999810091849	0.9999999983333984	1.382440274903898e-06	5.771734664821414e-05	1.371696399303007e-06	-0.9999999826738902	0.0001861460125693851	0.3002282349036753	-1.570600591502825	0.3002194104945516	5.788641045754647e-05	-0.0001869798588633328	-0.9999999808438478	0.9999999982856944	8.829820766552436e-06	5.788476046852085e-05	8.818997313064306e-06	-0.9999999824802831	0.0001869803696693104	-0.09765624999999999	0.2441406249999999	0.5859374999999999	12270.703125	20211128.125	20211128.56445312	13647288.31636783	20329622.28801232	20382117.12999483	609.039
1	125.09	3691.502463321032	4513.56126887456	4520.300489052716	4498.308688780068	6.18075050722311e-05	-0.0001991005609511	-0.9999999782693996	0.9999999980889872	1.3756812231591198e-06	6.180723239868069e-05	1.3633753389030725e-06	-0.9999999801785372	0.0001991006455976	0.2581069881028696	4.536191850067056	2.287236645505852	5.538875356525736	-1.0042363171067217	12.099991847187358	-1.2041500964627423	-6.277438717525325	1.6931808750688164	5.50347492821874	-7823.75405	20165450.209195983	13663691.000094296	246.21965079413735	-1.2697951155548	-1.5705878532929405	0.3009998417140569	0	4.34499995216127e-10	0	4.3820371046357355e-10	0.0002808510406859	2.1981876736909296	0.0061260948591266	-2.5311601220010024e-06	0	0	0	0	0	0	0.2098359012069659	0.0263855244319735	0.0015451931004345	0.5891461720423038	0.0288576376286612	0.0023154248712063	0.0781040895547566	0.0002243503867746	0.0002163905984633	0.0633693161784596	0	-296.4877115571781	-1.5710320221221237	-5.011560708737396	1679.6800506556497	-2.736116104707948e-05	2174.207373078797	563.1626081400051	-1	0	0	-1	0	0	-1	0	0	-1	0	0	12045	3.865931893308993	0.7671317849941387	1	17.065179175759397	210306956	151.79814355184558	-0.7507248024962223	-0.5390414867796238	1	3691.502463321032	24.82210904624852	0.4299274351226336	0.440509237498375	0.4471768557557052	0.4497400299549358	0.4466217834373835	0.3924605855066331	0	0.0040855735202076	-5978953.083871303	-7259203.760351969	-6055366.116591227	-0.09841158153088081	-1.331719004353727	-2.532685839621262	0	0	-4.447546283742883	1.464426396041786	0	0	0	-0	0	-0	-0	-0	-1.387646883377161e-07	success	non_bfb	success	176.4862953615486	96	4.890196848333657e-09	228.1480002378631	0	0	-6.471851393623328e-09	-1106.324812228989	-1106.324812228989	-1106.324812228989	12328.53366331303	20224977.26977327	20224977.26977327	13632351.82933929	20342994.69669193	20395266.9242867	9864.029952774959	9864.029952774959	9864.029952774959	23298.88842831698	20241592.3400797	20241592.3400797	13648738.49014555	20359609.76699761	20411881.99458525	0	0	0	2.241960150186125e-07	2.241960150186125e-07	0.009585079872086864	0.009585079872086864	2.710658325637186	2.710658325637186	0.008585941218040995	0.008585941218040995	0.008585941218040995	0.008585941218040995	0.008585941218040995	0.008585941218040995	1.957680457125527	1.957680457125527	20.78347275003875	20.78347275003875	25548.54133693324	25548.54133693324	0	5548.019042563074	5548.019042563074	7139.363290634791	2997.223188828258	13406.47209938269	13406.47209938269	14254.64167121636	0.3006540911538593	-1.570601953465653	0.3006527138105873	5.756269323822175e-05	-0.0001856543215394939	-0.9999999811095045	0.9999999983423269	1.382686630996323e-06	5.756243752843681e-05	1.371999889591186e-06	-0.9999999827652805	0.0001856544008229061	0.3008806642658544	-1.570601084865844	0.3008830200442857	5.786217551262841e-05	-0.0001864708519203074	-0.9999999809402946	0.9999999983231966	-2.350383608234641e-06	5.786261479648162e-05	-2.361173254512458e-06	-0.9999999826115482	0.0001864707156093237	-0.09765624999999997	-0.4882812499999999	0.3906249999999999	12187.939453125	20210274.8046875	20210274.46289062	13648014.97791979	20328086.44814604	20380279.62862166	610.2859999999999
1	125.09	3691.502463321032	4513.56126887456	4520.300489052716	4498.308688780068	6.18075050722311e-05	-0.0001991005609511	-0.9999999782693996	0.9999999980889872	1.3756812231591198e-06	6.180723239868069e-05	1.3633753389030725e-06	-0.9999999801785372	0.0001991006455976	0.2581069881028696	4.536191850067056	2.287236645505852	5.538875356525736	-1.0042363171067217	12.099991847187358	-1.2041500964627423	-6.277438717525325	1.6931808750688164	5.50347492821874	-7823.75405	20165450.209195983	13663691.000094296	246.21965079413735	-1.2697951155548	-1.5705878532929405	0.3009998417140569	0	4.34499995216127e-10	0	4.3820371046357355e-10	0.0002808510406859	2.1981876736909296	0.0061260948591266	-2.5311601220010024e-06	0	0	0	0	0	0	0.2098359012069659	0.0263855244319735	0.0015451931004345	0.5891461720423038	0.0288576376286612	0.0023154248712063	0.0781040895547566	0.0002243503867746	0.0002163905984633	0.0633693161784596	0	-296.4877115571781	-1.5710320221221237	-5.011560708737396	1679.6800506556497	-2.736116104707948e-05	2174.207373078797	563.1626081400051	-1	0	0	-1	0	0	-1	0	0	-1	0	0	12045	3.865931893308993	0.7671317849941387	1	17.065179175759397	210306956	151.79814355184558	-0.7507248024962223	-0.5390414867796238	1	3691.502463321032	24.82210904624852	0.4299274351226336	0.440509237498375	0.4471768557557052	0.4497400299549358	0.4466217834373835	0.3924605855066331	0	0.0040855735202076	-5978953.083871303	-7259203.760351969	-6055366.116591227	-0.09841158153088081	-1.331719004353727	-2.532685839621262	0	0	-4.447546283742883	1.464426396041786	0	0	0	-0	0	-0	-0	-0	-1.387646883377161e-07	success	non_bfb	success	176.4862953615486	97	9.576224049339488e-09	227.4805356123085	0	0	6.276946321576413e-09	-1145.57203560164	-1145.57203560164	-1145.57203560164	12210.79199319508	20224629.4772234	20224629.4772234	13632534.93138816	20341957.37603165	20393924.19818101	10054.52214668158	10054.52214668158	10054.52214668158	23410.8861754783	20241592.4976784	20241592.4976784	13649264.75902767	20358920.39648588	20410887.21862802	0	0	0	2.228861283388664e-07	2.228861283388664e-07	0.009529078125366667	0.009529078125366667	2.69482104488177	2.69482104488177	0.008535777034553334	0.008535777034553334	0.008535777034553334	0.008535777034553334	0.008535777034553334	0.008535777034553334	1.946242521648506	1.946242521648506	20.66204332092119	20.66204332092119	25399.27153844277	25399.27153844277	0	5515.604210202077	5515.604210202077	7097.650877167071	3051.256182816256	13538.62773576802	13538.62773576802	14370.670656436	0.3006417130194275	-1.570602479267859	0.3006403353965873	5.740468769089603e-05	-0.0001851528166910576	-0.9999999812115682	0.9999999983514093	1.382937141566712e-06	5.740443262009388e-05	1.372308523193329e-06	-0.999999982858261	0.000185152895772891	0.3011284730540659	-1.570601617209956	0.3011308498470585	5.775049060516377e-05	-0.000185948117296789	-0.9999999810440888	0.999999998329603	-2.371423681462474e-06	5.775093256518617e-05	-2.382162313692608e-06	-0.9999999827088366	0.0001859479800354118	0.1953125	0.2441406249999999	0.09765624999999999	12106.103515625	20209405.17578125	20209405.17578125	13648754.23722695	20326525.41289586	20378412.14675216	611.434
1	125.09	3691.502463321032	4513.56126887456	4520.300489052716	4498.308688780068	6.18075050722311e-05	-0.0001991005609511	-0.9999999782693996	0.9999999980889872	1.3756812231591198e-06	6.180723239868069e-05	1.3633753389030725e-06	-0.9999999801785372	0.0001991006455976	0.2581069881028696	4.536191850067056	2.287236645505852	5.538875356525736	-1.0042363171067217	12.099991847187358	-1.2041500964627423	-6.277438717525325	1.6931808750688164	5.50347492821874	-7823.75405	20165450.209195983	13663691.000094296	246.21965079413735	-1.2697951155548	-1.5705878532929405	0.3009998417140569	0	4.34499995216127e-10	0	4.3820371046357355e-10	0.0002808510406859	2.1981876736909296	0.0061260948591266	-2.5311601220010024e-06	0	0	0	0	0	0	0.2098359012069659	0.0263855244319735	0.0015451931004345	0.5891461720423038	0.0288576376286612	0.0023154248712063	0.0781040895547566	0.0002243503867746	0.0002163905984633	0.0633693161784596	0	-296.4877115571781	-1.5710320221221237	-5.011560708737396	1679.6800506556497	-2.736116104707948e-05	2174.207373078797	563.1626081400051	-1	0	0	-1	0	0	-1	0	0	-1	0	0	12045	3.865931893308993	0.7671317849941387	1	17.065179175759397	210306956	151.79814355184558	-0.7507248024962223	-0.5390414867796238	1	3691.502463321032	24.82210904624852	0.4299274351226336	0.440509237498375	0.4471768557557052	0.4497400299549358	0.4466217834373835	0.3924605855066331	0	0.0040855735202076	-5978953.083871303	-7259203.760351969	-6055366.116591227	-0.09841158153088081	-1.331719004353727	-2.532685839621262	0	0	-4.447546283742883	1.464426396041786	0	0	0	-0	0	-0	-0	-0	-1.387646883377161e-07	success	non_bfb	success	176.4862953615486	98	7.13597497954503e-09	226.8006067939787	0	0	-7.77719517240903e-09	-1185.433929186824	-1185.433929186824	-1185.433929186824	12091.20631243952	20224276.23772207	20224276.23772207	13632720.9010896	20340903.80937846	20392560.44297586	10246.78038972571	10246.78038972571	10246.78038972571	23523.42063135206	20241590.81402665	20241590.81402665	13649797.45169534	20358218.38568226	20409875.01927232	0	0	0	2.2155572687477e-07	2.2155572687477e-07	0.0094721993075418	0.0094721993075418	2.678735728624952	2.678735728624952	0.008484827204931348	0.008484827204931348	0.008484827204931348	0.008484827204931348	0.008484827204931348	0.008484827204931348	1.934625450996397	1.934625450996397	20.53871212534502	20.53871212534502	25247.66395167384	25247.66395167384	0	5482.681713089683	5482.681713089683	7055.285184923217	3105.559912794703	13671.98110086047	13671.98110086047	14487.97018018103	0.3006291336677679	-1.570603015254296	0.3006277557608528	5.724364164675505e-05	-0.0001846415902702169	-0.9999999813153242	0.9999999983606406	1.383191673667183e-06	5.724338722777698e-05	1.372622137772504e-06	-0.9999999829527849	0.0001846416691464514	0.3005751325235906	-1.570602090777454	0.300583213578738	5.75073801972921e-05	-0.0001855277083192384	-0.9999999811361848	0.9999999983137557	-8.075720489315719e-06	5.750887945507165e-05	-8.08638982759013e-06	-0.9999999827571256	0.0001855272435931981	0	0.3417968749999999	0.3417968749999999	12024.4140625	20208523.046875	20208522.70507812	13649504.53153263	20324939.96347919	20376515.46592563	613.119
1	125.09	3691.502463321032	4513.56126887456	4520.300489052716	4498.308688780068	6.18075050722311e-05	-0.0001991005609511	-0.9999999782693996	0.9999999980889872	1.3756812231591198e-06	6.180723239868069e-05	1.3633753389030725e-06	-0.9999999801785372	0.0001991006455976	0.2581069881028696	4.536191850067056	2.287236645505852	5.538875356525736	-1.0042363171067217	12.099991847187358	-1.2041500964627423	-6.277438717525325	1.6931808750688164	5.50347492821874	-7823.75405	20165450.209195983	13663691.000094296	246.21965079413735	-1.2697951155548	-1.5705878532929405	0.3009998417140569	0	4.34499995216127e-10	0	4.3820371046357355e-10	0.0002808510406859	2.1981876736909296	0.0061260948591266	-2.5311601220010024e-06	0	0	0	0	0	0	0.2098359012069659	0.0263855244319735	0.0015451931004345	0.5891461720423038	0.0288576376286612	0.0023154248712063	0.0781040895547566	0.0002243503867746	0.0002163905984633	0.0633693161784596	0	-296.4877115571781	-1.5710320221221237	-5.011560708737396	1679.6800506556497	-2.736116104707948e-05	2174.207373078797	563.1626081400051	-1	0	0	-1	0	0	-1	0	0	-1	0	0	12045	3.865931893308993	0.7671317849941387	1	17.065179175759397	210306956	151.79814355184558	-0.7507248024962223	-0.5390414867796238	1	3691.502463321032	24.82210904624852	0.4299274351226336	0.440509237498375	0.4471768557557052	0.4497400299549358	0.4466217834373835	0.3924605855066331	0	0.0040855735202076	-5978953.083871303	-7259203.760351969	-6055366.116591227	-0.09841158153088081	-1.331719004353727	-2.532685839621262	0	0	-4.447546283742883	1.464426396041786	0	0	0	-0	0	-0	-0	-0	-1.387646883377161e-07	success	non_bfb	success	176.4862953615486	99	5.128221788387632e-09	226.1085092483904	0	0	-1.149214443729622e-08	-1225.886687385877	-1225.886687385877	-1225.886687385877	11969.84803784237	20223917.76222459	20223917.76222459	13632909.62738219	20339834.62592437	20391176.47310839	10440.82848750602	10440.82848750602	10440.82848750602	23636.56321273426	20241587.50007977	20241587.50007977	13650336.45708713	20357504.36377875	20408846.21095534	0	0	0	2.202056051446082e-07	2.202056051446082e-07	0.009414477386750445	0.009414477386750445	2.662411983048194	2.662411983048194	0.008433122156510183	0.008433122156510183	0.008433122156510183	0.008433122156510183	0.008433122156510183	0.008433122156510183	1.922836182905887	1.922836182905887	20.41355281693481	20.41355281693481	25093.80911696561	25093.80911696561	0	5449.271212603784	5449.271212603784	7012.291514775219	3160.130723917045	13806.55185603793	13806.55185603793	14606.56919816999	0.3006163624166595	-1.570603561212726	0.3006149842213485	5.707962034201281e-05	-0.0001841208455838097	-0.9999999814207152	0.9999999983700157	1.383450078999713e-06	5.707936658747113e-05	1.372940552054727e-06	-0.9999999830488001	0.000184120924250501	0.3008176103011223	-1.570602667603116	0.3008181284606509	5.738145071714027e-05	-0.0001849628390551349	-0.9999999812480588	0.9999999983535476	-5.128527902108249e-07	5.73815465573892e-05	-5.234662343544682e-07	-0.9999999828942426	0.0001849628093220321	0.146484375	0.7812499999999999	0.2929687499999999	11943.310546875	20207628.02734375	20207627.49023437	13650265.76360553	20323331.07665943	20374589.58551631	614.601
1	125.09	3691.502463321032	4513.56126887456	4520.300489052716	4498.308688780068	6.18075050722311e-05	-0.0001991005609511	-0.9999999782693996	0.9999999980889872	1.3756812231591198e-06	6.180723239868069e-05	1.3633753389030725e-06	-0.9999999801785372	0.0001991006455976	0.2581069881028696	4.536191850067056	2.287236645505852	5.538875356525736	-1.0042363171067217	12.099991847187358	-1.2041500964627423	-6.277438717525325	1.6931808750688164	5.50347492821874	-7823.75405	20165450.209195983	13663691.000094296	246.21965079413735	-1.2697951155548	-1.5705878532929405	0.3009998417140569	0	4.34499995216127e-10	0	4.3820371046357355e-10	0.0002808510406859	2.1981876736909296	0.0061260948591266	-2.5311601220010024e-06	0	0	0	0	0	0	0.2098359012069659	0.0263855244319735	0.0015451931004345	0.5891461720423038	0.0288576376286612	0.0023154248712063	0.0781040895547566	0.0002243503867746	0.0002163905984633	0.0633693161784596	0	-296.4877115571781	-1.5710320221221237	-5.011560708737396	1679.6800506556497	-2.736116104707948e-05	2174.207373078797	563.1626081400051	-1	0	0	-1	0	0	-1	0	0	-1	0	0	12045	3.865931893308993	0.7671317849941387	1	17.065179175759397	210306956	151.79814355184558	-0.7507248024962223	-0.5390414867796238	1	3691.502463321032	24.82210904624852	0.4299274351226336	0.440509237498375	0.4471768557557052	0.4497400299549358	0.4466217834373835	0.3924605855066331	0	0.0040855735202076	-5978953.083871303	-7259203.760351969	-6055366.116591227	-0.09841158153088081	-1.331719004353727	-2.532685839621262	0	0	-4.447546283742883	1.464426396041786	0	0	0	-0	0	-0	-0	-0	-1.387646883377161e-07	success	non_bfb	success	176.4862953615486	100	5.455819286873382e-09	225.4045340679075	0	0	-9.298943345111164e-09	-1266.906853607333	-1266.906853607333	-1266.906853607333	11846.787539178	20223554.25859349	20223554.25859349	13633101.00083272	20338750.44563698	20389773.09107557	10636.68989661396	10636.68989661396	10636.68989661396	23750.3842893993	20241582.7637003	20241582.7637003	13650881.66576987	20356778.95074298	20407801.59617402	0	0	0	2.18836546018456e-07	2.18836546018456e-07	0.009355945833133456	0.009355945833133456	2.645859273499428	2.645859273499428	0.008380691870538377	0.008380691870538377	0.008380691870538377	0.008380691870538377	0.008380691870538377	0.008380691870538377	1.910881553401456	1.910881553401456	20.28663796950002	20.28663796950002	24937.79624727077	24937.79624727077	0	5415.392081872329	5415.392081872329	6968.694796666081	3214.965204610964	13942.35937442834	13942.35937442834	14726.49605191821	0.300603410595151	-1.570604116935275	0.3006020321072504	5.691268807218614e-05	-0.0001835907830226593	-0.999999981527685	0.9999999983795299	1.383712211352499e-06	5.691243499445896e-05	1.373263587287772e-06	-0.9999999831462548	0.0001835908614759375	0.3009054912271528	-1.570603146695481	0.3008906825037694	5.725570934594915e-05	-0.0001845002285682147	-0.9999999813407247	0.9999999982513209	1.481400458173557e-05	5.725297712683153e-05	1.480344111795086e-05	-0.9999999828701054	0.0001845010764320347	0.1953125	0.8300781249999999	0.2929687499999999	11863.37890625	20206720.01953125	20206719.97070312	13651038.71417036	20321700.31482546	20372638.51006668	615.686
1	125.09	3691.502463321032	4513.56126887456	4520.300489052716	4498.308688780068	6.18075050722311e-05	-0.0001991005609511	-0.9999999782693996	0.9999999980889872	1.3756812231591198e-06	6.180723239868069e-05	1.3633753389030725e-06	-0.9999999801785372	0.0001991006455976	0.2581069881028696	4.536191850067056	2.287236645505852	5.538875356525736	-1.0042363171067217	12.099991847187358	-1.2041500964627423	-6.277438717525325	1.6931808750688164	5.50347492821874	-7823.75405	20165450.209195983	13663691.000094296	246.21965079413735	-1.2697951155548	-1.5705878532929405	0.3009998417140569	0	4.34499995216127e-10	0	4.3820371046357355e-10	0.0002808510406859	2.1981876736909296	0.0061260948591266	-2.5311601220010024e-06	0	0	0	0	0	0	0.2098359012069659	0.0263855244319735	0.0015451931004345	0.5891461720423038	0.0288576376286612	0.0023154248712063	0.0781040895547566	0.0002243503867746	0.0002163905984633	0.0633693161784596	0	-296.4877115571781	-1.5710320221221237	-5.011560708737396	1679.6800506556497	-2.736116104707948e-05	2174.207373078797	563.1626081400051	-1	0	0	-1	0	0	-1	0	0	-1	0	0	12045	3.865931893308993	0.7671317849941387	1	17.065179175759397	210306956	151.79814355184558	-0.7507248024962223	-0.5390414867796238	1	3691.502463321032	24.82210904624852	0.4299274351226336	0.440509237498375	0.4471768557557052	0.4497400299549358	0.4466217834373835	0.3924605855066331	0	0.0040855735202076	-5978953.083871303	-7259203.760351969	-6055366.116591227	-0.09841158153088081	-1.331719004353727	-2.532685839621262	0	0	-4.447546283742883	1.464426396041786	0	0	0	-0	0	-0	-0	-0	-1.387646883377161e-07	success	non_bfb	success	176.4862953615486	101	7.499124793661932e-09	224.6890766874881	0	0	-1.203788553572589e-09	-1308.465020555926	-1308.465020555926	-1308.465020555926	11722.11303833222	20223185.98742399	20223185.98742399	13633294.88424589	20337652.0457635	20388351.30295982	10834.39402434482	10834.39402434482	10834.39402434482	23864.97208323296	20241576.86548344	20241576.86548344	13651432.94054821	20356042.92382213	20406742.18101081	0	0	0	2.174495309727352e-07	2.174495309727352e-07	0.009296646607873292	0.009296646607873292	2.629089466591152	2.629089466591152	0.008327573934208831	0.008327573934208831	0.008327573934208831	0.008327573934208831	0.008327573934208831	0.008327573934208831	1.898770132738956	1.898770132738956	20.15805856810327	20.15805856810327	24779.73718798016	24779.73718798016	0	5381.068608793018	5381.068608793018	6924.526285017222	3270.060541725687	14079.4279439294	14079.4279439294	14847.78480899788	0.3005902815866014	-1.570604682125118	0.3005889028021495	5.674293399195868e-05	-0.000183051682003575	-0.9999999816361603	0.9999999983891761	1.383977886148702e-06	5.674268160309106e-05	1.373591017424715e-06	-0.9999999832450831	0.0001830517602396768	0.3002289467979988	-1.570603594732162	0.3002236999554216	5.699837176658274e-05	-0.000184110926331957	-0.9999999814271761	0.9999999983618557	5.252089511028801e-06	5.699740576475126e-05	5.241595568308801e-06	-0.9999999830377911	0.0001841112253909074	0.4394531249999999	0.1953125	0.6835937499999999	11784.66796875	20205799.90234375	20205799.90234375	13651820.74668254	20320047.77556869	20370660.0422019	616.866
1	125.09	3691.502463321032	4513.56126887456	4520.300489052716	4498.308688780068	6.18075050722311e-05	-0.0001991005609511	-0.9999999782693996	0.9999999980889872	1.3756812231591198e-06	6.180723239868069e-05	1.3633753389030725e-06	-0.9999999801785372	0.0001991006455976	0.2581069881028696	4.536191850067056	2.287236645505852	5.538875356525736	-1.0042363171067217	12.099991847187358	-1.2041500964627423	-6.277438717525325	1.6931808750688164	5.50347492821874	-7823.75405	20165450.209195983	13663691.000094296	246.21965079413735	-1.2697951155548	-1.5705878532929405	0.3009998417140569	0	4.34499995216127e-10	0	4.3820371046357355e-10	0.0002808510406859	2.1981876736909296	0.0061260948591266	-2.5311601220010024e-06	0	0	0	0	0	0	0.2098359012069659	0.0263855244319735	0.0015451931004345	0.5891461720423038	0.0288576376286612	0.0023154248712063	0.0781040895547566	0.0002243503867746	0.0002163905984633	0.0633693161784596	0	-296.4877115571781	-1.5710320221221237	-5.011560708737396	1679.6800506556497	-2.736116104707948e-05	2174.207373078797	563.1626081400051	-1	0	0	-1	0	0	-1	0	0	-1	0	0	12045	3.865931893308993	0.7671317849941387	1	17.065179175759397	210306956	151.79814355184558	-0.7507248024962223	-0.5390414867796238	1	3691.502463321032	24.82210904624852	0.4299274351226336	0.440509237498375	0.4471768557557052	0.4497400299549358	0.4466217834373835	0.3924605855066331	0	0.0040855735202076	-5978953.083871303	-7259203.760351969	-6055366.116591227	-0.09841158153088081	-1.331719004353727	-2.532685839621262	0	0	-4.447546283742883	1.464426396041786	0	0	0	-0	0	-0	-0	-0	-1.387646883377161e-07	success	non_bfb	success	176.4862953615486	102	1.314742489007801e-08	223.9625464261321	0	0	1.937870397982631e-09	-1350.531165971234	-1350.531165971234	-1350.531165971234	11595.9146020863	20222813.21476085	20222813.21476085	13633491.13755737	20336540.21980493	20386912.13588277	11033.970892959	11033.970892959	11033.970892959	23980.41666101653	20241570.07147397	20241570.07147397	13651990.14135785	20355297.07651722	20405668.99258729	0	0	0	2.160455620084958e-07	2.160455620084958e-07	0.009236622549644384	0.009236622549644384	2.612114677090384	2.612114677090384	0.008273806720737562	0.008273806720737562	0.008273806720737562	0.008273806720737562	0.008273806720737562	0.008273806720737562	1.886510670395372	1.886510670395372	20.02790750048617	20.02790750048617	24619.7461233947	24619.7461233947	0	5346.3255891719	5346.3255891719	6879.817887842325	3325.41426977918	14217.78236034717	14217.78236034717	14970.46984290471	0.3005769878544213	-1.570605256479283	0.3005756087696415	5.657045071931488e-05	-0.0001825038330700254	-0.9999999817460673	0.9999999983989483	1.384246914627751e-06	5.657019903100233e-05	1.373922611199109e-06	-0.9999999833452171	0.0001825039110852991	0.3004218356788106	-1.570604188070691	0.3004223892177789	5.685830103487402e-05	-0.0001835331650957629	-0.9999999815413554	0.9999999983834107	-5.483212658959506e-07	5.685840262762386e-05	-5.587566583712205e-07	-0.9999999831576383	0.0001835331336223385	0.04882812499999999	0.4394531249999999	0.09765624999999999	11707.080078125	20204869.53125	20204868.06640625	13652612.44753685	20318374.72858075	20368658.62466365	617.931
1	125.09	3691.502463321032	4513.56126887456	4520.300489052716	4498.308688780068	6.18075050722311e-05	-0.0001991005609511	-0.9999999782693996	0.9999999980889872	1.3756812231591198e-06	6.180723239868069e-05	1.3633753389030725e-06	-0.9999999801785372	0.0001991006455976	0.2581069881028696	4.536191850067056	2.287236645505852	5.538875356525736	-1.0042363171067217	12.099991847187358	-1.2041500964627423	-6.277438717525325	1.6931808750688164	5.50347492821874	-7823.75405	20165450.209195983	13663691.000094296	246.21965079413735	-1.2697951155548	-1.5705878532929405	0.3009998417140569	0	4.34499995216127e-10	0	4.3820371046357355e-10	0.0002808510406859	2.1981876736909296	0.0061260948591266	-2.5311601220010024e-06	0	0	0	0	0	0	0.2098359012069659	0.0263855244319735	0.0015451931004345	0.5891461720423038	0.0288576376286612	0.0023154248712063	0.0781040895547566	0.0002243503867746	0.0002163905984633	0.0633693161784596	0	-296.4877115571781	-1.5710320221221237	-5.011560708737396	1679.6800506556497	-2.736116104707948e-05	2174.207373078797	563.1626081400051	-1	0	0	-1	0	0	-1	0	0	-1	0	0	12045	3.865931893308993	0.7671317849941387	1	17.065179175759397	210306956	151.79814355184558	-0.7507248024962223	-0.5390414867796238	1	3691.502463321032	24.82210904624852	0.4299274351226336	0.440509237498375	0.4471768557557052	0.4497400299549358	0.4466217834373835	0.3924605855066331	0	0.0040855735202076	-5978953.083871303	-7259203.760351969	-6055366.116591227	-0.09841158153088081	-1.331719004353727	-2.532685839621262	0	0	-4.447546283742883	1.464426396041786	0	0	0	-0	0	-0	-0	-0	-1.387646883377161e-07	success	non_bfb	success	176.4862953615486	103	6.937413658747106e-09	223.2253823148513	0	0	-1.167580412070434e-08	-1393.073765409503	-1393.073765409503	-1393.073765409503	11468.28680377149	20222436.21996058	20222436.21996058	13633689.61369459	20335415.80096559	20385456.66835874	11235.45202690027	11235.45202690027	11235.45202690027	24096.81259608126	20241562.66102839	20241562.66102839	13652553.12112623	20354542.24203257	20404583.10941784	0	0	0	2.146256912625617e-07	2.146256912625617e-07	0.009175918640582096	0.009175918640582096	2.594947625934389	2.594947625934389	0.008219430523369407	0.008219430523369407	0.008219430523369407	0.008219430523369407	0.008219430523369407	0.008219430523369407	1.874112353633459	1.874112353633459	19.89628230208892	19.89628230208892	24457.94295110109	24457.94295110109	0	5311.189059489308	5311.189059489308	6834.603109693275	3381.024335534857	14357.44866016198	14357.44866016198	15094.58671142718	0.300563540169189	-1.570605839669188	0.3005621607805654	5.639533811406527e-05	-0.0001819475499106954	-0.9999999818573275	0.9999999984088387	1.384519098128724e-06	5.639508713763293e-05	1.374258125078155e-06	-0.999999983446586	0.0001819476277016102	0.3005934228671054	-1.570604767098511	0.300592033319955	5.671834948500244e-05	-0.0001829703409101379	-0.9999999816524414	0.9999999983905561	1.394736034684664e-06	5.671809523903181e-05	1.384358279873004e-06	-0.9999999832599545	0.0001829704197227833	-0.2929687499999999	0.7812499999999999	0.146484375	11630.810546875	20203926.3671875	20203926.90429687	13653413.32803701	20316683.41987294	20366634.30677754	619.8920000000001
1	125.09	3691.502463321032	4513.56126887456	4520.300489052716	4498.308688780068	6.18075050722311e-05	-0.0001991005609511	-0.9999999782693996	0.9999999980889872	1.3756812231591198e-06	6.180723239868069e-05	1.3633753389030725e-06	-0.9999999801785372	0.0001991006455976	0.2581069881028696	4.536191850067056	2.287236645505852	5.538875356525736	-1.0042363171067217	12.099991847187358	-1.2041500964627423	-6.277438717525325	1.6931808750688164	5.50347492821874	-7823.75405	20165450.209195983	13663691.000094296	246.21965079413735	-1.2697951155548	-1.5705878532929405	0.3009998417140569	0	4.34499995216127e-10	0	4.3820371046357355e-10	0.0002808510406859	2.1981876736909296	0.0061260948591266	-2.5311601220010024e-06	0	0	0	0	0	0	0.2098359012069659	0.0263855244319735	0.0015451931004345	0.5891461720423038	0.0288576376286612	0.0023154248712063	0.0781040895547566	0.0002243503867746	0.0002163905984633	0.0633693161784596	0	-296.4877115571781	-1.5710320221221237	-5.011560708737396	1679.6800506556497	-2.736116104707948e-05	2174.207373078797	563.1626081400051	-1	0	0	-1	0	0	-1	0	0	-1	0	0	12045	3.865931893308993	0.7671317849941387	1	17.065179175759397	210306956	151.79814355184558	-0.7507248024962223	-0.5390414867796238	1	3691.502463321032	24.82210904624852	0.4299274351226336	0.440509237498375	0.4471768557557052	0.4497400299549358	0.4466217834373835	0.3924605855066331	0	0.0040855735202076	-5978953.083871303	-7259203.760351969	-6055366.116591227	-0.09841158153088081	-1.331719004353727	-2.532685839621262	0	0	-4.447546283742883	1.464426396041786	0	0	0	-0	0	-0	-0	-0	-1.387646883377161e-07	success	non_bfb	success	176.4862953615486	104	4.775074344709088e-09	222.4781657086675	0	0	7.626289719848466e-09	-1436.053365847706	-1436.053365847706	-1436.053365847706	11339.34800245688	20222055.35263942	20222055.35263942	13633890.1285954	20334279.83200554	20383986.25015465	11438.87687919165	11438.87687919165	11438.87687919165	24214.27824749623	20241554.98376293	20241554.98376293	13653121.69579118	20353779.46312822	20403485.88126934	0	0	0	2.13191235490232e-07	2.13191235490232e-07	0.009114591176088064	0.009114591176088064	2.577604233449464	2.577604233449464	0.008164495769332496	0.008164495769332496	0.008164495769332496	0.008164495769332496	0.008164495769332496	0.008164495769332496	1.861586680365503	1.861586680365503	19.76330503907701	19.76330503907701	24294.47772362001	24294.47772362001	0	5275.691604550427	5275.691604550427	6788.923881709849	3436.88950831636	14498.45942817901	14498.45942817901	15220.17857638141	0.3005499465510921	-1.570606431249469	0.3005485668553478	5.621773007617042e-05	-0.0001813832545352643	-0.999999981969841	0.9999999984188389	1.384794186779932e-06	5.621747982241434e-05	1.374597252359912e-06	-0.9999999835490985	0.0001813833320984539	0.3003319040873994	-1.570605325796574	0.300332483175064	5.650521365571735e-05	-0.0001824514787129897	-0.9999999817593094	0.9999999984034097	-5.739329237776023e-07	5.650531931110803e-05	-5.842423923721306e-07	-0.9999999833555642	0.000182451445991376	0.146484375	0.3906249999999999	0.5859374999999999	11556.591796875	20202975.68359375	20202975.09765625	13654222.3139487	20314974.04470419	20364589.57884711	621.84
1	125.09	3691.502463321032	4513.56126887456	4520.300489052716	4498.308688780068	6.18075050722311e-05	-0.0001991005609511	-0.9999999782693996	0.9999999980889872	1.3756812231591198e-06	6.180723239868069e-05	1.3633753389030725e-06	-0.9999999801785372	0.0001991006455976	0.2581069881028696	4.536191850067056	2.287236645505852	5.538875356525736	-1.0042363171067217	12.099991847187358	-1.2041500964627423	-6.277438717525325	1.6931808750688164	5.50347492821874	-7823.75405	20165450.209195983	13663691.000094296	246.21965079413735	-1.2697951155548	-1.5705878532929405	0.3009998417140569	0	4.34499995216127e-10	0	4.3820371046357355e-10	0.0002808510406859	2.1981876736909296	0.0061260948591266	-2.5311601220010024e-06	0	0	0	0	0	0	0.2098359012069659	0.0263855244319735	0.0015451931004345	0.5891461720423038	0.0288576376286612	0.0023154248712063	0.0781040895547566	0.0002243503867746	0.0002163905984633	0.0633693161784596	0	-296.4877115571781	-1.5710320221221237	-5.011560708737396	1679.6800506556497	-2.736116104707948e-05	2174.207373078797	563.1626081400051	-1	0	0	-1	0	0	-1	0	0	-1	0	0	12045	3.865931893308993	0.7671317849941387	1	17.065179175759397	210306956	151.79814355184558	-0.7507248024962223	-0.5390414867796238	1	3691.502463321032	24.82210904624852	0.4299274351226336	0.440509237498375	0.4471768557557052	0.4497400299549358	0.4466217834373835	0.3924605855066331	0	0.0040855735202076	-5978953.083871303	-7259203.760351969	-6055366.116591227	-0.09841158153088081	-1.331719004353727	-2.532685839621262	0	0	-4.447546283742883	1.464426396041786	0	0	0	-0	0	-0	-0	-0	-1.387646883377161e-07	success	non_bfb	success	176.4862953615486	105	1.452783351821127e-08	221.690400697928	0	0	2.666851074366752e-09	-1481.209242198292	-1481.209242198292	-1481.209242198292	11203.88037340512	20221655.20006739	20221655.20006739	13634100.79658698	20333086.34315554	20382441.37719249	11642.50617492069	11642.50617492069	11642.50617492069	24327.5957905241	20241531.62694763	20241531.62694763	13653703.97967988	20352962.77003492	20402317.80406382	0	0	0	2.116841459215693e-07	2.116841459215693e-07	0.009050158389944113	0.009050158389944113	2.559382656734832	2.559382656734832	0.008106779389111436	0.008106779389111436	0.008106779389111436	0.008106779389111436	0.008106779389111436	0.008106779389111436	1.848426768511299	1.848426768511299	19.62359446045871	19.62359446045871	24122.73541972472	24122.73541972472	0	5238.396732805741	5238.396732805741	6740.931681931829	3492.897645286756	14639.37817284874	14639.37817284874	15345.50905864414	0.3005356565762706	-1.570607055402649	0.3005342765576842	5.603036885863753e-05	-0.0001807878790872018	-0.9999999820881701	0.9999999984293537	1.385083365808614e-06	5.603011936795074e-05	1.374953774553702e-06	-0.999999983656912	0.0001807879564099799	0.3011147903344636	-1.570605880058595	0.3011054672403128	5.648364926342207e-05	-0.0001818778614623365	-0.9999999818650204	0.9999999983613868	9.328230532473758e-06	5.648195359654606e-05	9.317957546375133e-06	-0.9999999834167138	0.0001818783880569218	-0.4394531249999999	-0.3906249999999999	-0.09765624999999997	11222.900390625	20201975.87890625	20201974.8046875	13655071.53422492	20313177.85326901	20362440.21211544	623.027
1	125.09	3691.502463321032	4513.56126887456	4520.300489052716	4498.308688780068	6.18075050722311e-05	-0.0001991005609511	-0.9999999782693996	0.9999999980889872	1.3756812231591198e-06	6.180723239868069e-05	1.3633753389030725e-06	-0.9999999801785372	0.0001991006455976	0.2581069881028696	4.536191850067056	2.287236645505852	5.538875356525736	-1.0042363171067217	12.099991847187358	-1.2041500964627423	-6.277438717525325	1.6931808750688164	5.50347492821874	-7823.75405	20165450.209195983	13663691.000094296	246.21965079413735	-1.2697951155548	-1.5705878532929405	0.3009998417140569	0	4.34499995216127e-10	0	4.3820371046357355e-10	0.0002808510406859	2.1981876736909296	0.0061260948591266	-2.5311601220010024e-06	0	0	0	0	0	0	0.2098359012069659	0.0263855244319735	0.0015451931004345	0.5891461720423038	0.0288576376286612	0.0023154248712063	0.0781040895547566	0.0002243503867746	0.0002163905984633	0.0633693161784596	0	-296.4877115571781	-1.5710320221221237	-5.011560708737396	1679.6800506556497	-2.736116104707948e-05	2174.207373078797	563.1626081400051	-1	0	0	-1	0	0	-1	0	0	-1	0	0	12045	3.865931893308993	0.7671317849941387	1	17.065179175759397	210306956	151.79814355184558	-0.7507248024962223	-0.5390414867796238	1	3691.502463321032	24.82210904624852	0.4299274351226336	0.440509237498375	0.4471768557557052	0.4497400299549358	0.4466217834373835	0.3924605855066331	0	0.0040855735202076	-5978953.083871303	-7259203.760351969	-6055366.116591227	-0.09841158153088081	-1.331719004353727	-2.532685839621262	0	0	-4.447546283742883	1.464426396041786	0	0	0	-0	0	-0	-0	-0	-1.387646883377161e-07	success	non_bfb	success	176.4862953615486	106	7.876108034555613e-09	220.8529910450804	0	0	1.719593246279231e-10	-1529.035190502983	-1529.035190502983	-1529.035190502983	11060.40252849105	20221231.38642959	20221231.38642959	13634323.92140109	20331822.28317798	20380805.15572068	11845.84611804567	11845.84611804567	11845.84611804567	24435.2838370397	20241488.21476759	20241488.21476759	13654302.27652407	20352079.11151511	20401061.98404964	0	0	0	2.100879419803193e-07	2.100879419803193e-07	0.008981915686041677	0.008981915686041677	2.540083636177286	2.540083636177286	0.008045650232955651	0.008045650232955651	0.008045650232955651	0.008045650232955651	0.008045650232955651	0.008045650232955651	1.834488709616218	1.834488709616218	19.47562277990177	19.47562277990177	23940.83797443865	23940.83797443865	0	5198.896611177202	5198.896611177202	6690.101698082295	3549.004583789659	14779.79706109313	14779.79706109313	15470.09750859481	0.3005205150751888	-1.570607719418549	0.3005191347144422	5.583107116979152e-05	-0.0001801544696360146	-0.9999999822136288	0.9999999984404998	1.385389828861072e-06	5.583082249157809e-05	1.375331632004702e-06	-0.9999999837712237	0.0001801545467028619	0.3005623345213768	-1.570606600278414	0.300546961337436	5.616993477597365e-05	-0.0001812211063356097	-0.9999999820019245	0.9999999983043801	1.537827322825763e-05	5.616714882394902e-05	1.536809427862871e-05	-0.9999999834612096	0.0001812219698248202	0.4394531249999998	0.5859374999999999	0.1953125	11114.306640625	20200917.28515625	20200916.69921875	13655972.61039156	20311276.6811426	20360166.23580959	624.369
1	125.09	3691.502463321032	4513.56126887456	4520.300489052716	4498.308688780068	6.18075050722311e-05	-0.0001991005609511	-0.9999999782693996	0.9999999980889872	1.3756812231591198e-06	6.180723239868069e-05	1.3633753389030725e-06	-0.9999999801785372	0.0001991006455976	0.2581069881028696	4.536191850067056	2.287236645505852	5.538875356525736	-1.0042363171067217	12.099991847187358	-1.2041500964627423	-6.277438717525325	1.6931808750688164	5.50347492821874	-7823.75405	20165450.209195983	13663691.000094296	246.21965079413735	-1.2697951155548	-1.5705878532929405	0.3009998417140569	0	4.34499995216127e-10	0	4.3820371046357355e-10	0.0002808510406859	2.1981876736909296	0.0061260948591266	-2.5311601220010024e-06	0	0	0	0	0	0	0.2098359012069659	0.0263855244319735	0.0015451931004345	0.5891461720423038	0.0288576376286612	0.0023154248712063	0.0781040895547566	0.0002243503867746	0.0002163905984633	0.0633693161784596	0	-296.4877115571781	-1.5710320221221237	-5.011560708737396	1679.6800506556497	-2.736116104707948e-05	2174.207373078797	563.1626081400051	-1	0	0	-1	0	0	-1	0	0	-1	0	0	12045	3.865931893308993	0.7671317849941387	1	17.065179175759397	210306956	151.79814355184558	-0.7507248024962223	-0.5390414867796238	1	3691.502463321032	24.82210904624852	0.4299274351226336	0.440509237498375	0.4471768557557052	0.4497400299549358	0.4466217834373835	0.3924605855066331	0	0.0040855735202076	-5978953.083871303	-7259203.760351969	-6055366.116591227	-0.09841158153088081	-1.331719004353727	-2.532685839621262	0	0	-4.447546283742883	1.464426396041786	0	0	0	-0	0	-0	-0	-0	-1.387646883377161e-07	success	non_bfb	success	176.4862953615486	107	4.168221119576426e-09	219.9967970313027	0	0	-7.057958942396938e-10	-1577.74681247935	-1577.74681247935	-1577.74681247935	10914.26766256195	20220799.72432053	20220799.72432053	13634551.17819432	20330534.81447181	20379138.63357792	12050.68110684901	12050.68110684901	12050.68110684901	24542.69558189032	20241440.55981731	20241440.55981731	13654908.26148039	20351175.6499677	20399779.46906556	0	0	0	2.08462178441079e-07	2.08462178441079e-07	0.008912409217001847	0.008912409217001847	2.520427223137147	2.520427223137147	0.007983389045212449	0.007983389045212449	0.007983389045212449	0.007983389045212449	0.007983389045212449	0.007983389045212449	1.820292536198891	1.820292536198891	19.32491085840307	19.32491085840307	23755.5720276603	23755.5720276603	0	5158.664999238599	5158.664999238599	6638.330409773085	3605.313212287391	14921.18985248597	14921.18985248597	15595.73751738295	0.3005050908928287	-1.570608398900443	0.3005037101834067	5.562716395184075e-05	-0.0001795062999901388	-0.9999999823415533	0.9999999984518629	1.385702116418636e-06	5.562691610574814e-05	1.375716710059284e-06	-0.999999983887784	0.0001795063767949173	0.3009746530004867	-1.570607018438984	0.3009954015589495	5.612068661209335e-05	-0.0001807985649481442	-0.9999999820811732	0.9999999982098775	-2.074348507445253e-05	5.612443790964372e-05	-2.075363192058621e-05	-0.9999999834407931	0.0001807974004859791	-0.3906249999999999	0.04882812499999999	-0.1953125	11003.564453125	20199838.4765625	20199837.6953125	13656890.09203746	20309339.57171245	20357847.68000008	626.318
1	125.09	3691.502463321032	4513.56126887456	4520.300489052716	4498.308688780068	6.18075050722311e-05	-0.0001991005609511	-0.9999999782693996	0.9999999980889872	1.3756812231591198e-06	6.180723239868069e-05	1.3633753389030725e-06	-0.9999999801785372	0.0001991006455976	0.2581069881028696	4.536191850067056	2.287236645505852	5.538875356525736	-1.0042363171067217	12.099991847187358	-1.2041500964627423	-6.277438717525325	1.6931808750688164	5.50347492821874	-7823.75405	20165450.209195983	13663691.000094296	246.21965079413735	-1.2697951155548	-1.5705878532929405	0.3009998417140569	0	4.34499995216127e-10	0	4.3820371046357355e-10	0.0002808510406859	2.1981876736909296	0.0061260948591266	-2.5311601220010024e-06	0	0	0	0	0	0	0.2098359012069659	0.0263855244319735	0.0015451931004345	0.5891461720423038	0.0288576376286612	0.0023154248712063	0.0781040895547566	0.0002243503867746	0.0002163905984633	0.0633693161784596	0	-296.4877115571781	-1.5710320221221237	-5.011560708737396	1679.6800506556497	-2.736116104707948e-05	2174.207373078797	563.1626081400051	-1	0	0	-1	0	0	-1	0	0	-1	0	0	12045	3.865931893308993	0.7671317849941387	1	17.065179175759397	210306956	151.79814355184558	-0.7507248024962223	-0.5390414867796238	1	3691.502463321032	24.82210904624852	0.4299274351226336	0.440509237498375	0.4471768557557052	0.4497400299549358	0.4466217834373835	0.3924605855066331	0	0.0040855735202076	-5978953.083871303	-7259203.760351969	-6055366.116591227	-0.09841158153088081	-1.331719004353727	-2.532685839621262	0	0	-4.447546283742883	1.464426396041786	0	0	0	-0	0	-0	-0	-0	-1.387646883377161e-07	success	non_bfb	success	176.4862953615486	108	1.045312414402919e-08	219.12154878827	0	0	-5.904002130424978e-09	-1627.346917577988	-1627.346917577988	-1627.346917577988	10765.46734726604	20220360.18884404	20220360.18884404	13634782.5800738	20329223.86278204	20377441.71464724	12257.00833188013	12257.00833188013	12257.00833188013	24649.82259672416	20241388.63720061	20241388.63720061	13655521.94765594	20350252.31113773	20398470.16299456	0	0	0	2.068067615376761e-07	2.068067615376761e-07	0.008841634974027896	0.008841634974027896	2.500412283927647	2.500412283927647	0.007919992234957868	0.007919992234957868	0.007919992234957868	0.007919992234957868	0.007919992234957868	0.007919992234957868	1.805837429492744	1.805837429492744	19.17145000362842	19.17145000362842	23566.92689414651	23566.92689414651	0	5117.699576625278	5117.699576625278	6585.614831086861	3661.817757956994	15063.5542266626	15063.5542266626	15722.43187191418	0.3004893743115741	-1.5706090940938	0.30048799324692	5.541857404502831e-05	-0.0001788431304688331	-0.9999999824719579	0.9999999984634438	1.38602025436279e-06	5.541832705104836e-05	1.376109042973414e-06	-0.9999999840066067	0.0001788432070052967	0.300394237057716	-1.570607921065736	0.3003847280040691	5.574865441523424e-05	-0.0001799689029830227	-0.9999999822516407	0.9999999984008804	9.514069981132472e-06	5.5746943078765e-05	9.504037096082795e-06	-0.9999999837603382	0.0001799694330920523	0.146484375	0.9765624999999998	0.9765624999999998	10892.67578125	20198740.13671875	20198740.18554687	13657825.34834198	20307367.8917556	20355488.49818366	628.264
1	125.09	3691.502463321032	4513.56126887456	4520.300489052716	4498.308688780068	6.18075050722311e-05	-0.0001991005609511	-0.9999999782693996	0.9999999980889872	1.3756812231591198e-06	6.180723239868069e-05	1.3633753389030725e-06	-0.9999999801785372	0.0001991006455976	0.2581069881028696	4.536191850067056	2.287236645505852	5.538875356525736	-1.0042363171067217	12.099991847187358	-1.2041500964627423	-6.277438717525325	1.6931808750688164	5.50347492821874	-7823.75405	20165450.209195983	13663691.000094296	246.21965079413735	-1.2697951155548	-1.5705878532929405	0.3009998417140569	0	4.34499995216127e-10	0	4.3820371046357355e-10	0.0002808510406859	2.1981876736909296	0.0061260948591266	-2.5311601220010024e-06	0	0	0	0	0	0	0.2098359012069659	0.0263855244319735	0.0015451931004345	0.5891461720423038	0.0288576376286612	0.0023154248712063	0.0781040895547566	0.0002243503867746	0.0002163905984633	0.0633693161784596	0	-296.4877115571781	-1.5710320221221237	-5.011560708737396	1679.6800506556497	-2.736116104707948e-05	2174.207373078797	563.1626081400051	-1	0	0	-1	0	0	-1	0	0	-1	0	0	12045	3.865931893308993	0.7671317849941387	1	17.065179175759397	210306956	151.79814355184558	-0.7507248024962223	-0.5390414867796238	1	3691.502463321032	24.82210904624852	0.4299274351226336	0.440509237498375	0.4471768557557052	0.4497400299549358	0.4466217834373835	0.3924605855066331	0	0.0040855735202076	-5978953.083871303	-7259203.760351969	-6055366.116591227	-0.09841158153088081	-1.331719004353727	-2.532685839621262	0	0	-4.447546283742883	1.464426396041786	0	0	0	-0	0	-0	-0	-0	-1.387646883377161e-07	success	non_bfb	success	176.4862953615486	109	1.667095853829769e-08	218.2268656672124	0	0	-4.684463083766491e-09	-1677.844032703532	-1677.844032703532	-1677.844032703532	10613.9760018894	20219912.70443822	20219912.70443822	13635018.1668206	20327889.20273901	20375714.10720608	12464.81926623439	12464.81926623439	12464.81926623439	24756.63930082732	20241332.37135562	20241332.37135562	13656143.37483179	20349308.86965551	20397133.77411412	0	0	0	2.051214066823655e-07	2.051214066823655e-07	0.008769580790104861	0.008769580790104861	2.480035377719829	2.480035377719829	0.007855448903453801	0.007855448903453801	0.007855448903453801	0.007855448903453801	0.007855448903453801	0.007855448903453801	1.791120904476501	1.791120904476501	19.01521383365641	19.01521383365641	23374.87014333971	23374.87014333971	0	5075.993300847078	5075.993300847078	6531.945899528472	3718.512111969837	15206.88314113287	15206.88314113287	15850.17761852198	0.3004733679983193	-1.570609805342148	0.300471986571794	5.520520153853761e-05	-0.0001781646360488616	-0.9999999826048739	0.9999999984752455	1.386344305583837e-06	5.52049554171305e-05	1.376508710678216e-06	-0.9999999841277201	0.000178164712310621	0.3006423986007847	-1.570608484241886	0.3006389574971393	5.562653853566357e-05	-0.0001794171466647108	-0.9999999823575877	0.9999999984469409	3.446093761608042e-06	5.562592114233701e-05	3.43611345675868e-06	-0.9999999838988057	0.0001794173380803328	0.2929687499999999	0.9277343749999998	0.6835937499999999	10779.78515625	20197623.14453125	20197621.82617187	13658775.34987758	20305360.76275355	20353086.64127512	630.207
1	125.09	3691.502463321032	4513.56126887456	4520.300489052716	4498.308688780068	6.18075050722311e-05	-0.0001991005609511	-0.9999999782693996	0.9999999980889872	1.3756812231591198e-06	6.180723239868069e-05	1.3633753389030725e-06	-0.9999999801785372	0.0001991006455976	0.2581069881028696	4.536191850067056	2.287236645505852	5.538875356525736	-1.0042363171067217	12.099991847187358	-1.2041500964627423	-6.277438717525325	1.6931808750688164	5.50347492821874	-7823.75405	20165450.209195983	13663691.000094296	246.21965079413735	-1.2697951155548	-1.5705878532929405	0.3009998417140569	0	4.34499995216127e-10	0	4.3820371046357355e-10	0.0002808510406859	2.1981876736909296	0.0061260948591266	-2.5311601220010024e-06	0	0	0	0	0	0	0.2098359012069659	0.0263855244319735	0.0015451931004345	0.5891461720423038	0.0288576376286612	0.0023154248712063	0.0781040895547566	0.0002243503867746	0.0002163905984633	0.0633693161784596	0	-296.4877115571781	-1.5710320221221237	-5.011560708737396	1679.6800506556497	-2.736116104707948e-05	2174.207373078797	563.1626081400051	-1	0	0	-1	0	0	-1	0	0	-1	0	0	12045	3.865931893308993	0.7671317849941387	1	17.065179175759397	210306956	151.79814355184558	-0.7507248024962223	-0.5390414867796238	1	3691.502463321032	24.82210904624852	0.4299274351226336	0.440509237498375	0.4471768557557052	0.4497400299549358	0.4466217834373835	0.3924605855066331	0	0.0040855735202076	-5978953.083871303	-7259203.760351969	-6055366.116591227	-0.09841158153088081	-1.331719004353727	-2.532685839621262	0	0	-4.447546283742883	1.464426396041786	0	0	0	-0	0	-0	-0	-0	-1.387646883377161e-07	success	non_bfb	success	176.4862953615486	110	4.233116470345261e-09	217.3124638199742	0	0	2.716329119840384e-09	-1729.240614933932	-1729.240614933932	-1729.240614933932	10459.7862551982	20219457.24932949	20219457.24932949	13635257.94989789	20326530.76940108	20373955.72719287	12674.11145283384	12674.11145283384	12674.11145283384	24863.13832296597	20241271.74050872	20241271.74050872	13656772.55447111	20348345.26057941	20395770.21836266	0	0	0	2.034060318695069e-07	2.034060318695069e-07	0.008696243159235506	0.008696243159235506	2.459295513018499	2.459295513018499	0.00778975591016447	0.00778975591016447	0.00778975591016447	0.00778975591016447	0.00778975591016447	0.00778975591016447	1.776142245076601	1.776142245076601	18.85619474638052	18.85619474638052	23179.39243018315	23179.39243018315	0	5033.544142568852	5033.544142568852	6477.321003686387	3775.390622472918	15351.17456656162	15351.17456656162	15978.97779764782	0.3004570674280407	-1.570610532908151	0.3004556856330161	5.498696921876073e-05	-0.0001774705635615779	-0.9999999827403159	0.9999999984872685	1.386674294095781e-06	5.49867239907657e-05	1.376915745267174e-06	-0.999999984251138	0.0001774706395421293	0.3003498881441394	-1.570609215241796	0.3003505577272916	5.535778518913313e-05	-0.0001787351359635288	-0.9999999824946334	0.9999999984675304	-6.646359504241741e-07	5.535790486715583e-05	-6.745303414425655e-07	-0.9999999840266546	0.0001787350988967373	0.3417968749999999	0.4882812499999999	0.1953125	10666.015625	20196484.47265625	20196483.69140625	13659744.68776681	20303317.0125466	20350642.10828035	632.157
1	125.09	3691.502463321032	4513.56126887456	4520.300489052716	4498.308688780068	6.18075050722311e-05	-0.0001991005609511	-0.9999999782693996	0.9999999980889872	1.3756812231591198e-06	6.180723239868069e-05	1.3633753389030725e-06	-0.9999999801785372	0.0001991006455976	0.2581069881028696	4.536191850067056	2.287236645505852	5.538875356525736	-1.0042363171067217	12.099991847187358	-1.2041500964627423	-6.277438717525325	1.6931808750688164	5.50347492821874	-7823.75405	20165450.209195983	13663691.000094296	246.21965079413735	-1.2697951155548	-1.5705878532929405	0.3009998417140569	0	4.34499995216127e-10	0	4.3820371046357355e-10	0.0002808510406859	2.1981876736909296	0.0061260948591266	-2.5311601220010024e-06	0	0	0	0	0	0	0.2098359012069659	0.0263855244319735	0.0015451931004345	0.5891461720423038	0.0288576376286612	0.0023154248712063	0.0781040895547566	0.0002243503867746	0.0002163905984633	0.0633693161784596	0	-296.4877115571781	-1.5710320221221237	-5.011560708737396	1679.6800506556497	-2.736116104707948e-05	2174.207373078797	563.1626081400051	-1	0	0	-1	0	0	-1	0	0	-1	0	0	12045	3.865931893308993	0.7671317849941387	1	17.065179175759397	210306956	151.79814355184558	-0.7507248024962223	-0.5390414867796238	1	3691.502463321032	24.82210904624852	0.4299274351226336	0.440509237498375	0.4471768557557052	0.4497400299549358	0.4466217834373835	0.3924605855066331	0	0.0040855735202076	-5978953.083871303	-7259203.760351969	-6055366.116591227	-0.09841158153088081	-1.331719004353727	-2.532685839621262	0	0	-4.447546283742883	1.464426396041786	0	0	0	-0	0	-0	-0	-0	-1.387646883377161e-07	success	non_bfb	success	176.4862953615486	111	7.592673222947577e-09	216.3779692075532	0	0	1.183053584894177e-08	-1781.543592209386	-1781.543592209386	-1781.543592209386	10302.87732337184	20218993.76212532	20218993.76212532	13635501.96162703	20325148.3796599	20372166.33758882	12884.87796373827	12884.87796373827	12884.87796373827	24969.2988793195	20241206.68326741	20241206.68326741	13657409.51889525	20347361.30080107	20394379.25872136	0	0	0	2.016604058772253e-07	2.016604058772253e-07	0.008621612195962492	0.008621612195962492	2.438189894218655	2.438189894218655	0.007722904400082232	0.007722904400082232	0.007722904400082232	0.007722904400082232	0.007722904400082232	0.007722904400082232	1.76089943226275	1.76089943226275	18.69437130701506	18.69437130701506	22980.4674054947	22980.4674054947	0	4990.346379907605	4990.346379907605	6421.732780463783	3832.447375245024	15496.42278106586	15496.42278106586	16108.83096041608	0.3004404734822183	-1.570611277131869	0.3004390913119724	5.476377797898526e-05	-0.0001767605899026657	-0.9999999828783112	0.9999999984995157	1.387010272934907e-06	5.476353366570558e-05	1.377330214671044e-06	-0.999999984376885	0.0001767606655953618	0.3012778919420909	-1.570609935810588	0.3012910641267061	5.530980606599512e-05	-0.0001779955725590733	-0.9999999826292005	0.9999999983835947	-1.316726216562647e-05	5.531215065174289e-05	-1.317710725482536e-05	-0.9999999840720994	0.0001779948439927541	-0.2929687499999999	0.2441406249999999	0.3906249999999999	10550	20195325.68359375	20195325.1953125	13660728.47874919	20301237.61796258	20348153.72750697	632.609
1	125.09	3691.502463321032	4513.56126887456	4520.300489052716	4498.308688780068	6.18075050722311e-05	-0.0001991005609511	-0.9999999782693996	0.9999999980889872	1.3756812231591198e-06	6.180723239868069e-05	1.3633753389030725e-06	-0.9999999801785372	0.0001991006455976	0.2581069881028696	4.536191850067056	2.287236645505852	5.538875356525736	-1.0042363171067217	12.099991847187358	-1.2041500964627423	-6.277438717525325	1.6931808750688164	5.50347492821874	-7823.75405	20165450.209195983	13663691.000094296	246.21965079413735	-1.2697951155548	-1.5705878532929405	0.3009998417140569	0	4.34499995216127e-10	0	4.3820371046357355e-10	0.0002808510406859	2.1981876736909296	0.0061260948591266	-2.5311601220010024e-06	0	0	0	0	0	0	0.2098359012069659	0.0263855244319735	0.0015451931004345	0.5891461720423038	0.0288576376286612	0.0023154248712063	0.0781040895547566	0.0002243503867746	0.0002163905984633	0.0633693161784596	0	-296.4877115571781	-1.5710320221221237	-5.011560708737396	1679.6800506556497	-2.736116104707948e-05	2174.207373078797	563.1626081400051	-1	0	0	-1	0	0	-1	0	0	-1	0	0	12045	3.865931893308993	0.7671317849941387	1	17.065179175759397	210306956	151.79814355184558	-0.7507248024962223	-0.5390414867796238	1	3691.502463321032	24.82210904624852	0.4299274351226336	0.440509237498375	0.4471768557557052	0.4497400299549358	0.4466217834373835	0.3924605855066331	0	0.0040855735202076	-5978953.083871303	-7259203.760351969	-6055366.116591227	-0.09841158153088081	-1.331719004353727	-2.532685839621262	0	0	-4.447546283742883	1.464426396041786	0	0	0	-0	0	-0	-0	-0	-1.387646883377161e-07	success	non_bfb	success	176.4862953615486	112	8.705021707485306e-09	215.4230331838393	0	0	1.774179417483446e-09	-1834.757810932771	-1834.757810932771	-1834.757810932771	10143.23466720168	20218522.1998789	20218522.1998789	13635750.2246182	20323741.90542297	20370345.77258871	13097.11395254483	13097.11395254483	13097.11395254483	25075.10643067928	20241137.15668488	20241137.15668488	13658054.29071443	20346356.86222801	20392960.72938506	0	0	0	1.998843669555156e-07	1.998843669555156e-07	0.008545680984967913	0.008545680984967913	2.416716565670026	2.416716565670026	0.007654888178734649	0.007654888178734649	0.007654888178734649	0.007654888178734649	0.007654888178734649	0.007654888178734649	1.745391053633288	1.745391053633288	18.52972852097224	18.52972852097224	22778.07663684729	22778.07663684729	0	4946.396010151209	4946.396010151209	6365.17607904632	3889.676646773408	15642.62378193346	15642.62378193346	16239.73767952518	0.3004235809194846	-1.570612038330779	0.300422198367252	5.453553436424001e-05	-0.0001760344096076984	-0.999999983018881	0.9999999985119887	1.387352281970012e-06	5.453529098742305e-05	1.377752170659463e-06	-0.999999984504981	0.0001760344850057552	0.3008104811129826	-1.570610659792358	0.3008111838978163	5.501209123056836e-05	-0.0001773299342391684	-0.9999999827638821	0.9999999984865846	-6.979071790777911e-07	5.50122158553424e-05	-7.076624796685594e-07	-0.9999999842768036	0.0001773298955773502	-0.3906249999999999	0.4882812499999999	0.04882812499999999	10432.958984375	20194147.55859375	20194147.265625	13661731.80098206	20299122.28571191	20345622.67111852	634.001
1	125.09	3691.502463321032	4513.56126887456	4520.300489052716	4498.308688780068	6.18075050722311e-05	-0.0001991005609511	-0.9999999782693996	0.9999999980889872	1.3756812231591198e-06	6.180723239868069e-05	1.3633753389030725e-06	-0.9999999801785372	0.0001991006455976	0.2581069881028696	4.536191850067056	2.287236645505852	5.538875356525736	-1.0042363171067217	12.099991847187358	-1.2041500964627423	-6.277438717525325	1.6931808750688164	5.50347492821874	-7823.75405	20165450.209195983	13663691.000094296	246.21965079413735	-1.2697951155548	-1.5705878532929405	0.3009998417140569	0	4.34499995216127e-10	0	4.3820371046357355e-10	0.0002808510406859	2.1981876736909296	0.0061260948591266	-2.5311601220010024e-06	0	0	0	0	0	0	0.2098359012069659	0.0263855244319735	0.0015451931004345	0.5891461720423038	0.0288576376286612	0.0023154248712063	0.0781040895547566	0.0002243503867746	0.0002163905984633	0.0633693161784596	0	-296.4877115571781	-1.5710320221221237	-5.011560708737396	1679.6800506556497	-2.736116104707948e-05	2174.207373078797	563.1626081400051	-1	0	0	-1	0	0	-1	0	0	-1	0	0	12045	3.865931893308993	0.7671317849941387	1	17.065179175759397	210306956	151.79814355184558	-0.7507248024962223	-0.5390414867796238	1	3691.502463321032	24.82210904624852	0.4299274351226336	0.440509237498375	0.4471768557557052	0.4497400299549358	0.4466217834373835	0.3924605855066331	0	0.0040855735202076	-5978953.083871303	-7259203.760351969	-6055366.116591227	-0.09841158153088081	-1.331719004353727	-2.532685839621262	0	0	-4.447546283742883	1.464426396041786	0	0	0	-0	0	-0	-0	-0	-1.387646883377161e-07	success	non_bfb	success	176.4862953615486	113	1.296573139977168e-08	214.4472796577177	0	0	2.792625757377939e-09	-1888.88897296288	-1888.88897296288	-1888.88897296288	9980.841181111362	20218042.51206274	20218042.51206274	13636002.76547267	20322311.19598774	20368493.83712052	13310.81371739469	13310.81371739469	13310.81371739469	25180.54387146894	20241063.11023362	20241063.11023362	13658706.89652988	20345331.79415768	20391514.43528166	0	0	0	1.980777248033008e-07	1.980777248033008e-07	0.008468441390286355	0.008468441390286355	2.394873226523514	2.394873226523514	0.007585699958240795	0.007585699958240795	0.007585699958240795	0.007585699958240795	0.007585699958240795	0.007585699958240795	1.729615447478484	1.729615447478484	18.362248746916	18.362248746916	22572.19843824027	22572.19843824027	0	4901.688324054502	4901.688324054502	6307.644839430997	3947.07269647391	15789.77285991927	15789.77285991927	16371.69763555627	0.3004063866263343	-1.570612816847403	0.3004050036853027	5.430213794595413e-05	-0.0001752916946790074	-0.9999999831620496	0.9999999985246892	1.387700366791536e-06	5.430189552782516e-05	1.378181672134152e-06	-0.9999999846354479	0.0001752917697754944	0.2998652454876269	-1.5706113487683	0.299855372931419	5.464093049436895e-05	-0.0001767236213296377	-0.9999999828915649	0.9999999984584983	9.877384264768775e-06	5.46391857778137e-05	9.867728061005033e-06	-0.9999999843355993	0.0001767241607664629	-0.5859374999999999	0.4882812499999998	0.8789062499999999	10314.501953125	20192948.4375	20192948.58398437	13662750.25983994	20296969.74636534	20343047.96254471	635.381
1	125.09	3691.502463321032	4513.56126887456	4520.300489052716	4498.308688780068	6.18075050722311e-05	-0.0001991005609511	-0.9999999782693996	0.9999999980889872	1.3756812231591198e-06	6.180723239868069e-05	1.3633753389030725e-06	-0.9999999801785372	0.0001991006455976	0.2581069881028696	4.536191850067056	2.287236645505852	5.538875356525736	-1.0042363171067217	12.099991847187358	-1.2041500964627423	-6.277438717525325	1.6931808750688164	5.50347492821874	-7823.75405	20165450.209195983	13663691.000094296	246.21965079413735	-1.2697951155548	-1.5705878532929405	0.3009998417140569	0	4.34499995216127e-10	0	4.3820371046357355e-10	0.0002808510406859	2.1981876736909296	0.0061260948591266	-2.5311601220010024e-06	0	0	0	0	0	0	0.2098359012069659	0.0263855244319735	0.0015451931004345	0.5891461720423038	0.0288576376286612	0.0023154248712063	0.0781040895547566	0.0002243503867746	0.0002163905984633	0.0633693161784596	0	-296.4877115571781	-1.5710320221221237	-5.011560708737396	1679.6800506556497	-2.736116104707948e-05	2174.207373078797	563.1626081400051	-1	0	0	-1	0	0	-1	0	0	-1	0	0	12045	3.865931893308993	0.7671317849941387	1	17.065179175759397	210306956	151.79814355184558	-0.7507248024962223	-0.5390414867796238	1	3691.502463321032	24.82210904624852	0.4299274351226336	0.440509237498375	0.4471768557557052	0.4497400299549358	0.4466217834373835	0.3924605855066331	0	0.0040855735202076	-5978953.083871303	-7259203.760351969	-6055366.116591227	-0.09841158153088081	-1.331719004353727	-2.532685839621262	0	0	-4.447546283742883	1.464426396041786	0	0	0	-0	0	-0	-0	-0	-1.387646883377161e-07	success	non_bfb	success	176.4862953615486	114	6.398021961670801e-09	213.4503539754699	0	0	9.530650375309073e-09	-1943.940888673954	-1943.940888673954	-1943.940888673954	9815.685433978138	20217554.66491088	20217554.66491088	13636259.60196722	20320856.15064442	20366610.40082361	13525.97344791364	13525.97344791364	13525.97344791364	25285.59977056574	20240984.51014768	20240984.51014768	13659367.35411839	20344285.99588027	20390040.24605059	0	0	0	1.962403522483115e-07	1.962403522483115e-07	0.008389887974906111	0.008389887974906111	2.372658339193488	2.372658339193488	0.007515334868337344	0.007515334868337344	0.007515334868337344	0.007515334868337344	0.007515334868337344	0.007515334868337344	1.713571503329598	1.713571503329598	18.19192019569211	18.19192019569211	22362.81831759631	22362.81831759631	0	4856.220174575944	4856.220174575944	6249.135011906985	4004.629976866162	15937.86686798173	15937.86686798173	16504.71232627891	0.3003888909857695	-1.570613613010656	0.3003875076491084	5.406349299358695e-05	-0.0001745321317143275	-0.9999999833078366	0.9999999985376189	1.3880545610196e-06	5.406325155683789e-05	1.378618763308344e-06	-0.9999999847683041	0.000174532206502173	0.3011437508685367	-1.570612169685497	0.3011359327371305	5.46233334272183e-05	-0.000175869645023481	-0.9999999830430796	0.9999999984776216	7.822934579807395e-06	5.462195845355559e-05	7.813328102710802e-06	-0.9999999845043349	0.0001758700720706159	-0.146484375	0.78125	0.1953125	10195.654296875	20191729.4921875	20191729.63867187	13663787.6643306	20294781.26978216	20340430.18698098	637.327
1	125.09	3691.502463321032	4513.56126887456	4520.300489052716	4498.308688780068	6.18075050722311e-05	-0.0001991005609511	-0.9999999782693996	0.9999999980889872	1.3756812231591198e-06	6.180723239868069e-05	1.3633753389030725e-06	-0.9999999801785372	0.0001991006455976	0.2581069881028696	4.536191850067056	2.287236645505852	5.538875356525736	-1.0042363171067217	12.099991847187358	-1.2041500964627423	-6.277438717525325	1.6931808750688164	5.50347492821874	-7823.75405	20165450.209195983	13663691.000094296	246.21965079413735	-1.2697951155548	-1.5705878532929405	0.3009998417140569	0	4.34499995216127e-10	0	4.3820371046357355e-10	0.0002808510406859	2.1981876736909296	0.0061260948591266	-2.5311601220010024e-06	0	0	0	0	0	0	0.2098359012069659	0.0263855244319735	0.0015451931004345	0.5891461720423038	0.0288576376286612	0.0023154248712063	0.0781040895547566	0.0002243503867746	0.0002163905984633	0.0633693161784596	0	-296.4877115571781	-1.5710320221221237	-5.011560708737396	1679.6800506556497	-2.736116104707948e-05	2174.207373078797	563.1626081400051	-1	0	0	-1	0	0	-1	0	0	-1	0	0	12045	3.865931893308993	0.7671317849941387	1	17.065179175759397	210306956	151.79814355184558	-0.7507248024962223	-0.5390414867796238	1	3691.502463321032	24.82210904624852	0.4299274351226336	0.440509237498375	0.4471768557557052	0.4497400299549358	0.4466217834373835	0.3924605855066331	0	0.0040855735202076	-5978953.083871303	-7259203.760351969	-6055366.116591227	-0.09841158153088081	-1.331719004353727	-2.532685839621262	0	0	-4.447546283742883	1.464426396041786	0	0	0	-0	0	-0	-0	-0	-1.387646883377161e-07	success	non_bfb	success	176.4862953615486	115	6.433353980414778e-09	212.4318120467579	0	0	5.491871937120075e-09	-1999.921563980861	-1999.921563980861	-1999.921563980861	9647.743408057417	20217058.58747825	20217058.58747825	13636520.77145233	20319376.55779331	20364695.18979956	13742.58513818681	13742.58513818681	13742.58513818681	25390.25011022508	20240901.285482	20240901.285482	13660035.70083044	20343219.25579611	20388537.88779341	0	0	0	1.943719820909767e-07	1.943719820909767e-07	0.008310009315210974	0.008310009315210974	2.350068673083986	2.350068673083986	0.007443782676193844	0.007443782676193844	0.007443782676193844	0.007443782676193844	0.007443782676193844	0.007443782676193844	1.697256887998959	1.697256887998959	18.01871809730187	18.01871809730187	22149.90582584931	22149.90582584931	0	4809.984949518132	4809.984949518132	6189.638087693203	4062.342656024834	16086.89919392345	16086.89919392345	16638.77907483732	0.300371093271129	-1.570614427223151	0.3003697095318941	5.381948192008552e-05	-0.0001737553373729747	-0.9999999834562729	0.9999999985507807	1.388414925596832e-06	5.381924148795646e-05	1.379063522165377e-06	-0.9999999849035774	0.0001737554118449372	0.3000962661052614	-1.57061300016484	0.3000905500151591	5.419358291812622e-05	-0.0001751334013095418	-0.9999999831956734	0.9999999985152179	5.720835587005019e-06	5.419258183893619e-05	5.711344559687033e-06	-0.9999999846477818	0.0001751337110820848	0.1953125	0.2929687499999999	0.5859374999999999	10074.755859375	20190490.33203125	20190490.0390625	13664841.18211469	20292556.66008875	20337767.88045278	639.276
1	125.09	3691.502463321032	4513.56126887456	4520.300489052716	4498.308688780068	6.18075050722311e-05	-0.0001991005609511	-0.9999999782693996	0.9999999980889872	1.3756812231591198e-06	6.180723239868069e-05	1.3633753389030725e-06	-0.9999999801785372	0.0001991006455976	0.2581069881028696	4.536191850067056	2.287236645505852	5.538875356525736	-1.0042363171067217	12.099991847187358	-1.2041500964627423	-6.277438717525325	1.6931808750688164	5.50347492821874	-7823.75405	20165450.209195983	13663691.000094296	246.21965079413735	-1.2697951155548	-1.5705878532929405	0.3009998417140569	0	4.34499995216127e-10	0	4.3820371046357355e-10	0.0002808510406859	2.1981876736909296	0.0061260948591266	-2.5311601220010024e-06	0	0	0	0	0	0	0.2098359012069659	0.0263855244319735	0.0015451931004345	0.5891461720423038	0.0288576376286612	0.0023154248712063	0.0781040895547566	0.0002243503867746	0.0002163905984633	0.0633693161784596	0	-296.4877115571781	-1.5710320221221237	-5.011560708737396	1679.6800506556497	-2.736116104707948e-05	2174.207373078797	563.1626081400051	-1	0	0	-1	0	0	-1	0	0	-1	0	0	12045	3.865931893308993	0.7671317849941387	1	17.065179175759397	210306956	151.79814355184558	-0.7507248024962223	-0.5390414867796238	1	3691.502463321032	24.82210904624852	0.4299274351226336	0.440509237498375	0.4471768557557052	0.4497400299549358	0.4466217834373835	0.3924605855066331	0	0.0040855735202076	-5978953.083871303	-7259203.760351969	-6055366.116591227	-0.09841158153088081	-1.331719004353727	-2.532685839621262	0	0	-4.447546283742883	1.464426396041786	0	0	0	-0	0	-0	-0	-0	-1.387646883377161e-07	success	non_bfb	success	176.4862953615486	116	5.448677336630182e-09	211.3912926476352	0	0	5.242104421393491e-09	-2056.833659580034	-2056.833659580034	-2056.833659580034	9477.007121259896	20216554.25618686	20216554.25618686	13636786.28634114	20317872.34711108	20362748.11302055	13960.64612751774	13960.64612751774	13960.64612751774	25494.48690835767	20240813.41265858	20240813.41265858	13660711.94907918	20342131.50358184	20387007.26948229	0	0	0	1.924725255298345e-07	1.924725255298345e-07	0.008228801614661094	0.008228801614661094	2.32710315453443	2.32710315453443	0.007371039981017772	0.007371039981017772	0.007371039981017772	0.007371039981017772	0.007371039981017772	0.007371039981017772	1.680670826071862	1.680670826071862	17.84263421965086	17.84263421965086	21933.450843516	21933.450843516	0	4762.980451374561	4762.980451374561	6129.151238970009	4120.2053726792	16236.86764023792	16236.86764023792	16773.90041468259	0.3003529890042375	-1.570615259819123	0.3003516048554972	5.357000650942599e-05	-0.0001729609895856694	-0.9999999836073752	0.9999999985641757	1.388781487197623e-06	5.356976710563927e-05	1.379515984501384e-06	-0.9999999850412837	0.0001729610637343611	0.3003677223457723	-1.570613815956201	0.3003794132352777	5.399975266384693e-05	-0.0001743394191520958	-0.9999999833448969	0.9999999984736199	-1.168618228871e-05	5.400179084302792e-05	-1.169559673492415e-05	-0.9999999847345999	0.0001743387878348119	-0.04882812499999999	0.2929687499999999	0.09765624999999999	9952.929687499998	20189229.6875	20189229.78515625	13665913.3521986	20290294.45290414	20335061.18903787	641.064
1	125.09	3691.502463321032	4513.56126887456	4520.300489052716	4498.308688780068	6.18075050722311e-05	-0.0001991005609511	-0.9999999782693996	0.9999999980889872	1.3756812231591198e-06	6.180723239868069e-05	1.3633753389030725e-06	-0.9999999801785372	0.0001991006455976	0.2581069881028696	4.536191850067056	2.287236645505852	5.538875356525736	-1.0042363171067217	12.099991847187358	-1.2041500964627423	-6.277438717525325	1.6931808750688164	5.50347492821874	-7823.75405	20165450.209195983	13663691.000094296	246.21965079413735	-1.2697951155548	-1.5705878532929405	0.3009998417140569	0	4.34499995216127e-10	0	4.3820371046357355e-10	0.0002808510406859	2.1981876736909296	0.0061260948591266	-2.5311601220010024e-06	0	0	0	0	0	0	0.2098359012069659	0.0263855244319735	0.0015451931004345	0.5891461720423038	0.0288576376286612	0.0023154248712063	0.0781040895547566	0.0002243503867746	0.0002163905984633	0.0633693161784596	0	-296.4877115571781	-1.5710320221221237	-5.011560708737396	1679.6800506556497	-2.736116104707948e-05	2174.207373078797	563.1626081400051	-1	0	0	-1	0	0	-1	0	0	-1	0	0	12045	3.865931893308993	0.7671317849941387	1	17.065179175759397	210306956	151.79814355184558	-0.7507248024962223	-0.5390414867796238	1	3691.502463321032	24.82210904624852	0.4299274351226336	0.440509237498375	0.4471768557557052	0.4497400299549358	0.4466217834373835	0.3924605855066331	0	0.0040855735202076	-5978953.083871303	-7259203.760351969	-6055366.116591227	-0.09841158153088081	-1.331719004353727	-2.532685839621262	0	0	-4.447546283742883	1.464426396041786	0	0	0	-0	0	-0	-0	-0	-1.387646883377161e-07	success	non_bfb	success	176.4862953615486	117	1.118319513130645e-08	210.3283315933456	0	0	2.883252965906879e-09	-2114.684667635975	-2114.684667635975	-2114.684667635975	9303.454097092075	20216041.60464427	20216041.60464427	13637056.18158728	20316343.32057664	20360768.91416455	14180.14892374196	14180.14892374196	14180.14892374196	25598.28768847001	20240720.82528497	20240720.82528497	13661396.13381823	20341022.54121637	20385448.13479521	0	0	0	1.905417325118711e-07	1.905417325118711e-07	0.008146254182709145	0.008146254182709145	2.303758760260561	2.303758760260561	0.007297097206633215	0.007297097206633215	0.007297097206633215	0.007297097206633215	0.007297097206633215	0.007297097206633215	1.663811134084439	1.663811134084439	17.66364538226463	17.66364538226463	21713.42487548796	21713.42487548796	0	4715.200492261462	4715.200492261462	6067.666502976293	4178.21241895238	16387.76601904138	16387.76601904138	16910.07409093051	0.3003345759869714	-1.570616111220316	0.3003331914217074	5.331494338872006e-05	-0.0001721486857863269	-0.9999999837611734	0.9999999985778062	1.389154303943038e-06	5.331470503757915e-05	1.379976224979498e-06	-0.9999999851814501	0.0001721487596041812	0.30056411992463	-1.570614635362753	0.3005715351610139	5.379139870874579e-05	-0.0001735461382989948	-0.9999999834941118	0.9999999985257154	-7.410568562941648e-06	5.379268559289538e-05	-7.41990395347701e-06	-0.9999999849134106	0.000173545739418401	0.3417968749999999	0.7812499999999999	0.4882812499999999	9829.394531249998	20187949.609375	20187948.19335937	13667003.1004071	20287994.84337425	20332310.25934365	643.029
1	125.09	3691.502463321032	4513.56126887456	4520.300489052716	4498.308688780068	6.18075050722311e-05	-0.0001991005609511	-0.9999999782693996	0.9999999980889872	1.3756812231591198e-06	6.180723239868069e-05	1.3633753389030725e-06	-0.9999999801785372	0.0001991006455976	0.2581069881028696	4.536191850067056	2.287236645505852	5.538875356525736	-1.0042363171067217	12.099991847187358	-1.2041500964627423	-6.277438717525325	1.6931808750688164	5.50347492821874	-7823.75405	20165450.209195983	13663691.000094296	246.21965079413735	-1.2697951155548	-1.5705878532929405	0.3009998417140569	0	4.34499995216127e-10	0	4.3820371046357355e-10	0.0002808510406859	2.1981876736909296	0.0061260948591266	-2.5311601220010024e-06	0	0	0	0	0	0	0.2098359012069659	0.0263855244319735	0.0015451931004345	0.5891461720423038	0.0288576376286612	0.0023154248712063	0.0781040895547566	0.0002243503867746	0.0002163905984633	0.0633693161784596	0	-296.4877115571781	-1.5710320221221237	-5.011560708737396	1679.6800506556497	-2.736116104707948e-05	2174.207373078797	563.1626081400051	-1	0	0	-1	0	0	-1	0	0	-1	0	0	12045	3.865931893308993	0.7671317849941387	1	17.065179175759397	210306956	151.79814355184558	-0.7507248024962223	-0.5390414867796238	1	3691.502463321032	24.82210904624852	0.4299274351226336	0.440509237498375	0.4471768557557052	0.4497400299549358	0.4466217834373835	0.3924605855066331	0	0.0040855735202076	-5978953.083871303	-7259203.760351969	-6055366.116591227	-0.09841158153088081	-1.331719004353727	-2.532685839621262	0	0	-4.447546283742883	1.464426396041786	0	0	0	-0	0	-0	-0	-0	-1.387646883377161e-07	success	non_bfb	success	176.4862953615486	118	1.517141004367445e-08	209.2425071073024	0	0	1.364441541329206e-09	-2173.478895918975	-2173.478895918975	-2173.478895918975	9127.071412243076	20215520.59467681	20215520.59467681	13637330.4772881	20314789.36433381	20358757.44585408	14401.08921908916	14401.08921908916	14401.08921908916	25701.63952725121	20240623.48518752	20240623.48518752	13662088.27514495	20339892.25484355	20383860.33635466	0	0	0	1.885794592640896e-07	1.885794592640896e-07	0.008062360872610464	0.008062360872610464	2.28003375196444	2.28003375196444	0.007221948847025718	0.007221948847025718	0.007221948847025718	0.007221948847025718	0.007221948847025718	0.007221948847025718	1.646676556610335	1.646676556610335	17.48173825706434	17.48173825706434	21489.81153793091	21489.81153793091	0	4666.641514330923	4666.641514330923	6005.179301362818	4236.358393615518	16539.59077248591	16539.59077248591	17047.30092646068	0.3003158500692884	-1.570616981814646	0.3003144650804226	5.305417883814598e-05	-0.0001713180537174595	-0.9999999839176891	0.9999999985916742	1.389533413615809e-06	5.305394156449733e-05	1.380444293258031e-06	-0.9999999853240966	0.0001713181271967421	0.3000967733719053	-1.570615414611527	0.3000642000809207	5.347993084875435e-05	-0.0001728268345837191	-0.999999983635391	0.9999999980395891	3.257791268744626e-05	5.347430128160857e-05	3.256867036009938e-05	-0.9999999845347824	0.0001728285765096467	0.09765624999999999	0.8789062499999998	1.5625	9704.785156249998	20186645.80078125	20186646.33789062	13668109.93835284	20285657.92903659	20329514.55448555	644.516
1	125.09	3691.502463321032	4513.56126887456	4520.300489052716	4498.308688780068	6.18075050722311e-05	-0.0001991005609511	-0.9999999782693996	0.9999999980889872	1.3756812231591198e-06	6.180723239868069e-05	1.3633753389030725e-06	-0.9999999801785372	0.0001991006455976	0.2581069881028696	4.536191850067056	2.287236645505852	5.538875356525736	-1.0042363171067217	12.099991847187358	-1.2041500964627423	-6.277438717525325	1.6931808750688164	5.50347492821874	-7823.75405	20165450.209195983	13663691.000094296	246.21965079413735	-1.2697951155548	-1.5705878532929405	0.3009998417140569	0	4.34499995216127e-10	0	4.3820371046357355e-10	0.0002808510406859	2.1981876736909296	0.0061260948591266	-2.5311601220010024e-06	0	0	0	0	0	0	0.2098359012069659	0.0263855244319735	0.0015451931004345	0.5891461720423038	0.0288576376286612	0.0023154248712063	0.0781040895547566	0.0002243503867746	0.0002163905984633	0.0633693161784596	0	-296.4877115571781	-1.5710320221221237	-5.011560708737396	1679.6800506556497	-2.736116104707948e-05	2174.207373078797	563.1626081400051	-1	0	0	-1	0	0	-1	0	0	-1	0	0	12045	3.865931893308993	0.7671317849941387	1	17.065179175759397	210306956	151.79814355184558	-0.7507248024962223	-0.5390414867796238	1	3691.502463321032	24.82210904624852	0.4299274351226336	0.440509237498375	0.4471768557557052	0.4497400299549358	0.4466217834373835	0.3924605855066331	0	0.0040855735202076	-5978953.083871303	-7259203.760351969	-6055366.116591227	-0.09841158153088081	-1.331719004353727	-2.532685839621262	0	0	-4.447546283742883	1.464426396041786	0	0	0	-0	0	-0	-0	-0	-1.387646883377161e-07	success	non_bfb	success	176.4862953615486	119	7.110868694405408e-09	208.1333483902324	0	0	-1.072751103873903e-08	-2233.222413070962	-2233.222413070962	-2233.222413070962	8947.840860787113	20214991.1725067	20214991.1725067	13637609.20175603	20313210.31798581	20356713.50046865	14623.46094491742	14623.46094491742	14623.46094491742	25804.52421877549	20240521.33858844	20240521.33858844	13662788.40137173	20338740.48406658	20382243.66654019	0	0	0	1.865855032439267e-07	1.865855032439267e-07	0.00797711302503787	0.00797711302503787	2.255925680790381	2.255925680790381	0.007145587145507267	0.007145587145507267	0.007145587145507267	0.007145587145507267	0.007145587145507267	0.007145587145507267	1.629265325047112	1.629265325047112	17.29689406790071	17.29689406790071	21262.58774985006	21262.58774985006	0	4617.298505406439	4617.298505406439	5941.68318430512	4294.637790797233	16692.336888395	16692.336888395	17185.57997732002	0.3002968133320474	-1.570617872035436	0.3002954279124844	5.278758684360008e-05	-0.0001704686815282713	-0.9999999840769495	0.9999999986057818	1.389918865665924e-06	5.278735067290249e-05	1.380920253463596e-06	-0.9999999854692483	0.0001704687546610636	0.3005829000673039	-1.570616201007732	0.3005950004626926	5.33311064178088e-05	-0.0001720496808806132	-0.9999999837773504	0.9999999985046314	-1.209580701225212e-05	5.333318828304456e-05	-1.210498277405053e-05	-0.9999999851262994	0.0001720490355404533	0.09765624999999999	-0.6835937499999998	0.146484375	9578.759765624998	20185323.73046875	20185323.19335937	13669235.23333959	20283282.73364911	20326673.92754256	646.149
1	125.09	3691.502463321032	4513.56126887456	4520.300489052716	4498.308688780068	6.18075050722311e-05	-0.0001991005609511	-0.9999999782693996	0.9999999980889872	1.3756812231591198e-06	6.180723239868069e-05	1.3633753389030725e-06	-0.9999999801785372	0.0001991006455976	0.2581069881028696	4.536191850067056	2.287236645505852	5.538875356525736	-1.0042363171067217	12.099991847187358	-1.2041500964627423	-6.277438717525325	1.6931808750688164	5.50347492821874	-7823.75405	20165450.209195983	13663691.000094296	246.21965079413735	-1.2697951155548	-1.5705878532929405	0.3009998417140569	0	4.34499995216127e-10	0	4.3820371046357355e-10	0.0002808510406859	2.1981876736909296	0.0061260948591266	-2.5311601220010024e-06	0	0	0	0	0	0	0.2098359012069659	0.0263855244319735	0.0015451931004345	0.5891461720423038	0.0288576376286612	0.0023154248712063	0.0781040895547566	0.0002243503867746	0.0002163905984633	0.0633693161784596	0	-296.4877115571781	-1.5710320221221237	-5.011560708737396	1679.6800506556497	-2.736116104707948e-05	2174.207373078797	563.1626081400051	-1	0	0	-1	0	0	-1	0	0	-1	0	0	12045	3.865931893308993	0.7671317849941387	1	17.065179175759397	210306956	151.79814355184558	-0.7507248024962223	-0.5390414867796238	1	3691.502463321032	24.82210904624852	0.4299274351226336	0.440509237498375	0.4471768557557052	0.4497400299549358	0.4466217834373835	0.3924605855066331	0	0.0040855735202076	-5978953.083871303	-7259203.760351969	-6055366.116591227	-0.09841158153088081	-1.331719004353727	-2.532685839621262	0	0	-4.447546283742883	1.464426396041786	0	0	0	-0	0	-0	-0	-0	-1.387646883377161e-07	success	non_bfb	success	176.4862953615486	120	5.03131789263346e-09	207.000388529927	0	0	-2.296084624390095e-09	-2293.920124936715	-2293.920124936715	-2293.920124936715	8765.747725189853	20214453.29466039	20214453.29466039	13637892.37787859	20311606.05186911	20354636.91016942	14847.25919538195	14847.25919538195	14847.25919538195	25906.92704550852	20240414.34201419	20240414.34201419	13663496.53538614	20337567.09922192	20380597.95751294	0	0	0	1.845597007174879e-07	1.845597007174879e-07	0.007890503639855986	0.007890503639855986	2.231432567101755	2.231432567101755	0.007068005831629241	0.007068005831629241	0.007068005831629241	0.007068005831629241	0.007068005831629241	0.007068005831629241	1.611576009669783	1.611576009669783	17.10909763627501	17.10909763627501	21031.73485274176	21031.73485274176	0	4567.167413681989	4567.167413681989	5877.172937813315	4353.045249938389	16846.00031496264	16846.00031496264	17324.91139007779	0.3002774611841953	-1.570618782311105	0.3002760753267619	5.251504176961332e-05	-0.0001696001581079044	-0.9999999842389782	0.999999998620131	1.390310702237815e-06	5.251480672792234e-05	1.381404160801036e-06	-0.9999999856169266	0.000169600230886103	0.30085562905055	-1.570617060238575	0.3008564989924643	5.312340503750394e-05	-0.0001712144895380328	-0.9999999839317509	0.9999999985885696	-8.653941613170181e-07	5.312355398414542e-05	-8.744896695894906e-07	-0.9999999853424245	0.0001712144433238019	0.09765624999999999	0.5859374999999999	0.4882812499999999	9451.806640624998	20183979.296875	20183978.3203125	13670377.81364757	20280870.62412416	20323787.69504075	647.895
1	125.09	3691.502463321032	4513.56126887456	4520.300489052716	4498.308688780068	6.18075050722311e-05	-0.0001991005609511	-0.9999999782693996	0.9999999980889872	1.3756812231591198e-06	6.180723239868069e-05	1.3633753389030725e-06	-0.9999999801785372	0.0001991006455976	0.2581069881028696	4.536191850067056	2.287236645505852	5.538875356525736	-1.0042363171067217	12.099991847187358	-1.2041500964627423	-6.277438717525325	1.6931808750688164	5.50347492821874	-7823.75405	20165450.209195983	13663691.000094296	246.21965079413735	-1.2697951155548	-1.5705878532929405	0.3009998417140569	0	4.34499995216127e-10	0	4.3820371046357355e-10	0.0002808510406859	2.1981876736909296	0.0061260948591266	-2.5311601220010024e-06	0	0	0	0	0	0	0.2098359012069659	0.0263855244319735	0.0015451931004345	0.5891461720423038	0.0288576376286612	0.0023154248712063	0.0781040895547566	0.0002243503867746	0.0002163905984633	0.0633693161784596	0	-296.4877115571781	-1.5710320221221237	-5.011560708737396	1679.6800506556497	-2.736116104707948e-05	2174.207373078797	563.1626081400051	-1	0	0	-1	0	0	-1	0	0	-1	0	0	12045	3.865931893308993	0.7671317849941387	1	17.065179175759397	210306956	151.79814355184558	-0.7507248024962223	-0.5390414867796238	1	3691.502463321032	24.82210904624852	0.4299274351226336	0.440509237498375	0.4471768557557052	0.4497400299549358	0.4466217834373835	0.3924605855066331	0	0.0040855735202076	-5978953.083871303	-7259203.760351969	-6055366.116591227	-0.09841158153088081	-1.331719004353727	-2.532685839621262	0	0	-4.447546283742883	1.464426396041786	0	0	0	-0	0	-0	-0	-0	-1.387646883377161e-07	success	non_bfb	success	176.4862953615486	121	1.124430239174911e-08	205.843117483028	0	0	-2.701682027251002e-09	-2355.578249784673	-2355.578249784673	-2355.578249784673	8580.773350645977	20213906.90603418	20213906.90603418	13638180.03466628	20309976.40163225	20352527.4622169	15072.47775221433	15072.47775221433	15072.47775221433	26008.82935264498	20240302.44036105	20240302.44036105	13664212.70619866	20336371.93595811	20378922.99653344	0	0	0	1.825018441483849e-07	1.825018441483849e-07	0.007802523844236004	0.007802523844236004	2.206551901664666	2.206551901664666	0.006989196957457182	0.006989196957457182	0.006989196957457182	0.006989196957457182	0.006989196957457182	0.006989196957457182	1.593606798269812	1.593606798269812	16.91832972309915	16.91832972309915	20797.22919653352	20797.22919653352	0	4516.243103402435	4516.243103402435	5811.64195303811	4411.575335132042	17000.57591643369	17000.57591643369	17465.29399179163	0.3002577906032881	-1.570619713108269	0.3002564043007511	5.223640703110564e-05	-0.0001687120369767758	-0.9999999844038029	0.999999998634724	1.390708974265728e-06	5.223617314512909e-05	1.381896081400771e-06	-0.9999999857671571	0.0001687121093920774	0.3002848935248896	-1.570617980960954	0.3002581758190602	5.27533355496046e-05	-0.0001703652606060722	-0.9999999840963818	0.9999999982517449	2.672219858491012e-05	5.274878376188008e-05	2.671321159963823e-05	-0.999999985130801	0.000170366669993561	-0.5859374999999999	0	0.1953125	9322.851562499998	20182611.9140625	20182612.64648437	13671538.94877795	20278419.1589811	20320854.97817844	649.8440000000001
1	125.09	3691.502463321032	4513.56126887456	4520.300489052716	4498.308688780068	6.18075050722311e-05	-0.0001991005609511	-0.9999999782693996	0.9999999980889872	1.3756812231591198e-06	6.180723239868069e-05	1.3633753389030725e-06	-0.9999999801785372	0.0001991006455976	0.2581069881028696	4.536191850067056	2.287236645505852	5.538875356525736	-1.0042363171067217	12.099991847187358	-1.2041500964627423	-6.277438717525325	1.6931808750688164	5.50347492821874	-7823.75405	20165450.209195983	13663691.000094296	246.21965079413735	-1.2697951155548	-1.5705878532929405	0.3009998417140569	0	4.34499995216127e-10	0	4.3820371046357355e-10	0.0002808510406859	2.1981876736909296	0.0061260948591266	-2.5311601220010024e-06	0	0	0	0	0	0	0.2098359012069659	0.0263855244319735	0.0015451931004345	0.5891461720423038	0.0288576376286612	0.0023154248712063	0.0781040895547566	0.0002243503867746	0.0002163905984633	0.0633693161784596	0	-296.4877115571781	-1.5710320221221237	-5.011560708737396	1679.6800506556497	-2.736116104707948e-05	2174.207373078797	563.1626081400051	-1	0	0	-1	0	0	-1	0	0	-1	0	0	12045	3.865931893308993	0.7671317849941387	1	17.065179175759397	210306956	151.79814355184558	-0.7507248024962223	-0.5390414867796238	1	3691.502463321032	24.82210904624852	0.4299274351226336	0.440509237498375	0.4471768557557052	0.4497400299549358	0.4466217834373835	0.3924605855066331	0	0.0040855735202076	-5978953.083871303	-7259203.760351969	-6055366.116591227	-0.09841158153088081	-1.331719004353727	-2.532685839621262	0	0	-4.447546283742883	1.464426396041786	0	0	0	-0	0	-0	-0	-0	-1.387646883377161e-07	success	non_bfb	success	176.4862953615486	122	5.049396153113034e-09	204.6610121257544	0	0	3.229762453004686e-09	-2418.202636133938	-2418.202636133938	-2418.202636133938	8392.900191598184	20213351.95480092	20213351.95480092	13638472.19940457	20308321.21269635	20350384.95652147	15299.11076689544	15299.11076689544	15299.11076689544	26110.21359462756	20240185.58180189	20240185.58180189	13664936.94109477	20335154.83969633	20377218.58351204	0	0	0	1.804117383407128e-07	1.804117383407128e-07	0.00771316529294335	0.00771316529294335	2.181281324448749	2.181281324448749	0.006909153047655	0.006909153047655	0.006909153047655	0.006909153047655	0.006909153047655	0.006909153047655	1.575355986395817	1.575355986395817	16.7245722332756	16.7245722332756	20559.04853742841	20559.04853742841	0	4464.520744193804	4464.520744193804	5745.08401410419	4470.222682484149	17156.05886243416	17156.05886243416	17606.72693048028	0.3002378011237074	-1.570620664907991	0.3002364143688022	5.195154228245305e-05	-0.0001678038591587688	-0.9999999845714508	0.999999998649563	1.391113730551289e-06	5.195130957957698e-05	1.382396078852618e-06	-0.9999999859199646	0.0001678039312026641	0.2996707384184286	-1.57061897997569	0.2996716656261486	5.235378013352526e-05	-0.0001694431339864947	-0.9999999842740529	0.9999999986291068	-9.227722172405345e-07	5.235393724248479e-05	-9.316432179319668e-07	-0.9999999856440863	0.0001694430854437035	0.2929687499999999	0.78125	-0.390625	9193.310546874998	20181225.5859375	20181226.07421875	13672718.24814338	20275930.77981758	20317877.33922654	650.879
1	125.09	3691.502463321032	4513.56126887456	4520.300489052716	4498.308688780068	6.18075050722311e-05	-0.0001991005609511	-0.9999999782693996	0.9999999980889872	1.3756812231591198e-06	6.180723239868069e-05	1.3633753389030725e-06	-0.9999999801785372	0.0001991006455976	0.2581069881028696	4.536191850067056	2.287236645505852	5.538875356525736	-1.0042363171067217	12.099991847187358	-1.2041500964627423	-6.277438717525325	1.6931808750688164	5.50347492821874	-7823.75405	20165450.209195983	13663691.000094296	246.21965079413735	-1.2697951155548	-1.5705878532929405	0.3009998417140569	0	4.34499995216127e-10	0	4.3820371046357355e-10	0.0002808510406859	2.1981876736909296	0.0061260948591266	-2.5311601220010024e-06	0	0	0	0	0	0	0.2098359012069659	0.0263855244319735	0.0015451931004345	0.5891461720423038	0.0288576376286612	0.0023154248712063	0.0781040895547566	0.0002243503867746	0.0002163905984633	0.0633693161784596	0	-296.4877115571781	-1.5710320221221237	-5.011560708737396	1679.6800506556497	-2.736116104707948e-05	2174.207373078797	563.1626081400051	-1	0	0	-1	0	0	-1	0	0	-1	0	0	12045	3.865931893308993	0.7671317849941387	1	17.065179175759397	210306956	151.79814355184558	-0.7507248024962223	-0.5390414867796238	1	3691.502463321032	24.82210904624852	0.4299274351226336	0.440509237498375	0.4471768557557052	0.4497400299549358	0.4466217834373835	0.3924605855066331	0	0.0040855735202076	-5978953.083871303	-7259203.760351969	-6055366.116591227	-0.09841158153088081	-1.331719004353727	-2.532685839621262	0	0	-4.447546283742883	1.464426396041786	0	0	0	-0	0	-0	-0	-0	-1.387646883377161e-07	success	non_bfb	success	176.4862953615486	123	5.076464860281325e-09	203.4535264171281	0	0	4.057304248858581e-09	-2481.799226587557	-2481.799226587557	-2481.799226587557	8202.11042023733	20212788.38829974	20212788.38829974	13638768.89981787	20306640.32799596	20348209.18977471	15527.15229682224	15527.15229682224	15527.15229682224	26211.06194364713	20240063.71367582	20240063.71367582	13665669.26779885	20333915.65337103	20375484.51514034	0	0	0	1.782891849584902e-07	1.782891849584902e-07	0.007622419506495349	0.007622419506495349	2.155618437458303	2.155618437458303	0.006827866506632385	0.006827866506632385	0.006827866506632385	0.006827866506632385	0.006827866506632385	0.006827866506632385	1.55682184217725	1.55682184217725	16.52780678061461	16.52780678061461	20317.17027379799	20317.17027379799	0	4411.995427976875	4411.995427976875	5677.492805142715	4528.981958001848	17312.44424488486	17312.44424488486	17749.20922426775	0.3002174867244777	-1.570621638209279	0.3002160995098506	5.166030102056983e-05	-0.0001668751455167467	-0.9999999847419491	0.9999999986646503	1.39152502077302e-06	5.166006952887423e-05	1.382904217921025e-06	-0.9999999860753745	0.0001668752171805115	0.3006576991115074	-1.570619844572021	0.3006492241965165	5.226493944319663e-05	-0.0001685655693840968	-0.9999999844270125	0.9999999985983132	8.479319849627776e-06	5.226351086245855e-05	8.470509889112888e-06	-0.999999985756875	0.0001685660123191813	0	0.1953125	0.5859374999999999	9062.451171874998	20179816.69921875	20179818.45703125	13673916.00421221	20273403.63130559	20314854.58323219	652.636
1	125.09	3691.502463321032	4513.56126887456	4520.300489052716	4498.308688780068	6.18075050722311e-05	-0.0001991005609511	-0.9999999782693996	0.9999999980889872	1.3756812231591198e-06	6.180723239868069e-05	1.3633753389030725e-06	-0.9999999801785372	0.0001991006455976	0.2581069881028696	4.536191850067056	2.287236645505852	5.538875356525736	-1.0042363171067217	12.099991847187358	-1.2041500964627423	-6.277438717525325	1.6931808750688164	5.50347492821874	-7823.75405	20165450.209195983	13663691.000094296	246.21965079413735	-1.2697951155548	-1.5705878532929405	0.3009998417140569	0	4.34499995216127e-10	0	4.3820371046357355e-10	0.0002808510406859	2.1981876736909296	0.0061260948591266	-2.5311601220010024e-06	0	0	0	0	0	0	0.2098359012069659	0.0263855244319735	0.0015451931004345	0.5891461720423038	0.0288576376286612	0.0023154248712063	0.0781040895547566	0.0002243503867746	0.0002163905984633	0.0633693161784596	0	-296.4877115571781	-1.5710320221221237	-5.011560708737396	1679.6800506556497	-2.736116104707948e-05	2174.207373078797	563.1626081400051	-1	0	0	-1	0	0	-1	0	0	-1	0	0	12045	3.865931893308993	0.7671317849941387	1	17.065179175759397	210306956	151.79814355184558	-0.7507248024962223	-0.5390414867796238	1	3691.502463321032	24.82210904624852	0.4299274351226336	0.440509237498375	0.4471768557557052	0.4497400299549358	0.4466217834373835	0.3924605855066331	0	0.0040855735202076	-5978953.083871303	-7259203.760351969	-6055366.116591227	-0.09841158153088081	-1.331719004353727	-2.532685839621262	0	0	-4.447546283742883	1.464426396041786	0	0	0	-0	0	-0	-0	-0	-1.387646883377161e-07	success	non_bfb	success	176.4862953615486	124	8.1017437313358e-09	202.2200645002144	0	0	-8.178690532529414e-10	-2546.375391434636	-2546.375391434636	-2546.375391434636	8008.381925696091	20212216.14121821	20212216.14121821	13639070.17029124	20304933.55273118	20345999.90982418	15756.59497170563	15756.59497170563	15756.59497170563	26311.35228883636	20239936.77067043	20239936.77067043	13666409.720696	20332654.18218239	20373720.5392659	0	0	0	1.761339380163275e-07	1.761339380163275e-07	0.007530275968248315	0.007530275968248315	2.129560266588975	2.129560266588975	0.006745327913989536	0.006745327913989536	0.006745327913989536	0.006745327913989536	0.006745327913989536	0.006745327913989536	1.538002217668754	1.538002217668754	16.32801056171963	16.32801056171963	20071.56637406511	20071.56637406511	0	4358.661067526483	4358.661067526483	5608.860492923198	4587.847722173013	17469.7259765606	17469.7259765606	17892.73847943568	0.3001968529354614	-1.570622633560869	0.3001954652537146	5.136252405435124e-05	-0.0001659253758943832	-0.9999999849153303	0.9999999986799887	1.391942904177595e-06	5.136229380268628e-05	1.383420575274588e-06	-0.9999999862334159	0.0001659254471690608	0.2999266564862256	-1.570620879521689	0.2999085582892458	5.183592085045152e-05	-0.0001676149832673141	-0.9999999846091272	0.9999999984928249	1.810254110772376e-05	5.183288731297475e-05	1.809385286057021e-05	-0.9999999857887576	0.0001676159213763553	0.04882812499999999	0.8300781249999999	1.26953125	8930.175781249998	20178387.5	20178387.15820312	13675132.51066603	20270836.93177151	20311784.56146871	653.904
1	125.09	3691.502463321032	4513.56126887456	4520.300489052716	4498.308688780068	6.18075050722311e-05	-0.0001991005609511	-0.9999999782693996	0.9999999980889872	1.3756812231591198e-06	6.180723239868069e-05	1.3633753389030725e-06	-0.9999999801785372	0.0001991006455976	0.2581069881028696	4.536191850067056	2.287236645505852	5.538875356525736	-1.0042363171067217	12.099991847187358	-1.2041500964627423	-6.277438717525325	1.6931808750688164	5.50347492821874	-7823.75405	20165450.209195983	13663691.000094296	246.21965079413735	-1.2697951155548	-1.5705878532929405	0.3009998417140569	0	4.34499995216127e-10	0	4.3820371046357355e-10	0.0002808510406859	2.1981876736909296	0.0061260948591266	-2.5311601220010024e-06	0	0	0	0	0	0	0.2098359012069659	0.0263855244319735	0.0015451931004345	0.5891461720423038	0.0288576376286612	0.0023154248712063	0.0781040895547566	0.0002243503867746	0.0002163905984633	0.0633693161784596	0	-296.4877115571781	-1.5710320221221237	-5.011560708737396	1679.6800506556497	-2.736116104707948e-05	2174.207373078797	563.1626081400051	-1	0	0	-1	0	0	-1	0	0	-1	0	0	12045	3.865931893308993	0.7671317849941387	1	17.065179175759397	210306956	151.79814355184558	-0.7507248024962223	-0.5390414867796238	1	3691.502463321032	24.82210904624852	0.4299274351226336	0.440509237498375	0.4471768557557052	0.4497400299549358	0.4466217834373835	0.3924605855066331	0	0.0040855735202076	-5978953.083871303	-7259203.760351969	-6055366.116591227	-0.09841158153088081	-1.331719004353727	-2.532685839621262	0	0	-4.447546283742883	1.464426396041786	0	0	0	-0	0	-0	-0	-0	-1.387646883377161e-07	success	non_bfb	success	176.4862953615486	125	7.033879434576606e-09	200.9600859358386	0	0	6.020648791269112e-09	-2611.934353104275	-2611.934353104275	-2611.934353104275	7811.705040687175	20211635.18500051	20211635.18500051	13639376.02585853	20303200.80173189	20343757.00642405	15987.4355691165	15987.4355691165	15987.4355691165	26411.07496290795	20239804.72422988	20239804.72422988	13667158.31482005	20331370.34096025	20371926.54564289	0	0	0	1.739458899647833e-07	1.739458899647833e-07	0.007436730080127714	0.007436730080127714	2.103105511506374	2.103105511506374	0.006661533150950378	0.006661533150950378	0.006661533150950378	0.006661533150950378	0.006661533150950378	0.006661533150950378	1.518896173748196	1.518896173748196	16.12517360651653	16.12517360651653	19822.22458229672	19822.22458229672	0	4304.515001393226	4304.515001393226	5539.183652609855	4646.814985847232	17627.90139601199	17627.90139601199	18037.31626029872	0.3001758902838635	-1.57062365146045	0.3001745021275488	5.105806487524546e-05	-0.0001649540700070227	-0.9999999850916145	0.9999999986955794	1.392367413363566e-06	5.10578358931639e-05	1.383945194769287e-06	-0.999999986394108	0.0001649541408834389	0.3001036310238093	-1.5706218800035	0.3000949805351191	5.156982198271411e-05	-0.0001666500403699603	-0.9999999847841585	0.9999999986328983	8.654785658955754e-06	5.156838037648909e-05	8.64619165459435e-06	-0.9999999860764291	0.0001666504864679993	0.3417968749999999	-0.146484375	0.1953125	8796.337890624998	20176934.9609375	20176934.9609375	13676365.42327541	20268231.36518393	20308667.66466563	655.466
1	125.09	3691.502463321032	4513.56126887456	4520.300489052716	4498.308688780068	6.18075050722311e-05	-0.0001991005609511	-0.9999999782693996	0.9999999980889872	1.3756812231591198e-06	6.180723239868069e-05	1.3633753389030725e-06	-0.9999999801785372	0.0001991006455976	0.2581069881028696	4.536191850067056	2.287236645505852	5.538875356525736	-1.0042363171067217	12.099991847187358	-1.2041500964627423	-6.277438717525325	1.6931808750688164	5.50347492821874	-7823.75405	20165450.209195983	13663691.000094296	246.21965079413735	-1.2697951155548	-1.5705878532929405	0.3009998417140569	0	4.34499995216127e-10	0	4.3820371046357355e-10	0.0002808510406859	2.1981876736909296	0.0061260948591266	-2.5311601220010024e-06	0	0	0	0	0	0	0.2098359012069659	0.0263855244319735	0.0015451931004345	0.5891461720423038	0.0288576376286612	0.0023154248712063	0.0781040895547566	0.0002243503867746	0.0002163905984633	0.0633693161784596	0	-296.4877115571781	-1.5710320221221237	-5.011560708737396	1679.6800506556497	-2.736116104707948e-05	2174.207373078797	563.1626081400051	-1	0	0	-1	0	0	-1	0	0	-1	0	0	12045	3.865931893308993	0.7671317849941387	1	17.065179175759397	210306956	151.79814355184558	-0.7507248024962223	-0.5390414867796238	1	3691.502463321032	24.82210904624852	0.4299274351226336	0.440509237498375	0.4471768557557052	0.4497400299549358	0.4466217834373835	0.3924605855066331	0	0.0040855735202076	-5978953.083871303	-7259203.760351969	-6055366.116591227	-0.09841158153088081	-1.331719004353727	-2.532685839621262	0	0	-4.447546283742883	1.464426396041786	0	0	0	-0	0	-0	-0	-0	-1.387646883377161e-07	success	non_bfb	success	176.4862953615486	126	6.111011442872379e-09	199.6729420216687	0	0	2.95620041896587e-10	-2678.483673432099	-2678.483673432099	-2678.483673432099	7612.057079703702	20211045.45263678	20211045.45263678	13639686.50179842	20301441.87513553	20341480.22086871	16219.66652721923	16219.66652721923	16219.66652721923	26510.20728035503	20239667.50734434	20239667.50734434	13667915.08544968	20330063.92984208	20370102.27556568	0	0	0	1.717247884255513e-07	1.717247884255513e-07	0.007341771052172708	0.007341771052172708	2.076251120812119	2.076251120812119	0.006576472552288251	0.006576472552288251	0.006576472552288251	0.006576472552288251	0.006576472552288251	0.006576472552288251	1.499501506647245	1.499501506647245	15.91927251897103	15.91927251897103	19569.11613840273	19569.11613840273	0	4249.550984150982	4249.550984150982	5468.454247394293	4705.878365675238	17786.9642578129	17786.9642578129	18182.93991339771	0.3001545912748023	-1.570624692498073	0.3001532026364221	5.074675010830615e-05	-0.0001639606612657282	-0.9999999852708341	0.9999999987114252	1.392798609380087e-06	5.07465224261882e-05	1.384478155491391e-06	-0.9999999865574807	0.0001639607317344556	0.3000378292757139	-1.570622893171123	0.3000364233421495	5.125940788656969e-05	-0.0001656855292170171	-0.9999999849603891	0.9999999986852541	1.410180018062617e-06	5.125917494367208e-05	1.401687093326287e-06	-0.9999999862731583	0.0001656856012841754	0.341796875	0.4394531249999999	0.7812499999999999	8661.572265624998	20175460.83984375	20175460.546875	13677620.11324328	20265587.51730998	20305504.57647799	656.532
1	125.09	3691.502463321032	4513.56126887456	4520.300489052716	4498.308688780068	6.18075050722311e-05	-0.0001991005609511	-0.9999999782693996	0.9999999980889872	1.3756812231591198e-06	6.180723239868069e-05	1.3633753389030725e-06	-0.9999999801785372	0.0001991006455976	0.2581069881028696	4.536191850067056	2.287236645505852	5.538875356525736	-1.0042363171067217	12.099991847187358	-1.2041500964627423	-6.277438717525325	1.6931808750688164	5.50347492821874	-7823.75405	20165450.209195983	13663691.000094296	246.21965079413735	-1.2697951155548	-1.5705878532929405	0.3009998417140569	0	4.34499995216127e-10	0	4.3820371046357355e-10	0.0002808510406859	2.1981876736909296	0.0061260948591266	-2.5311601220010024e-06	0	0	0	0	0	0	0.2098359012069659	0.0263855244319735	0.0015451931004345	0.5891461720423038	0.0288576376286612	0.0023154248712063	0.0781040895547566	0.0002243503867746	0.0002163905984633	0.0633693161784596	0	-296.4877115571781	-1.5710320221221237	-5.011560708737396	1679.6800506556497	-2.736116104707948e-05	2174.207373078797	563.1626081400051	-1	0	0	-1	0	0	-1	0	0	-1	0	0	12045	3.865931893308993	0.7671317849941387	1	17.065179175759397	210306956	151.79814355184558	-0.7507248024962223	-0.5390414867796238	1	3691.502463321032	24.82210904624852	0.4299274351226336	0.440509237498375	0.4471768557557052	0.4497400299549358	0.4466217834373835	0.3924605855066331	0	0.0040855735202076	-5978953.083871303	-7259203.760351969	-6055366.116591227	-0.09841158153088081	-1.331719004353727	-2.532685839621262	0	0	-4.447546283742883	1.464426396041786	0	0	0	-0	0	-0	-0	-0	-1.387646883377161e-07	success	non_bfb	success	176.4862953615486	127	3.239620207107844e-09	198.3579927025583	0	0	3.3341693737507e-09	-2746.029047062245	-2746.029047062245	-2746.029047062245	7409.420958813265	20210446.89366348	20210446.89366348	13640001.62467855	20299656.62243028	20339169.35833288	16453.28215136968	16453.28215136968	16453.28215136968	26608.73215724519	20239525.06955024	20239525.06955024	13668680.05915253	20328734.79831603	20368247.53420903	0	0	0	1.694704433383455e-07	1.694704433383455e-07	0.007245390758712448	0.007245390758712448	2.048994796568414	2.048994796568414	0.006490138839343703	0.006490138839343703	0.006490138839343703	0.006490138839343703	0.006490138839343703	0.006490138839343703	1.479816556758758	1.479816556758758	15.71028968006894	15.71028968006894	19312.21938382211	19312.21938382211	0	4193.764312513273	4193.764312513273	5396.666224941337	4765.032700027153	17946.90985867686	17946.90985867686	18329.60854802737	0.3001329679482806	-1.570625757270529	0.3001315788202427	5.042840769077343e-05	-0.0001629445866198048	-0.9999999854530187	0.9999999987275288	1.393236541456927e-06	5.042818133983197e-05	1.385019522027134e-06	-0.9999999867235603	0.0001629446566711628	0.3009691513044674	-1.570623760063821	0.3009603002780615	5.115670540236164e-05	-0.0001648097945112584	-0.9999999851103617	0.9999999986523627	8.855241785383245e-06	5.115524666452799e-05	8.846810767840946e-06	-0.9999999863796581	0.0001648102472939279	0.146484375	0.4394531249999999	0.3906249999999999	8526.074218749998	20173965.72265625	20173965.0390625	13678891.5020817	20262903.33753983	20302293.73459721	657.321
1	125.09	3691.502463321032	4513.56126887456	4520.300489052716	4498.308688780068	6.18075050722311e-05	-0.0001991005609511	-0.9999999782693996	0.9999999980889872	1.3756812231591198e-06	6.180723239868069e-05	1.3633753389030725e-06	-0.9999999801785372	0.0001991006455976	0.2581069881028696	4.536191850067056	2.287236645505852	5.538875356525736	-1.0042363171067217	12.099991847187358	-1.2041500964627423	-6.277438717525325	1.6931808750688164	5.50347492821874	-7823.75405	20165450.209195983	13663691.000094296	246.21965079413735	-1.2697951155548	-1.5705878532929405	0.3009998417140569	0	4.34499995216127e-10	0	4.3820371046357355e-10	0.0002808510406859	2.1981876736909296	0.0061260948591266	-2.5311601220010024e-06	0	0	0	0	0	0	0.2098359012069659	0.0263855244319735	0.0015451931004345	0.5891461720423038	0.0288576376286612	0.0023154248712063	0.0781040895547566	0.0002243503867746	0.0002163905984633	0.0633693161784596	0	-296.4877115571781	-1.5710320221221237	-5.011560708737396	1679.6800506556497	-2.736116104707948e-05	2174.207373078797	563.1626081400051	-1	0	0	-1	0	0	-1	0	0	-1	0	0	12045	3.865931893308993	0.7671317849941387	1	17.065179175759397	210306956	151.79814355184558	-0.7507248024962223	-0.5390414867796238	1	3691.502463321032	24.82210904624852	0.4299274351226336	0.440509237498375	0.4471768557557052	0.4497400299549358	0.4466217834373835	0.3924605855066331	0	0.0040855735202076	-5978953.083871303	-7259203.760351969	-6055366.116591227	-0.09841158153088081	-1.331719004353727	-2.532685839621262	0	0	-4.447546283742883	1.464426396041786	0	0	0	-0	0	-0	-0	-0	-1.387646883377161e-07	success	non_bfb	success	176.4862953615486	128	1.252269975114157e-08	197.0144923402243	0	0	7.44868375380282e-09	-2814.580079118718	-2814.580079118718	-2814.580079118718	7203.767862643847	20209839.42296398	20209839.42296398	13640321.43931026	20297844.78974865	20336824.09020596	16688.27283644386	16688.27283644386	16688.27283644386	26706.62077820642	20239377.32573097	20239377.32573097	13669453.28073994	20327382.69251462	20366361.99296229	0	0	0	1.67182534129558e-07	1.67182534129558e-07	0.007147575494223958	0.007147575494223958	2.021332662856596	2.021332662856596	0.006402519735243065	0.006402519735243065	0.006402519735243065	0.006402519735243065	0.006402519735243065	0.006402519735243065	1.459838524832771	1.459838524832771	15.49819537191877	15.49819537191877	19051.49778718264	19051.49778718264	0	4137.147053473434	4137.147053473434	5323.80937681151	4824.272437684537	18107.73026559719	18107.73026559719	18477.31750696668	0.3001110029359843	-1.570626846447891	0.300109613310629	5.010283917977407e-05	-0.0001619051981343999	-0.999999985638206	0.9999999987438929	1.393681284579253e-06	5.010261419215699e-05	1.385569390885657e-06	-0.9999999868923821	0.0001619052677584189	0.2998336260671288	-1.570624829558381	0.2998397562962346	5.065363952189497e-05	-0.0001638459948851833	-0.999999985294349	0.999999998698289	-6.126079415417939e-06	5.065464393444116e-05	-6.134378885860947e-06	-0.9999999865584802	0.0001638456843640181	0.09765624999999999	0.3417968749999999	0.6835937499999999	8388.378906249998	20172446.484375	20172445.703125	13680181.54371184	20260179.11844393	20299035.33393795	658.835
1	125.09	3691.502463321032	4513.56126887456	4520.300489052716	4498.308688780068	6.18075050722311e-05	-0.0001991005609511	-0.9999999782693996	0.9999999980889872	1.3756812231591198e-06	6.180723239868069e-05	1.3633753389030725e-06	-0.9999999801785372	0.0001991006455976	0.2581069881028696	4.536191850067056	2.287236645505852	5.538875356525736	-1.0042363171067217	12.099991847187358	-1.2041500964627423	-6.277438717525325	1.6931808750688164	5.50347492821874	-7823.75405	20165450.209195983	13663691.000094296	246.21965079413735	-1.2697951155548	-1.5705878532929405	0.3009998417140569	0	4.34499995216127e-10	0	4.3820371046357355e-10	0.0002808510406859	2.1981876736909296	0.0061260948591266	-2.5311601220010024e-06	0	0	0	0	0	0	0.2098359012069659	0.0263855244319735	0.0015451931004345	0.5891461720423038	0.0288576376286612	0.0023154248712063	0.0781040895547566	0.0002243503867746	0.0002163905984633	0.0633693161784596	0	-296.4877115571781	-1.5710320221221237	-5.011560708737396	1679.6800506556497	-2.736116104707948e-05	2174.207373078797	563.1626081400051	-1	0	0	-1	0	0	-1	0	0	-1	0	0	12045	3.865931893308993	0.7671317849941387	1	17.065179175759397	210306956	151.79814355184558	-0.7507248024962223	-0.5390414867796238	1	3691.502463321032	24.82210904624852	0.4299274351226336	0.440509237498375	0.4471768557557052	0.4497400299549358	0.4466217834373835	0.3924605855066331	0	0.0040855735202076	-5978953.083871303	-7259203.760351969	-6055366.116591227	-0.09841158153088081	-1.331719004353727	-2.532685839621262	0	0	-4.447546283742883	1.464426396041786	0	0	0	-0	0	-0	-0	-0	-1.387646883377161e-07	success	non_bfb	success	176.4862953615486	129	1.611194185364914e-09	195.641795040652	0	0	-3.867109122798758e-09	-2884.139683387373	-2884.139683387373	-2884.139683387373	6995.089049837878	20209223.01471755	20209223.01471755	13640645.95928747	20296006.30007805	20334444.3168014	16924.63566865589	16924.63566865589	16924.63566865589	26803.86440188114	20239224.25006577	20239224.25006577	13670234.76380583	20326007.53542526	20364445.55213895	0	0	0	1.648609635507991e-07	1.648609635507991e-07	0.007048321101034839	0.007048321101034839	1.99326354388789	1.99326354388789	0.006313611515705342	0.006313611515705342	0.006313611515705342	0.006313611515705342	0.006313611515705342	0.006313611515705342	1.439566561695975	1.439566561695975	15.28298057937698	15.28298057937698	18786.9402664207	18786.9402664207	0	4079.696800494854	4079.696800494854	5249.880606198738	4883.592775538934	18269.42307203731	18269.42307203731	18626.06849651799	0.3000887040310977	-1.570627960635671	0.3000873139007409	4.976986943798847e-05	-0.0001608419215582908	-0.9999999858264182	0.9999999987605195	1.394132870505864e-06	4.97696458467041e-05	1.386127805272748e-06	-0.9999999870639662	0.0001608419907447413	0.2997319167008954	-1.570626075180506	0.2997254114104094	5.026918710883399e-05	-0.0001626610597878239	-0.9999999855071939	0.9999999987153715	6.509378864365204e-06	5.026812895031832e-05	6.50120210289743e-06	-0.9999999867495035	0.0001626613867998271	0.1953125	0.5859374999999999	0	8249.999999999998	20170904.98046875	20170904.78515625	13681490.72634784	20257415.05567818	20295728.39766146	659.843
1	125.09	3691.502463321032	4513.56126887456	4520.300489052716	4498.308688780068	6.18075050722311e-05	-0.0001991005609511	-0.9999999782693996	0.9999999980889872	1.3756812231591198e-06	6.180723239868069e-05	1.3633753389030725e-06	-0.9999999801785372	0.0001991006455976	0.2581069881028696	4.536191850067056	2.287236645505852	5.538875356525736	-1.0042363171067217	12.099991847187358	-1.2041500964627423	-6.277438717525325	1.6931808750688164	5.50347492821874	-7823.75405	20165450.209195983	13663691.000094296	246.21965079413735	-1.2697951155548	-1.5705878532929405	0.3009998417140569	0	4.34499995216127e-10	0	4.3820371046357355e-10	0.0002808510406859	2.1981876736909296	0.0061260948591266	-2.5311601220010024e-06	0	0	0	0	0	0	0.2098359012069659	0.0263855244319735	0.0015451931004345	0.5891461720423038	0.0288576376286612	0.0023154248712063	0.0781040895547566	0.0002243503867746	0.0002163905984633	0.0633693161784596	0	-296.4877115571781	-1.5710320221221237	-5.011560708737396	1679.6800506556497	-2.736116104707948e-05	2174.207373078797	563.1626081400051	-1	0	0	-1	0	0	-1	0	0	-1	0	0	12045	3.865931893308993	0.7671317849941387	1	17.065179175759397	210306956	151.79814355184558	-0.7507248024962223	-0.5390414867796238	1	3691.502463321032	24.82210904624852	0.4299274351226336	0.440509237498375	0.4471768557557052	0.4497400299549358	0.4466217834373835	0.3924605855066331	0	0.0040855735202076	-5978953.083871303	-7259203.760351969	-6055366.116591227	-0.09841158153088081	-1.331719004353727	-2.532685839621262	0	0	-4.447546283742883	1.464426396041786	0	0	0	-0	0	-0	-0	-0	-1.387646883377161e-07	success	non_bfb	success	176.4862953615486	130	1.512694962042031e-08	194.2390973572736	0	0	-2.389631327017233e-09	-2954.717106651258	-2954.717106651258	-2954.717106651258	6783.356780046225	20208597.58698302	20208597.58698302	13640975.22774977	20294140.90902208	20332029.72176816	17162.36140122273	17162.36140122273	17162.36140122273	26900.43528792021	20239065.76061352	20239065.76061352	13671024.55148978	20324609.08265155	20362497.89538795	0	0	0	1.625054229881872e-07	1.625054229881872e-07	0.006947614384937759	0.006947614384937759	1.964783708343578	1.964783708343578	0.006223402361873511	0.006223402361873511	0.006223402361873511	0.006223402361873511	0.006223402361873511	0.006223402361873511	1.41899797253078	1.41899797253078	15.0646166932455	15.0646166932455	18518.51165304987	18518.51165304987	0	4021.405916529697	4021.405916529697	5174.870085512556	4942.988251194574	18431.98064094935	18431.98064094935	18775.85715148662	0.3000660550035165	-1.570629100558848	0.3000646643603845	4.942928424531146e-05	-0.0001597540571087833	-0.999999986017693	0.9999999987774113	1.394591372536761e-06	4.942906208437771e-05	1.386694859830095e-06	-0.9999999872383479	0.0001597541258471232	0.3004296349164712	-1.57062715519729	0.3004359809748802	5.006305640665315e-05	-0.0001615943065971785	-0.9999999856904853	0.9999999987266833	-6.342013302805076e-06	5.006408189254553e-05	-6.350103282652791e-06	-0.9999999869235295	0.0001615939888906261	0.2929687499999999	0.8789062499999998	0.6347656249999999	8110.156249999998	20169342.3828125	20169342.3828125	13682819.83046685	20254610.95396942	20292374.68431372	661.183
1	125.09	3691.502463321032	4513.56126887456	4520.300489052716	4498.308688780068	6.18075050722311e-05	-0.0001991005609511	-0.9999999782693996	0.9999999980889872	1.3756812231591198e-06	6.180723239868069e-05	1.3633753389030725e-06	-0.9999999801785372	0.0001991006455976	0.2581069881028696	4.536191850067056	2.287236645505852	5.538875356525736	-1.0042363171067217	12.099991847187358	-1.2041500964627423	-6.277438717525325	1.6931808750688164	5.50347492821874	-7823.75405	20165450.209195983	13663691.000094296	246.21965079413735	-1.2697951155548	-1.5705878532929405	0.3009998417140569	0	4.34499995216127e-10	0	4.3820371046357355e-10	0.0002808510406859	2.1981876736909296	0.0061260948591266	-2.5311601220010024e-06	0	0	0	0	0	0	0.2098359012069659	0.0263855244319735	0.0015451931004345	0.5891461720423038	0.0288576376286612	0.0023154248712063	0.0781040895547566	0.0002243503867746	0.0002163905984633	0.0633693161784596	0	-296.4877115571781	-1.5710320221221237	-5.011560708737396	1679.6800506556497	-2.736116104707948e-05	2174.207373078797	563.1626081400051	-1	0	0	-1	0	0	-1	0	0	-1	0	0	12045	3.865931893308993	0.7671317849941387	1	17.065179175759397	210306956	151.79814355184558	-0.7507248024962223	-0.5390414867796238	1	3691.502463321032	24.82210904624852	0.4299274351226336	0.440509237498375	0.4471768557557052	0.4497400299549358	0.4466217834373835	0.3924605855066331	0	0.0040855735202076	-5978953.083871303	-7259203.760351969	-6055366.116591227	-0.09841158153088081	-1.331719004353727	-2.532685839621262	0	0	-4.447546283742883	1.464426396041786	0	0	0	-0	0	-0	-0	-0	-1.387646883377161e-07	success	non_bfb	success	176.4862953615486	131	4.570629277201537e-09	192.8056195416639	0	0	-6.841521395047416e-09	-3026.318568198431	-3026.318568198431	-3026.318568198431	6568.552395404708	20207963.08464767	20207963.08464767	13641309.27371242	20292248.45220235	20329580.09233182	17401.44381485633	17401.44381485633	17401.44381485633	26996.31477845948	20238901.80226145	20238901.80226145	13671822.67280707	20323187.16981512	20360518.80993491	0	0	0	1.601157048713036e-07	1.601157048713036e-07	0.006845446471649023	0.006845446471649023	1.935890646578325	1.935890646578325	0.006131884324509884	0.006131884324509884	0.006131884324509884	0.006131884324509884	0.006131884324509884	0.006131884324509884	1.398130944831499	1.398130944831499	14.84308447128161	14.84308447128161	18246.18829311973	18246.18829311973	0	3962.269264980707	3962.269264980707	5098.771204820021	5002.453756989045	18595.39783573607	18595.39783573607	18926.68196960204	0.3000430740188367	-1.5706302669453	0.3000416828550849	4.908087416436412e-05	-0.000158640919468823	-0.9999999862120632	0.9999999987945717	1.395056844585883e-06	4.908065346882068e-05	1.387270625356503e-06	-0.9999999874155562	0.0001586409877482021	0.3001750101048474	-1.570628316041663	0.3001709738811073	4.967866181511751e-05	-0.000160498110022952	-0.9999999858861934	0.9999999987578857	4.040210379956554e-06	4.967801400842901e-05	4.032237095575761e-06	-0.9999999871120167	0.000160498310535618	0.09765624999999999	0.5371093749999999	0.3906249999999999	7969.140624999998	20167755.95703125	20167755.95703125	13684167.19646645	20251765.83652052	20288971.45920051	663.13
1	125.09	3691.502463321032	4513.56126887456	4520.300489052716	4498.308688780068	6.18075050722311e-05	-0.0001991005609511	-0.9999999782693996	0.9999999980889872	1.3756812231591198e-06	6.180723239868069e-05	1.3633753389030725e-06	-0.9999999801785372	0.0001991006455976	0.2581069881028696	4.536191850067056	2.287236645505852	5.538875356525736	-1.0042363171067217	12.099991847187358	-1.2041500964627423	-6.277438717525325	1.6931808750688164	5.50347492821874	-7823.75405	20165450.209195983	13663691.000094296	246.21965079413735	-1.2697951155548	-1.5705878532929405	0.3009998417140569	0	4.34499995216127e-10	0	4.3820371046357355e-10	0.0002808510406859	2.1981876736909296	0.0061260948591266	-2.5311601220010024e-06	0	0	0	0	0	0	0.2098359012069659	0.0263855244319735	0.0015451931004345	0.5891461720423038	0.0288576376286612	0.0023154248712063	0.0781040895547566	0.0002243503867746	0.0002163905984633	0.0633693161784596	0	-296.4877115571781	-1.5710320221221237	-5.011560708737396	1679.6800506556497	-2.736116104707948e-05	2174.207373078797	563.1626081400051	-1	0	0	-1	0	0	-1	0	0	-1	0	0	12045	3.865931893308993	0.7671317849941387	1	17.065179175759397	210306956	151.79814355184558	-0.7507248024962223	-0.5390414867796238	1	3691.502463321032	24.82210904624852	0.4299274351226336	0.440509237498375	0.4471768557557052	0.4497400299549358	0.4466217834373835	0.3924605855066331	0	0.0040855735202076	-5978953.083871303	-7259203.760351969	-6055366.116591227	-0.09841158153088081	-1.331719004353727	-2.532685839621262	0	0	-4.447546283742883	1.464426396041786	0	0	0	-0	0	-0	-0	-0	-1.387646883377161e-07	success	non_bfb	success	176.4862953615486	132	4.512336415395335e-09	191.3405606331757	0	0	-1.472456530681677e-10	-3098.949459540578	-3098.949459540578	-3098.949459540578	6350.659721378265	20207319.45993415	20207319.45993415	13641648.12232882	20290328.78711892	20327095.24403792	17641.87751804501	17641.87751804501	17641.87751804501	27091.48669896385	20238732.32723225	20238732.32723225	13672629.15291108	20321741.65441599	20358508.1113253	0	0	0	1.576916292569898e-07	1.576916292569898e-07	0.006741809668036584	0.006741809668036584	1.906582182976204	1.906582182976204	0.006039050512406414	0.006039050512406414	0.006039050512406414	0.006039050512406414	0.006039050512406414	0.006039050512406414	1.376963907333786	1.376963907333786	14.61836723235146	14.61836723235146	17969.94968097934	17969.94968097934	0	3902.282392922748	3902.282392922748	5021.578233958706	5061.984313235947	18759.67020347233	18759.67020347233	19078.54220038823	0.3000197415688021	-1.570631460523694	0.3000183498765279	4.872442362524425e-05	-0.0001575018029131825	-0.9999999864095563	0.9999999988120024	1.395529335511111e-06	4.872420443115602e-05	1.387855166501831e-06	-0.9999999875956173	0.0001575018707224333	0.3000672412760803	-1.570629407081137	0.30004450616471	4.933887053659713e-05	-0.0001594611747007328	-0.9999999860689046	0.9999999985244847	2.273904488570601e-05	4.933524515626786e-05	2.273117751277943e-05	-0.9999999870275346	0.000159462296384126	-0.5859374999999999	-0.1953125	-0.4882812499999999	7826.513671874998	20166146.484375	20166146.24023437	13685534.87479289	20248879.21517712	20285519.99206123	664.2809999999999
1	125.09	3691.502463321032	4513.56126887456	4520.300489052716	4498.308688780068	6.18075050722311e-05	-0.0001991005609511	-0.9999999782693996	0.9999999980889872	1.3756812231591198e-06	6.180723239868069e-05	1.3633753389030725e-06	-0.9999999801785372	0.0001991006455976	0.2581069881028696	4.536191850067056	2.287236645505852	5.538875356525736	-1.0042363171067217	12.099991847187358	-1.2041500964627423	-6.277438717525325	1.6931808750688164	5.50347492821874	-7823.75405	20165450.209195983	13663691.000094296	246.21965079413735	-1.2697951155548	-1.5705878532929405	0.3009998417140569	0	4.34499995216127e-10	0	4.3820371046357355e-10	0.0002808510406859	2.1981876736909296	0.0061260948591266	-2.5311601220010024e-06	0	0	0	0	0	0	0.2098359012069659	0.0263855244319735	0.0015451931004345	0.5891461720423038	0.0288576376286612	0.0023154248712063	0.0781040895547566	0.0002243503867746	0.0002163905984633	0.0633693161784596	0	-296.4877115571781	-1.5710320221221237	-5.011560708737396	1679.6800506556497	-2.736116104707948e-05	2174.207373078797	563.1626081400051	-1	0	0	-1	0	0	-1	0	0	-1	0	0	12045	3.865931893308993	0.7671317849941387	1	17.065179175759397	210306956	151.79814355184558	-0.7507248024962223	-0.5390414867796238	1	3691.502463321032	24.82210904624852	0.4299274351226336	0.440509237498375	0.4471768557557052	0.4497400299549358	0.4466217834373835	0.3924605855066331	0	0.0040855735202076	-5978953.083871303	-7259203.760351969	-6055366.116591227	-0.09841158153088081	-1.331719004353727	-2.532685839621262	0	0	-4.447546283742883	1.464426396041786	0	0	0	-0	0	-0	-0	-0	-1.387646883377161e-07	success	non_bfb	success	176.4862953615486	133	6.7812971581054e-09	189.8429366832714	0	0	4.309463332841443e-09	-3172.622167665572	-3172.622167665572	-3172.622167665572	6129.641597003281	20206666.60307415	20206666.60307415	13641991.83138868	20288381.58637845	20324574.75310266	17883.65012380088	17883.65012380088	17883.65012380088	27185.91388846973	20238557.22575757	20238557.22575757	13673444.04959154	20320272.20906086	20356465.37577537	0	0	0	1.552327827261801e-07	1.552327827261801e-07	0.006636686299144151	0.006636686299144151	1.876853319063746	1.876853319063746	0.005944885093025683	0.005944885093025683	0.005944885093025683	0.005944885093025683	0.005944885093025683	0.005944885093025683	1.355493250060786	1.355493250060786	14.39042665158169	14.39042665158169	17689.74870493455	17689.74870493455	0	3841.435069768766	3841.435069768766	4943.278007891305	5121.574132758903	18924.78751357109	18924.78751357109	19231.43046598424	0.2999960529474694	-1.570632682185495	0.2999946607186883	4.835967146958435e-05	-0.0001563358551304898	-0.9999999866102209	0.9999999988297071	1.396008940151548e-06	4.83594538142583e-05	1.388448604893601e-06	-0.9999999877785756	0.0001563359224580648	0.2997137660116426	-1.570630618986568	0.2997313067897797	4.892469074085914e-05	-0.0001583207232612271	-0.9999999862704612	0.9999999986492798	-1.753690573733182e-05	4.892746780205126e-05	-1.754465172864797e-05	-0.9999999873135026	0.0001583198650600236	0.4882812499999999	0.5371093749999999	0.4882812499999999	7683.349609374998	20164514.6484375	20164515.13671875	13686921.98695978	20245952.55475125	20282019.8918827	666.2140000000001
1	125.09	3691.502463321032	4513.56126887456	4520.300489052716	4498.308688780068	6.18075050722311e-05	-0.0001991005609511	-0.9999999782693996	0.9999999980889872	1.3756812231591198e-06	6.180723239868069e-05	1.3633753389030725e-06	-0.9999999801785372	0.0001991006455976	0.2581069881028696	4.536191850067056	2.287236645505852	5.538875356525736	-1.0042363171067217	12.099991847187358	-1.2041500964627423	-6.277438717525325	1.6931808750688164	5.50347492821874	-7823.75405	20165450.209195983	13663691.000094296	246.21965079413735	-1.2697951155548	-1.5705878532929405	0.3009998417140569	0	4.34499995216127e-10	0	4.3820371046357355e-10	0.0002808510406859	2.1981876736909296	0.0061260948591266	-2.5311601220010024e-06	0	0	0	0	0	0	0.2098359012069659	0.0263855244319735	0.0015451931004345	0.5891461720423038	0.0288576376286612	0.0023154248712063	0.0781040895547566	0.0002243503867746	0.0002163905984633	0.0633693161784596	0	-296.4877115571781	-1.5710320221221237	-5.011560708737396	1679.6800506556497	-2.736116104707948e-05	2174.207373078797	563.1626081400051	-1	0	0	-1	0	0	-1	0	0	-1	0	0	12045	3.865931893308993	0.7671317849941387	1	17.065179175759397	210306956	151.79814355184558	-0.7507248024962223	-0.5390414867796238	1	3691.502463321032	24.82210904624852	0.4299274351226336	0.440509237498375	0.4471768557557052	0.4497400299549358	0.4466217834373835	0.3924605855066331	0	0.0040855735202076	-5978953.083871303	-7259203.760351969	-6055366.116591227	-0.09841158153088081	-1.331719004353727	-2.532685839621262	0	0	-4.447546283742883	1.464426396041786	0	0	0	-0	0	-0	-0	-0	-1.387646883377161e-07	success	non_bfb	success	176.4862953615486	134	7.787872971204798e-09	188.3118975799852	0	0	2.48310297852338e-09	-3247.340248255518	-3247.340248255518	-3247.340248255518	5905.487355233447	20206004.48255869	20206004.48255869	13642340.41748066	20286406.7560028	20322018.49787896	18126.75807644184	18126.75807644184	18126.75807644184	27279.58567993081	20238376.46632846	20238376.46632846	13674267.3794371	20318778.73977154	20354390.48163801	0	0	0	1.527390466070239e-07	1.527390466070239e-07	0.006530071291379471	0.006530071291379471	1.846702620030261	1.846702620030261	0.005849383521641362	0.005849383521641362	0.005849383521641362	0.005849383521641362	0.005849383521641362	0.005849383521641362	1.333717936769447	1.333717936769447	14.15925172782594	14.15925172782594	17405.57184158407	17405.57184158407	0	3779.724358831031	3779.724358831031	4863.866747596803	5181.218486038188	19090.7468293446	19090.7468293446	19385.34771688879	0.2999720189991661	-1.570633932724476	0.2999706262257923	4.798638797785457e-05	-0.0001551423233434654	-0.999999986814083	0.9999999988476886	1.396495696086437e-06	4.798617189971134e-05	1.38905099147548e-06	-0.9999999879644544	0.0001551423901774774	0.3000266229800539	-1.570631734700201	0.3000444707849945	4.864447578722952e-05	-0.0001572395368315867	-0.9999999864547212	0.999999998657517	-1.784398026094058e-05	4.864728216008585e-05	-1.785162929535385e-05	-0.9999999874786601	0.0001572386686093192	0.1953125	0.5859374999999999	0.8789062499999998	7538.037109374998	20162860.44921875	20162859.375	13688328.72780341	20242983.80456136	20278468.42466645	667.499
1	125.09	3691.502463321032	4513.56126887456	4520.300489052716	4498.308688780068	6.18075050722311e-05	-0.0001991005609511	-0.9999999782693996	0.9999999980889872	1.3756812231591198e-06	6.180723239868069e-05	1.3633753389030725e-06	-0.9999999801785372	0.0001991006455976	0.2581069881028696	4.536191850067056	2.287236645505852	5.538875356525736	-1.0042363171067217	12.099991847187358	-1.2041500964627423	-6.277438717525325	1.6931808750688164	5.50347492821874	-7823.75405	20165450.209195983	13663691.000094296	246.21965079413735	-1.2697951155548	-1.5705878532929405	0.3009998417140569	0	4.34499995216127e-10	0	4.3820371046357355e-10	0.0002808510406859	2.1981876736909296	0.0061260948591266	-2.5311601220010024e-06	0	0	0	0	0	0	0.2098359012069659	0.0263855244319735	0.0015451931004345	0.5891461720423038	0.0288576376286612	0.0023154248712063	0.0781040895547566	0.0002243503867746	0.0002163905984633	0.0633693161784596	0	-296.4877115571781	-1.5710320221221237	-5.011560708737396	1679.6800506556497	-2.736116104707948e-05	2174.207373078797	563.1626081400051	-1	0	0	-1	0	0	-1	0	0	-1	0	0	12045	3.865931893308993	0.7671317849941387	1	17.065179175759397	210306956	151.79814355184558	-0.7507248024962223	-0.5390414867796238	1	3691.502463321032	24.82210904624852	0.4299274351226336	0.440509237498375	0.4471768557557052	0.4497400299549358	0.4466217834373835	0.3924605855066331	0	0.0040855735202076	-5978953.083871303	-7259203.760351969	-6055366.116591227	-0.09841158153088081	-1.331719004353727	-2.532685839621262	0	0	-4.447546283742883	1.464426396041786	0	0	0	-0	0	-0	-0	-0	-1.387646883377161e-07	success	non_bfb	success	176.4862953615486	135	9.21692590350275e-09	186.7464409335749	0	0	2.349284142775623e-09	-3323.1124030003	-3323.1124030003	-3323.1124030003	5678.170890999099	20205333.02127701	20205333.02127701	13642693.92120127	20284404.06600257	20319426.18066446	18371.19267427801	18371.19267427801	18371.19267427801	27372.47596827741	20238189.97183416	20238189.97183416	13675099.18304425	20317261.01655869	20352283.13121091	0	0	0	1.502101304782712e-07	1.502101304782712e-07	0.006421952228327032	0.006421952228327032	1.816126574516372	1.816126574516372	0.005752534676112043	0.005752534676112043	0.005752534676112043	0.005752534676112043	0.005752534676112043	0.005752534676112043	1.311635431500307	1.311635431500307	13.92481553838386	13.92481553838386	17117.3859956059	17117.3859956059	0	3717.143073261793	3717.143073261793	4783.335204816201	5240.912050621098	19257.54096394511	19257.54096394511	19540.2900272956	0.2999476222253772	-1.570635213049414	0.2999462288993234	4.760430516660176e-05	-0.0001539203314750963	-0.9999999870211805	0.9999999988659493	1.396989674850165e-06	4.760409070534571e-05	1.389662419297951e-06	-0.9999999881532898	0.0001539203978032657	0.3009151593144925	-1.57063310093941	0.3009025454210214	4.837922400230399e-05	-0.0001558914073701051	-0.9999999866786601	0.9999999987502177	1.261766401835822e-05	4.837725760087341e-05	1.261012225150192e-05	-0.999999987769332	0.0001558920176082912	0.048828125	0	0.78125	7392.285156249998	20161181.8359375	20161180.859375	13689755.48869912	20239973.55048181	20274868.22644408	669.054
1	125.09	3691.502463321032	4513.56126887456	4520.300489052716	4498.308688780068	6.18075050722311e-05	-0.0001991005609511	-0.9999999782693996	0.9999999980889872	1.3756812231591198e-06	6.180723239868069e-05	1.3633753389030725e-06	-0.9999999801785372	0.0001991006455976	0.2581069881028696	4.536191850067056	2.287236645505852	5.538875356525736	-1.0042363171067217	12.099991847187358	-1.2041500964627423	-6.277438717525325	1.6931808750688164	5.50347492821874	-7823.75405	20165450.209195983	13663691.000094296	246.21965079413735	-1.2697951155548	-1.5705878532929405	0.3009998417140569	0	4.34499995216127e-10	0	4.3820371046357355e-10	0.0002808510406859	2.1981876736909296	0.0061260948591266	-2.5311601220010024e-06	0	0	0	0	0	0	0.2098359012069659	0.0263855244319735	0.0015451931004345	0.5891461720423038	0.0288576376286612	0.0023154248712063	0.0781040895547566	0.0002243503867746	0.0002163905984633	0.0633693161784596	0	-296.4877115571781	-1.5710320221221237	-5.011560708737396	1679.6800506556497	-2.736116104707948e-05	2174.207373078797	563.1626081400051	-1	0	0	-1	0	0	-1	0	0	-1	0	0	12045	3.865931893308993	0.7671317849941387	1	17.065179175759397	210306956	151.79814355184558	-0.7507248024962223	-0.5390414867796238	1	3691.502463321032	24.82210904624852	0.4299274351226336	0.440509237498375	0.4471768557557052	0.4497400299549358	0.4466217834373835	0.3924605855066331	0	0.0040855735202076	-5978953.083871303	-7259203.760351969	-6055366.116591227	-0.09841158153088081	-1.331719004353727	-2.532685839621262	0	0	-4.447546283742883	1.464426396041786	0	0	0	-0	0	-0	-0	-0	-1.387646883377161e-07	success	non_bfb	success	176.4862953615486	136	8.391625514892837e-09	185.1455073443188	0	0	1.021619000170722e-08	-3399.947538177134	-3399.947538177134	-3399.947538177134	5447.665485468598	20204652.1403054	20204652.1403054	13643052.38410153	20282373.28098114	20316797.49675749	18616.94501103218	18616.94501103218	18616.94501103218	27464.55803467791	20237997.66335094	20237997.66335094	13675939.50196405	20315718.80402566	20350143.01979235	0	0	0	1.476457370905147e-07	1.476457370905147e-07	0.006312316401646269	0.006312316401646269	1.785121588606368	1.785121588606368	0.005654327172801233	0.005654327172801233	0.005654327172801233	0.005654327172801233	0.005654327172801233	0.005654327172801233	1.289243138670409	1.289243138670409	13.68709052756958	13.68709052756958	16825.15729356667	16825.15729356667	0	3653.683857241763	3653.683857241763	4701.673913852686	5300.649481289815	19425.16256155335	19425.16256155335	19696.25327672565	0.2999228703788138	-1.57063652413468	0.2999214764918206	4.721313986129176e-05	-0.0001526689537952007	-0.9999999872315549	0.9999999988844933	1.397490949704607e-06	4.721292705797686e-05	1.39028298368127e-06	-0.9999999883451186	0.0001526690196048331	0.3001401726393215	-1.570634194461951	0.3001615307802469	4.793509128375728e-05	-0.0001548842137662398	-0.9999999868565533	0.999999998622949	-2.135442890205286e-05	4.793839931171995e-05	-2.136185352266866e-05	-0.9999999877774344	0.0001548831899263466	0.3417968749999999	1.123046875	0.4882812499999999	7245.068359374998	20159479.4921875	20159479.6875	13691202.26851687	20236921.49939991	20271218.71255194	670.4160000000001
1	125.09	3691.502463321032	4513.56126887456	4520.300489052716	4498.308688780068	6.18075050722311e-05	-0.0001991005609511	-0.9999999782693996	0.9999999980889872	1.3756812231591198e-06	6.180723239868069e-05	1.3633753389030725e-06	-0.9999999801785372	0.0001991006455976	0.2581069881028696	4.536191850067056	2.287236645505852	5.538875356525736	-1.0042363171067217	12.099991847187358	-1.2041500964627423	-6.277438717525325	1.6931808750688164	5.50347492821874	-7823.75405	20165450.209195983	13663691.000094296	246.21965079413735	-1.2697951155548	-1.5705878532929405	0.3009998417140569	0	4.34499995216127e-10	0	4.3820371046357355e-10	0.0002808510406859	2.1981876736909296	0.0061260948591266	-2.5311601220010024e-06	0	0	0	0	0	0	0.2098359012069659	0.0263855244319735	0.0015451931004345	0.5891461720423038	0.0288576376286612	0.0023154248712063	0.0781040895547566	0.0002243503867746	0.0002163905984633	0.0633693161784596	0	-296.4877115571781	-1.5710320221221237	-5.011560708737396	1679.6800506556497	-2.736116104707948e-05	2174.207373078797	563.1626081400051	-1	0	0	-1	0	0	-1	0	0	-1	0	0	12045	3.865931893308993	0.7671317849941387	1	17.065179175759397	210306956	151.79814355184558	-0.7507248024962223	-0.5390414867796238	1	3691.502463321032	24.82210904624852	0.4299274351226336	0.440509237498375	0.4471768557557052	0.4497400299549358	0.4466217834373835	0.3924605855066331	0	0.0040855735202076	-5978953.083871303	-7259203.760351969	-6055366.116591227	-0.09841158153088081	-1.331719004353727	-2.532685839621262	0	0	-4.447546283742883	1.464426396041786	0	0	0	-0	0	-0	-0	-0	-1.387646883377161e-07	success	non_bfb	success	176.4862953615486	137	2.752559233441927e-09	183.5079672115224	0	0	1.271623052676662e-09	-3477.85517862479	-3477.85517862479	-3477.85517862479	5213.942564125628	20203961.7552387	20203961.7552387	13643415.85061829	20280314.14919297	20314132.12029413	18864.00556186556	18864.00556186556	18864.00556186556	27555.80330461598	20237799.45647366	20237799.45647366	13676788.38063331	20314151.8504269	20347969.82151842	0	0	0	1.450455485496878e-07	1.450455485496878e-07	0.00620115022037297	0.00620115022037297	1.753683818778775	1.753683818778775	0.005554748837452544	0.005554748837452544	0.005554748837452544	0.005554748837452544	0.005554748837452544	0.005554748837452544	1.266538282427555	1.266538282427555	13.44604722589113	13.44604722589113	16528.84950944472	16528.84950944472	0	3589.338844072979	3589.338844072979	4618.872751594888	5360.425352694963	19593.60375547135	19593.60375547135	19853.23276741696	0.2998977514555984	-1.570637867006533	0.2998963569994012	4.681259037557506e-05	-0.000151387204214503	-0.9999999874452478	0.9999999989033233	1.397999598358208e-06	4.681237927270376e-05	1.390912785585946e-06	-0.9999999885399798	0.0001513872694924627	0.2995159563666783	-1.570635575108607	0.2995058422658192	4.743103021103041e-05	-0.0001535949243261582	-0.9999999870794477	0.9999999988240379	1.011774349610503e-05	4.742947673401672e-05	1.011045843848841e-05	-0.9999999881531149	0.0001535954040402007	0.1953125	0	0.8789062499999998	7096.484374999998	20157752.5390625	20157752.88085937	13692668.38486195	20233826.28424346	20267516.36605081	670.77
1	125.09	3691.502463321032	4513.56126887456	4520.300489052716	4498.308688780068	6.18075050722311e-05	-0.0001991005609511	-0.9999999782693996	0.9999999980889872	1.3756812231591198e-06	6.180723239868069e-05	1.3633753389030725e-06	-0.9999999801785372	0.0001991006455976	0.2581069881028696	4.536191850067056	2.287236645505852	5.538875356525736	-1.0042363171067217	12.099991847187358	-1.2041500964627423	-6.277438717525325	1.6931808750688164	5.50347492821874	-7823.75405	20165450.209195983	13663691.000094296	246.21965079413735	-1.2697951155548	-1.5705878532929405	0.3009998417140569	0	4.34499995216127e-10	0	4.3820371046357355e-10	0.0002808510406859	2.1981876736909296	0.0061260948591266	-2.5311601220010024e-06	0	0	0	0	0	0	0.2098359012069659	0.0263855244319735	0.0015451931004345	0.5891461720423038	0.0288576376286612	0.0023154248712063	0.0781040895547566	0.0002243503867746	0.0002163905984633	0.0633693161784596	0	-296.4877115571781	-1.5710320221221237	-5.011560708737396	1679.6800506556497	-2.736116104707948e-05	2174.207373078797	563.1626081400051	-1	0	0	-1	0	0	-1	0	0	-1	0	0	12045	3.865931893308993	0.7671317849941387	1	17.065179175759397	210306956	151.79814355184558	-0.7507248024962223	-0.5390414867796238	1	3691.502463321032	24.82210904624852	0.4299274351226336	0.440509237498375	0.4471768557557052	0.4497400299549358	0.4466217834373835	0.3924605855066331	0	0.0040855735202076	-5978953.083871303	-7259203.760351969	-6055366.116591227	-0.09841158153088081	-1.331719004353727	-2.532685839621262	0	0	-4.447546283742883	1.464426396041786	0	0	0	-0	0	-0	-0	-0	-1.387646883377161e-07	success	non_bfb	success	176.4862953615486	138	6.280398760981132e-09	181.8326572415971	0	0	-2.69481674793958e-09	-3556.843504112103	-3556.843504112103	-3556.843504112103	4976.977587663687	20203261.79359121	20203261.79359121	13643784.35891313	20278226.45444333	20311429.77142799	19112.36614700933	19112.36614700933	19112.36614700933	27646.18723878513	20237595.27871661	20237595.27871661	13677645.85721364	20312559.9395677	20345763.25654275	0	0	0	1.424092918537967e-07	1.424092918537967e-07	0.006088442012819225	0.006088442012819225	1.721809964283007	1.721809964283007	0.005453789215022551	0.005453789215022551	0.005453789215022551	0.005453789215022551	0.005453789215022551	0.005453789215022551	1.243518478917292	1.243518478917292	13.20166032545219	13.20166032545219	16228.43153295148	16228.43153295148	0	3524.10127796961	3524.10127796961	4534.92302448768	5420.234411054342	19762.85778991327	19762.85778991327	20011.22505959662	0.2998722638341605	-1.570639242731081	0.2998708688003567	4.640234534274493e-05	-0.0001500740644657806	-0.9999999876622985	0.9999999989224428	1.398515690146802e-06	4.640213598430462e-05	1.391551915745274e-06	-0.9999999887379095	0.0001500741291984753	0.2999273921045812	-1.570636889074333	0.2999141600024647	4.710600846047353e-05	-0.0001523200924637978	-0.9999999872898067	0.9999999988030155	1.323568956017586e-05	4.710399294133305e-05	1.322851450738743e-05	-0.9999999883117029	0.0001523207157618662	-0.04882812499999999	0.6347656249999999	0.8789062499999998	6946.337890624999	20156002.83203125	20156003.46679687	13694153.54400886	20230688.97934238	20263763.43368001	671.9400000000001
1	125.09	3691.502463321032	4513.56126887456	4520.300489052716	4498.308688780068	6.18075050722311e-05	-0.0001991005609511	-0.9999999782693996	0.9999999980889872	1.3756812231591198e-06	6.180723239868069e-05	1.3633753389030725e-06	-0.9999999801785372	0.0001991006455976	0.2581069881028696	4.536191850067056	2.287236645505852	5.538875356525736	-1.0042363171067217	12.099991847187358	-1.2041500964627423	-6.277438717525325	1.6931808750688164	5.50347492821874	-7823.75405	20165450.209195983	13663691.000094296	246.21965079413735	-1.2697951155548	-1.5705878532929405	0.3009998417140569	0	4.34499995216127e-10	0	4.3820371046357355e-10	0.0002808510406859	2.1981876736909296	0.0061260948591266	-2.5311601220010024e-06	0	0	0	0	0	0	0.2098359012069659	0.0263855244319735	0.0015451931004345	0.5891461720423038	0.0288576376286612	0.0023154248712063	0.0781040895547566	0.0002243503867746	0.0002163905984633	0.0633693161784596	0	-296.4877115571781	-1.5710320221221237	-5.011560708737396	1679.6800506556497	-2.736116104707948e-05	2174.207373078797	563.1626081400051	-1	0	0	-1	0	0	-1	0	0	-1	0	0	12045	3.865931893308993	0.7671317849941387	1	17.065179175759397	210306956	151.79814355184558	-0.7507248024962223	-0.5390414867796238	1	3691.502463321032	24.82210904624852	0.4299274351226336	0.440509237498375	0.4471768557557052	0.4497400299549358	0.4466217834373835	0.3924605855066331	0	0.0040855735202076	-5978953.083871303	-7259203.760351969	-6055366.116591227	-0.09841158153088081	-1.331719004353727	-2.532685839621262	0	0	-4.447546283742883	1.464426396041786	0	0	0	-0	0	-0	-0	-0	-1.387646883377161e-07	success	non_bfb	success	176.4862953615486	139	9.085108558961239e-09	180.1183427710807	0	0	-1.345628523724926e-10	-3636.92091802052	-3636.92091802052	-3636.92091802052	4736.745345938441	20202552.18089566	20202552.18089566	13644157.94819092	20276109.97462728	20308690.16266245	19362.01836308205	19362.01836308205	19362.01836308205	27735.68462704101	20237385.05561251	20237385.05561251	13678511.97090989	20310942.84934312	20343523.03736871	0	0	0	1.39736686537716e-07	1.39736686537716e-07	0.005974179788224952	0.005974179788224952	1.689496634134945	1.689496634134945	0.005351437564655402	0.005351437564655402	0.005351437564655402	0.005351437564655402	0.005351437564655402	0.005351437564655402	1.220181279117078	1.220181279117078	12.95390382650745	12.95390382650745	15923.87140332773	15923.87140332773	0	3457.964218461036	3457.964218461036	4449.815801317821	5480.071377509596	19932.9177244085	19932.9177244085	20170.22650090971	0.2998464113951435	-1.570640652441742	0.299845015775241	4.59820744110797e-05	-0.0001487284542492571	-0.9999999878827479	0.9999999989418554	1.399039296266978e-06	4.598186684264503e-05	1.392200467335464e-06	-0.9999999889389447	0.0001487285184226099	0.3004578606224014	-1.570638260164551	0.3004654633154552	4.678101829115947e-05	-0.000150985416184231	-0.9999999875074702	0.9999999988768409	-7.599161315683923e-06	4.678216618557961e-05	-7.606224645582702e-06	-0.9999999885728283	0.0001509850605181458	0.04882812499999999	0.6835937499999998	0.9765624999999998	6795.751953124999	20154229.19921875	20154229.15039062	13695661.16418664	20227508.02210534	20259959.42698928	673.097
1	125.09	3691.502463321032	4513.56126887456	4520.300489052716	4498.308688780068	6.18075050722311e-05	-0.0001991005609511	-0.9999999782693996	0.9999999980889872	1.3756812231591198e-06	6.180723239868069e-05	1.3633753389030725e-06	-0.9999999801785372	0.0001991006455976	0.2581069881028696	4.536191850067056	2.287236645505852	5.538875356525736	-1.0042363171067217	12.099991847187358	-1.2041500964627423	-6.277438717525325	1.6931808750688164	5.50347492821874	-7823.75405	20165450.209195983	13663691.000094296	246.21965079413735	-1.2697951155548	-1.5705878532929405	0.3009998417140569	0	4.34499995216127e-10	0	4.3820371046357355e-10	0.0002808510406859	2.1981876736909296	0.0061260948591266	-2.5311601220010024e-06	0	0	0	0	0	0	0.2098359012069659	0.0263855244319735	0.0015451931004345	0.5891461720423038	0.0288576376286612	0.0023154248712063	0.0781040895547566	0.0002243503867746	0.0002163905984633	0.0633693161784596	0	-296.4877115571781	-1.5710320221221237	-5.011560708737396	1679.6800506556497	-2.736116104707948e-05	2174.207373078797	563.1626081400051	-1	0	0	-1	0	0	-1	0	0	-1	0	0	12045	3.865931893308993	0.7671317849941387	1	17.065179175759397	210306956	151.79814355184558	-0.7507248024962223	-0.5390414867796238	1	3691.502463321032	24.82210904624852	0.4299274351226336	0.440509237498375	0.4471768557557052	0.4497400299549358	0.4466217834373835	0.3924605855066331	0	0.0040855735202076	-5978953.083871303	-7259203.760351969	-6055366.116591227	-0.09841158153088081	-1.331719004353727	-2.532685839621262	0	0	-4.447546283742883	1.464426396041786	0	0	0	-0	0	-0	-0	-0	-1.387646883377161e-07	success	non_bfb	success	176.4862953615486	140	6.486917610643798e-09	178.3636725682094	0	0	1.218336518983278e-08	-3718.097851391242	-3718.097851391242	-3718.097851391242	4493.214545826271	20201832.8247165	20201832.8247165	13644536.66711622	20273964.434048	20305912.93713059	19612.9517790425	19612.9517790425	19612.9517790425	27824.26417626001	20237168.69472584	20237168.69472584	13679386.77038663	20309300.30405634	20341248.80712938	0	0	0	1.370273844626283e-07	1.370273844626283e-07	0.005858348662568369	0.005858348662568369	1.65673961913674	1.65673961913674	0.005247680553824108	0.005247680553824108	0.005247680553824108	0.005247680553824108	0.005247680553824108	0.005247680553824108	1.196523643077435	1.196523643077435	12.70274545580879	12.70274545580879	15615.12944797286	15615.12944797286	0	3390.919050403994	3390.919050403994	4363.539995851273	5539.930696778372	20103.77494381377	20103.77494381377	20330.23156040458	0.2998201782327637	-1.570642097364866	0.2998187820182218	4.555141702838363e-05	-0.0001473491952115467	-0.9999999881066415	0.9999999989615642	1.399570501649441e-06	4.555121129725011e-05	1.392858550678286e-06	-0.9999999891431278	0.0001473492588109536	0.2990676370024292	-1.570639818744567	0.299050873359331	4.611186623110219e-05	-0.000149560908805314	-0.9999999877526151	0.9999999987963959	1.676709077785118e-05	4.61093590389261e-05	1.676019441485586e-05	-0.9999999886751996	0.0001495616817869269	-0.3906249999999999	0.5371093749999999	0.1953124999999999	6642.480468749998	20152430.76171875	20152430.41992187	13697189.58550232	20224283.60761965	20256102.78344052	674.889
1	125.09	3691.502463321032	4513.56126887456	4520.300489052716	4498.308688780068	6.18075050722311e-05	-0.0001991005609511	-0.9999999782693996	0.9999999980889872	1.3756812231591198e-06	6.180723239868069e-05	1.3633753389030725e-06	-0.9999999801785372	0.0001991006455976	0.2581069881028696	4.536191850067056	2.287236645505852	5.538875356525736	-1.0042363171067217	12.099991847187358	-1.2041500964627423	-6.277438717525325	1.6931808750688164	5.50347492821874	-7823.75405	20165450.209195983	13663691.000094296	246.21965079413735	-1.2697951155548	-1.5705878532929405	0.3009998417140569	0	4.34499995216127e-10	0	4.3820371046357355e-10	0.0002808510406859	2.1981876736909296	0.0061260948591266	-2.5311601220010024e-06	0	0	0	0	0	0	0.2098359012069659	0.0263855244319735	0.0015451931004345	0.5891461720423038	0.0288576376286612	0.0023154248712063	0.0781040895547566	0.0002243503867746	0.0002163905984633	0.0633693161784596	0	-296.4877115571781	-1.5710320221221237	-5.011560708737396	1679.6800506556497	-2.736116104707948e-05	2174.207373078797	563.1626081400051	-1	0	0	-1	0	0	-1	0	0	-1	0	0	12045	3.865931893308993	0.7671317849941387	1	17.065179175759397	210306956	151.79814355184558	-0.7507248024962223	-0.5390414867796238	1	3691.502463321032	24.82210904624852	0.4299274351226336	0.440509237498375	0.4471768557557052	0.4497400299549358	0.4466217834373835	0.3924605855066331	0	0.0040855735202076	-5978953.083871303	-7259203.760351969	-6055366.116591227	-0.09841158153088081	-1.331719004353727	-2.532685839621262	0	0	-4.447546283742883	1.464426396041786	0	0	0	-0	0	-0	-0	-0	-1.387646883377161e-07	success	non_bfb	success	176.4862953615486	141	3.554713616159188e-09	176.5671690960062	0	0	5.383149359674571e-09	-3800.386810181408	-3800.386810181408	-3800.386810181408	4246.347669455776	20201103.61423116	20201103.61423116	13644920.57403385	20271789.50216778	20303097.66697844	19865.15388893355	19865.15388893355	19865.15388893355	27911.88836857073	20236946.08523399	20236946.08523399	13680270.31398868	20307631.9731696	20338940.13797078	0	0	0	1.342809682388368e-07	1.342809682388368e-07	0.005740930791136303	0.005740930791136303	1.623533872807719	1.623533872807719	0.005142502197929643	0.005142502197929643	0.005142502197929643	0.005142502197929643	0.005142502197929643	0.005142502197929643	1.172541926149938	1.172541926149938	12.44814652039641	12.44814652039641	15302.15810271439	15302.15810271439	0	3322.955444953047	3322.955444953047	4276.082316608788	5599.806505047122	20275.41911928364	20275.41911928364	20491.2328104155	0.2997935654249578	-1.570643578847152	0.2997921686071163	4.510997986430405e-05	-0.0001459350025320639	-0.9999999883340323	0.9999999989815739	1.400109405305489e-06	4.510977601964415e-05	1.39352629369421e-06	-0.9999999893505073	0.000145935065542347	0.2997214127172219	-1.570641200892897	0.2997043289538028	4.580155076688852e-05	-0.0001482101980159584	-0.9999999879679773	0.9999999988052392	1.708715790466973e-05	4.579901877221904e-05	1.70803698174355e-05	-0.9999999888708831	0.0001482109804572127	0	-0.04882812499999999	0.2929687499999999	6489.404296874999	20150608.10546875	20150607.76367187	13698738.31892523	20221015.15039195	20252194.57755779	676.058
1	125.09	3691.502463321032	4513.56126887456	4520.300489052716	4498.308688780068	6.18075050722311e-05	-0.0001991005609511	-0.9999999782693996	0.9999999980889872	1.3756812231591198e-06	6.180723239868069e-05	1.3633753389030725e-06	-0.9999999801785372	0.0001991006455976	0.2581069881028696	4.536191850067056	2.287236645505852	5.538875356525736	-1.0042363171067217	12.099991847187358	-1.2041500964627423	-6.277438717525325	1.6931808750688164	5.50347492821874	-7823.75405	20165450.209195983	13663691.000094296	246.21965079413735	-1.2697951155548	-1.5705878532929405	0.3009998417140569	0	4.34499995216127e-10	0	4.3820371046357355e-10	0.0002808510406859	2.1981876736909296	0.0061260948591266	-2.5311601220010024e-06	0	0	0	0	0	0	0.2098359012069659	0.0263855244319735	0.0015451931004345	0.5891461720423038	0.0288576376286612	0.0023154248712063	0.0781040895547566	0.0002243503867746	0.0002163905984633	0.0633693161784596	0	-296.4877115571781	-1.5710320221221237	-5.011560708737396	1679.6800506556497	-2.736116104707948e-05	2174.207373078797	563.1626081400051	-1	0	0	-1	0	0	-1	0	0	-1	0	0	12045	3.865931893308993	0.7671317849941387	1	17.065179175759397	210306956	151.79814355184558	-0.7507248024962223	-0.5390414867796238	1	3691.502463321032	24.82210904624852	0.4299274351226336	0.440509237498375	0.4471768557557052	0.4497400299549358	0.4466217834373835	0.3924605855066331	0	0.0040855735202076	-5978953.083871303	-7259203.760351969	-6055366.116591227	-0.09841158153088081	-1.331719004353727	-2.532685839621262	0	0	-4.447546283742883	1.464426396041786	0	0	0	-0	0	-0	-0	-0	-1.387646883377161e-07	success	non_bfb	success	176.4862953615486	142	9.549644983210401e-09	174.7274318571448	0	0	4.835313184629159e-09	-3883.792761773826	-3883.792761773826	-3883.792761773826	3996.129814678525	20200364.50542075	20200364.50542075	13645309.69211853	20269585.04769655	20300244.18226178	20118.6197253724	20118.6197253724	20118.6197253724	27998.54230182475	20236717.1831181	20236717.1831181	13681162.62489076	20305937.72539292	20336596.8599487	0	0	0	1.314972720785986e-07	1.314972720785986e-07	0.005621919085984943	0.005621919085984943	1.589877390679044	1.589877390679044	0.005035896147868014	0.005035896147868014	0.005035896147868014	0.005035896147868014	0.005035896147868014	0.005035896147868014	1.148234680675386	1.148234680675386	12.19009165137523	12.19009165137523	14984.93847499976	14984.93847499976	0	3254.069299477047	3254.069299477047	4187.437484197133	5659.693970004931	20447.84614818698	20447.84614818698	20653.22980386015	0.29976657238869	-1.570645098177398	0.299765174958773	4.465738665679168e-05	-0.000144484644519299	-0.9999999885649526	0.9999999990018871	1.400656057231897e-06	4.465718474958372e-05	1.394203763751552e-06	-0.9999999895611128	0.0001444847069247261	0.3004454441522894	-1.570642612032075	0.3004248229363492	4.549122698715991e-05	-0.0001468290716836512	-0.9999999881858859	0.9999999987527257	2.062455549300141e-05	4.548819918348546e-05	2.061787625928189e-05	-0.9999999890079255	0.0001468300097368507	0.048828125	0.78125	0.390625	6334.619140624999	20148760.83984375	20148761.1328125	13700308.04847231	20217702.8455057	20248233.14899073	678.001
1	125.09	3691.502463321032	4513.56126887456	4520.300489052716	4498.308688780068	6.18075050722311e-05	-0.0001991005609511	-0.9999999782693996	0.9999999980889872	1.3756812231591198e-06	6.180723239868069e-05	1.3633753389030725e-06	-0.9999999801785372	0.0001991006455976	0.2581069881028696	4.536191850067056	2.287236645505852	5.538875356525736	-1.0042363171067217	12.099991847187358	-1.2041500964627423	-6.277438717525325	1.6931808750688164	5.50347492821874	-7823.75405	20165450.209195983	13663691.000094296	246.21965079413735	-1.2697951155548	-1.5705878532929405	0.3009998417140569	0	4.34499995216127e-10	0	4.3820371046357355e-10	0.0002808510406859	2.1981876736909296	0.0061260948591266	-2.5311601220010024e-06	0	0	0	0	0	0	0.2098359012069659	0.0263855244319735	0.0015451931004345	0.5891461720423038	0.0288576376286612	0.0023154248712063	0.0781040895547566	0.0002243503867746	0.0002163905984633	0.0633693161784596	0	-296.4877115571781	-1.5710320221221237	-5.011560708737396	1679.6800506556497	-2.736116104707948e-05	2174.207373078797	563.1626081400051	-1	0	0	-1	0	0	-1	0	0	-1	0	0	12045	3.865931893308993	0.7671317849941387	1	17.065179175759397	210306956	151.79814355184558	-0.7507248024962223	-0.5390414867796238	1	3691.502463321032	24.82210904624852	0.4299274351226336	0.440509237498375	0.4471768557557052	0.4497400299549358	0.4466217834373835	0.3924605855066331	0	0.0040855735202076	-5978953.083871303	-7259203.760351969	-6055366.116591227	-0.09841158153088081	-1.331719004353727	-2.532685839621262	0	0	-4.447546283742883	1.464426396041786	0	0	0	-0	0	-0	-0	-0	-1.387646883377161e-07	success	non_bfb	success	176.4862953615486	143	8.773464570125232e-09	172.8426729410679	0	0	-5.186884929530403e-09	-3968.333880133639	-3968.333880133639	-3968.333880133639	3742.506459599086	20199615.33723516	20199615.33723516	13645704.1061583	20267350.59028878	20297351.86121271	20373.33111439389	20373.33111439389	20373.33111439389	28084.17145412662	20236481.82732806	20236481.82732806	13682063.7878809	20304217.08038068	20334218.35129525	0	0	0	1.286756894209186e-07	1.286756894209186e-07	0.005501287614737285	0.005501287614737285	1.555762839080619	1.555762839080619	0.004927839174425946	0.004927839174425946	0.004927839174425946	0.004927839174425946	0.004927839174425946	0.004927839174425946	1.12359661016086	1.12359661016086	11.92852461918242	11.92852461918242	14663.4014434012	14663.4014434012	0	3184.245603843231	3184.245603843231	4097.586183111074	5719.586382120078	20621.04102039101	20621.04102039101	20816.20993476504	0.2997391865922838	-1.570646656968849	0.2997377885414287	4.419316385271925e-05	-0.0001429965760391984	-0.9999999887994716	0.999999999022509	1.401210594669762e-06	4.419296393618974e-05	1.394891136447565e-06	-0.9999999897750079	0.00014299663782335	0.2999254326452857	-1.570644317502607	0.2999207382967369	4.491098852287337e-05	-0.0001452233721538341	-0.9999999884465876	0.9999999989804983	4.697609585402841e-06	4.491030679325096e-05	4.691087504932443e-06	-0.9999999894440524	0.0001452235829800688	0.3417968749999999	0.6347656249999999	0.09765624999999999	6178.613281249999	20146887.59765625	20146887.15820312	13701898.67701302	20214346.10688492	20244217.91141455	679.708
1	125.09	3691.502463321032	4513.56126887456	4520.300489052716	4498.308688780068	6.18075050722311e-05	-0.0001991005609511	-0.9999999782693996	0.9999999980889872	1.3756812231591198e-06	6.180723239868069e-05	1.3633753389030725e-06	-0.9999999801785372	0.0001991006455976	0.2581069881028696	4.536191850067056	2.287236645505852	5.538875356525736	-1.0042363171067217	12.099991847187358	-1.2041500964627423	-6.277438717525325	1.6931808750688164	5.50347492821874	-7823.75405	20165450.209195983	13663691.000094296	246.21965079413735	-1.2697951155548	-1.5705878532929405	0.3009998417140569	0	4.34499995216127e-10	0	4.3820371046357355e-10	0.0002808510406859	2.1981876736909296	0.0061260948591266	-2.5311601220010024e-06	0	0	0	0	0	0	0.2098359012069659	0.0263855244319735	0.0015451931004345	0.5891461720423038	0.0288576376286612	0.0023154248712063	0.0781040895547566	0.0002243503867746	0.0002163905984633	0.0633693161784596	0	-296.4877115571781	-1.5710320221221237	-5.011560708737396	1679.6800506556497	-2.736116104707948e-05	2174.207373078797	563.1626081400051	-1	0	0	-1	0	0	-1	0	0	-1	0	0	12045	3.865931893308993	0.7671317849941387	1	17.065179175759397	210306956	151.79814355184558	-0.7507248024962223	-0.5390414867796238	1	3691.502463321032	24.82210904624852	0.4299274351226336	0.440509237498375	0.4471768557557052	0.4497400299549358	0.4466217834373835	0.3924605855066331	0	0.0040855735202076	-5978953.083871303	-7259203.760351969	-6055366.116591227	-0.09841158153088081	-1.331719004353727	-2.532685839621262	0	0	-4.447546283742883	1.464426396041786	0	0	0	-0	0	-0	-0	-0	-1.387646883377161e-07	success	non_bfb	success	176.4862953615486	144	2.459480040058147e-09	170.9112337738217	0	0	6.877618047901011e-09	-4054.017625913943	-4054.017625913943	-4054.017625913943	3485.455222258176	20198856.04356119	20198856.04356119	13646103.85095989	20265085.93275622	20294420.44858724	20629.28059534494	20629.28059534494	20629.28059534494	28168.75344351706	20236239.95175066	20236239.95175066	13682973.83776584	20302469.84094471	20331804.35676642	0	0	0	1.258159712644849e-07	1.258159712644849e-07	0.005379025731809537	0.005379025731809537	1.521187207443861	1.521187207443861	0.004818321741704113	0.004818321741704113	0.004818321741704113	0.004818321741704113	0.004818321741704113	0.004818321741704113	1.098625540325955	1.098625540325955	11.66342234083864	11.66342234083864	14337.5186326583	14337.5186326583	0	3113.478196193546	3113.478196193546	4006.52048408021	5779.47850915684	20794.99757403768	20794.99757403768	20980.1705060955	0.2997114124298706	-1.570648256743693	0.2997100137490641	4.37168675080403e-05	-0.0001414693449999654	-0.99999998903763	0.9999999990434441	1.401773084978594e-06	4.37166696375408e-05	1.395588500992636e-06	-0.9999999899922297	0.0001414694061457703	0.2995548415513523	-1.570645797670233	0.2995634459666993	4.442037703226466e-05	-0.0001438257521794533	-0.9999999886704913	0.9999999989763695	-8.601220939070254e-06	4.442161456713958e-05	-8.607609813750793e-06	-0.9999999896200858	0.0001438253699628628	-0.1953125	0.244140625	0.244140625	6021.386718749998	20144988.671875	20144988.96484375	13703511.76600635	20210942.7862756	20240148.81685865	680.1900000000001
1	125.09	3691.502463321032	4513.56126887456	4520.300489052716	4498.308688780068	6.18075050722311e-05	-0.0001991005609511	-0.9999999782693996	0.9999999980889872	1.3756812231591198e-06	6.180723239868069e-05	1.3633753389030725e-06	-0.9999999801785372	0.0001991006455976	0.2581069881028696	4.536191850067056	2.287236645505852	5.538875356525736	-1.0042363171067217	12.099991847187358	-1.2041500964627423	-6.277438717525325	1.6931808750688164	5.50347492821874	-7823.75405	20165450.209195983	13663691.000094296	246.21965079413735	-1.2697951155548	-1.5705878532929405	0.3009998417140569	0	4.34499995216127e-10	0	4.3820371046357355e-10	0.0002808510406859	2.1981876736909296	0.0061260948591266	-2.5311601220010024e-06	0	0	0	0	0	0	0.2098359012069659	0.0263855244319735	0.0015451931004345	0.5891461720423038	0.0288576376286612	0.0023154248712063	0.0781040895547566	0.0002243503867746	0.0002163905984633	0.0633693161784596	0	-296.4877115571781	-1.5710320221221237	-5.011560708737396	1679.6800506556497	-2.736116104707948e-05	2174.207373078797	563.1626081400051	-1	0	0	-1	0	0	-1	0	0	-1	0	0	12045	3.865931893308993	0.7671317849941387	1	17.065179175759397	210306956	151.79814355184558	-0.7507248024962223	-0.5390414867796238	1	3691.502463321032	24.82210904624852	0.4299274351226336	0.440509237498375	0.4471768557557052	0.4497400299549358	0.4466217834373835	0.3924605855066331	0	0.0040855735202076	-5978953.083871303	-7259203.760351969	-6055366.116591227	-0.09841158153088081	-1.331719004353727	-2.532685839621262	0	0	-4.447546283742883	1.464426396041786	0	0	0	-0	0	-0	-0	-0	-1.387646883377161e-07	success	non_bfb	success	176.4862953615486	145	6.789974451338571e-09	168.931234178324	0	0	1.107008287973176e-08	-4140.856166847587	-4140.856166847587	-4140.856166847587	3224.939599457237	20198086.51657347	20198086.51657347	13646508.98329016	20262790.75350058	20291449.52810271	20886.45600049269	20886.45600049269	20886.45600049269	28252.25176679752	20235991.44856052	20235991.44856052	13683892.83131242	20300695.68548665	20329354.46007956	0	0	0	1.229177115079275e-07	1.229177115079275e-07	0.005255116075099751	0.005255116075099751	1.486145585770436	1.486145585770436	0.004707328297407836	0.004707328297407836	0.004707328297407836	0.004707328297407836	0.004707328297407836	0.004707328297407836	1.073317925091961	1.073317925091961	11.3947471698373	11.3947471698373	14007.24376497419	14007.24376497419	0	3041.757027026735	3041.757027026735	3914.227455094068	5839.364420882656	20969.70575962574	20969.70575962574	21145.10451607358	0.2996832362981275	-1.570649899209134	0.2996818369783067	4.322799676586761e-05	-0.0001399013149215729	-0.9999999892794811	0.9999999990646952	1.402343626974297e-06	4.322780099914186e-05	1.396295985739497e-06	-0.9999999902128277	0.0001399013754112283	0.2993464517511712	-1.57064741167673	0.2993724071216395	4.391444053503113e-05	-0.0001422927764615746	-0.9999999889121438	0.9999999986988393	-2.595224574569001e-05	4.391813378196163e-05	-2.595849469112808e-05	-0.9999999895396232	0.0001422916365982988	-0.3906249999999999	0.8789062499999998	0.09765624999999999	5862.939453124999	20143065.8203125	20143065.91796875	13705145.85132188	20207494.05548916	20236024.93693895	682.042
1	125.09	3691.502463321032	4513.56126887456	4520.300489052716	4498.308688780068	6.18075050722311e-05	-0.0001991005609511	-0.9999999782693996	0.9999999980889872	1.3756812231591198e-06	6.180723239868069e-05	1.3633753389030725e-06	-0.9999999801785372	0.0001991006455976	0.2581069881028696	4.536191850067056	2.287236645505852	5.538875356525736	-1.0042363171067217	12.099991847187358	-1.2041500964627423	-6.277438717525325	1.6931808750688164	5.50347492821874	-7823.75405	20165450.209195983	13663691.000094296	246.21965079413735	-1.2697951155548	-1.5705878532929405	0.3009998417140569	0	4.34499995216127e-10	0	4.3820371046357355e-10	0.0002808510406859	2.1981876736909296	0.0061260948591266	-2.5311601220010024e-06	0	0	0	0	0	0	0.2098359012069659	0.0263855244319735	0.0015451931004345	0.5891461720423038	0.0288576376286612	0.0023154248712063	0.0781040895547566	0.0002243503867746	0.0002163905984633	0.0633693161784596	0	-296.4877115571781	-1.5710320221221237	-5.011560708737396	1679.6800506556497	-2.736116104707948e-05	2174.207373078797	563.1626081400051	-1	0	0	-1	0	0	-1	0	0	-1	0	0	12045	3.865931893308993	0.7671317849941387	1	17.065179175759397	210306956	151.79814355184558	-0.7507248024962223	-0.5390414867796238	1	3691.502463321032	24.82210904624852	0.4299274351226336	0.440509237498375	0.4471768557557052	0.4497400299549358	0.4466217834373835	0.3924605855066331	0	0.0040855735202076	-5978953.083871303	-7259203.760351969	-6055366.116591227	-0.09841158153088081	-1.331719004353727	-2.532685839621262	0	0	-4.447546283742883	1.464426396041786	0	0	0	-0	0	-0	-0	-0	-1.387646883377161e-07	success	non_bfb	success	176.4862953615486	146	8.876846716304117e-09	166.9006044120423	0	0	1.626568962802069e-09	-4228.864213622771	-4228.864213622771	-4228.864213622771	2960.915459131686	20197306.62591199	20197306.62591199	13646919.57177979	20260464.66371213	20288438.59647688	21144.84261914895	21144.84261914895	21144.84261914895	28334.6222919034	20235736.18739765	20235736.18739765	13684820.83715135	20298894.22519683	20326868.15795243	0	0	0	1.199804191780548e-07	1.199804191780548e-07	0.005129537653970538	0.005129537653970538	1.450632037913045	1.450632037913045	0.004594840038941704	0.004594840038941704	0.004594840038941704	0.004594840038941704	0.004594840038941704	0.004594840038941704	1.047669477279098	1.047669477279098	11.12245359186385	11.12245359186385	13672.52089087591	13672.52089087591	0	2969.069946579049	2969.069946579049	3820.691461459142	5899.237758989435	21145.15342739143	21145.15342739143	21311.0026883139	0.2996546600342689	-1.570651586248018	0.29965326006621	4.272600142212098e-05	-0.000138290688919727	-0.9999999895250871	0.9999999990862686	1.402922336793008e-06	4.272580781953216e-05	1.397013740699504e-06	-0.9999999904368585	0.0001382907487346282	0.3001159257698069	-1.570649138731012	0.3001039743992281	4.351334741508305e-05	-0.000140609086327405	-0.9999999891678369	0.9999999989819132	1.19544294869328e-05	4.351166694070187e-05	1.194831122170735e-05	-0.9999999900430885	0.0001406096063617181	-0.5371093749999999	-0.1953125	0.2441406249999999	5702.978515624999	20141115.91796875	20141116.65039062	13706802.39775454	20203999.62167288	20231846.32041632	682.8200000000001
1	125.09	3691.502463321032	4513.56126887456	4520.300489052716	4498.308688780068	6.18075050722311e-05	-0.0001991005609511	-0.9999999782693996	0.9999999980889872	1.3756812231591198e-06	6.180723239868069e-05	1.3633753389030725e-06	-0.9999999801785372	0.0001991006455976	0.2581069881028696	4.536191850067056	2.287236645505852	5.538875356525736	-1.0042363171067217	12.099991847187358	-1.2041500964627423	-6.277438717525325	1.6931808750688164	5.50347492821874	-7823.75405	20165450.209195983	13663691.000094296	246.21965079413735	-1.2697951155548	-1.5705878532929405	0.3009998417140569	0	4.34499995216127e-10	0	4.3820371046357355e-10	0.0002808510406859	2.1981876736909296	0.0061260948591266	-2.5311601220010024e-06	0	0	0	0	0	0	0.2098359012069659	0.0263855244319735	0.0015451931004345	0.5891461720423038	0.0288576376286612	0.0023154248712063	0.0781040895547566	0.0002243503867746	0.0002163905984633	0.0633693161784596	0	-296.4877115571781	-1.5710320221221237	-5.011560708737396	1679.6800506556497	-2.736116104707948e-05	2174.207373078797	563.1626081400051	-1	0	0	-1	0	0	-1	0	0	-1	0	0	12045	3.865931893308993	0.7671317849941387	1	17.065179175759397	210306956	151.79814355184558	-0.7507248024962223	-0.5390414867796238	1	3691.502463321032	24.82210904624852	0.4299274351226336	0.440509237498375	0.4471768557557052	0.4497400299549358	0.4466217834373835	0.3924605855066331	0	0.0040855735202076	-5978953.083871303	-7259203.760351969	-6055366.116591227	-0.09841158153088081	-1.331719004353727	-2.532685839621262	0	0	-4.447546283742883	1.464426396041786	0	0	0	-0	0	-0	-0	-0	-1.387646883377161e-07	success	non_bfb	success	176.4862953615486	147	9.691077200867369e-09	164.8171512141783	0	0	3.647794301336478e-11	-4318.055460365467	-4318.055460365467	-4318.055460365467	2693.341718903597	20196516.25022512	20196516.25022512	13647335.68031683	20258107.30144936	20285387.18520613	21404.42675718773	21404.42675718773	21404.42675718773	28415.8239364568	20235474.04691041	20235474.04691041	13685757.91917067	20297065.0981337	20324344.98188141	0	0	0	1.170036372297138e-07	1.170036372297138e-07	0.005002270928314127	0.005002270928314127	1.414641037933822	1.414641037933822	0.004480839463038252	0.004480839463038252	0.004480839463038252	0.004480839463038252	0.004480839463038252	0.004480839463038252	1.021676205967352	1.021676205967352	10.84649923780892	10.84649923780892	13333.2979272032	13333.2979272032	0	2895.405644679737	2895.405644679737	3725.897948896282	5959.092254050514	21321.32926716401	21321.32926716401	21477.85673796393	0.2996256737493087	-1.570653319851609	0.299624273123678	4.221029796508749e-05	-0.000136635560931602	-0.9999999897745071	0.9999999991081686	1.403509324496858e-06	4.221010658977779e-05	1.397741908554407e-06	-0.9999999906643767	0.0001366356200522929	0.2998183960040778	-1.570650712129885	0.2998205590609528	4.30068119232109e-05	-0.0001391188148962244	-0.9999999893981847	0.999999999072861	-2.160065341012842e-06	4.300711284501921e-05	-2.166048416683335e-06	-0.9999999903206448	0.000139118721869274	-0.2929687499999999	0.3906249999999999	0.3417968749999999	5541.796874999999	20139141.40625	20139139.89257812	13708481.111821	20200458.01981983	20227610.86835916	683.918
1	125.09	3691.502463321032	4513.56126887456	4520.300489052716	4498.308688780068	6.18075050722311e-05	-0.0001991005609511	-0.9999999782693996	0.9999999980889872	1.3756812231591198e-06	6.180723239868069e-05	1.3633753389030725e-06	-0.9999999801785372	0.0001991006455976	0.2581069881028696	4.536191850067056	2.287236645505852	5.538875356525736	-1.0042363171067217	12.099991847187358	-1.2041500964627423	-6.277438717525325	1.6931808750688164	5.50347492821874	-7823.75405	20165450.209195983	13663691.000094296	246.21965079413735	-1.2697951155548	-1.5705878532929405	0.3009998417140569	0	4.34499995216127e-10	0	4.3820371046357355e-10	0.0002808510406859	2.1981876736909296	0.0061260948591266	-2.5311601220010024e-06	0	0	0	0	0	0	0.2098359012069659	0.0263855244319735	0.0015451931004345	0.5891461720423038	0.0288576376286612	0.0023154248712063	0.0781040895547566	0.0002243503867746	0.0002163905984633	0.0633693161784596	0	-296.4877115571781	-1.5710320221221237	-5.011560708737396	1679.6800506556497	-2.736116104707948e-05	2174.207373078797	563.1626081400051	-1	0	0	-1	0	0	-1	0	0	-1	0	0	12045	3.865931893308993	0.7671317849941387	1	17.065179175759397	210306956	151.79814355184558	-0.7507248024962223	-0.5390414867796238	1	3691.502463321032	24.82210904624852	0.4299274351226336	0.440509237498375	0.4471768557557052	0.4497400299549358	0.4466217834373835	0.3924605855066331	0	0.0040855735202076	-5978953.083871303	-7259203.760351969	-6055366.116591227	-0.09841158153088081	-1.331719004353727	-2.532685839621262	0	0	-4.447546283742883	1.464426396041786	0	0	0	-0	0	-0	-0	-0	-1.387646883377161e-07	success	non_bfb	success	176.4862953615486	148	4.816739477293088e-09	162.6784868043381	0	0	-6.434875694464148e-09	-4408.444949011418	-4408.444949011418	-4408.444949011418	2422.173252965746	20195715.25621748	20195715.25621748	13647757.37907734	20255718.26914754	20282294.77967556	21665.19337267332	21665.19337267332	21665.19337267332	28495.81157465047	20235204.89380342	20235204.89380342	13686704.14754644	20295207.90673254	20321784.41725162	0	0	0	1.139868636342369e-07	1.139868636342369e-07	0.004873294434836989	0.004873294434836989	1.378166516018421	1.378166516018421	0.004365307343715112	0.004365307343715112	0.004365307343715112	0.004365307343715112	0.004365307343715112	0.004365307343715112	0.9953337274404829	0.9953337274404829	10.56683756849055	10.56683756849055	12989.51766464228	12989.51766464228	0	2820.751697983059	2820.751697983059	3629.830930658176	6018.921365693413	21498.22085559773	21498.22085559773	21645.6572186489	0.2995962765804812	-1.570655102189879	0.2995948752877963	4.168025175004322e-05	-0.000134933858290875	-0.9999999900278055	0.9999999991304006	1.404104709648136e-06	4.168006266817674e-05	1.398480643976508e-06	-0.9999999908954412	0.0001349339166969744	0.2995368552299938	-1.570652552418408	0.2995021957544042	4.242461446640755e-05	-0.0001373725710249046	-0.9999999896644644	0.9999999984995374	3.466238947806146e-05	4.24198531796538e-05	3.465656179551332e-05	-0.9999999899636478	0.0001373740413572921	0.09765624999999999	0.9765624999999999	0.4882812499999999	5379.8828125	20137139.453125	20137138.62304687	13710182.28728905	20196869.15226828	20223320.43544266	685
1	125.09	3691.502463321032	4513.56126887456	4520.300489052716	4498.308688780068	6.18075050722311e-05	-0.0001991005609511	-0.9999999782693996	0.9999999980889872	1.3756812231591198e-06	6.180723239868069e-05	1.3633753389030725e-06	-0.9999999801785372	0.0001991006455976	0.2581069881028696	4.536191850067056	2.287236645505852	5.538875356525736	-1.0042363171067217	12.099991847187358	-1.2041500964627423	-6.277438717525325	1.6931808750688164	5.50347492821874	-7823.75405	20165450.209195983	13663691.000094296	246.21965079413735	-1.2697951155548	-1.5705878532929405	0.3009998417140569	0	4.34499995216127e-10	0	4.3820371046357355e-10	0.0002808510406859	2.1981876736909296	0.0061260948591266	-2.5311601220010024e-06	0	0	0	0	0	0	0.2098359012069659	0.0263855244319735	0.0015451931004345	0.5891461720423038	0.0288576376286612	0.0023154248712063	0.0781040895547566	0.0002243503867746	0.0002163905984633	0.0633693161784596	0	-296.4877115571781	-1.5710320221221237	-5.011560708737396	1679.6800506556497	-2.736116104707948e-05	2174.207373078797	563.1626081400051	-1	0	0	-1	0	0	-1	0	0	-1	0	0	12045	3.865931893308993	0.7671317849941387	1	17.065179175759397	210306956	151.79814355184558	-0.7507248024962223	-0.5390414867796238	1	3691.502463321032	24.82210904624852	0.4299274351226336	0.440509237498375	0.4471768557557052	0.4497400299549358	0.4466217834373835	0.3924605855066331	0	0.0040855735202076	-5978953.083871303	-7259203.760351969	-6055366.116591227	-0.09841158153088081	-1.331719004353727	-2.532685839621262	0	0	-4.447546283742883	1.464426396041786	0	0	0	-0	0	-0	-0	-0	-1.387646883377161e-07	success	non_bfb	success	176.4862953615486	149	1.221847845467053e-08	160.4820212985939	0	0	-1.297827834649e-08	-4500.048526916513	-4500.048526916513	-4500.048526916513	2147.362519250462	20194903.50345641	20194903.50345641	13648184.74199498	20253297.14795435	20279160.83771525	21927.12661824979	21927.12661824979	21927.12661824979	28574.53766441676	20234928.58764402	20234928.58764402	13687659.5962123	20293322.23214104	20319185.92189309	0	0	0	1.109295694818412e-07	1.109295694818412e-07	0.004742585560993962	0.004742585560993962	1.341202077344409	1.341202077344409	0.004248223425535074	0.004248223425535074	0.004248223425535074	0.004248223425535074	0.004248223425535074	0.004248223425535074	0.9686374232562522	0.9686374232562522	10.28341955278722	10.28341955278722	12641.1198306078	12641.1198306078	0	2745.095017935467	2745.095017935467	3532.473563987432	6078.718350927637	21675.81510413906	21675.81510413906	21814.39403060186	0.2995664537878953	-1.570656935608557	0.299565051818504	4.113517478128784e-05	-0.000133183334327165	-0.9999999902850486	0.9999999991529699	1.404708617791389e-06	4.113498806229167e-05	1.399230109277069e-06	-0.9999999911301131	0.0001331833919972892	0.30005172170638	-1.570654406137599	0.300065464102643	4.194743429863923e-05	-0.0001355798125365622	-0.9999999899292635	0.9999999990257405	-1.373955274354465e-05	4.194929748618792e-05	-1.374524008306646e-05	-0.9999999907146696	0.0001355792360652644	-0.341796875	0.1953125	0.1953125	5216.210937499999	20135108.984375	20135109.27734375	13711906.11898342	20193233.40983709	20218970.62742947	686.949
1	125.09	3691.502463321032	4513.56126887456	4520.300489052716	4498.308688780068	6.18075050722311e-05	-0.0001991005609511	-0.9999999782693996	0.9999999980889872	1.3756812231591198e-06	6.180723239868069e-05	1.3633753389030725e-06	-0.9999999801785372	0.0001991006455976	0.2581069881028696	4.536191850067056	2.287236645505852	5.538875356525736	-1.0042363171067217	12.099991847187358	-1.2041500964627423	-6.277438717525325	1.6931808750688164	5.50347492821874	-7823.75405	20165450.209195983	13663691.000094296	246.21965079413735	-1.2697951155548	-1.5705878532929405	0.3009998417140569	0	4.34499995216127e-10	0	4.3820371046357355e-10	0.0002808510406859	2.1981876736909296	0.0061260948591266	-2.5311601220010024e-06	0	0	0	0	0	0	0.2098359012069659	0.0263855244319735	0.0015451931004345	0.5891461720423038	0.0288576376286612	0.0023154248712063	0.0781040895547566	0.0002243503867746	0.0002163905984633	0.0633693161784596	0	-296.4877115571781	-1.5710320221221237	-5.011560708737396	1679.6800506556497	-2.736116104707948e-05	2174.207373078797	563.1626081400051	-1	0	0	-1	0	0	-1	0	0	-1	0	0	12045	3.865931893308993	0.7671317849941387	1	17.065179175759397	210306956	151.79814355184558	-0.7507248024962223	-0.5390414867796238	1	3691.502463321032	24.82210904624852	0.4299274351226336	0.440509237498375	0.4471768557557052	0.4497400299549358	0.4466217834373835	0.3924605855066331	0	0.0040855735202076	-5978953.083871303	-7259203.760351969	-6055366.116591227	-0.09841158153088081	-1.331719004353727	-2.532685839621262	0	0	-4.447546283742883	1.464426396041786	0	0	0	-0	0	-0	-0	-0	-1.387646883377161e-07	success	non_bfb	success	176.4862953615486	150	7.495068146691418e-09	158.2248963832616	0	0	1.692357949946462e-09	-4592.884619340122	-4592.884619340122	-4592.884619340122	1868.854241979632	20194080.82866493	20194080.82866493	13648617.85503019	20250843.45088243	20275984.72895999	22190.2080686578	22190.2080686578	22190.2080686578	28651.94692997755	20234644.96515524	20234644.96515524	13688624.35112872	20291407.58737183	20316548.86544066	0	0	0	1.07831139824519e-07	1.07831139824519e-07	0.004610118015837059	0.004610118015837059	1.3037402868379	1.3037402868379	0.004129564158090937	0.004129564158090937	0.004129564158090937	0.004129564158090937	0.004129564158090937	0.004129564158090937	0.9415819236863144	0.9415819236863144	9.996188183641246	9.996188183641246	12288.03434791934	12288.03434791934	0	2668.420386856772	2668.420386856772	3433.806266300346	6138.475965621334	21854.09679510779	21854.09679510779	21984.05483537098	0.299536204513164	-1.570658822699099	0.2995348018573077	4.057430886928413e-05	-0.0001313815139537744	-0.9999999905463118	0.9999999991758828	1.40532119221434e-06	4.057412458619708e-05	1.399990489013388e-06	-0.9999999913684615	0.0001313815708654368	0.2999086584848509	-1.570656212132461	0.2998838000689396	4.139448700657411e-05	-0.0001338604292345296	-0.9999999901839407	0.9999999988343466	2.486118697974816e-05	4.139115943552207e-05	2.485564609734076e-05	-0.9999999907316534	0.0001338614581944655	0.04882812499999999	-0.09765624999999999	0.3906249999999999	5051.416015624999	20133053.02734375	20133052.49023437	13713652.80210369	20189547.17904976	20214564.47197153	688.351
1	125.09	3691.502463321032	4513.56126887456	4520.300489052716	4498.308688780068	6.18075050722311e-05	-0.0001991005609511	-0.9999999782693996	0.9999999980889872	1.3756812231591198e-06	6.180723239868069e-05	1.3633753389030725e-06	-0.9999999801785372	0.0001991006455976	0.2581069881028696	4.536191850067056	2.287236645505852	5.538875356525736	-1.0042363171067217	12.099991847187358	-1.2041500964627423	-6.277438717525325	1.6931808750688164	5.50347492821874	-7823.75405	20165450.209195983	13663691.000094296	246.21965079413735	-1.2697951155548	-1.5705878532929405	0.3009998417140569	0	4.34499995216127e-10	0	4.3820371046357355e-10	0.0002808510406859	2.1981876736909296	0.0061260948591266	-2.5311601220010024e-06	0	0	0	0	0	0	0.2098359012069659	0.0263855244319735	0.0015451931004345	0.5891461720423038	0.0288576376286612	0.0023154248712063	0.0781040895547566	0.0002243503867746	0.0002163905984633	0.0633693161784596	0	-296.4877115571781	-1.5710320221221237	-5.011560708737396	1679.6800506556497	-2.736116104707948e-05	2174.207373078797	563.1626081400051	-1	0	0	-1	0	0	-1	0	0	-1	0	0	12045	3.865931893308993	0.7671317849941387	1	17.065179175759397	210306956	151.79814355184558	-0.7507248024962223	-0.5390414867796238	1	3691.502463321032	24.82210904624852	0.4299274351226336	0.440509237498375	0.4471768557557052	0.4497400299549358	0.4466217834373835	0.3924605855066331	0	0.0040855735202076	-5978953.083871303	-7259203.760351969	-6055366.116591227	-0.09841158153088081	-1.331719004353727	-2.532685839621262	0	0	-4.447546283742883	1.464426396041786	0	0	0	-0	0	-0	-0	-0	-1.387646883377161e-07	success	non_bfb	success	176.4862953615486	151	8.176765160560534e-09	155.9041460366255	0	0	7.791629971521732e-09	-4686.966563157419	-4686.966563157419	-4686.966563157419	1586.608410527742	20193247.11365721	20193247.11365721	13649056.78040437	20248356.82543254	20272765.99712841	22454.42438702216	22454.42438702216	22454.42438702216	28727.99936070732	20234353.90815123	20234353.90815123	13689598.47451706	20289463.61992564	20313872.79161295	0	0	0	1.046911295404595e-07	1.046911295404595e-07	0.004475872769018618	0.004475872769018618	1.265775762721065	1.265775762721065	0.004009312494738486	0.004009312494738486	0.004009312494738486	0.004009312494738486	0.004009312494738486	0.004009312494738486	0.9141633419253222	0.9141633419253222	9.705102197263772	9.705102197263772	11930.21049215621	11930.21049215621	0	2590.716789634673	2590.716789634673	3333.814863008145	6198.187691422499	22033.05491339162	22033.05491339162	22154.63197671951	0.2995055147601298	-1.570660766152543	0.2995041114078936	3.999686517739721e-05	-0.0001295258203924987	-0.9999999908116561	0.9999999991991443	1.405942543270903e-06	3.999668340700681e-05	1.400761927121348e-06	-0.9999999916105425	0.0001295258765220616	0.2991521079177378	-1.57065815592245	0.2991265463929339	4.072034848467965e-05	-0.0001320342487370183	-0.999999990454405	0.9999999988442995	2.556421289870897e-05	4.071697347463044e-05	2.555883661967977e-05	-0.9999999909567141	0.0001320352895678616	0.146484375	0.2441406249999999	0.04882812499999999	4885.107421874999	20130969.53125	20130968.75	13715423.41120544	20185812.12008798	20210098.25776907	688.956
1	125.09	3691.502463321032	4513.56126887456	4520.300489052716	4498.308688780068	6.18075050722311e-05	-0.0001991005609511	-0.9999999782693996	0.9999999980889872	1.3756812231591198e-06	6.180723239868069e-05	1.3633753389030725e-06	-0.9999999801785372	0.0001991006455976	0.2581069881028696	4.536191850067056	2.287236645505852	5.538875356525736	-1.0042363171067217	12.099991847187358	-1.2041500964627423	-6.277438717525325	1.6931808750688164	5.50347492821874	-7823.75405	20165450.209195983	13663691.000094296	246.21965079413735	-1.2697951155548	-1.5705878532929405	0.3009998417140569	0	4.34499995216127e-10	0	4.3820371046357355e-10	0.0002808510406859	2.1981876736909296	0.0061260948591266	-2.5311601220010024e-06	0	0	0	0	0	0	0.2098359012069659	0.0263855244319735	0.0015451931004345	0.5891461720423038	0.0288576376286612	0.0023154248712063	0.0781040895547566	0.0002243503867746	0.0002163905984633	0.0633693161784596	0	-296.4877115571781	-1.5710320221221237	-5.011560708737396	1679.6800506556497	-2.736116104707948e-05	2174.207373078797	563.1626081400051	-1	0	0	-1	0	0	-1	0	0	-1	0	0	12045	3.865931893308993	0.7671317849941387	1	17.065179175759397	210306956	151.79814355184558	-0.7507248024962223	-0.5390414867796238	1	3691.502463321032	24.82210904624852	0.4299274351226336	0.440509237498375	0.4471768557557052	0.4497400299549358	0.4466217834373835	0.3924605855066331	0	0.0040855735202076	-5978953.083871303	-7259203.760351969	-6055366.116591227	-0.09841158153088081	-1.331719004353727	-2.532685839621262	0	0	-4.447546283742883	1.464426396041786	0	0	0	-0	0	-0	-0	-0	-1.387646883377161e-07	success	non_bfb	success	176.4862953615486	152	9.311501323849719e-09	153.5162705209198	0	0	-5.220549999919721e-09	-4782.318696976825	-4782.318696976825	-4782.318696976825	1300.552009069523	20192402.14275463	20192402.14275463	13649501.63166585	20245836.62832494	20269503.80954781	22719.75123473446	22719.75123473446	22719.75123473446	28802.62194078081	20234055.20095339	20234055.20095339	13690582.07992568	20287489.6865228	20311156.86773724	0	0	0	1.015087263220334e-07	1.015087263220334e-07	0.00433981509185041	0.00433981509185041	1.227298683729072	1.227298683729072	0.003887437326871461	0.003887437326871461	0.003887437326871461	0.003887437326871461	0.003887437326871461	0.003887437326871461	0.8863745848999619	0.8863745848999619	9.410086290918136	9.410086290918136	11567.55569577189	11567.55569577189	0	2511.964124671041	2511.964124671041	3232.47348674977	6257.845111634329	22212.66935739244	22212.66935739244	22326.10800398314	0.2994743944823418	-1.570662769136742	0.2994729904235965	3.940191781422707e-05	-0.0001276132328671523	-0.999999991081176	0.9999999992227623	1.406572854912116e-06	3.94017386377149e-05	1.401544659118995e-06	-0.9999999918564423	0.0001276132881896346	0.2993755824272464	-1.570660185512873	0.2993948838894407	4.01512796015524e-05	-0.0001300858316720356	-0.9999999907327757	0.9999999990076137	-1.929885044437578e-05	4.015379044081113e-05	-1.930407370475329e-05	-0.9999999913526155	0.0001300850566694003	-0.04882812499999999	0.4394531249999999	0.2929687499999999	4717.382812499999	20128858.0078125	20128857.08007812	13717218.23915489	20182027.74478831	20205572.7660568	690.751
1	125.09	3691.502463321032	4513.56126887456	4520.300489052716	4498.308688780068	6.18075050722311e-05	-0.0001991005609511	-0.9999999782693996	0.9999999980889872	1.3756812231591198e-06	6.180723239868069e-05	1.3633753389030725e-06	-0.9999999801785372	0.0001991006455976	0.2581069881028696	4.536191850067056	2.287236645505852	5.538875356525736	-1.0042363171067217	12.099991847187358	-1.2041500964627423	-6.277438717525325	1.6931808750688164	5.50347492821874	-7823.75405	20165450.209195983	13663691.000094296	246.21965079413735	-1.2697951155548	-1.5705878532929405	0.3009998417140569	0	4.34499995216127e-10	0	4.3820371046357355e-10	0.0002808510406859	2.1981876736909296	0.0061260948591266	-2.5311601220010024e-06	0	0	0	0	0	0	0.2098359012069659	0.0263855244319735	0.0015451931004345	0.5891461720423038	0.0288576376286612	0.0023154248712063	0.0781040895547566	0.0002243503867746	0.0002163905984633	0.0633693161784596	0	-296.4877115571781	-1.5710320221221237	-5.011560708737396	1679.6800506556497	-2.736116104707948e-05	2174.207373078797	563.1626081400051	-1	0	0	-1	0	0	-1	0	0	-1	0	0	12045	3.865931893308993	0.7671317849941387	1	17.065179175759397	210306956	151.79814355184558	-0.7507248024962223	-0.5390414867796238	1	3691.502463321032	24.82210904624852	0.4299274351226336	0.440509237498375	0.4471768557557052	0.4497400299549358	0.4466217834373835	0.3924605855066331	0	0.0040855735202076	-5978953.083871303	-7259203.760351969	-6055366.116591227	-0.09841158153088081	-1.331719004353727	-2.532685839621262	0	0	-4.447546283742883	1.464426396041786	0	0	0	-0	0	-0	-0	-0	-1.387646883377161e-07	success	non_bfb	success	176.4862953615486	153	8.115165845142604e-09	151.0575761374357	0	0	-9.631743208244703e-09	-4878.960923002964	-4878.960923002964	-4878.960923002964	1010.625330991106	20191545.73959215	20191545.73959215	13649952.50166556	20243282.333536	20266197.48532371	22986.16870959007	22986.16870959007	22986.16870959007	28875.75496358414	20233748.66719666	20233748.66719666	13691575.26020552	20285485.26113963	20308400.41291907	0	0	0	9.828326592778621e-08	9.828326592778621e-08	0.00420191658593564	0.00420191658593564	1.188301018802006	1.188301018802006	0.003763913216312107	0.003763913216312107	0.003763913216312107	0.003763913216312107	0.003763913216312107	0.003763913216312107	0.8582098524513238	0.8582098524513238	9.111078887933742	9.111078887933742	11199.99426428872	11199.99426428872	0	2432.14595445588	2432.14595445588	3129.760985226614	6317.440387720952	22392.92368960024	22392.92368960024	22498.46960339919	0.2994428156064106	-1.570664834985089	0.2994414108308291	3.878848772393036e-05	-0.0001256405556651512	-0.999999991354952	0.9999999992467432	1.407212282562433e-06	3.878831122710799e-05	1.402338885421128e-06	-0.9999999921062354	0.0001256406101541479	0.299755566011739	-1.570662179592889	0.2997241358974247	3.96118819113167e-05	-0.0001281654007376863	-0.9999999910022641	0.9999999987216031	3.143265410930016e-05	3.960785363849029e-05	3.142757747004351e-05	-0.9999999912928091	0.0001281666456803121	-0.2441406249999999	0	-0.1953125	4548.291015624999	20126716.9921875	20126716.74804687	13719036.50448376	20178191.5140188	20200986.33696617	692.635
1	125.09	3691.502463321032	4513.56126887456	4520.300489052716	4498.308688780068	6.18075050722311e-05	-0.0001991005609511	-0.9999999782693996	0.9999999980889872	1.3756812231591198e-06	6.180723239868069e-05	1.3633753389030725e-06	-0.9999999801785372	0.0001991006455976	0.2581069881028696	4.536191850067056	2.287236645505852	5.538875356525736	-1.0042363171067217	12.099991847187358	-1.2041500964627423	-6.277438717525325	1.6931808750688164	5.50347492821874	-7823.75405	20165450.209195983	13663691.000094296	246.21965079413735	-1.2697951155548	-1.5705878532929405	0.3009998417140569	0	4.34499995216127e-10	0	4.3820371046357355e-10	0.0002808510406859	2.1981876736909296	0.0061260948591266	-2.5311601220010024e-06	0	0	0	0	0	0	0.2098359012069659	0.0263855244319735	0.0015451931004345	0.5891461720423038	0.0288576376286612	0.0023154248712063	0.0781040895547566	0.0002243503867746	0.0002163905984633	0.0633693161784596	0	-296.4877115571781	-1.5710320221221237	-5.011560708737396	1679.6800506556497	-2.736116104707948e-05	2174.207373078797	563.1626081400051	-1	0	0	-1	0	0	-1	0	0	-1	0	0	12045	3.865931893308993	0.7671317849941387	1	17.065179175759397	210306956	151.79814355184558	-0.7507248024962223	-0.5390414867796238	1	3691.502463321032	24.82210904624852	0.4299274351226336	0.440509237498375	0.4471768557557052	0.4497400299549358	0.4466217834373835	0.3924605855066331	0	0.0040855735202076	-5978953.083871303	-7259203.760351969	-6055366.116591227	-0.09841158153088081	-1.331719004353727	-2.532685839621262	0	0	-4.447546283742883	1.464426396041786	0	0	0	-0	0	-0	-0	-0	-1.387646883377161e-07	success	non_bfb	success	176.4862953615486	154	6.903660616303975e-09	148.5239693295472	0	0	9.494866580299862e-09	-4976.915343918046	-4976.915343918046	-4976.915343918046	716.7620682458619	20190677.70830499	20190677.70830499	13650409.4935205	20240693.35688246	20262846.26827891	23253.65470890678	23253.65470890678	23253.65470890678	28947.33212107069	20233434.11101628	20233434.11101628	13692578.11847355	20283449.75959291	20305602.67098122	0	0	0	9.501401067472985e-08	9.501401067472985e-08	0.004062145713022565	0.004062145713022565	1.148773848929721	1.148773848929721	0.003638711912322903	0.003638711912322903	0.003638711912322903	0.003638711912322903	0.003638711912322903	0.003638711912322903	0.8296627031287452	0.8296627031287452	8.808011603445314	8.808011603445314	10827.44213410584	10827.44213410584	0	2351.244024073887	2351.244024073887	3025.653867446453	6376.965171746725	22573.79965509971	22573.79965509971	22671.70163191105	0.2994107835516491	-1.570666967403644	0.2994093780487203	3.815549085361622e-05	-0.0001236042510663454	-0.999999991633074	0.9999999992710951	1.40786099715286e-06	3.815531712744388e-05	1.403144825975655e-06	-0.9999999923600035	0.000123604304693877	0.299694599924361	-1.57066449423845	0.2997108902477351	3.892071891209437e-05	-0.0001259563424334587	-0.9999999913100885	0.9999999991098613	-1.628787244394431e-05	3.892277077649497e-05	-1.629277487224853e-05	-0.9999999919348526	0.0001259557083855247	-0.2441406249999999	0.146484375	0	4378.710937499999	20124548.14453125	20124547.90039062	13720880.0632723	20174304.59961368	20196338.18867649	694.737
1	125.09	3691.502463321032	4513.56126887456	4520.300489052716	4498.308688780068	6.18075050722311e-05	-0.0001991005609511	-0.9999999782693996	0.9999999980889872	1.3756812231591198e-06	6.180723239868069e-05	1.3633753389030725e-06	-0.9999999801785372	0.0001991006455976	0.2581069881028696	4.536191850067056	2.287236645505852	5.538875356525736	-1.0042363171067217	12.099991847187358	-1.2041500964627423	-6.277438717525325	1.6931808750688164	5.50347492821874	-7823.75405	20165450.209195983	13663691.000094296	246.21965079413735	-1.2697951155548	-1.5705878532929405	0.3009998417140569	0	4.34499995216127e-10	0	4.3820371046357355e-10	0.0002808510406859	2.1981876736909296	0.0061260948591266	-2.5311601220010024e-06	0	0	0	0	0	0	0.2098359012069659	0.0263855244319735	0.0015451931004345	0.5891461720423038	0.0288576376286612	0.0023154248712063	0.0781040895547566	0.0002243503867746	0.0002163905984633	0.0633693161784596	0	-296.4877115571781	-1.5710320221221237	-5.011560708737396	1679.6800506556497	-2.736116104707948e-05	2174.207373078797	563.1626081400051	-1	0	0	-1	0	0	-1	0	0	-1	0	0	12045	3.865931893308993	0.7671317849941387	1	17.065179175759397	210306956	151.79814355184558	-0.7507248024962223	-0.5390414867796238	1	3691.502463321032	24.82210904624852	0.4299274351226336	0.440509237498375	0.4471768557557052	0.4497400299549358	0.4466217834373835	0.3924605855066331	0	0.0040855735202076	-5978953.083871303	-7259203.760351969	-6055366.116591227	-0.09841158153088081	-1.331719004353727	-2.532685839621262	0	0	-4.447546283742883	1.464426396041786	0	0	0	-0	0	-0	-0	-0	-1.387646883377161e-07	success	non_bfb	success	176.4862953615486	155	1.149581316192334e-08	145.9108266709837	0	0	-5.736925457248341e-09	-5076.209118449621	-5076.209118449621	-5076.209118449621	418.8807446511364	20189797.80822384	20189797.80822384	13650872.73393585	20238068.98054773	20259449.22925875	23522.18207395705	23522.18207395705	23522.18207395705	29017.27193705781	20233111.29174293	20233111.29174293	13693590.78143498	20281382.46406598	20302762.71276905	0	0	0	9.170005413299748e-08	9.170005413299748e-08	0.003920463720403325	0.003920463720403325	1.108706214855578	1.108706214855578	0.003511798701737539	0.003511798701737539	0.003511798701737539	0.003511798701737539	0.003511798701737539	0.003511798701737539	0.8007252219831763	0.8007252219831763	8.500800409373957	8.500800409373957	10449.79601185776	10449.79601185776	0	2269.235902750984	2269.235902750984	2920.123268792239	6436.410078036415	22755.27482311679	22755.27482311679	22845.78461057693	0.2993782803564895	-1.570669170559611	0.2993768741154797	3.750170488637898e-05	-0.000121500331666757	-0.9999999919156459	0.9999999992958257	1.408519204115554e-06	3.750153402759526e-05	1.403962743906221e-06	-0.9999999926178427	0.0001215003844030711	0.3001455182624089	-1.570666411909908	0.3001899990130796	3.841053372560799e-05	-0.0001241068402721468	-0.9999999915610613	0.9999999982729406	-4.44783671176759e-05	3.841605405308091e-05	-4.448313443740996e-05	-0.9999999913095835	0.0001241051316202084	0.04882812499999999	0.9277343749999998	1.318359375	4207.177734374999	20122349.70703125	20122349.46289062	13722748.23069419	20170364.16962678	20191626.75983527	696.476
1	125.09	3691.502463321032	4513.56126887456	4520.300489052716	4498.308688780068	6.18075050722311e-05	-0.0001991005609511	-0.9999999782693996	0.9999999980889872	1.3756812231591198e-06	6.180723239868069e-05	1.3633753389030725e-06	-0.9999999801785372	0.0001991006455976	0.2581069881028696	4.536191850067056	2.287236645505852	5.538875356525736	-1.0042363171067217	12.099991847187358	-1.2041500964627423	-6.277438717525325	1.6931808750688164	5.50347492821874	-7823.75405	20165450.209195983	13663691.000094296	246.21965079413735	-1.2697951155548	-1.5705878532929405	0.3009998417140569	0	4.34499995216127e-10	0	4.3820371046357355e-10	0.0002808510406859	2.1981876736909296	0.0061260948591266	-2.5311601220010024e-06	0	0	0	0	0	0	0.2098359012069659	0.0263855244319735	0.0015451931004345	0.5891461720423038	0.0288576376286612	0.0023154248712063	0.0781040895547566	0.0002243503867746	0.0002163905984633	0.0633693161784596	0	-296.4877115571781	-1.5710320221221237	-5.011560708737396	1679.6800506556497	-2.736116104707948e-05	2174.207373078797	563.1626081400051	-1	0	0	-1	0	0	-1	0	0	-1	0	0	12045	3.865931893308993	0.7671317849941387	1	17.065179175759397	210306956	151.79814355184558	-0.7507248024962223	-0.5390414867796238	1	3691.502463321032	24.82210904624852	0.4299274351226336	0.440509237498375	0.4471768557557052	0.4497400299549358	0.4466217834373835	0.3924605855066331	0	0.0040855735202076	-5978953.083871303	-7259203.760351969	-6055366.116591227	-0.09841158153088081	-1.331719004353727	-2.532685839621262	0	0	-4.447546283742883	1.464426396041786	0	0	0	-0	0	-0	-0	-0	-1.387646883377161e-07	success	non_bfb	success	176.4862953615486	156	8.005065191833152e-09	143.2130904993274	0	0	-9.426200289327253e-09	-5176.868269120431	-5176.868269120431	-5176.868269120431	116.9032926387053	20188905.80874791	20188905.80874791	13651342.34431604	20235408.5167455	20256005.47798039	23791.72478221812	23791.72478221812	23791.72478221812	29085.49634397725	20232779.97877583	20232779.97877583	13694613.3704942	20279282.68677261	20299879.64799972	0	0	0	8.834052779386445e-08	8.834052779386445e-08	0.003776833476617343	0.003776833476617343	1.06808761581129	1.06808761581129	0.003383140323639865	0.003383140323639865	0.003383140323639865	0.003383140323639865	0.003383140323639865	0.003383140323639865	0.7713898251931258	0.7713898251931258	8.189364793015603	8.189364793015603	10066.95692553087	10066.95692553087	0	2186.100098120582	2186.100098120582	2813.141532218841	6495.765713831154	22937.32770128488	22937.32770128488	23020.70027511051	0.299345296844984	-1.570671449017451	0.299343889854971	3.68257922583326e-05	-0.0001193244337047537	-0.9999999922027704	0.9999999993209439	1.409187102444193e-06	3.68256243700113e-05	1.404792894682662e-06	-0.9999999928798469	0.0001193244855181571	0.3000570348463457	-1.570668923105758	0.3000269840222635	3.765730623275787e-05	-0.0001217112444395883	-0.99999999188415	0.9999999988395063	3.005311537090743e-05	3.765364869254273e-05	3.004853225456079e-05	-0.9999999921415916	0.0001217123760176007	0.2929687499999999	0.6347656249999999	0.4882812499999999	4034.619140624999	20120120.703125	20120120.703125	13724643.35216766	20166369.44271008	20186851.70707537	697.119
1	125.09	3691.502463321032	4513.56126887456	4520.300489052716	4498.308688780068	6.18075050722311e-05	-0.0001991005609511	-0.9999999782693996	0.9999999980889872	1.3756812231591198e-06	6.180723239868069e-05	1.3633753389030725e-06	-0.9999999801785372	0.0001991006455976	0.2581069881028696	4.536191850067056	2.287236645505852	5.538875356525736	-1.0042363171067217	12.099991847187358	-1.2041500964627423	-6.277438717525325	1.6931808750688164	5.50347492821874	-7823.75405	20165450.209195983	13663691.000094296	246.21965079413735	-1.2697951155548	-1.5705878532929405	0.3009998417140569	0	4.34499995216127e-10	0	4.3820371046357355e-10	0.0002808510406859	2.1981876736909296	0.0061260948591266	-2.5311601220010024e-06	0	0	0	0	0	0	0.2098359012069659	0.0263855244319735	0.0015451931004345	0.5891461720423038	0.0288576376286612	0.0023154248712063	0.0781040895547566	0.0002243503867746	0.0002163905984633	0.0633693161784596	0	-296.4877115571781	-1.5710320221221237	-5.011560708737396	1679.6800506556497	-2.736116104707948e-05	2174.207373078797	563.1626081400051	-1	0	0	-1	0	0	-1	0	0	-1	0	0	12045	3.865931893308993	0.7671317849941387	1	17.065179175759397	210306956	151.79814355184558	-0.7507248024962223	-0.5390414867796238	1	3691.502463321032	24.82210904624852	0.4299274351226336	0.440509237498375	0.4471768557557052	0.4497400299549358	0.4466217834373835	0.3924605855066331	0	0.0040855735202076	-5978953.083871303	-7259203.760351969	-6055366.116591227	-0.09841158153088081	-1.331719004353727	-2.532685839621262	0	0	-4.447546283742883	1.464426396041786	0	0	0	-0	0	-0	-0	-0	-1.387646883377161e-07	success	non_bfb	success	176.4862953615486	157	1.040126105935927e-08	140.3645202760434	0	0	8.688910543970553e-09	-5281.116486327495	-5281.116486327495	-5281.116486327495	-195.841358982485	20187982.00445894	20187982.00445894	13651828.69896008	20232653.19240082	20252438.93753847	24060.05914329298	24060.05914329298	24060.05914329298	29145.33427063799	20232420.46669669	20232420.46669669	13695656.25995024	20277091.65463778	20296877.39976786	0	0	0	8.486121538976778e-08	8.486121538976778e-08	0.003628082004427078	0.003628082004427078	1.026020734582939	1.026020734582939	0.003249894548605483	0.003249894548605483	0.003249894548605483	0.003249894548605483	0.003249894548605483	0.003249894548605483	0.7410084560275363	0.7410084560275363	7.866824740136377	7.866824740136377	9670.467466194188	9670.467466194188	0	2100.000033088865	2100.000033088865	2702.345293256271	6554.627378260903	23118.12171251017	23118.12171251017	23194.48996191192	0.2993111070399722	-1.570673859182185	0.2993096992733137	3.611104653388625e-05	-0.0001170226851330674	-0.9999999925008419	0.9999999993470083	1.40987953139364e-06	3.611088179321896e-05	1.405653728470765e-06	-0.9999999931518517	0.0001170227359688779	0.2995540992997298	-1.570671166160984	0.29953280036203	3.693417599048843e-05	-0.0001195870036032684	-0.9999999921674079	0.999999999091158	2.130114515355128e-05	3.693162890602841e-05	2.129672844386901e-05	-0.999999992622605	0.0001195877902349375	-0.3906249999999999	0.2441406249999999	0.3906249999999999	3763.378906249999	20117816.9921875	20117817.578125	13726602.14499677	20162247.66502015	20181924.40873307	698.144
1	125.09	3691.502463321032	4513.56126887456	4520.300489052716	4498.308688780068	6.18075050722311e-05	-0.0001991005609511	-0.9999999782693996	0.9999999980889872	1.3756812231591198e-06	6.180723239868069e-05	1.3633753389030725e-06	-0.9999999801785372	0.0001991006455976	0.2581069881028696	4.536191850067056	2.287236645505852	5.538875356525736	-1.0042363171067217	12.099991847187358	-1.2041500964627423	-6.277438717525325	1.6931808750688164	5.50347492821874	-7823.75405	20165450.209195983	13663691.000094296	246.21965079413735	-1.2697951155548	-1.5705878532929405	0.3009998417140569	0	4.34499995216127e-10	0	4.3820371046357355e-10	0.0002808510406859	2.1981876736909296	0.0061260948591266	-2.5311601220010024e-06	0	0	0	0	0	0	0.2098359012069659	0.0263855244319735	0.0015451931004345	0.5891461720423038	0.0288576376286612	0.0023154248712063	0.0781040895547566	0.0002243503867746	0.0002163905984633	0.0633693161784596	0	-296.4877115571781	-1.5710320221221237	-5.011560708737396	1679.6800506556497	-2.736116104707948e-05	2174.207373078797	563.1626081400051	-1	0	0	-1	0	0	-1	0	0	-1	0	0	12045	3.865931893308993	0.7671317849941387	1	17.065179175759397	210306956	151.79814355184558	-0.7507248024962223	-0.5390414867796238	1	3691.502463321032	24.82210904624852	0.4299274351226336	0.440509237498375	0.4471768557557052	0.4497400299549358	0.4466217834373835	0.3924605855066331	0	0.0040855735202076	-5978953.083871303	-7259203.760351969	-6055366.116591227	-0.09841158153088081	-1.331719004353727	-2.532685839621262	0	0	-4.447546283742883	1.464426396041786	0	0	0	-0	0	-0	-0	-0	-1.387646883377161e-07	success	non_bfb	success	176.4862953615486	158	1.045806524923819e-08	137.4213197274423	0	0	8.005120513395558e-09	-5386.627969297182	-5386.627969297182	-5386.627969297182	-512.3758078915489	20187047.00563483	20187047.00563483	13652320.94718867	20229864.47940892	20248829.17823845	24329.51095795527	24329.51095795527	24329.51095795527	29203.7631193609	20232053.36578345	20232053.36578345	13696708.5991238	20274870.83955676	20293835.53837894	0	0	0	8.133974114966731e-08	8.133974114966731e-08	0.003477527982063848	0.003477527982063848	0.9834440925910968	0.9834440925910968	0.00311503411933408	0.00311503411933408	0.00311503411933408	0.00311503411933408	0.00311503411933408	0.00311503411933408	0.7102589295493634	0.7102589295493634	7.540376190624848	7.540376190624848	9269.173401343471	9269.173401343471	0	2012.856619142143	2012.856619142143	2590.206440491194	6613.397062299815	23299.57776827896	23299.57776827896	23369.22356859361	0.2992764622019969	-1.570676353986929	0.2992750536484415	3.537145185863663e-05	-0.0001146400242386404	-0.9999999928032627	0.999999999373441	1.410581053865253e-06	3.537129038198861e-05	1.406526078126928e-06	-0.9999999934278376	0.0001146400740611115	0.2998056451610479	-1.570673668294893	0.2997834858466322	3.62252899015203e-05	-0.0001171871825128045	-0.9999999924774462	0.9999999990983933	2.216143660594147e-05	3.622269310499249e-05	2.215719160388286e-05	-0.9999999928880176	0.0001171879852118354	-0.09765624999999997	0.4394531249999999	0.4882812499999999	3621.826171874999	20115485.3515625	20115484.91210937	13728586.23113361	20158075.39905296	20176936.95379778	699.255
1	125.09	3691.502463321032	4513.56126887456	4520.300489052716	4498.308688780068	6.18075050722311e-05	-0.0001991005609511	-0.9999999782693996	0.9999999980889872	1.3756812231591198e-06	6.180723239868069e-05	1.3633753389030725e-06	-0.9999999801785372	0.0001991006455976	0.2581069881028696	4.536191850067056	2.287236645505852	5.538875356525736	-1.0042363171067217	12.099991847187358	-1.2041500964627423	-6.277438717525325	1.6931808750688164	5.50347492821874	-7823.75405	20165450.209195983	13663691.000094296	246.21965079413735	-1.2697951155548	-1.5705878532929405	0.3009998417140569	0	4.34499995216127e-10	0	4.3820371046357355e-10	0.0002808510406859	2.1981876736909296	0.0061260948591266	-2.5311601220010024e-06	0	0	0	0	0	0	0.2098359012069659	0.0263855244319735	0.0015451931004345	0.5891461720423038	0.0288576376286612	0.0023154248712063	0.0781040895547566	0.0002243503867746	0.0002163905984633	0.0633693161784596	0	-296.4877115571781	-1.5710320221221237	-5.011560708737396	1679.6800506556497	-2.736116104707948e-05	2174.207373078797	563.1626081400051	-1	0	0	-1	0	0	-1	0	0	-1	0	0	12045	3.865931893308993	0.7671317849941387	1	17.065179175759397	210306956	151.79814355184558	-0.7507248024962223	-0.5390414867796238	1	3691.502463321032	24.82210904624852	0.4299274351226336	0.440509237498375	0.4471768557557052	0.4497400299549358	0.4466217834373835	0.3924605855066331	0	0.0040855735202076	-5978953.083871303	-7259203.760351969	-6055366.116591227	-0.09841158153088081	-1.331719004353727	-2.532685839621262	0	0	-4.447546283742883	1.464426396041786	0	0	0	-0	0	-0	-0	-0	-1.387646883377161e-07	success	non_bfb	success	176.4862953615486	159	1.465292977900931e-08	134.3886357378298	0	0	-1.122236842971022e-08	-5493.008532496886	-5493.008532496886	-5493.008532496886	-831.5174974906595	20186104.30538363	20186104.30538363	13652817.24998762	20227052.79625968	20245189.68595728	24600.47441173757	24600.47441173757	24600.47441173757	29261.9654467438	20231682.16914414	20231682.16914414	13697768.54900071	20272630.66001943	20290767.5497099	0	0	0	7.778926112217348e-08	7.778926112217348e-08	0.003325733871695953	0.003325733871695953	0.9405167540042101	0.9405167540042101	0.002979062867528557	0.002979062867528557	0.002979062867528557	0.002979062867528557	0.002979062867528557	0.002979062867528557	0.6792561244251861	0.6792561244251861	7.211238739654325	7.211238739654325	8864.573945189659	8864.573945189659	0	1924.995419641606	1924.995419641606	2477.143918972615	6672.143685785673	23482.02143195245	23482.02143195245	23545.25112036684	0.2992415021138925	-1.570678929417028	0.2992400927659999	3.460821880676111e-05	-0.0001121802826831444	-0.9999999931089278	0.9999999994001453	1.41128906493908e-06	3.460806070568374e-05	1.407406713180706e-06	-0.9999999937067963	0.0001121803314580532	0.2993625672365237	-1.570676311929521	0.2993448790340167	3.539372601077395e-05	-0.0001146771633130983	-0.9999999927982161	0.9999999992172419	1.76902318922911e-05	3.539169757232896e-05	1.768617314540744e-05	-0.9999999932681017	0.0001146777893463323	0.1953125	0.04882812499999999	0.2929687499999999	3460.3515625	20113134.1796875	20113134.1796875	13730587.50490091	20153864.75413465	20171903.69799569	700.549
1	125.09	3691.502463321032	4513.56126887456	4520.300489052716	4498.308688780068	6.18075050722311e-05	-0.0001991005609511	-0.9999999782693996	0.9999999980889872	1.3756812231591198e-06	6.180723239868069e-05	1.3633753389030725e-06	-0.9999999801785372	0.0001991006455976	0.2581069881028696	4.536191850067056	2.287236645505852	5.538875356525736	-1.0042363171067217	12.099991847187358	-1.2041500964627423	-6.277438717525325	1.6931808750688164	5.50347492821874	-7823.75405	20165450.209195983	13663691.000094296	246.21965079413735	-1.2697951155548	-1.5705878532929405	0.3009998417140569	0	4.34499995216127e-10	0	4.3820371046357355e-10	0.0002808510406859	2.1981876736909296	0.0061260948591266	-2.5311601220010024e-06	0	0	0	0	0	0	0.2098359012069659	0.0263855244319735	0.0015451931004345	0.5891461720423038	0.0288576376286612	0.0023154248712063	0.0781040895547566	0.0002243503867746	0.0002163905984633	0.0633693161784596	0	-296.4877115571781	-1.5710320221221237	-5.011560708737396	1679.6800506556497	-2.736116104707948e-05	2174.207373078797	563.1626081400051	-1	0	0	-1	0	0	-1	0	0	-1	0	0	12045	3.865931893308993	0.7671317849941387	1	17.065179175759397	210306956	151.79814355184558	-0.7507248024962223	-0.5390414867796238	1	3691.502463321032	24.82210904624852	0.4299274351226336	0.440509237498375	0.4471768557557052	0.4497400299549358	0.4466217834373835	0.3924605855066331	0	0.0040855735202076	-5978953.083871303	-7259203.760351969	-6055366.116591227	-0.09841158153088081	-1.331719004353727	-2.532685839621262	0	0	-4.447546283742883	1.464426396041786	0	0	0	-0	0	-0	-0	-0	-1.387646883377161e-07	success	non_bfb	success	176.4862953615486	160	8.544810338208029e-09	131.2509350046629	0	0	9.786285072613412e-10	-5600.574294041849	-5600.574294041849	-5600.574294041849	-1154.214782125548	20185151.10239825	20185151.10239825	13653319.08215947	20224209.78781797	20241509.6456605	24872.63338652467	24872.63338652467	24872.63338652467	29318.99289844097	20231304.07547167	20231304.07547167	13698837.58438347	20270362.76089066	20287662.61872629	0	0	0	7.419922477981444e-08	7.419922477981444e-08	0.003172248605321574	0.003172248605321574	0.8971111568978222	0.8971111568978222	0.002841576744041631	0.002841576744041631	0.002841576744041631	0.002841576744041631	0.002841576744041631	0.002841576744041631	0.6479079134089324	0.6479079134089324	6.878434329696933	6.878434329696933	8455.466798988877	8455.466798988877	0	1836.155348201229	1836.155348201229	2362.821754626586	6730.807079280588	23665.19161714461	23665.19161714461	23722.29681259553	0.2992061114833109	-1.57068159902425	0.299204701331309	3.381735073782095e-05	-0.0001096305077564598	-0.9999999934187693	0.9999999994272019	1.412005695252926e-06	3.381719614210799e-05	1.408298289576231e-06	-0.999999993989579	0.0001096305554439554	0.2994142151679201	-1.570678845859477	0.2993787083049747	3.46522394691906e-05	-0.0001122541420392302	-0.9999999930991149	0.9999999987693114	3.550880741997307e-05	3.464825365490087e-05	3.550491776494368e-05	-0.9999999930690661	0.0001122553723607785	-0.1953125	0	0.09765624999999999	3290.52734375	20110754.58984375	20110754.15039062	13732610.8487173	20149604.89049618	20166810.92094275	702.162
1	125.09	3691.502463321032	4513.56126887456	4520.300489052716	4498.308688780068	6.18075050722311e-05	-0.0001991005609511	-0.9999999782693996	0.9999999980889872	1.3756812231591198e-06	6.180723239868069e-05	1.3633753389030725e-06	-0.9999999801785372	0.0001991006455976	0.2581069881028696	4.536191850067056	2.287236645505852	5.538875356525736	-1.0042363171067217	12.099991847187358	-1.2041500964627423	-6.277438717525325	1.6931808750688164	5.50347492821874	-7823.75405	20165450.209195983	13663691.000094296	246.21965079413735	-1.2697951155548	-1.5705878532929405	0.3009998417140569	0	4.34499995216127e-10	0	4.3820371046357355e-10	0.0002808510406859	2.1981876736909296	0.0061260948591266	-2.5311601220010024e-06	0	0	0	0	0	0	0.2098359012069659	0.0263855244319735	0.0015451931004345	0.5891461720423038	0.0288576376286612	0.0023154248712063	0.0781040895547566	0.0002243503867746	0.0002163905984633	0.0633693161784596	0	-296.4877115571781	-1.5710320221221237	-5.011560708737396	1679.6800506556497	-2.736116104707948e-05	2174.207373078797	563.1626081400051	-1	0	0	-1	0	0	-1	0	0	-1	0	0	12045	3.865931893308993	0.7671317849941387	1	17.065179175759397	210306956	151.79814355184558	-0.7507248024962223	-0.5390414867796238	1	3691.502463321032	24.82210904624852	0.4299274351226336	0.440509237498375	0.4471768557557052	0.4497400299549358	0.4466217834373835	0.3924605855066331	0	0.0040855735202076	-5978953.083871303	-7259203.760351969	-6055366.116591227	-0.09841158153088081	-1.331719004353727	-2.532685839621262	0	0	-4.447546283742883	1.464426396041786	0	0	0	-0	0	-0	-0	-0	-1.387646883377161e-07	success	non_bfb	success	176.4862953615486	161	4.559982028605502e-09	127.995866136969	0	0	-1.03462544154611e-08	-5709.478174559748	-5709.478174559748	-5709.478174559748	-1480.926423679247	20184186.04155976	20184186.04155976	13653827.15713299	20221331.4123271	20237783.82562679	25145.83496168887	25145.83496168887	25145.83496168887	29374.38671256938	20230917.7296471	20230917.7296471	13699916.41870088	20268063.10041374	20284515.51370677	0	0	0	7.056452835534152e-08	7.056452835534152e-08	0.003016853980950265	0.003016853980950265	0.853165593800533	0.853165593800533	0.002702380292029058	0.002702380292029058	0.002702380292029058	0.002702380292029058	0.002702380292029058	0.002702380292029058	0.6161697303855456	0.6161697303855456	6.541489830097219	6.541489830097219	8041.270356468965	8041.270356468965	0	1746.210105529374	1746.210105529374	2247.077421600286	6789.354890374911	23848.9620245638	23848.9620245638	23900.23047183652	0.2991702450744773	-1.570684373746025	0.2991688341074057	3.299563210307221e-05	-0.0001069802479519592	-0.9999999937332574	0.9999999994546512	1.41273199273829e-06	3.299548115743255e-05	1.409202119129546e-06	-0.9999999942766153	0.0001069802945076027	0.2984836191057154	-1.570681688946433	0.2984582983723146	3.371169118704387e-05	-0.0001095689648991848	-0.9999999934290819	0.9999999991112378	2.532258032599315e-05	3.370891680967714e-05	2.531888670847784e-05	-0.9999999936767044	0.0001095698184689231	0.09765624999999999	-0.04882812499999999	0.7812499999999999	3117.626953125	20108345.3125	20108345.703125	13734660.07180607	20145291.80415004	20161655.25295012	703.197
1	125.09	3691.502463321032	4513.56126887456	4520.300489052716	4498.308688780068	6.18075050722311e-05	-0.0001991005609511	-0.9999999782693996	0.9999999980889872	1.3756812231591198e-06	6.180723239868069e-05	1.3633753389030725e-06	-0.9999999801785372	0.0001991006455976	0.2581069881028696	4.536191850067056	2.287236645505852	5.538875356525736	-1.0042363171067217	12.099991847187358	-1.2041500964627423	-6.277438717525325	1.6931808750688164	5.50347492821874	-7823.75405	20165450.209195983	13663691.000094296	246.21965079413735	-1.2697951155548	-1.5705878532929405	0.3009998417140569	0	4.34499995216127e-10	0	4.3820371046357355e-10	0.0002808510406859	2.1981876736909296	0.0061260948591266	-2.5311601220010024e-06	0	0	0	0	0	0	0.2098359012069659	0.0263855244319735	0.0015451931004345	0.5891461720423038	0.0288576376286612	0.0023154248712063	0.0781040895547566	0.0002243503867746	0.0002163905984633	0.0633693161784596	0	-296.4877115571781	-1.5710320221221237	-5.011560708737396	1679.6800506556497	-2.736116104707948e-05	2174.207373078797	563.1626081400051	-1	0	0	-1	0	0	-1	0	0	-1	0	0	12045	3.865931893308993	0.7671317849941387	1	17.065179175759397	210306956	151.79814355184558	-0.7507248024962223	-0.5390414867796238	1	3691.502463321032	24.82210904624852	0.4299274351226336	0.440509237498375	0.4471768557557052	0.4497400299549358	0.4466217834373835	0.3924605855066331	0	0.0040855735202076	-5978953.083871303	-7259203.760351969	-6055366.116591227	-0.09841158153088081	-1.331719004353727	-2.532685839621262	0	0	-4.447546283742883	1.464426396041786	0	0	0	-0	0	-0	-0	-0	-1.387646883377161e-07	success	non_bfb	success	176.4862953615486	162	8.91437485974689e-09	124.6106334260046	0	0	1.904754362514863e-08	-5819.835919330097	-5819.835919330097	-5819.835919330097	-1811.999657990291	20183208.0971817	20183208.0971817	13654342.01490091	20218414.61059051	20234008.26597791	25419.96339195068	25419.96339195068	25419.96339195068	29427.79965329048	20230522.10598399	20230522.10598399	13701005.59194566	20265728.61939213	20281322.27477312	0	0	0	6.68813088187911e-08	6.68813088187911e-08	0.002859384841985706	0.002859384841985706	0.8086333584658816	0.8086333584658816	0.002561325570644574	0.002561325570644574	0.002561325570644574	0.002561325570644574	0.002561325570644574	0.002561325570644574	0.5840078433626693	0.5840078433626693	6.200047129325081	6.200047129325081	7621.54440114926	7621.54440114926	0	1655.064095975969	1655.064095975969	2129.787904440876	6847.76040361512	24033.23705855995	24033.23705855995	24078.95579809047	0.2991338586148282	-1.570687264970074	0.2991324468208506	3.213971700376413e-05	-0.0001042186164096933	-0.9999999940527592	0.999999999482525	1.413468761085273e-06	3.21395698685157e-05	1.410119211175334e-06	-0.999999994568241	0.0001042186617842487	0.2988080771109947	-1.570684698676487	0.2988695950104449	3.2861231666792e-05	-0.000106681656114098	-0.9999999937695816	0.9999999975677358	-6.151614772594117e-05	3.286779443614773e-05	-6.151965373341311e-05	-0.9999999924173937	0.000106679634358461	0.2929687499999999	0.7812499999999999	1.171875	2941.259765625	20105904.8828125	20105905.078125	13736736.63877203	20140919.04982568	20156428.10046478	705.141
1	125.09	3691.502463321032	4513.56126887456	4520.300489052716	4498.308688780068	6.18075050722311e-05	-0.0001991005609511	-0.9999999782693996	0.9999999980889872	1.3756812231591198e-06	6.180723239868069e-05	1.3633753389030725e-06	-0.9999999801785372	0.0001991006455976	0.2581069881028696	4.536191850067056	2.287236645505852	5.538875356525736	-1.0042363171067217	12.099991847187358	-1.2041500964627423	-6.277438717525325	1.6931808750688164	5.50347492821874	-7823.75405	20165450.209195983	13663691.000094296	246.21965079413735	-1.2697951155548	-1.5705878532929405	0.3009998417140569	0	4.34499995216127e-10	0	4.3820371046357355e-10	0.0002808510406859	2.1981876736909296	0.0061260948591266	-2.5311601220010024e-06	0	0	0	0	0	0	0.2098359012069659	0.0263855244319735	0.0015451931004345	0.5891461720423038	0.0288576376286612	0.0023154248712063	0.0781040895547566	0.0002243503867746	0.0002163905984633	0.0633693161784596	0	-296.4877115571781	-1.5710320221221237	-5.011560708737396	1679.6800506556497	-2.736116104707948e-05	2174.207373078797	563.1626081400051	-1	0	0	-1	0	0	-1	0	0	-1	0	0	12045	3.865931893308993	0.7671317849941387	1	17.065179175759397	210306956	151.79814355184558	-0.7507248024962223	-0.5390414867796238	1	3691.502463321032	24.82210904624852	0.4299274351226336	0.440509237498375	0.4471768557557052	0.4497400299549358	0.4466217834373835	0.3924605855066331	0	0.0040855735202076	-5978953.083871303	-7259203.760351969	-6055366.116591227	-0.09841158153088081	-1.331719004353727	-2.532685839621262	0	0	-4.447546283742883	1.464426396041786	0	0	0	-0	0	-0	-0	-0	-1.387646883377161e-07	success	non_bfb	success	176.4862953615486	163	7.374429028045716e-09	121.0813048215823	0	0	-2.792894970339342e-09	-5931.741764031533	-5931.741764031533	-5931.741764031533	-2147.717192094602	20182216.43418672	20182216.43418672	13654864.09510612	20215456.89191945	20230179.74272221	25694.92444163143	25694.92444163143	25694.92444163143	29478.94901356836	20230116.36940498	20230116.36940498	13702105.5437607	20263356.82713707	20278079.67793371	0	0	0	6.314642102893789e-08	6.314642102893789e-08	0.002699706723817312	0.002699706723817312	0.7634764243337301	0.7634764243337301	0.002418292131727309	0.002418292131727309	0.002418292131727309	0.002418292131727309	0.002418292131727309	0.002418292131727309	0.5513947889551439	0.5513947889551439	5.853814665744395	5.853814665744395	7195.930524471077	7195.930524471077	0	1562.639488972041	1562.639488972041	2010.853048353873	6905.999957222867	24217.93888856409	24217.93888856409	24258.39629834127	0.2990969277764179	-1.570690285139727	0.2990955151428866	3.124595292048303e-05	-0.0001013337210364746	-0.9999999943775837	0.9999999995108496	1.414216663474696e-06	3.124580977303948e-05	1.411050401352281e-06	-0.9999999948647385	0.0001013337651754544	0.2994311894950141	-1.570687656356208	0.299403056527681	3.205525318489277e-05	-0.0001038350869552878	-0.9999999940953679	0.9999999990905453	2.813463086411719e-05	3.205233198314006e-05	2.813130254131394e-05	-0.9999999942133587	0.0001038359887236808	-0.04882812499999999	0	-0.5371093749999999	2761.279296875	20103429.78515625	20103428.80859375	13738841.13522816	20136484.67453099	20151127.41289709	706.633
1	125.09	3691.502463321032	4513.56126887456	4520.300489052716	4498.308688780068	6.18075050722311e-05	-0.0001991005609511	-0.9999999782693996	0.9999999980889872	1.3756812231591198e-06	6.180723239868069e-05	1.3633753389030725e-06	-0.9999999801785372	0.0001991006455976	0.2581069881028696	4.536191850067056	2.287236645505852	5.538875356525736	-1.0042363171067217	12.099991847187358	-1.2041500964627423	-6.277438717525325	1.6931808750688164	5.50347492821874	-7823.75405	20165450.209195983	13663691.000094296	246.21965079413735	-1.2697951155548	-1.5705878532929405	0.3009998417140569	0	4.34499995216127e-10	0	4.3820371046357355e-10	0.0002808510406859	2.1981876736909296	0.0061260948591266	-2.5311601220010024e-06	0	0	0	0	0	0	0.2098359012069659	0.0263855244319735	0.0015451931004345	0.5891461720423038	0.0288576376286612	0.0023154248712063	0.0781040895547566	0.0002243503867746	0.0002163905984633	0.0633693161784596	0	-296.4877115571781	-1.5710320221221237	-5.011560708737396	1679.6800506556497	-2.736116104707948e-05	2174.207373078797	563.1626081400051	-1	0	0	-1	0	0	-1	0	0	-1	0	0	12045	3.865931893308993	0.7671317849941387	1	17.065179175759397	210306956	151.79814355184558	-0.7507248024962223	-0.5390414867796238	1	3691.502463321032	24.82210904624852	0.4299274351226336	0.440509237498375	0.4471768557557052	0.4497400299549358	0.4466217834373835	0.3924605855066331	0	0.0040855735202076	-5978953.083871303	-7259203.760351969	-6055366.116591227	-0.09841158153088081	-1.331719004353727	-2.532685839621262	0	0	-4.447546283742883	1.464426396041786	0	0	0	-0	0	-0	-0	-0	-1.387646883377161e-07	success	non_bfb	success	176.4862953615486	164	5.681173664420173e-09	117.3913867333914	0	0	9.424082739708256e-09	-6045.301701894443	-6045.301701894443	-6045.301701894443	-2488.39700568333	20181210.11330695	20181210.11330695	13655393.89224464	20212455.45486813	20226294.62961859	25970.61211750076	25970.61211750076	25970.61211750076	29527.51681371187	20229699.58064221	20229699.58064221	13703216.76864201	20260944.92220276	20274784.09694739	0	0	0	5.935632743309175e-08	5.935632743309175e-08	0.002537668385018765	0.002537668385018765	0.7176520203644108	0.7176520203644108	0.002273144499098304	0.002273144499098304	0.002273144499098304	0.002273144499098304	0.002273144499098304	0.002273144499098304	0.5182996772394045	0.5182996772394045	5.50246450029732	5.50246450029732	6764.025600129391	6764.025600129391	0	1468.848743221698	1468.848743221698	1890.160202479662	6964.046623335505	24402.97997328033	24402.97997328033	24438.46624959194	0.2990594054532471	-1.570693448975085	0.2990579919667495	3.031001673005525e-05	-9.831148708142717e-05	-0.9999999947080771	0.9999999995396545	1.414976445242297e-06	3.030987776806403e-05	1.411996628597716e-06	-0.9999999951664247	9.831152992412964e-05	0.2983055465708358	-1.570690836678666	0.2983111891357273	3.10036516909442e-05	-0.0001008312382324091	-0.9999999944359177	0.9999999995034587	-5.641001676639257e-06	3.100422063724399e-05	-5.644127839209541e-06	-0.9999999949006203	0.00010083106329058	0.1953125	0.2929687499999999	0.7812499999999999	2579.541015625	20100917.87109375	20100917.72460937	13740979.51858365	20131986.04129901	20145748.50261733	708.337
1	125.09	3691.502463321032	4513.56126887456	4520.300489052716	4498.308688780068	6.18075050722311e-05	-0.0001991005609511	-0.9999999782693996	0.9999999980889872	1.3756812231591198e-06	6.180723239868069e-05	1.3633753389030725e-06	-0.9999999801785372	0.0001991006455976	0.2581069881028696	4.536191850067056	2.287236645505852	5.538875356525736	-1.0042363171067217	12.099991847187358	-1.2041500964627423	-6.277438717525325	1.6931808750688164	5.50347492821874	-7823.75405	20165450.209195983	13663691.000094296	246.21965079413735	-1.2697951155548	-1.5705878532929405	0.3009998417140569	0	4.34499995216127e-10	0	4.3820371046357355e-10	0.0002808510406859	2.1981876736909296	0.0061260948591266	-2.5311601220010024e-06	0	0	0	0	0	0	0.2098359012069659	0.0263855244319735	0.0015451931004345	0.5891461720423038	0.0288576376286612	0.0023154248712063	0.0781040895547566	0.0002243503867746	0.0002163905984633	0.0633693161784596	0	-296.4877115571781	-1.5710320221221237	-5.011560708737396	1679.6800506556497	-2.736116104707948e-05	2174.207373078797	563.1626081400051	-1	0	0	-1	0	0	-1	0	0	-1	0	0	12045	3.865931893308993	0.7671317849941387	1	17.065179175759397	210306956	151.79814355184558	-0.7507248024962223	-0.5390414867796238	1	3691.502463321032	24.82210904624852	0.4299274351226336	0.440509237498375	0.4471768557557052	0.4497400299549358	0.4466217834373835	0.3924605855066331	0	0.0040855735202076	-5978953.083871303	-7259203.760351969	-6055366.116591227	-0.09841158153088081	-1.331719004353727	-2.532685839621262	0	0	-4.447546283742883	1.464426396041786	0	0	0	-0	0	-0	-0	-0	-1.387646883377161e-07	success	non_bfb	success	176.4862953615486	165	7.526961942800159e-09	113.5216810999995	0	0	6.959815137166125e-09	-6160.619464663587	-6160.619464663587	-6160.619464663587	-2834.350293990763	20180188.21531488	20180188.21531488	13655931.8902619	20209407.55776275	20222349.37779586	26246.92268781389	26246.92268781389	26246.92268781389	29573.19185848672	20229270.82046815	20229270.82046815	13704339.75053503	20258490.16291544	20271431.98294302	0	0	0	5.55075659562559e-08	5.55075659562559e-08	0.002373121811070873	0.002373121811070873	0.6711182880868292	0.6711182880868292	0.002125750087116316	0.002125750087116316	0.002125750087116316	0.002125750087116316	0.002125750087116316	0.002125750087116316	0.4846922773633913	0.4846922773633913	5.145675690877241	5.145675690877241	6325.43510297549	6325.43510297549	0	1373.606185221745	1373.606185221745	1767.599119492304	7021.87285841401	24588.27463920548	24588.27463920548	24619.08294805559	0.2990212671159386	-1.570696773631284	0.2990198527621034	2.932687327313749e-05	-9.513551906897568e-05	-0.9999999950445838	0.9999999995689691	1.415748840156414e-06	2.932673871782268e-05	1.412958818630269e-06	-0.9999999954736143	9.513556054745614e-05	0.2999783476643687	-1.570694091853277	0.3000072352452802	3.021037629821754e-05	-9.766942287228905e-05	-0.9999999947740084	0.9999999991263778	-2.888610577863437e-05	3.021319771900899e-05	-2.888905653326016e-05	-0.9999999948131382	9.766855012694878e-05	-0.146484375	0.09765624999999999	0.4882812499999999	2395.3125	20098367.3828125	20098366.9921875	13743149.15189897	20127416.90034721	20140286.38916004	710.179
1	125.09	3691.502463321032	4513.56126887456	4520.300489052716	4498.308688780068	6.18075050722311e-05	-0.0001991005609511	-0.9999999782693996	0.9999999980889872	1.3756812231591198e-06	6.180723239868069e-05	1.3633753389030725e-06	-0.9999999801785372	0.0001991006455976	0.2581069881028696	4.536191850067056	2.287236645505852	5.538875356525736	-1.0042363171067217	12.099991847187358	-1.2041500964627423	-6.277438717525325	1.6931808750688164	5.50347492821874	-7823.75405	20165450.209195983	13663691.000094296	246.21965079413735	-1.2697951155548	-1.5705878532929405	0.3009998417140569	0	4.34499995216127e-10	0	4.3820371046357355e-10	0.0002808510406859	2.1981876736909296	0.0061260948591266	-2.5311601220010024e-06	0	0	0	0	0	0	0.2098359012069659	0.0263855244319735	0.0015451931004345	0.5891461720423038	0.0288576376286612	0.0023154248712063	0.0781040895547566	0.0002243503867746	0.0002163905984633	0.0633693161784596	0	-296.4877115571781	-1.5710320221221237	-5.011560708737396	1679.6800506556497	-2.736116104707948e-05	2174.207373078797	563.1626081400051	-1	0	0	-1	0	0	-1	0	0	-1	0	0	12045	3.865931893308993	0.7671317849941387	1	17.065179175759397	210306956	151.79814355184558	-0.7507248024962223	-0.5390414867796238	1	3691.502463321032	24.82210904624852	0.4299274351226336	0.440509237498375	0.4471768557557052	0.4497400299549358	0.4466217834373835	0.3924605855066331	0	0.0040855735202076	-5978953.083871303	-7259203.760351969	-6055366.116591227	-0.09841158153088081	-1.331719004353727	-2.532685839621262	0	0	-4.447546283742883	1.464426396041786	0	0	0	-0	0	-0	-0	-0	-1.387646883377161e-07	success	non_bfb	success	176.4862953615486	166	5.632859780593722e-09	109.4488503277278	0	0	-4.804561313144624e-09	-6277.815683928413	-6277.815683928413	-6277.815683928413	-3185.938951785241	20179149.67122358	20179149.67122358	13656478.65194708	20206310.01225951	20218339.86020528	26523.73552098139	26523.73552098139	26523.73552098139	29615.61225312456	20228829.01989588	20228829.01989588	13705475.05222894	20255989.36093127	20268019.20887182	0	0	0	5.159611048655301e-08	5.159611048655301e-08	0.002205894873116152	0.002205894873116152	0.6238265495007128	0.6238265495007128	0.001975954709455095	0.001975954709455095	0.001975954709455095	0.001975954709455095	0.001975954709455095	0.001975954709455095	0.4505374333028563	0.4505374333028563	4.783075007895381	4.783075007895381	5879.700232322316	5879.700232322316	0	1276.812183650185	1276.812183650185	1643.041590710932	7079.446619602517	24773.72325501752	24773.72325501752	24800.15022790718	0.2989824558106024	-1.570700279941196	0.2989810405742235	2.829040449854429e-05	-9.178589760612009e-05	-0.999999995387501	0.9999999995988269	1.416534699361307e-06	2.829027459977373e-05	1.413938044579878e-06	-0.9999999957866712	9.178593764363766e-05	0.2991515502732393	-1.570697656624042	0.2991255973508717	2.907904118602811e-05	-9.428792057264471e-05	-0.9999999951320987	0.9999999992404633	2.595429299821745e-05	2.907659412915153e-05	2.595155130027672e-05	-0.9999999952180814	9.428867522709497e-05	-0.04882812499999999	0	0.4882812499999999	2208.935546875	20095775.5859375	20095775.63476562	13745355.60186687	20122773.24757212	20134736.09196725	711.138
1	125.09	3691.502463321032	4513.56126887456	4520.300489052716	4498.308688780068	6.18075050722311e-05	-0.0001991005609511	-0.9999999782693996	0.9999999980889872	1.3756812231591198e-06	6.180723239868069e-05	1.3633753389030725e-06	-0.9999999801785372	0.0001991006455976	0.2581069881028696	4.536191850067056	2.287236645505852	5.538875356525736	-1.0042363171067217	12.099991847187358	-1.2041500964627423	-6.277438717525325	1.6931808750688164	5.50347492821874	-7823.75405	20165450.209195983	13663691.000094296	246.21965079413735	-1.2697951155548	-1.5705878532929405	0.3009998417140569	0	4.34499995216127e-10	0	4.3820371046357355e-10	0.0002808510406859	2.1981876736909296	0.0061260948591266	-2.5311601220010024e-06	0	0	0	0	0	0	0.2098359012069659	0.0263855244319735	0.0015451931004345	0.5891461720423038	0.0288576376286612	0.0023154248712063	0.0781040895547566	0.0002243503867746	0.0002163905984633	0.0633693161784596	0	-296.4877115571781	-1.5710320221221237	-5.011560708737396	1679.6800506556497	-2.736116104707948e-05	2174.207373078797	563.1626081400051	-1	0	0	-1	0	0	-1	0	0	-1	0	0	12045	3.865931893308993	0.7671317849941387	1	17.065179175759397	210306956	151.79814355184558	-0.7507248024962223	-0.5390414867796238	1	3691.502463321032	24.82210904624852	0.4299274351226336	0.440509237498375	0.4471768557557052	0.4497400299549358	0.4466217834373835	0.3924605855066331	0	0.0040855735202076	-5978953.083871303	-7259203.760351969	-6055366.116591227	-0.09841158153088081	-1.331719004353727	-2.532685839621262	0	0	-4.447546283742883	1.464426396041786	0	0	0	-0	0	-0	-0	-0	-1.387646883377161e-07	success	non_bfb	success	176.4862953615486	167	5.890130989355619e-09	105.144047231016	0	0	8.436809354027429e-10	-6397.032742595015	-6397.032742595015	-6397.032742595015	-3543.590127785048	20178093.21929504	20178093.21929504	13657034.84156696	20203159.05511814	20214261.20564191	26800.90823409716	26800.90823409716	26800.90823409716	29654.35084890712	20228372.9171874	20228372.9171874	13706623.33799053	20253438.75301	20264540.90352889	0	0	0	4.761720895603814e-08	4.761720895603814e-08	0.002035784405407851	0.002035784405407851	0.5757193493808299	0.5757193493808299	0.001823576378151848	0.001823576378151848	0.001823576378151848	0.001823576378151848	0.001823576378151848	0.001823576378151848	0.4157936499824028	0.4157936499824028	4.41422192400949	4.41422192400949	5426.279460238091	5426.279460238091	0	1178.349142467463	1178.349142467463	1516.336289897936	7136.730121404729	24959.20822467691	24959.20822467691	24981.55454840541	0.2989429416542808	-1.570703993653222	0.2989415255189812	2.719305158097041e-05	-8.823801519931803e-05	-0.9999999957372955	0.9999999996292681	1.417335024831998e-06	2.719292662397774e-05	1.414935568917557e-06	-0.999999996106022	8.82380537082698e-05	0.2987361257654298	-1.570701582366798	0.2987081279036923	2.78844738218903e-05	-9.054812778374864e-05	-0.9999999955117467	0.9999999992193235	2.799912283317838e-05	2.788193865710387e-05	2.799659805016683e-05	-0.9999999955085431	9.054890845409002e-05	-0.04882812499999999	0.8789062499999998	0	2020.556640625	20093139.74609375	20093138.81835937	13747599.64975634	20118051.27447591	20129090.23787713	712.077
1	125.09	3691.502463321032	4513.56126887456	4520.300489052716	4498.308688780068	6.18075050722311e-05	-0.0001991005609511	-0.9999999782693996	0.9999999980889872	1.3756812231591198e-06	6.180723239868069e-05	1.3633753389030725e-06	-0.9999999801785372	0.0001991006455976	0.2581069881028696	4.536191850067056	2.287236645505852	5.538875356525736	-1.0042363171067217	12.099991847187358	-1.2041500964627423	-6.277438717525325	1.6931808750688164	5.50347492821874	-7823.75405	20165450.209195983	13663691.000094296	246.21965079413735	-1.2697951155548	-1.5705878532929405	0.3009998417140569	0	4.34499995216127e-10	0	4.3820371046357355e-10	0.0002808510406859	2.1981876736909296	0.0061260948591266	-2.5311601220010024e-06	0	0	0	0	0	0	0.2098359012069659	0.0263855244319735	0.0015451931004345	0.5891461720423038	0.0288576376286612	0.0023154248712063	0.0781040895547566	0.0002243503867746	0.0002163905984633	0.0633693161784596	0	-296.4877115571781	-1.5710320221221237	-5.011560708737396	1679.6800506556497	-2.736116104707948e-05	2174.207373078797	563.1626081400051	-1	0	0	-1	0	0	-1	0	0	-1	0	0	12045	3.865931893308993	0.7671317849941387	1	17.065179175759397	210306956	151.79814355184558	-0.7507248024962223	-0.5390414867796238	1	3691.502463321032	24.82210904624852	0.4299274351226336	0.440509237498375	0.4471768557557052	0.4497400299549358	0.4466217834373835	0.3924605855066331	0	0.0040855735202076	-5978953.083871303	-7259203.760351969	-6055366.116591227	-0.09841158153088081	-1.331719004353727	-2.532685839621262	0	0	-4.447546283742883	1.464426396041786	0	0	0	-0	0	-0	-0	-0	-1.387646883377161e-07	success	non_bfb	success	176.4862953615486	168	6.390153411898449e-09	100.5706848062643	0	0	1.51477841892099e-09	-6518.447305545448	-6518.447305545448	-6518.447305545448	-3907.833816636346	20177017.29399863	20177017.29399863	13657601.28332588	20199950.01701126	20210107.37004564	27078.26416227914	27078.26416227914	27078.26416227914	29688.87765118824	20227900.94681207	20227900.94681207	13707785.4320241	20250833.66982423	20260991.0228541	0	0	0	4.356496512656003e-08	4.356496512656003e-08	0.001862538325349316	0.001862538325349316	0.526725398828342	0.526725398828342	0.001668389287434914	0.001668389287434914	0.001668389287434914	0.001668389287434914	0.001668389287434914	0.001668389287434914	0.3804094414280349	0.3804094414280349	4.038569844736451	4.038569844736451	4964.500873423517	4964.500873423517	0	1078.071151669157	1078.071151669157	1387.295455525944	7193.676900829321	25144.58363817923	25144.58363817923	25163.15461101423	0.2989026342616959	-1.570707947382237	0.2989012172097323	2.602523370881515e-05	-8.446068667585616e-05	-0.9999999960945397	0.999999999660341	1.418151054819321e-06	2.602511402360549e-05	1.415952950279538e-06	-0.9999999964321906	8.446072355488098e-05	0.3000243503125866	-1.570705402799428	0.2999745287792398	2.68719930554967e-05	-8.686235281958897e-05	-0.9999999958664135	0.9999999983979133	4.982270235552998e-05	2.686766540636876e-05	4.982036836095159e-05	-0.999999994986315	8.686369151540613e-05	0.3906249999999999	0.7812499999999999	0.6835937499999999	1829.6875	20090455.078125	20090454.93164062	13749885.88481684	20113241.60613243	20123340.57545697	713.0940000000001
1	125.09	3691.502463321032	4513.56126887456	4520.300489052716	4498.308688780068	6.18075050722311e-05	-0.0001991005609511	-0.9999999782693996	0.9999999980889872	1.3756812231591198e-06	6.180723239868069e-05	1.3633753389030725e-06	-0.9999999801785372	0.0001991006455976	0.2581069881028696	4.536191850067056	2.287236645505852	5.538875356525736	-1.0042363171067217	12.099991847187358	-1.2041500964627423	-6.277438717525325	1.6931808750688164	5.50347492821874	-7823.75405	20165450.209195983	13663691.000094296	246.21965079413735	-1.2697951155548	-1.5705878532929405	0.3009998417140569	0	4.34499995216127e-10	0	4.3820371046357355e-10	0.0002808510406859	2.1981876736909296	0.0061260948591266	-2.5311601220010024e-06	0	0	0	0	0	0	0.2098359012069659	0.0263855244319735	0.0015451931004345	0.5891461720423038	0.0288576376286612	0.0023154248712063	0.0781040895547566	0.0002243503867746	0.0002163905984633	0.0633693161784596	0	-296.4877115571781	-1.5710320221221237	-5.011560708737396	1679.6800506556497	-2.736116104707948e-05	2174.207373078797	563.1626081400051	-1	0	0	-1	0	0	-1	0	0	-1	0	0	12045	3.865931893308993	0.7671317849941387	1	17.065179175759397	210306956	151.79814355184558	-0.7507248024962223	-0.5390414867796238	1	3691.502463321032	24.82210904624852	0.4299274351226336	0.440509237498375	0.4471768557557052	0.4497400299549358	0.4466217834373835	0.3924605855066331	0	0.0040855735202076	-5978953.083871303	-7259203.760351969	-6055366.116591227	-0.09841158153088081	-1.331719004353727	-2.532685839621262	0	0	-4.447546283742883	1.464426396041786	0	0	0	-0	0	-0	-0	-0	-1.387646883377161e-07	success	non_bfb	success	176.4862953615486	169	1.833240299570088e-09	95.68150992440503	0	0	-8.689879412715994e-09	-6642.275591519651	-6642.275591519651	-6642.275591519651	-4279.318674558952	20175919.97929394	20175919.97929394	13658178.98596093	20196677.18318637	20205870.95613959	27355.58708678739	27355.58708678739	27355.58708678739	29718.54400374809	20227411.19272947	20227411.19272947	13708962.34306677	20248168.39662147	20257362.16957056	0	0	0	3.943216263927797e-08	3.943216263927797e-08	0.0016858481110613	0.0016858481110613	0.4767574479286118	0.4767574479286118	0.001510117075421549	0.001510117075421549	0.001510117075421549	0.001510117075421549	0.001510117075421549	0.001510117075421549	0.3443217943668674	0.3443217943668674	3.655449797448419	3.655449797448419	4493.542122551247	4493.542122551247	0	975.7996331647386	975.7996331647386	1255.689287759331	7250.230203292503	25329.67091743395	25329.67091743395	25344.77737048182	0.2988614971372343	-1.570712183249338	0.2988600791490669	2.47745828623365e-05	-8.041365928367581e-05	-0.9999999964599319	0.9999999996921062	1.418984300987232e-06	2.477446883669687e-05	1.416992090267962e-06	-0.9999999967658151	8.041369441366107e-05	0.2978582831279945	-1.570709840143363	0.2978034039823094	2.538153774203633e-05	-8.267840123081033e-05	-0.9999999962600296	0.9999999981720858	5.4880196278842e-05	2.537700038365842e-05	5.487809794377194e-05	-0.9999999950762228	8.267979402323181e-05	-0.1953125	0.09765624999999999	-0.4882812499999999	1636.03515625	20087715.72265625	20087715.91796875	13752217.04223786	20108336.42984847	20117477.04549177	714.0549999999999
1	125.09	3691.502463321032	4513.56126887456	4520.300489052716	4498.308688780068	6.18075050722311e-05	-0.0001991005609511	-0.9999999782693996	0.9999999980889872	1.3756812231591198e-06	6.180723239868069e-05	1.3633753389030725e-06	-0.9999999801785372	0.0001991006455976	0.2581069881028696	4.536191850067056	2.287236645505852	5.538875356525736	-1.0042363171067217	12.099991847187358	-1.2041500964627423	-6.277438717525325	1.6931808750688164	5.50347492821874	-7823.75405	20165450.209195983	13663691.000094296	246.21965079413735	-1.2697951155548	-1.5705878532929405	0.3009998417140569	0	4.34499995216127e-10	0	4.3820371046357355e-10	0.0002808510406859	2.1981876736909296	0.0061260948591266	-2.5311601220010024e-06	0	0	0	0	0	0	0.2098359012069659	0.0263855244319735	0.0015451931004345	0.5891461720423038	0.0288576376286612	0.0023154248712063	0.0781040895547566	0.0002243503867746	0.0002163905984633	0.0633693161784596	0	-296.4877115571781	-1.5710320221221237	-5.011560708737396	1679.6800506556497	-2.736116104707948e-05	2174.207373078797	563.1626081400051	-1	0	0	-1	0	0	-1	0	0	-1	0	0	12045	3.865931893308993	0.7671317849941387	1	17.065179175759397	210306956	151.79814355184558	-0.7507248024962223	-0.5390414867796238	1	3691.502463321032	24.82210904624852	0.4299274351226336	0.440509237498375	0.4471768557557052	0.4497400299549358	0.4466217834373835	0.3924605855066331	0	0.0040855735202076	-5978953.083871303	-7259203.760351969	-6055366.116591227	-0.09841158153088081	-1.331719004353727	-2.532685839621262	0	0	-4.447546283742883	1.464426396041786	0	0	0	-0	0	-0	-0	-0	-1.387646883377161e-07	success	non_bfb	success	176.4862953615486	170	1.087317679952154e-08	90.41290127102805	0	0	1.542138679354809e-09	-6768.807202870622	-6768.807202870622	-6768.807202870622	-4658.913508611866	20174798.70884549	20174798.70884549	13658769.30056965	20193332.89933107	20201542.05604625	27632.58740526893	27632.58740526893	27632.58740526893	29742.48109952768	20226901.08860415	20226901.08860415	13710155.42221608	20245435.27908934	20253644.43580076	0	0	0	3.520913593744632e-08	3.520913593744632e-08	0.001505300529804553	0.001505300529804553	0.4256986345605072	0.4256986345605072	0.001348389584319025	0.001348389584319025	0.001348389584319025	0.001348389584319025	0.001348389584319025	0.001348389584319025	0.3074463091205809	0.3074463091205809	3.263965763386005	3.263965763386005	4012.301756839298	4012.301756839298	0	871.2954003081946	871.2954003081946	1121.209993790058	7306.315133648373	25514.23087579506	25514.23087579506	25526.18992914605	0.2988193819401218	-1.570716757886935	0.2988179629940657	2.342445897401957e-05	-7.604278628717589e-05	-0.9999999968343944	0.9999999997246417	1.419836778865991e-06	2.342435107337976e-05	1.418055521448759e-06	-0.9999999971077393	7.604281952514526e-05	0.2993159823607156	-1.570714478342113	0.2992187748833096	2.413438075678231e-05	-7.820933873871356e-05	-0.9999999966504154	0.9999999949842104	9.720842248715624e-05	2.412677811010344e-05	9.720653522218651e-05	-0.9999999922169109	7.821168441162237e-05	-0.1953125	0.1953125	0.04882812499999999	1440.771484375	20084920.21484375	20084920.99609375	13754600.25038763	20103327.24971456	20111487.53896028	715.13
1	125.09	3691.502463321032	4513.56126887456	4520.300489052716	4498.308688780068	6.18075050722311e-05	-0.0001991005609511	-0.9999999782693996	0.9999999980889872	1.3756812231591198e-06	6.180723239868069e-05	1.3633753389030725e-06	-0.9999999801785372	0.0001991006455976	0.2581069881028696	4.536191850067056	2.287236645505852	5.538875356525736	-1.0042363171067217	12.099991847187358	-1.2041500964627423	-6.277438717525325	1.6931808750688164	5.50347492821874	-7823.75405	20165450.209195983	13663691.000094296	246.21965079413735	-1.2697951155548	-1.5705878532929405	0.3009998417140569	0	4.34499995216127e-10	0	4.3820371046357355e-10	0.0002808510406859	2.1981876736909296	0.0061260948591266	-2.5311601220010024e-06	0	0	0	0	0	0	0.2098359012069659	0.0263855244319735	0.0015451931004345	0.5891461720423038	0.0288576376286612	0.0023154248712063	0.0781040895547566	0.0002243503867746	0.0002163905984633	0.0633693161784596	0	-296.4877115571781	-1.5710320221221237	-5.011560708737396	1679.6800506556497	-2.736116104707948e-05	2174.207373078797	563.1626081400051	-1	0	0	-1	0	0	-1	0	0	-1	0	0	12045	3.865931893308993	0.7671317849941387	1	17.065179175759397	210306956	151.79814355184558	-0.7507248024962223	-0.5390414867796238	1	3691.502463321032	24.82210904624852	0.4299274351226336	0.440509237498375	0.4471768557557052	0.4497400299549358	0.4466217834373835	0.3924605855066331	0	0.0040855735202076	-5978953.083871303	-7259203.760351969	-6055366.116591227	-0.09841158153088081	-1.331719004353727	-2.532685839621262	0	0	-4.447546283742883	1.464426396041786	0	0	0	-0	0	-0	-0	-0	-1.387646883377161e-07	success	non_bfb	success	176.4862953615486	171	8.501141506567971e-09	84.67600118819757	0	0	2.611515109271171e-09	-6898.437248442531	-6898.437248442531	-6898.437248442531	-5047.803645327594	20173649.98136326	20173649.98136326	13659374.07047476	20189906.72255196	20197107.15229948	27908.87000887956	27908.87000887956	27908.87000887956	29759.5036119945	20226367.13314606	20226367.13314606	13711366.51279472	20242623.87433441	20249824.30407859	0	0	0	3.088269815668202e-08	3.088269815668202e-08	0.001320331801940245	0.001320331801940245	0.3733895219752258	0.3733895219752258	0.001182701802285655	0.001182701802285655	0.001182701802285655	0.001182701802285655	0.001182701802285655	0.001182701802285655	0.2696678379391522	0.2696678379391522	2.862895290684748	2.862895290684748	3519.277050426251	3519.277050426251	0	764.232127162363	764.232127162363	983.4376472626685	7361.830579941749	25697.93718732538	25697.93718732538	25707.0734726066	0.2987762108063602	-1.570721750364057	0.2987747908774275	2.19516361893643e-05	-7.127250270788231e-05	-0.999999997219178	0.9999999997580556	1.420711228587575e-06	2.195153498745286e-05	1.419146683799995e-06	-0.9999999974591061	7.127253387757437e-05	0.2971490528980325	-1.570719586603193	0.2971339473923558	2.246917478102364e-05	-7.337705993983081e-05	-0.9999999970554715	0.9999999996334922	1.510633045208861e-05	2.246806638083604e-05	1.510468176695404e-05	-0.9999999971938029	7.337739933971669e-05	-0.04882812499999999	0.5371093749999999	0.2929687499999999	1242.333984375	20082056.34765625	20082056.34765625	13757042.6383993	20098195.02273102	20105352.4755884	715.9930000000001
1	125.09	3691.502463321032	4513.56126887456	4520.300489052716	4498.308688780068	6.18075050722311e-05	-0.0001991005609511	-0.9999999782693996	0.9999999980889872	1.3756812231591198e-06	6.180723239868069e-05	1.3633753389030725e-06	-0.9999999801785372	0.0001991006455976	0.2581069881028696	4.536191850067056	2.287236645505852	5.538875356525736	-1.0042363171067217	12.099991847187358	-1.2041500964627423	-6.277438717525325	1.6931808750688164	5.50347492821874	-7823.75405	20165450.209195983	13663691.000094296	246.21965079413735	-1.2697951155548	-1.5705878532929405	0.3009998417140569	0	4.34499995216127e-10	0	4.3820371046357355e-10	0.0002808510406859	2.1981876736909296	0.0061260948591266	-2.5311601220010024e-06	0	0	0	0	0	0	0.2098359012069659	0.0263855244319735	0.0015451931004345	0.5891461720423038	0.0288576376286612	0.0023154248712063	0.0781040895547566	0.0002243503867746	0.0002163905984633	0.0633693161784596	0	-296.4877115571781	-1.5710320221221237	-5.011560708737396	1679.6800506556497	-2.736116104707948e-05	2174.207373078797	563.1626081400051	-1	0	0	-1	0	0	-1	0	0	-1	0	0	12045	3.865931893308993	0.7671317849941387	1	17.065179175759397	210306956	151.79814355184558	-0.7507248024962223	-0.5390414867796238	1	3691.502463321032	24.82210904624852	0.4299274351226336	0.440509237498375	0.4471768557557052	0.4497400299549358	0.4466217834373835	0.3924605855066331	0	0.0040855735202076	-5978953.083871303	-7259203.760351969	-6055366.116591227	-0.09841158153088081	-1.331719004353727	-2.532685839621262	0	0	-4.447546283742883	1.464426396041786	0	0	0	-0	0	-0	-0	-0	-1.387646883377161e-07	success	non_bfb	success	176.4862953615486	172	1.062666712468728e-08	78.33924909356639	0	0	9.400475274705681e-09	-7031.747859614167	-7031.747859614167	-7031.747859614167	-5447.735478842502	20172468.63824137	20172468.63824137	13659996.01152516	20186383.26687111	20192546.32901715	28183.85276624052	28183.85276624052	28183.85276624052	29767.86514701218	20225804.16774933	20225804.16774933	13712598.33065161	20239718.79637878	20245881.85852191	0	0	0	2.643342050499902e-08	2.643342050499902e-08	0.001130111285929146	0.001130111285929146	0.3195952049415144	0.3195952049415144	0.001012309672983436	0.001012309672983436	0.001012309672983436	0.001012309672983436	0.001012309672983436	0.001012309672983436	0.2308167285369532	0.2308167285369532	2.450437286810624	2.450437286810624	3012.253970671336	3012.253970671336	0	654.1290232551046	654.1290232551046	841.7535520586114	7416.629646026928	25880.30906155279	25880.30906155279	25886.95620089067	0.2987317494599601	-1.570727277614768	0.2987303285188453	2.032175118685253e-05	-6.599102768075569e-05	-0.9999999976161054	0.9999999997925046	1.421611672010201e-06	2.032165741746791e-05	1.420270621564074e-06	-0.9999999978215817	6.599105655670154e-05	0.2997741091134873	-1.570725157714906	0.2996769710186439	2.101654226989436e-05	-6.799516615569733e-05	-0.999999997467481	0.999999995061317	9.713881187615328e-05	2.100993724965527e-05	9.713738305597317e-05	-0.999999992970354	6.799720734161482e-05	-0.2441406249999999	0.5859374999999999	-0.04882812499999999	1040.771484375	20079111.71875	20079111.9140625	13759554.65539294	20092919.43633337	20099044.65827367	718.159
1	125.09	3691.502463321032	4513.56126887456	4520.300489052716	4498.308688780068	6.18075050722311e-05	-0.0001991005609511	-0.9999999782693996	0.9999999980889872	1.3756812231591198e-06	6.180723239868069e-05	1.3633753389030725e-06	-0.9999999801785372	0.0001991006455976	0.2581069881028696	4.536191850067056	2.287236645505852	5.538875356525736	-1.0042363171067217	12.099991847187358	-1.2041500964627423	-6.277438717525325	1.6931808750688164	5.50347492821874	-7823.75405	20165450.209195983	13663691.000094296	246.21965079413735	-1.2697951155548	-1.5705878532929405	0.3009998417140569	0	4.34499995216127e-10	0	4.3820371046357355e-10	0.0002808510406859	2.1981876736909296	0.0061260948591266	-2.5311601220010024e-06	0	0	0	0	0	0	0.2098359012069659	0.0263855244319735	0.0015451931004345	0.5891461720423038	0.0288576376286612	0.0023154248712063	0.0781040895547566	0.0002243503867746	0.0002163905984633	0.0633693161784596	0	-296.4877115571781	-1.5710320221221237	-5.011560708737396	1679.6800506556497	-2.736116104707948e-05	2174.207373078797	563.1626081400051	-1	0	0	-1	0	0	-1	0	0	-1	0	0	12045	3.865931893308993	0.7671317849941387	1	17.065179175759397	210306956	151.79814355184558	-0.7507248024962223	-0.5390414867796238	1	3691.502463321032	24.82210904624852	0.4299274351226336	0.440509237498375	0.4471768557557052	0.4497400299549358	0.4466217834373835	0.3924605855066331	0	0.0040855735202076	-5978953.083871303	-7259203.760351969	-6055366.116591227	-0.09841158153088081	-1.331719004353727	-2.532685839621262	0	0	-4.447546283742883	1.464426396041786	0	0	0	-0	0	-0	-0	-0	-1.387646883377161e-07	success	non_bfb	success	176.4862953615486	173	6.017911627994842e-09	71.19316792296421	0	0	6.587393851779534e-09	-7169.650653658054	-7169.650653658054	-7169.650653658054	-5861.443860974161	20171246.60110718	20171246.60110718	13660639.37673793	20182738.43785946	20187828.39794393	28456.62406007927	28456.62406007927	28456.62406007927	29764.83085276316	20225204.11404133	20225204.11404133	13713855.12880383	20236695.95079336	20241785.9108754	0	0	0	2.183087750972204e-08	2.183087750972204e-08	0.0009333381977866945	0.0009333381977866945	0.2639478220555388	0.2639478220555388	0.0008360480047835178	0.0008360480047835178	0.0008360480047835178	0.0008360480047835178	0.0008360480047835178	0.0008360480047835178	0.1906273055706899	0.1906273055706899	2.023771242299174	2.023771242299174	2487.765344233955	2487.765344233955	0	540.2331710924688	540.2331710924688	695.1888305522066	7470.484937370538	26060.59358098334	26060.59358098334	26065.09663090594	0.2986856948357411	-1.570733525695907	0.2986842728460421	1.848012445127348e-05	-6.002052234402646e-05	-0.999999998028011	0.9999999998282323	1.422544388116927e-06	1.848003910269111e-05	1.421435203711804e-06	-0.9999999981977568	6.00205486225142e-05	0.2956735111542212	-1.570731579239844	0.2956720494720693	1.88664145953886e-05	-6.193790635765002e-05	-0.9999999979038771	0.9999999998209617	1.462266414819963e-06	1.886632406183572e-05	1.461097871141818e-06	-0.9999999980807788	6.193793393428519e-05	0.2929687499999999	0.9277343749999998	0.7812499999999999	835.1074218749999	20076068.65234375	20076068.5546875	13762153.68440083	20087464.55303267	20092523.36412898	718.9349999999999
1	125.09	3691.502463321032	4513.56126887456	4520.300489052716	4498.308688780068	6.18075050722311e-05	-0.0001991005609511	-0.9999999782693996	0.9999999980889872	1.3756812231591198e-06	6.180723239868069e-05	1.3633753389030725e-06	-0.9999999801785372	0.0001991006455976	0.2581069881028696	4.536191850067056	2.287236645505852	5.538875356525736	-1.0042363171067217	12.099991847187358	-1.2041500964627423	-6.277438717525325	1.6931808750688164	5.50347492821874	-7823.75405	20165450.209195983	13663691.000094296	246.21965079413735	-1.2697951155548	-1.5705878532929405	0.3009998417140569	0	4.34499995216127e-10	0	4.3820371046357355e-10	0.0002808510406859	2.1981876736909296	0.0061260948591266	-2.5311601220010024e-06	0	0	0	0	0	0	0.2098359012069659	0.0263855244319735	0.0015451931004345	0.5891461720423038	0.0288576376286612	0.0023154248712063	0.0781040895547566	0.0002243503867746	0.0002163905984633	0.0633693161784596	0	-296.4877115571781	-1.5710320221221237	-5.011560708737396	1679.6800506556497	-2.736116104707948e-05	2174.207373078797	563.1626081400051	-1	0	0	-1	0	0	-1	0	0	-1	0	0	12045	3.865931893308993	0.7671317849941387	1	17.065179175759397	210306956	151.79814355184558	-0.7507248024962223	-0.5390414867796238	1	3691.502463321032	24.82210904624852	0.4299274351226336	0.440509237498375	0.4471768557557052	0.4497400299549358	0.4466217834373835	0.3924605855066331	0	0.0040855735202076	-5978953.083871303	-7259203.760351969	-6055366.116591227	-0.09841158153088081	-1.331719004353727	-2.532685839621262	0	0	-4.447546283742883	1.464426396041786	0	0	0	-0	0	-0	-0	-0	-1.387646883377161e-07	success	non_bfb	success	176.4862953615486	174	8.543027555267037e-09	62.86432374708115	0	0	-3.747501682427021e-09	-7313.744552794123	-7313.744552794123	-7313.744552794123	-6293.72555838237	20169969.70097782	20169969.70097782	13661311.62565071	20178929.97532827	20182898.65674395	28725.58496817588	28725.58496817588	28725.58496817588	29745.60396258763	20224552.80303917	20224552.80303917	13715144.366789	20233513.07738942	20237481.7588032	0	0	0	1.702170470993231e-08	1.702170470993231e-08	0.0007277310401357196	0.0007277310401357196	0.2058021663974947	0.2058021663974947	0.0006518731211979719	0.0006518731211979719	0.0006518731211979719	0.0006518731211979719	0.0006518731211979719	0.0006518731211979719	0.1486335903643496	0.1486335903643496	1.577950152096659	1.577950152096659	1939.729956264715	1939.729956264715	0	421.2239983826204	421.2239983826204	542.0441292858269	7523.002278373459	26237.47017332519	26237.47017332519	26240.1895847939	0.2986375135503001	-1.570740826026245	0.2986360904631239	1.632934178519979e-05	-5.304420934793165e-05	-0.9999999984598323	0.9999999998656643	1.423520359683121e-06	1.632926629865222e-05	1.422654184470617e-06	-0.9999999985921428	5.304423258595642e-05	0.300322917473631	-1.570739103860192	0.3003957304139221	1.692818558574061e-05	-5.466168846892747e-05	-0.9999999983627679	0.9999999972058219	-7.281248480036184e-05	1.693216561952232e-05	-7.281341022191317e-05	-0.9999999958552206	5.466045573326954e-05	-0.09765624999999999	0.1953125	0.1953125	623.8769531249999	20072889.84375	20072889.99023437	13764870.78008501	20081768.06819553	20085711.34703193	719.567
1	125.09	3691.502463321032	4513.56126887456	4520.300489052716	4498.308688780068	6.18075050722311e-05	-0.0001991005609511	-0.9999999782693996	0.9999999980889872	1.3756812231591198e-06	6.180723239868069e-05	1.3633753389030725e-06	-0.9999999801785372	0.0001991006455976	0.2581069881028696	4.536191850067056	2.287236645505852	5.538875356525736	-1.0042363171067217	12.099991847187358	-1.2041500964627423	-6.277438717525325	1.6931808750688164	5.50347492821874	-7823.75405	20165450.209195983	13663691.000094296	246.21965079413735	-1.2697951155548	-1.5705878532929405	0.3009998417140569	0	4.34499995216127e-10	0	4.3820371046357355e-10	0.0002808510406859	2.1981876736909296	0.0061260948591266	-2.5311601220010024e-06	0	0	0	0	0	0	0.2098359012069659	0.0263855244319735	0.0015451931004345	0.5891461720423038	0.0288576376286612	0.0023154248712063	0.0781040895547566	0.0002243503867746	0.0002163905984633	0.0633693161784596	0	-296.4877115571781	-1.5710320221221237	-5.011560708737396	1679.6800506556497	-2.736116104707948e-05	2174.207373078797	563.1626081400051	-1	0	0	-1	0	0	-1	0	0	-1	0	0	12045	3.865931893308993	0.7671317849941387	1	17.065179175759397	210306956	151.79814355184558	-0.7507248024962223	-0.5390414867796238	1	3691.502463321032	24.82210904624852	0.4299274351226336	0.440509237498375	0.4471768557557052	0.4497400299549358	0.4466217834373835	0.3924605855066331	0	0.0040855735202076	-5978953.083871303	-7259203.760351969	-6055366.116591227	-0.09841158153088081	-1.331719004353727	-2.532685839621262	0	0	-4.447546283742883	1.464426396041786	0	0	0	-0	0	-0	-0	-0	-1.387646883377161e-07	success	non_bfb	success	176.4862953615486	175	4.268289823838369e-09	52.54241327340213	0	0	-5.731046672660867e-09	-7467.475398849936	-7467.475398849936	-7467.475398849936	-6754.918096549808	20168607.40223795	20168607.40223795	13662028.83433377	20174866.80422449	20177639.21625783	28987.28964870278	28987.28964870278	28987.28964870278	29699.84695100291	20223819.69912753	20223819.69912753	13716482.12067738	20230079.10111393	20232851.51314592	0	0	0	1.189089620400012e-08	1.189089620400012e-08	0.0005083729514843229	0.0005083729514843229	0.143767750697909	0.143767750697909	0.00045538068921027	0.00045538068921027	0.00045538068921027	0.00045538068921027	0.00045538068921027	0.00045538068921027	0.1038313509468337	0.1038313509468337	1.102312711529948	1.102312711529948	1355.04216333131	1355.04216333131	0	294.2555360203739	294.2555360203739	378.6571667856774	7573.342972897578	26408.09286947314	26408.09286947314	26409.41147721884	0.2985860303252466	-1.570749897141443	0.2985846060653673	1.365816913029977e-05	-4.437530117736687e-05	-0.9999999989221436	0.9999999999057134	1.424563196436323e-06	1.365810592832833e-05	1.423957112336767e-06	-0.9999999990144017	4.437532063010796e-05	0.2976221754893469	-1.570748496065928	0.2974434145201453	1.402625368964079e-05	-4.572792560960624e-05	-0.9999999988561107	0.9999999839239502	0.0001787612741616815	1.401807909793933e-05	0.0001787606329395201	-0.9999999829766817	4.573043222568634e-05	0.2441406249999999	1.025390625	-0.09765624999999999	405.8105468749999	20069504.39453125	20069503.90625	13767773.13009436	20075696.97380924	20078451.08750265	720.401
1	125.09	3691.502463321032	4513.56126887456	4520.300489052716	4498.308688780068	6.18075050722311e-05	-0.0001991005609511	-0.9999999782693996	0.9999999980889872	1.3756812231591198e-06	6.180723239868069e-05	1.3633753389030725e-06	-0.9999999801785372	0.0001991006455976	0.2581069881028696	4.536191850067056	2.287236645505852	5.538875356525736	-1.0042363171067217	12.099991847187358	-1.2041500964627423	-6.277438717525325	1.6931808750688164	5.50347492821874	-7823.75405	20165450.209195983	13663691.000094296	246.21965079413735	-1.2697951155548	-1.5705878532929405	0.3009998417140569	0	4.34499995216127e-10	0	4.3820371046357355e-10	0.0002808510406859	2.1981876736909296	0.0061260948591266	-2.5311601220010024e-06	0	0	0	0	0	0	0.2098359012069659	0.0263855244319735	0.0015451931004345	0.5891461720423038	0.0288576376286612	0.0023154248712063	0.0781040895547566	0.0002243503867746	0.0002163905984633	0.0633693161784596	0	-296.4877115571781	-1.5710320221221237	-5.011560708737396	1679.6800506556497	-2.736116104707948e-05	2174.207373078797	563.1626081400051	-1	0	0	-1	0	0	-1	0	0	-1	0	0	12045	3.865931893308993	0.7671317849941387	1	17.065179175759397	210306956	151.79814355184558	-0.7507248024962223	-0.5390414867796238	1	3691.502463321032	24.82210904624852	0.4299274351226336	0.440509237498375	0.4471768557557052	0.4497400299549358	0.4466217834373835	0.3924605855066331	0	0.0040855735202076	-5978953.083871303	-7259203.760351969	-6055366.116591227	-0.09841158153088081	-1.331719004353727	-2.532685839621262	0	0	-4.447546283742883	1.464426396041786	0	0	0	-0	0	-0	-0	-0	-1.387646883377161e-07	success	non_bfb	success	176.4862953615486	176	2.143285381404613e-09	37.48908051428145	0	0	-2.946166935840581e-09	-7642.378248436346	-7642.378248436346	-7642.378248436346	-7279.626645309039	20167057.48601942	20167057.48601942	13662844.81790294	20170244.04813628	20171655.43906705	29230.20304504914	29230.20304504914	29230.20304504914	29592.95464817645	20222902.58343825	20222902.58343825	13717922.20558473	20226089.14555503	20227500.53648511	0	0	0	6.053466362210744e-09	6.053466362210744e-09	0.0002588045937389389	0.0002588045937389389	0.07318987802851422	0.07318987802851422	0.0002318270748345594	0.0002318270748345594	0.0002318270748345594	0.0002318270748345594	0.0002318270748345594	0.0002318270748345594	0.05285889133302788	0.05285889133302788	0.5611698904275277	0.5611698904275277	689.8304395545857	689.8304395545857	0	149.8008189319156	149.8008189319156	192.768348375291	7618.735265348482	26562.9347043534	26562.9347043534	26563.27446909875	0.2985273621645597	-1.570763165215638	0.2985259365675488	9.753252291723469e-06	-3.169486628753758e-05	-0.9999999994501548	0.999999999951421	1.425751763681736e-06	9.753207107610073e-06	1.425442636302644e-06	-0.9999999994967015	3.169488019171454e-05	0.2993274398622408	-1.570762092950709	0.2990474649263814	1.009479445008774e-05	-3.271163940242825e-05	-0.999999999414022	0.9999999607561166	0.0002799750789440699	1.008563561601637e-05	0.0002799747488623352	-0.9999999602719511	3.271446440945812e-05	0.146484375	0.2929687499999999	0.3417968749999999	168.8476562499999	20065660.25390625	20065660.30273437	13771079.87543034	20068801.56303181	20070204.20606908	721.629
1	125.09	3691.502463321032	4513.56126887456	4520.300489052716	4498.308688780068	6.18075050722311e-05	-0.0001991005609511	-0.9999999782693996	0.9999999980889872	1.3756812231591198e-06	6.180723239868069e-05	1.3633753389030725e-06	-0.9999999801785372	0.0001991006455976	0.2581069881028696	4.536191850067056	2.287236645505852	5.538875356525736	-1.0042363171067217	12.099991847187358	-1.2041500964627423	-6.277438717525325	1.6931808750688164	5.50347492821874	-7823.75405	20165450.209195983	13663691.000094296	246.21965079413735	-1.2697951155548	-1.5705878532929405	0.3009998417140569	0	4.34499995216127e-10	0	4.3820371046357355e-10	0.0002808510406859	2.1981876736909296	0.0061260948591266	-2.5311601220010024e-06	0	0	0	0	0	0	0.2098359012069659	0.0263855244319735	0.0015451931004345	0.5891461720423038	0.0288576376286612	0.0023154248712063	0.0781040895547566	0.0002243503867746	0.0002163905984633	0.0633693161784596	0	-296.4877115571781	-1.5710320221221237	-5.011560708737396	1679.6800506556497	-2.736116104707948e-05	2174.207373078797	563.1626081400051	-1	0	0	-1	0	0	-1	0	0	-1	0	0	12045	3.865931893308993	0.7671317849941387	1	17.065179175759397	210306956	151.79814355184558	-0.7507248024962223	-0.5390414867796238	1	3691.502463321032	24.82210904624852	0.4299274351226336	0.440509237498375	0.4471768557557052	0.4497400299549358	0.4466217834373835	0.3924605855066331	0	0.0040855735202076	-5978953.083871303	-7259203.760351969	-6055366.116591227	-0.09841158153088081	-1.331719004353727	-2.532685839621262	0	0	-4.447546283742883	1.464426396041786	0	0	0	-0	0	-0	-0	-0	-1.387646883377161e-07	success	non_bfb	success	176.4862953615486	176.4862953615486	3.569454007477982e-09	21.45437083320591	0	0	2.30902059194482e-09	-7764.352013629091	-7764.352013629091	-7764.352013629091	-7645.547940887272	20165976.60530561	20165976.60530561	13663413.86860719	20167020.23007338	20167482.47197634	29312.27174866138	29312.27174866138	29312.27174866138	29431.0758214032	20222130.73374826	20222130.73374826	13718796.03902299	20223174.358516	20223636.60041873	0	0	0	1.982559006869063e-09	1.982559006869063e-09	8.476058965806136e-05	8.476058965806136e-05	0.02397027475082672	0.02397027475082672	7.592523485692798e-05	7.592523485692798e-05	7.592523485692798e-05	7.592523485692798e-05	7.592523485692798e-05	7.592523485692798e-05	0.01731171279972815	0.01731171279972815	0.1837876605040741	0.1837876605040741	225.9250269711463	225.9250269711463	0	49.06097515694623	49.06097515694623	63.13318724234809	7632.067373536499	26608.35769642552	26608.35769642552	26608.394078481	0.2984863481035814	-1.570777335395026	0.2984849215726521	5.584873540881441e-06	-1.815165043426931e-05	-0.9999999998196634	0.9999999999833871	1.426582220189679e-06	5.584847646983304e-06	1.426480845730197e-06	-0.9999999998342413	1.815165840124906e-05	0.3030001254458369	-1.570776712581451	0.3029986266284667	5.852587112595287e-06	-1.872070057892974e-05	-0.9999999998076413	0.9999999999817505	1.498872271333073e-06	5.852559053678985e-06	1.498762707039087e-06	-0.9999999998236444	1.872070935086863e-05	0.2929687499999999	0.5371093749999999	0.5859374999999999	24.0234375	20062994.3359375	20062994.62890625	13773393.35695473	20064014.16037172	20064474.0256423	721.877
1	125.09	3691.502463321032	4513.56126887456	4520.300489052716	4498.308688780068	6.18075050722311e-05	-0.0001991005609511	-0.9999999782693996	0.9999999980889872	1.3756812231591198e-06	6.180723239868069e-05	1.3633753389030725e-06	-0.9999999801785372	0.0001991006455976	0.2581069881028696	4.536191850067056	2.287236645505852	5.538875356525736	-1.0042363171067217	12.099991847187358	-1.2041500964627423	-6.277438717525325	1.6931808750688164	5.50347492821874	-7823.75405	20165450.209195983	13663691.000094296	246.21965079413735	-1.2697951155548	-1.5705878532929405	0.3009998417140569	0	4.34499995216127e-10	0	4.3820371046357355e-10	0.0002808510406859	2.1981876736909296	0.0061260948591266	-2.5311601220010024e-06	0	0	0	0	0	0	0.2098359012069659	0.0263855244319735	0.0015451931004345	0.5891461720423038	0.0288576376286612	0.0023154248712063	0.0781040895547566	0.0002243503867746	0.0002163905984633	0.0633693161784596	0	-296.4877115571781	-1.5710320221221237	-5.011560708737396	1679.6800506556497	-2.736116104707948e-05	2174.207373078797	563.1626081400051	-1	0	0	-1	0	0	-1	0	0	-1	0	0	12045	3.865931893308993	0.7671317849941387	1	17.065179175759397	210306956	151.79814355184558	-0.7507248024962223	-0.5390414867796238	1	3691.502463321032	24.82210904624852	0.4299274351226336	0.440509237498375	0.4471768557557052	0.4497400299549358	0.4466217834373835	0.3924605855066331	0	0.0040855735202076	-5978953.083871303	-7259203.760351969	-6055366.116591227	-0.09841158153088081	-1.331719004353727	-2.532685839621262	0	0	-4.447546283742883	1.464426396041786	0	0	0	-0	0	-0	-0	-0	-1.387646883377161e-07	success	non_bfb	success	176.4862953615486	177	3.782908856426797e-09	0.0002880676718171482	0	0	-9.443366176716833e-09	-7823.75405	-7823.75405	-7823.75405	-7823.75405	20165450.20919598	20165450.20919598	13663691.0000943	20165450.20919598	20165450.20919598	29469.0242087683	29469.0242087683	29469.0242087683	29469.0242087683	20221931.71284508	20221931.71284508	13719396.04524719	20221931.71284508	20221931.71284508	0	0	0	0	0	0	0	0	0	0	0	0	0	0	0	0	0	0	0	0	0	0	0	0	0	7662.444211256389	26714.13583084871	26714.13583084871	26714.13583084871	1.570796326794897	-1.570796326794897	0	0	0	-1	1	0	0	0	-1	0	1.570796326794897	-1.570796326794897	0	0	0	-1	1	0	0	0	-1	0	72.07031249999999	71.97265624999999	71.97265624999999	72.26562499999999	20061726.5625	20061726.5625	13774508.30078125	20061726.5625	20061726.5625	721.893
1	125.09	3691.502463321032	4513.56126887456	4520.300489052716	4498.308688780068	6.18075050722311e-05	-0.0001991005609511	-0.9999999782693996	0.9999999980889872	1.3756812231591198e-06	6.180723239868069e-05	1.3633753389030725e-06	-0.9999999801785372	0.0001991006455976	0.2581069881028696	4.536191850067056	2.287236645505852	5.538875356525736	-1.0042363171067217	12.099991847187358	-1.2041500964627423	-6.277438717525325	1.6931808750688164	5.50347492821874	-7823.75405	20165450.209195983	13663691.000094296	246.21965079413735	-1.2697951155548	-1.5705878532929405	0.3009998417140569	0	4.34499995216127e-10	0	4.3820371046357355e-10	0.0002808510406859	2.1981876736909296	0.0061260948591266	-2.5311601220010024e-06	0	0	0	0	0	0	0.2098359012069659	0.0263855244319735	0.0015451931004345	0.5891461720423038	0.0288576376286612	0.0023154248712063	0.0781040895547566	0.0002243503867746	0.0002163905984633	0.0633693161784596	0	-296.4877115571781	-1.5710320221221237	-5.011560708737396	1679.6800506556497	-2.736116104707948e-05	2174.207373078797	563.1626081400051	-1	0	0	-1	0	0	-1	0	0	-1	0	0	12045	3.865931893308993	0.7671317849941387	1	17.065179175759397	210306956	151.79814355184558	-0.7507248024962223	-0.5390414867796238	1	3691.502463321032	24.82210904624852	0.4299274351226336	0.440509237498375	0.4471768557557052	0.4497400299549358	0.4466217834373835	0.3924605855066331	0	0.0040855735202076	-5978953.083871303	-7259203.760351969	-6055366.116591227	-0.09841158153088081	-1.331719004353727	-2.532685839621262	0	0	-4.447546283742883	1.464426396041786	0	0	0	-0	0	-0	-0	-0	-1.387646883377161e-07	success	non_bfb	success	176.4862953615486	178	4.597152779652479e-09	6.137773772158699e-05	0	0	-7.762254746522447e-10	-7823.75405	-7823.75405	-7823.75405	-7823.75405	20165450.20919598	20165450.20919598	13663691.0000943	20165450.20919598	20165450.20919598	29891.60189340116	29891.60189340116	29891.60189340116	29891.60189340116	20222571.72477638	20222571.72477638	13720027.25885214	20222571.72477638	20222571.72477638	0	0	0	0	0	0	0	0	0	0	0	0	0	0	0	0	0	0	0	0	0	0	0	0	0	7749.270081695791	27016.84316973445	27016.84316973445	27016.84316973445	1.570796326794897	-1.570796326794897	0	0	0	-1	1	0	0	0	-1	0	1.570796326794897	-1.570796326794897	0	0	0	-1	1	0	0	0	-1	0	166.40625	166.40625	166.30859375	166.50390625	20061717.67578125	20061717.67578125	13774465.72265625	20061717.67578125	20061717.67578125	721.909
1	125.09	3691.502463321032	4513.56126887456	4520.300489052716	4498.308688780068	6.18075050722311e-05	-0.0001991005609511	-0.9999999782693996	0.9999999980889872	1.3756812231591198e-06	6.180723239868069e-05	1.3633753389030725e-06	-0.9999999801785372	0.0001991006455976	0.2581069881028696	4.536191850067056	2.287236645505852	5.538875356525736	-1.0042363171067217	12.099991847187358	-1.2041500964627423	-6.277438717525325	1.6931808750688164	5.50347492821874	-7823.75405	20165450.209195983	13663691.000094296	246.21965079413735	-1.2697951155548	-1.5705878532929405	0.3009998417140569	0	4.34499995216127e-10	0	4.3820371046357355e-10	0.0002808510406859	2.1981876736909296	0.0061260948591266	-2.5311601220010024e-06	0	0	0	0	0	0	0.2098359012069659	0.0263855244319735	0.0015451931004345	0.5891461720423038	0.0288576376286612	0.0023154248712063	0.0781040895547566	0.0002243503867746	0.0002163905984633	0.0633693161784596	0	-296.4877115571781	-1.5710320221221237	-5.011560708737396	1679.6800506556497	-2.736116104707948e-05	2174.207373078797	563.1626081400051	-1	0	0	-1	0	0	-1	0	0	-1	0	0	12045	3.865931893308993	0.7671317849941387	1	17.065179175759397	210306956	151.79814355184558	-0.7507248024962223	-0.5390414867796238	1	3691.502463321032	24.82210904624852	0.4299274351226336	0.440509237498375	0.4471768557557052	0.4497400299549358	0.4466217834373835	0.3924605855066331	0	0.0040855735202076	-5978953.083871303	-7259203.760351969	-6055366.116591227	-0.09841158153088081	-1.331719004353727	-2.532685839621262	0	0	-4.447546283742883	1.464426396041786	0	0	0	-0	0	-0	-0	-0	-1.387646883377161e-07	success	non_bfb	success	176.4862953615486	179	2.300926800799975e-09	0.0003855838605073741	0	0	-2.525906795436442e-09	-7823.75405	-7823.75405	-7823.75405	-7823.75405	20165450.20919598	20165450.20919598	13663691.0000943	20165450.20919598	20165450.20919598	30316.56029738406	30316.56029738406	30316.56029738406	30316.56029738406	20223215.34240869	20223215.34240869	13720662.02859006	20223215.34240869	20223215.34240869	0	0	0	0	0	0	0	0	0	0	0	0	0	0	0	0	0	0	0	0	0	0	0	0	0	7836.585111968654	27321.2559020787	27321.2559020787	27321.2559020787	1.570796326794897	-1.570796326794897	0	0	0	-1	1	0	0	0	-1	0	1.570796326794897	-1.570796326794897	0	0	0	-1	1	0	0	0	-1	0	260.9374999999999	260.8398437499999	260.8398437499999	261.0351562499999	20061708.3984375	20061708.3984375	13774422.65625	20061708.59375	20061708.59375	721.924
1	125.09	3691.502463321032	4513.56126887456	4520.300489052716	4498.308688780068	6.18075050722311e-05	-0.0001991005609511	-0.9999999782693996	0.9999999980889872	1.3756812231591198e-06	6.180723239868069e-05	1.3633753389030725e-06	-0.9999999801785372	0.0001991006455976	0.2581069881028696	4.536191850067056	2.287236645505852	5.538875356525736	-1.0042363171067217	12.099991847187358	-1.2041500964627423	-6.277438717525325	1.6931808750688164	5.50347492821874	-7823.75405	20165450.209195983	13663691.000094296	246.21965079413735	-1.2697951155548	-1.5705878532929405	0.3009998417140569	0	4.34499995216127e-10	0	4.3820371046357355e-10	0.0002808510406859	2.1981876736909296	0.0061260948591266	-2.5311601220010024e-06	0	0	0	0	0	0	0.2098359012069659	0.0263855244319735	0.0015451931004345	0.5891461720423038	0.0288576376286612	0.0023154248712063	0.0781040895547566	0.0002243503867746	0.0002163905984633	0.0633693161784596	0	-296.4877115571781	-1.5710320221221237	-5.011560708737396	1679.6800506556497	-2.736116104707948e-05	2174.207373078797	563.1626081400051	-1	0	0	-1	0	0	-1	0	0	-1	0	0	12045	3.865931893308993	0.7671317849941387	1	17.065179175759397	210306956	151.79814355184558	-0.7507248024962223	-0.5390414867796238	1	3691.502463321032	24.82210904624852	0.4299274351226336	0.440509237498375	0.4471768557557052	0.4497400299549358	0.4466217834373835	0.3924605855066331	0	0.0040855735202076	-5978953.083871303	-7259203.760351969	-6055366.116591227	-0.09841158153088081	-1.331719004353727	-2.532685839621262	0	0	-4.447546283742883	1.464426396041786	0	0	0	-0	0	-0	-0	-0	-1.387646883377161e-07	success	non_bfb	success	176.4862953615486	180	5.072713665493804e-09	0.0001189390073674135	0	0	-3.378521413764649e-09	-7823.75405	-7823.75405	-7823.75405	-7823.75405	20165450.20919598	20165450.20919598	13663691.0000943	20165450.20919598	20165450.20919598	30743.899420717	30743.899420717	30743.899420717	30743.899420717	20223862.56574202	20223862.56574202	13721300.35446098	20223862.56574202	20223862.56574202	0	0	0	0	0	0	0	0	0	0	0	0	0	0	0	0	0	0	0	0	0	0	0	0	0	7924.389302074978	27627.37402788146	27627.37402788146	27627.37402788146	1.570796326794897	-1.570796326794897	0	0	0	-1	1	0	0	0	-1	0	1.570796326794897	-1.570796326794897	0	0	0	-1	1	0	0	0	-1	0	355.7617187499999	355.6640624999999	355.6640624999999	355.9570312499999	20061699.21875	20061699.21875	13774378.7109375	20061699.4140625	20061699.4140625	721.9400000000001
1	125.09	3691.502463321032	4513.56126887456	4520.300489052716	4498.308688780068	6.18075050722311e-05	-0.0001991005609511	-0.9999999782693996	0.9999999980889872	1.3756812231591198e-06	6.180723239868069e-05	1.3633753389030725e-06	-0.9999999801785372	0.0001991006455976	0.2581069881028696	4.536191850067056	2.287236645505852	5.538875356525736	-1.0042363171067217	12.099991847187358	-1.2041500964627423	-6.277438717525325	1.6931808750688164	5.50347492821874	-7823.75405	20165450.209195983	13663691.000094296	246.21965079413735	-1.2697951155548	-1.5705878532929405	0.3009998417140569	0	4.34499995216127e-10	0	4.3820371046357355e-10	0.0002808510406859	2.1981876736909296	0.0061260948591266	-2.5311601220010024e-06	0	0	0	0	0	0	0.2098359012069659	0.0263855244319735	0.0015451931004345	0.5891461720423038	0.0288576376286612	0.0023154248712063	0.0781040895547566	0.0002243503867746	0.0002163905984633	0.0633693161784596	0	-296.4877115571781	-1.5710320221221237	-5.011560708737396	1679.6800506556497	-2.736116104707948e-05	2174.207373078797	563.1626081400051	-1	0	0	-1	0	0	-1	0	0	-1	0	0	12045	3.865931893308993	0.7671317849941387	1	17.065179175759397	210306956	151.79814355184558	-0.7507248024962223	-0.5390414867796238	1	3691.502463321032	24.82210904624852	0.4299274351226336	0.440509237498375	0.4471768557557052	0.4497400299549358	0.4466217834373835	0.3924605855066331	0	0.0040855735202076	-5978953.083871303	-7259203.760351969	-6055366.116591227	-0.09841158153088081	-1.331719004353727	-2.532685839621262	0	0	-4.447546283742883	1.464426396041786	0	0	0	-0	0	-0	-0	-0	-1.387646883377161e-07	success	non_bfb	success	176.4862953615486	181	6.801774049979143e-09	3.58960725013188e-05	0	0	-1.465626605500089e-09	-7823.75405	-7823.75405	-7823.75405	-7823.75405	20165450.20919598	20165450.20919598	13663691.0000943	20165450.20919598	20165450.20919598	31173.61926339999	31173.61926339999	31173.61926339999	31173.61926339999	20224513.39477638	20224513.39477638	13721942.23646488	20224513.39477638	20224513.39477638	0	0	0	0	0	0	0	0	0	0	0	0	0	0	0	0	0	0	0	0	0	0	0	0	0	8012.682652014765	27935.19754714274	27935.19754714274	27935.19754714274	1.570796326794897	-1.570796326794897	0	0	0	-1	1	0	0	0	-1	0	1.570796326794897	-1.570796326794897	0	0	0	-1	1	0	0	0	-1	0	451.0742187499999	450.8789062499999	450.8789062499999	451.1718749999999	20061690.0390625	20061690.0390625	13774334.66796875	20061690.0390625	20061690.0390625	721.956
1	125.09	3691.502463321032	4513.56126887456	4520.300489052716	4498.308688780068	6.18075050722311e-05	-0.0001991005609511	-0.9999999782693996	0.9999999980889872	1.3756812231591198e-06	6.180723239868069e-05	1.3633753389030725e-06	-0.9999999801785372	0.0001991006455976	0.2581069881028696	4.536191850067056	2.287236645505852	5.538875356525736	-1.0042363171067217	12.099991847187358	-1.2041500964627423	-6.277438717525325	1.6931808750688164	5.50347492821874	-7823.75405	20165450.209195983	13663691.000094296	246.21965079413735	-1.2697951155548	-1.5705878532929405	0.3009998417140569	0	4.34499995216127e-10	0	4.3820371046357355e-10	0.0002808510406859	2.1981876736909296	0.0061260948591266	-2.5311601220010024e-06	0	0	0	0	0	0	0.2098359012069659	0.0263855244319735	0.0015451931004345	0.5891461720423038	0.0288576376286612	0.0023154248712063	0.0781040895547566	0.0002243503867746	0.0002163905984633	0.0633693161784596	0	-296.4877115571781	-1.5710320221221237	-5.011560708737396	1679.6800506556497	-2.736116104707948e-05	2174.207373078797	563.1626081400051	-1	0	0	-1	0	0	-1	0	0	-1	0	0	12045	3.865931893308993	0.7671317849941387	1	17.065179175759397	210306956	151.79814355184558	-0.7507248024962223	-0.5390414867796238	1	3691.502463321032	24.82210904624852	0.4299274351226336	0.440509237498375	0.4471768557557052	0.4497400299549358	0.4466217834373835	0.3924605855066331	0	0.0040855735202076	-5978953.083871303	-7259203.760351969	-6055366.116591227	-0.09841158153088081	-1.331719004353727	-2.532685839621262	0	0	-4.447546283742883	1.464426396041786	0	0	0	-0	0	-0	-0	-0	-1.387646883377161e-07	success	non_bfb	success	176.4862953615486	182	4.470863866290502e-09	0.0001001448518110435	0	0	2.642480194040649e-09	-7823.75405	-7823.75405	-7823.75405	-7823.75405	20165450.20919598	20165450.20919598	13663691.0000943	20165450.20919598	20165450.20919598	31605.71982543303	31605.71982543303	31605.71982543303	31605.71982543303	20225167.82951175	20225167.82951175	13722587.67460177	20225167.82951175	20225167.82951175	0	0	0	0	0	0	0	0	0	0	0	0	0	0	0	0	0	0	0	0	0	0	0	0	0	8101.465161788013	28244.72645986252	28244.72645986252	28244.72645986252	1.570796326794897	-1.570796326794897	0	0	0	-1	1	0	0	0	-1	0	1.570796326794897	-1.570796326794897	0	0	0	-1	1	0	0	0	-1	0	546.9726562499999	546.9726562499999	546.9726562499999	547.1679687499999	20061680.76171875	20061680.76171875	13774289.74609375	20061680.76171875	20061680.76171875	721.972
1	125.09	3691.502463321032	4513.56126887456	4520.300489052716	4498.308688780068	6.18075050722311e-05	-0.0001991005609511	-0.9999999782693996	0.9999999980889872	1.3756812231591198e-06	6.180723239868069e-05	1.3633753389030725e-06	-0.9999999801785372	0.0001991006455976	0.2581069881028696	4.536191850067056	2.287236645505852	5.538875356525736	-1.0042363171067217	12.099991847187358	-1.2041500964627423	-6.277438717525325	1.6931808750688164	5.50347492821874	-7823.75405	20165450.209195983	13663691.000094296	246.21965079413735	-1.2697951155548	-1.5705878532929405	0.3009998417140569	0	4.34499995216127e-10	0	4.3820371046357355e-10	0.0002808510406859	2.1981876736909296	0.0061260948591266	-2.5311601220010024e-06	0	0	0	0	0	0	0.2098359012069659	0.0263855244319735	0.0015451931004345	0.5891461720423038	0.0288576376286612	0.0023154248712063	0.0781040895547566	0.0002243503867746	0.0002163905984633	0.0633693161784596	0	-296.4877115571781	-1.5710320221221237	-5.011560708737396	1679.6800506556497	-2.736116104707948e-05	2174.207373078797	563.1626081400051	-1	0	0	-1	0	0	-1	0	0	-1	0	0	12045	3.865931893308993	0.7671317849941387	1	17.065179175759397	210306956	151.79814355184558	-0.7507248024962223	-0.5390414867796238	1	3691.502463321032	24.82210904624852	0.4299274351226336	0.440509237498375	0.4471768557557052	0.4497400299549358	0.4466217834373835	0.3924605855066331	0	0.0040855735202076	-5978953.083871303	-7259203.760351969	-6055366.116591227	-0.09841158153088081	-1.331719004353727	-2.532685839621262	0	0	-4.447546283742883	1.464426396041786	0	0	0	-0	0	-0	-0	-0	-1.387646883377161e-07	success	non_bfb	success	176.4862953615486	183	3.104863641860221e-09	8.53376776503706e-05	0	0	1.226856971177344e-09	-7823.75405	-7823.75405	-7823.75405	-7823.75405	20165450.20919598	20165450.20919598	13663691.0000943	20165450.20919598	20165450.20919598	32040.2011068161	32040.2011068161	32040.2011068161	32040.2011068161	20225825.86994815	20225825.86994815	13723236.66887164	20225825.86994815	20225825.86994815	0	0	0	0	0	0	0	0	0	0	0	0	0	0	0	0	0	0	0	0	0	0	0	0	0	8190.736831394721	28555.96076604081	28555.96076604081	28555.96076604081	1.570796326794897	-1.570796326794897	0	0	0	-1	1	0	0	0	-1	0	1.570796326794897	-1.570796326794897	0	0	0	-1	1	0	0	0	-1	0	643.5546874999999	643.5546874999999	643.5546874999999	643.6523437499999	20061671.484375	20061671.484375	13774244.23828125	20061671.484375	20061671.484375	721.987
1	125.09	3691.502463321032	4513.56126887456	4520.300489052716	4498.308688780068	6.18075050722311e-05	-0.0001991005609511	-0.9999999782693996	0.9999999980889872	1.3756812231591198e-06	6.180723239868069e-05	1.3633753389030725e-06	-0.9999999801785372	0.0001991006455976	0.2581069881028696	4.536191850067056	2.287236645505852	5.538875356525736	-1.0042363171067217	12.099991847187358	-1.2041500964627423	-6.277438717525325	1.6931808750688164	5.50347492821874	-7823.75405	20165450.209195983	13663691.000094296	246.21965079413735	-1.2697951155548	-1.5705878532929405	0.3009998417140569	0	4.34499995216127e-10	0	4.3820371046357355e-10	0.0002808510406859	2.1981876736909296	0.0061260948591266	-2.5311601220010024e-06	0	0	0	0	0	0	0.2098359012069659	0.0263855244319735	0.0015451931004345	0.5891461720423038	0.0288576376286612	0.0023154248712063	0.0781040895547566	0.0002243503867746	0.0002163905984633	0.0633693161784596	0	-296.4877115571781	-1.5710320221221237	-5.011560708737396	1679.6800506556497	-2.736116104707948e-05	2174.207373078797	563.1626081400051	-1	0	0	-1	0	0	-1	0	0	-1	0	0	12045	3.865931893308993	0.7671317849941387	1	17.065179175759397	210306956	151.79814355184558	-0.7507248024962223	-0.5390414867796238	1	3691.502463321032	24.82210904624852	0.4299274351226336	0.440509237498375	0.4471768557557052	0.4497400299549358	0.4466217834373835	0.3924605855066331	0	0.0040855735202076	-5978953.083871303	-7259203.760351969	-6055366.116591227	-0.09841158153088081	-1.331719004353727	-2.532685839621262	0	0	-4.447546283742883	1.464426396041786	0	0	0	-0	0	-0	-0	-0	-1.387646883377161e-07	success	non_bfb	success	176.4862953615486	184	3.362392983483962e-09	7.504202173634546e-05	0	0	5.402114796747507e-09	-7823.75405	-7823.75405	-7823.75405	-7823.75405	20165450.20919598	20165450.20919598	13663691.0000943	20165450.20919598	20165450.20919598	32477.06310754922	32477.06310754922	32477.06310754922	32477.06310754922	20226487.51608557	20226487.51608557	13723889.21927449	20226487.51608557	20226487.51608557	0	0	0	0	0	0	0	0	0	0	0	0	0	0	0	0	0	0	0	0	0	0	0	0	0	8280.49766083489	28868.90046567762	28868.90046567762	28868.90046567762	1.570796326794897	-1.570796326794897	0	0	0	-1	1	0	0	0	-1	0	1.570796326794897	-1.570796326794897	0	0	0	-1	1	0	0	0	-1	0	740.1367187499999	740.1367187499999	740.1367187499999	740.2343749999999	20061662.01171875	20061662.01171875	13774198.4375	20061662.109375	20061662.109375	722.003
1	125.09	3691.502463321032	4513.56126887456	4520.300489052716	4498.308688780068	6.18075050722311e-05	-0.0001991005609511	-0.9999999782693996	0.9999999980889872	1.3756812231591198e-06	6.180723239868069e-05	1.3633753389030725e-06	-0.9999999801785372	0.0001991006455976	0.2581069881028696	4.536191850067056	2.287236645505852	5.538875356525736	-1.0042363171067217	12.099991847187358	-1.2041500964627423	-6.277438717525325	1.6931808750688164	5.50347492821874	-7823.75405	20165450.209195983	13663691.000094296	246.21965079413735	-1.2697951155548	-1.5705878532929405	0.3009998417140569	0	4.34499995216127e-10	0	4.3820371046357355e-10	0.0002808510406859	2.1981876736909296	0.0061260948591266	-2.5311601220010024e-06	0	0	0	0	0	0	0.2098359012069659	0.0263855244319735	0.0015451931004345	0.5891461720423038	0.0288576376286612	0.0023154248712063	0.0781040895547566	0.0002243503867746	0.0002163905984633	0.0633693161784596	0	-296.4877115571781	-1.5710320221221237	-5.011560708737396	1679.6800506556497	-2.736116104707948e-05	2174.207373078797	563.1626081400051	-1	0	0	-1	0	0	-1	0	0	-1	0	0	12045	3.865931893308993	0.7671317849941387	1	17.065179175759397	210306956	151.79814355184558	-0.7507248024962223	-0.5390414867796238	1	3691.502463321032	24.82210904624852	0.4299274351226336	0.440509237498375	0.4471768557557052	0.4497400299549358	0.4466217834373835	0.3924605855066331	0	0.0040855735202076	-5978953.083871303	-7259203.760351969	-6055366.116591227	-0.09841158153088081	-1.331719004353727	-2.532685839621262	0	0	-4.447546283742883	1.464426396041786	0	0	0	-0	0	-0	-0	-0	-1.387646883377161e-07	success	non_bfb	success	176.4862953615486	185	1.479831103397345e-09	0.0001340251065714506	0	0	-1.352917614629788e-09	-7823.75405	-7823.75405	-7823.75405	-7823.75405	20165450.20919598	20165450.20919598	13663691.0000943	20165450.20919598	20165450.20919598	32916.30582763239	32916.30582763239	32916.30582763239	32916.30582763239	20227152.76792401	20227152.76792401	13724545.32581034	20227152.76792401	20227152.76792401	0	0	0	0	0	0	0	0	0	0	0	0	0	0	0	0	0	0	0	0	0	0	0	0	0	8370.747650108522	29183.54555877293	29183.54555877293	29183.54555877293	1.570796326794897	-1.570796326794897	0	0	0	-1	1	0	0	0	-1	0	1.570796326794897	-1.570796326794897	0	0	0	-1	1	0	0	0	-1	0	837.6953124999999	837.5976562499999	837.5976562499999	837.7929687499999	20061652.734375	20061652.734375	13774152.1484375	20061652.9296875	20061652.9296875	722.019
1	125.09	3691.502463321032	4513.56126887456	4520.300489052716	4498.308688780068	6.18075050722311e-05	-0.0001991005609511	-0.9999999782693996	0.9999999980889872	1.3756812231591198e-06	6.180723239868069e-05	1.3633753389030725e-06	-0.9999999801785372	0.0001991006455976	0.2581069881028696	4.536191850067056	2.287236645505852	5.538875356525736	-1.0042363171067217	12.099991847187358	-1.2041500964627423	-6.277438717525325	1.6931808750688164	5.50347492821874	-7823.75405	20165450.209195983	13663691.000094296	246.21965079413735	-1.2697951155548	-1.5705878532929405	0.3009998417140569	0	4.34499995216127e-10	0	4.3820371046357355e-10	0.0002808510406859	2.1981876736909296	0.0061260948591266	-2.5311601220010024e-06	0	0	0	0	0	0	0.2098359012069659	0.0263855244319735	0.0015451931004345	0.5891461720423038	0.0288576376286612	0.0023154248712063	0.0781040895547566	0.0002243503867746	0.0002163905984633	0.0633693161784596	0	-296.4877115571781	-1.5710320221221237	-5.011560708737396	1679.6800506556497	-2.736116104707948e-05	2174.207373078797	563.1626081400051	-1	0	0	-1	0	0	-1	0	0	-1	0	0	12045	3.865931893308993	0.7671317849941387	1	17.065179175759397	210306956	151.79814355184558	-0.7507248024962223	-0.5390414867796238	1	3691.502463321032	24.82210904624852	0.4299274351226336	0.440509237498375	0.4471768557557052	0.4497400299549358	0.4466217834373835	0.3924605855066331	0	0.0040855735202076	-5978953.083871303	-7259203.760351969	-6055366.116591227	-0.09841158153088081	-1.331719004353727	-2.532685839621262	0	0	-4.447546283742883	1.464426396041786	0	0	0	-0	0	-0	-0	-0	-1.387646883377161e-07	success	non_bfb	success	176.4862953615486	186	4.359190299076942e-09	0.0002063085477737277	0	0	2.506173648620532e-09	-7823.75405	-7823.75405	-7823.75405	-7823.75405	20165450.20919598	20165450.20919598	13663691.0000943	20165450.20919598	20165450.20919598	33357.9292670656	33357.9292670656	33357.9292670656	33357.9292670656	20227821.62546347	20227821.62546347	13725204.98847917	20227821.62546347	20227821.62546347	0	0	0	0	0	0	0	0	0	0	0	0	0	0	0	0	0	0	0	0	0	0	0	0	0	8461.486799215616	29499.89604532676	29499.89604532676	29499.89604532676	1.570796326794897	-1.570796326794897	0	0	0	-1	1	0	0	0	-1	0	1.570796326794897	-1.570796326794897	0	0	0	-1	1	0	0	0	-1	0	935.4492187499998	935.4492187499998	935.3515624999998	935.4492187499998	20061643.359375	20061643.359375	13774105.2734375	20061643.359375	20061643.359375	722.035
1	125.09	3691.502463321032	4513.56126887456	4520.300489052716	4498.308688780068	6.18075050722311e-05	-0.0001991005609511	-0.9999999782693996	0.9999999980889872	1.3756812231591198e-06	6.180723239868069e-05	1.3633753389030725e-06	-0.9999999801785372	0.0001991006455976	0.2581069881028696	4.536191850067056	2.287236645505852	5.538875356525736	-1.0042363171067217	12.099991847187358	-1.2041500964627423	-6.277438717525325	1.6931808750688164	5.50347492821874	-7823.75405	20165450.209195983	13663691.000094296	246.21965079413735	-1.2697951155548	-1.5705878532929405	0.3009998417140569	0	4.34499995216127e-10	0	4.3820371046357355e-10	0.0002808510406859	2.1981876736909296	0.0061260948591266	-2.5311601220010024e-06	0	0	0	0	0	0	0.2098359012069659	0.0263855244319735	0.0015451931004345	0.5891461720423038	0.0288576376286612	0.0023154248712063	0.0781040895547566	0.0002243503867746	0.0002163905984633	0.0633693161784596	0	-296.4877115571781	-1.5710320221221237	-5.011560708737396	1679.6800506556497	-2.736116104707948e-05	2174.207373078797	563.1626081400051	-1	0	0	-1	0	0	-1	0	0	-1	0	0	12045	3.865931893308993	0.7671317849941387	1	17.065179175759397	210306956	151.79814355184558	-0.7507248024962223	-0.5390414867796238	1	3691.502463321032	24.82210904624852	0.4299274351226336	0.440509237498375	0.4471768557557052	0.4497400299549358	0.4466217834373835	0.3924605855066331	0	0.0040855735202076	-5978953.083871303	-7259203.760351969	-6055366.116591227	-0.09841158153088081	-1.331719004353727	-2.532685839621262	0	0	-4.447546283742883	1.464426396041786	0	0	0	-0	0	-0	-0	-0	-1.387646883377161e-07	success	non_bfb	success	176.4862953615486	187	3.587171165939928e-09	4.85181891277322e-05	0	0	9.178294291657578e-10	-7823.75405	-7823.75405	-7823.75405	-7823.75405	20165450.20919598	20165450.20919598	13663691.0000943	20165450.20919598	20165450.20919598	33801.93342584885	33801.93342584885	33801.93342584885	33801.93342584885	20228494.08870396	20228494.08870396	13725868.20728098	20228494.08870396	20228494.08870396	0	0	0	0	0	0	0	0	0	0	0	0	0	0	0	0	0	0	0	0	0	0	0	0	0	8552.71510815617	29817.9519253391	29817.9519253391	29817.9519253391	1.570796326794897	-1.570796326794897	0	0	0	-1	1	0	0	0	-1	0	1.570796326794897	-1.570796326794897	0	0	0	-1	1	0	0	0	-1	0	1033.49609375	1033.49609375	1033.3984375	1033.59375	20061633.59375	20061633.59375	13774057.6171875	20061633.69140625	20061633.69140625	722.05
1	125.09	3691.502463321032	4513.56126887456	4520.300489052716	4498.308688780068	6.18075050722311e-05	-0.0001991005609511	-0.9999999782693996	0.9999999980889872	1.3756812231591198e-06	6.180723239868069e-05	1.3633753389030725e-06	-0.9999999801785372	0.0001991006455976	0.2581069881028696	4.536191850067056	2.287236645505852	5.538875356525736	-1.0042363171067217	12.099991847187358	-1.2041500964627423	-6.277438717525325	1.6931808750688164	5.50347492821874	-7823.75405	20165450.209195983	13663691.000094296	246.21965079413735	-1.2697951155548	-1.5705878532929405	0.3009998417140569	0	4.34499995216127e-10	0	4.3820371046357355e-10	0.0002808510406859	2.1981876736909296	0.0061260948591266	-2.5311601220010024e-06	0	0	0	0	0	0	0.2098359012069659	0.0263855244319735	0.0015451931004345	0.5891461720423038	0.0288576376286612	0.0023154248712063	0.0781040895547566	0.0002243503867746	0.0002163905984633	0.0633693161784596	0	-296.4877115571781	-1.5710320221221237	-5.011560708737396	1679.6800506556497	-2.736116104707948e-05	2174.207373078797	563.1626081400051	-1	0	0	-1	0	0	-1	0	0	-1	0	0	12045	3.865931893308993	0.7671317849941387	1	17.065179175759397	210306956	151.79814355184558	-0.7507248024962223	-0.5390414867796238	1	3691.502463321032	24.82210904624852	0.4299274351226336	0.440509237498375	0.4471768557557052	0.4497400299549358	0.4466217834373835	0.3924605855066331	0	0.0040855735202076	-5978953.083871303	-7259203.760351969	-6055366.116591227	-0.09841158153088081	-1.331719004353727	-2.532685839621262	0	0	-4.447546283742883	1.464426396041786	0	0	0	-0	0	-0	-0	-0	-1.387646883377161e-07	success	non_bfb	success	176.4862953615486	188	2.226094294495722e-09	6.553849496265612e-05	0	0	6.661798518340575e-09	-7823.75405	-7823.75405	-7823.75405	-7823.75405	20165450.20919598	20165450.20919598	13663691.0000943	20165450.20919598	20165450.20919598	34248.31830398215	34248.31830398215	34248.31830398215	34248.31830398215	20229170.15764546	20229170.15764546	13726534.98221578	20229170.15764546	20229170.15764546	0	0	0	0	0	0	0	0	0	0	0	0	0	0	0	0	0	0	0	0	0	0	0	0	0	8644.432576930185	30137.71319880995	30137.71319880995	30137.71319880995	1.570796326794897	-1.570796326794897	0	0	0	-1	1	0	0	0	-1	0	1.570796326794897	-1.570796326794897	0	0	0	-1	1	0	0	0	-1	0	1132.12890625	1132.12890625	1131.93359375	1132.2265625	20061624.31640625	20061624.31640625	13774009.5703125	20061624.31640625	20061624.31640625	722.066
1	125.09	3691.502463321032	4513.56126887456	4520.300489052716	4498.308688780068	6.18075050722311e-05	-0.0001991005609511	-0.9999999782693996	0.9999999980889872	1.3756812231591198e-06	6.180723239868069e-05	1.3633753389030725e-06	-0.9999999801785372	0.0001991006455976	0.2581069881028696	4.536191850067056	2.287236645505852	5.538875356525736	-1.0042363171067217	12.099991847187358	-1.2041500964627423	-6.277438717525325	1.6931808750688164	5.50347492821874	-7823.75405	20165450.209195983	13663691.000094296	246.21965079413735	-1.2697951155548	-1.5705878532929405	0.3009998417140569	0	4.34499995216127e-10	0	4.3820371046357355e-10	0.0002808510406859	2.1981876736909296	0.0061260948591266	-2.5311601220010024e-06	0	0	0	0	0	0	0.2098359012069659	0.0263855244319735	0.0015451931004345	0.5891461720423038	0.0288576376286612	0.0023154248712063	0.0781040895547566	0.0002243503867746	0.0002163905984633	0.0633693161784596	0	-296.4877115571781	-1.5710320221221237	-5.011560708737396	1679.6800506556497	-2.736116104707948e-05	2174.207373078797	563.1626081400051	-1	0	0	-1	0	0	-1	0	0	-1	0	0	12045	3.865931893308993	0.7671317849941387	1	17.065179175759397	210306956	151.79814355184558	-0.7507248024962223	-0.5390414867796238	1	3691.502463321032	24.82210904624852	0.4299274351226336	0.440509237498375	0.4471768557557052	0.4497400299549358	0.4466217834373835	0.3924605855066331	0	0.0040855735202076	-5978953.083871303	-7259203.760351969	-6055366.116591227	-0.09841158153088081	-1.331719004353727	-2.532685839621262	0	0	-4.447546283742883	1.464426396041786	0	0	0	-0	0	-0	-0	-0	-1.387646883377161e-07	success	non_bfb	success	176.4862953615486	189	1.868658765169018e-09	3.401762977104978e-05	0	0	-2.055514316014323e-09	-7823.75405	-7823.75405	-7823.75405	-7823.75405	20165450.20919598	20165450.20919598	13663691.0000943	20165450.20919598	20165450.20919598	34697.08390146549	34697.08390146549	34697.08390146549	34697.08390146549	20229849.83228799	20229849.83228799	13727205.31328356	20229849.83228799	20229849.83228799	0	0	0	0	0	0	0	0	0	0	0	0	0	0	0	0	0	0	0	0	0	0	0	0	0	8736.639205537664	30459.17986573931	30459.17986573931	30459.17986573931	1.570796326794897	-1.570796326794897	0	0	0	-1	1	0	0	0	-1	0	1.570796326794897	-1.570796326794897	0	0	0	-1	1	0	0	0	-1	0	1231.25	1231.25	1231.25	1231.4453125	20061614.6484375	20061614.6484375	13773961.03515625	20061614.74609375	20061614.74609375	722.082
1	125.09	3691.502463321032	4513.56126887456	4520.300489052716	4498.308688780068	6.18075050722311e-05	-0.0001991005609511	-0.9999999782693996	0.9999999980889872	1.3756812231591198e-06	6.180723239868069e-05	1.3633753389030725e-06	-0.9999999801785372	0.0001991006455976	0.2581069881028696	4.536191850067056	2.287236645505852	5.538875356525736	-1.0042363171067217	12.099991847187358	-1.2041500964627423	-6.277438717525325	1.6931808750688164	5.50347492821874	-7823.75405	20165450.209195983	13663691.000094296	246.21965079413735	-1.2697951155548	-1.5705878532929405	0.3009998417140569	0	4.34499995216127e-10	0	4.3820371046357355e-10	0.0002808510406859	2.1981876736909296	0.0061260948591266	-2.5311601220010024e-06	0	0	0	0	0	0	0.2098359012069659	0.0263855244319735	0.0015451931004345	0.5891461720423038	0.0288576376286612	0.0023154248712063	0.0781040895547566	0.0002243503867746	0.0002163905984633	0.0633693161784596	0	-296.4877115571781	-1.5710320221221237	-5.011560708737396	1679.6800506556497	-2.736116104707948e-05	2174.207373078797	563.1626081400051	-1	0	0	-1	0	0	-1	0	0	-1	0	0	12045	3.865931893308993	0.7671317849941387	1	17.065179175759397	210306956	151.79814355184558	-0.7507248024962223	-0.5390414867796238	1	3691.502463321032	24.82210904624852	0.4299274351226336	0.440509237498375	0.4471768557557052	0.4497400299549358	0.4466217834373835	0.3924605855066331	0	0.0040855735202076	-5978953.083871303	-7259203.760351969	-6055366.116591227	-0.09841158153088081	-1.331719004353727	-2.532685839621262	0	0	-4.447546283742883	1.464426396041786	0	0	0	-0	0	-0	-0	-0	-1.387646883377161e-07	success	non_bfb	success	176.4862953615486	190	2.872280339829698e-09	2.137970984671185e-05	0	0	-7.222589801096968e-09	-7823.75405	-7823.75405	-7823.75405	-7823.75405	20165450.20919598	20165450.20919598	13663691.0000943	20165450.20919598	20165450.20919598	35148.23021829888	35148.23021829888	35148.23021829888	35148.23021829888	20230533.11263154	20230533.11263154	13727879.20048433	20230533.11263154	20230533.11263154	0	0	0	0	0	0	0	0	0	0	0	0	0	0	0	0	0	0	0	0	0	0	0	0	0	8829.334993978602	30782.35192612719	30782.35192612719	30782.35192612719	1.570796326794897	-1.570796326794897	0	0	0	-1	1	0	0	0	-1	0	1.570796326794897	-1.570796326794897	0	0	0	-1	1	0	0	0	-1	0	1330.56640625	1330.56640625	1330.56640625	1330.6640625	20061604.8828125	20061604.8828125	13773911.9140625	20061604.98046875	20061604.98046875	722.098
1	125.09	3691.502463321032	4513.56126887456	4520.300489052716	4498.308688780068	6.18075050722311e-05	-0.0001991005609511	-0.9999999782693996	0.9999999980889872	1.3756812231591198e-06	6.180723239868069e-05	1.3633753389030725e-06	-0.9999999801785372	0.0001991006455976	0.2581069881028696	4.536191850067056	2.287236645505852	5.538875356525736	-1.0042363171067217	12.099991847187358	-1.2041500964627423	-6.277438717525325	1.6931808750688164	5.50347492821874	-7823.75405	20165450.209195983	13663691.000094296	246.21965079413735	-1.2697951155548	-1.5705878532929405	0.3009998417140569	0	4.34499995216127e-10	0	4.3820371046357355e-10	0.0002808510406859	2.1981876736909296	0.0061260948591266	-2.5311601220010024e-06	0	0	0	0	0	0	0.2098359012069659	0.0263855244319735	0.0015451931004345	0.5891461720423038	0.0288576376286612	0.0023154248712063	0.0781040895547566	0.0002243503867746	0.0002163905984633	0.0633693161784596	0	-296.4877115571781	-1.5710320221221237	-5.011560708737396	1679.6800506556497	-2.736116104707948e-05	2174.207373078797	563.1626081400051	-1	0	0	-1	0	0	-1	0	0	-1	0	0	12045	3.865931893308993	0.7671317849941387	1	17.065179175759397	210306956	151.79814355184558	-0.7507248024962223	-0.5390414867796238	1	3691.502463321032	24.82210904624852	0.4299274351226336	0.440509237498375	0.4471768557557052	0.4497400299549358	0.4466217834373835	0.3924605855066331	0	0.0040855735202076	-5978953.083871303	-7259203.760351969	-6055366.116591227	-0.09841158153088081	-1.331719004353727	-2.532685839621262	0	0	-4.447546283742883	1.464426396041786	0	0	0	-0	0	-0	-0	-0	-1.387646883377161e-07	success	non_bfb	success	176.4862953615486	191	2.872280339829698e-09	2.137970984671185e-05	0	0	-7.222589801096968e-09	-7823.75405	-7823.75405	-7823.75405	-7823.75405	20165450.20919598	20165450.20919598	13663691.0000943	20165450.20919598	20165450.20919598	35601.75725448232	35601.75725448232	35601.75725448232	35601.75725448232	20231219.99867611	20231219.99867611	13728556.64381809	20231219.99867611	20231219.99867611	0	0	0	0	0	0	0	0	0	0	0	0	0	0	0	0	0	0	0	0	0	0	0	0	0	8922.519942253002	31107.22937997357	31107.22937997357	31107.22937997357	1.570796326794897	-1.570796326794897	0	0	0	-1	1	0	0	0	-1	0	1.570796326794897	-1.570796326794897	0	0	0	-1	1	0	0	0	-1	0	1430.56640625	1430.56640625	1430.46875	1430.6640625	20061595.01953125	20061595.01953125	13773861.81640625	20061595.01953125	20061595.01953125	722.114
1	125.09	3691.502463321032	4513.56126887456	4520.300489052716	4498.308688780068	6.18075050722311e-05	-0.0001991005609511	-0.9999999782693996	0.9999999980889872	1.3756812231591198e-06	6.180723239868069e-05	1.3633753389030725e-06	-0.9999999801785372	0.0001991006455976	0.2581069881028696	4.536191850067056	2.287236645505852	5.538875356525736	-1.0042363171067217	12.099991847187358	-1.2041500964627423	-6.277438717525325	1.6931808750688164	5.50347492821874	-7823.75405	20165450.209195983	13663691.000094296	246.21965079413735	-1.2697951155548	-1.5705878532929405	0.3009998417140569	0	4.34499995216127e-10	0	4.3820371046357355e-10	0.0002808510406859	2.1981876736909296	0.0061260948591266	-2.5311601220010024e-06	0	0	0	0	0	0	0.2098359012069659	0.0263855244319735	0.0015451931004345	0.5891461720423038	0.0288576376286612	0.0023154248712063	0.0781040895547566	0.0002243503867746	0.0002163905984633	0.0633693161784596	0	-296.4877115571781	-1.5710320221221237	-5.011560708737396	1679.6800506556497	-2.736116104707948e-05	2174.207373078797	563.1626081400051	-1	0	0	-1	0	0	-1	0	0	-1	0	0	12045	3.865931893308993	0.7671317849941387	1	17.065179175759397	210306956	151.79814355184558	-0.7507248024962223	-0.5390414867796238	1	3691.502463321032	24.82210904624852	0.4299274351226336	0.440509237498375	0.4471768557557052	0.4497400299549358	0.4466217834373835	0.3924605855066331	0	0.0040855735202076	-5978953.083871303	-7259203.760351969	-6055366.116591227	-0.09841158153088081	-1.331719004353727	-2.532685839621262	0	0	-4.447546283742883	1.464426396041786	0	0	0	-0	0	-0	-0	-0	-1.387646883377161e-07	success	non_bfb	success	176.4862953615486	192	2.872280339829698e-09	2.137970984671185e-05	0	0	-7.222589801096968e-09	-7823.75405	-7823.75405	-7823.75405	-7823.75405	20165450.20919598	20165450.20919598	13663691.0000943	20165450.20919598	20165450.20919598	36057.66501001579	36057.66501001579	36057.66501001579	36057.66501001579	20231910.4904217	20231910.4904217	13729237.64328483	20231910.4904217	20231910.4904217	0	0	0	0	0	0	0	0	0	0	0	0	0	0	0	0	0	0	0	0	0	0	0	0	0	9016.194050360864	31433.81222727846	31433.81222727846	31433.81222727846	1.570796326794897	-1.570796326794897	0	0	0	-1	1	0	0	0	-1	0	1.570796326794897	-1.570796326794897	0	0	0	-1	1	0	0	0	-1	0	1531.25	1531.25	1531.25	1531.25	20061585.3515625	20061585.3515625	13773811.71875	20061585.3515625	20061585.3515625	722.13
1	125.09	3691.502463321032	4513.56126887456	4520.300489052716	4498.308688780068	6.18075050722311e-05	-0.0001991005609511	-0.9999999782693996	0.9999999980889872	1.3756812231591198e-06	6.180723239868069e-05	1.3633753389030725e-06	-0.9999999801785372	0.0001991006455976	0.2581069881028696	4.536191850067056	2.287236645505852	5.538875356525736	-1.0042363171067217	12.099991847187358	-1.2041500964627423	-6.277438717525325	1.6931808750688164	5.50347492821874	-7823.75405	20165450.209195983	13663691.000094296	246.21965079413735	-1.2697951155548	-1.5705878532929405	0.3009998417140569	0	4.34499995216127e-10	0	4.3820371046357355e-10	0.0002808510406859	2.1981876736909296	0.0061260948591266	-2.5311601220010024e-06	0	0	0	0	0	0	0.2098359012069659	0.0263855244319735	0.0015451931004345	0.5891461720423038	0.0288576376286612	0.0023154248712063	0.0781040895547566	0.0002243503867746	0.0002163905984633	0.0633693161784596	0	-296.4877115571781	-1.5710320221221237	-5.011560708737396	1679.6800506556497	-2.736116104707948e-05	2174.207373078797	563.1626081400051	-1	0	0	-1	0	0	-1	0	0	-1	0	0	12045	3.865931893308993	0.7671317849941387	1	17.065179175759397	210306956	151.79814355184558	-0.7507248024962223	-0.5390414867796238	1	3691.502463321032	24.82210904624852	0.4299274351226336	0.440509237498375	0.4471768557557052	0.4497400299549358	0.4466217834373835	0.3924605855066331	0	0.0040855735202076	-5978953.083871303	-7259203.760351969	-6055366.116591227	-0.09841158153088081	-1.331719004353727	-2.532685839621262	0	0	-4.447546283742883	1.464426396041786	0	0	0	-0	0	-0	-0	-0	-1.387646883377161e-07	success	non_bfb	success	176.4862953615486	193	2.872280339829698e-09	2.137970984671185e-05	0	0	-7.222589801096968e-09	-7823.75405	-7823.75405	-7823.75405	-7823.75405	20165450.20919598	20165450.20919598	13663691.0000943	20165450.20919598	20165450.20919598	36515.95348489931	36515.95348489931	36515.95348489931	36515.95348489931	20232604.58786831	20232604.58786831	13729922.19888456	20232604.58786831	20232604.58786831	0	0	0	0	0	0	0	0	0	0	0	0	0	0	0	0	0	0	0	0	0	0	0	0	0	9110.357318302187	31762.10046804187	31762.10046804187	31762.10046804187	1.570796326794897	-1.570796326794897	0	0	0	-1	1	0	0	0	-1	0	1.570796326794897	-1.570796326794897	0	0	0	-1	1	0	0	0	-1	0	1631.93359375	1631.8359375	1631.8359375	1632.03125	20061575.09765625	20061575.09765625	13773760.7421875	20061575.09765625	20061575.09765625	722.145
1	125.09	3691.502463321032	4513.56126887456	4520.300489052716	4498.308688780068	6.18075050722311e-05	-0.0001991005609511	-0.9999999782693996	0.9999999980889872	1.3756812231591198e-06	6.180723239868069e-05	1.3633753389030725e-06	-0.9999999801785372	0.0001991006455976	0.2581069881028696	4.536191850067056	2.287236645505852	5.538875356525736	-1.0042363171067217	12.099991847187358	-1.2041500964627423	-6.277438717525325	1.6931808750688164	5.50347492821874	-7823.75405	20165450.209195983	13663691.000094296	246.21965079413735	-1.2697951155548	-1.5705878532929405	0.3009998417140569	0	4.34499995216127e-10	0	4.3820371046357355e-10	0.0002808510406859	2.1981876736909296	0.0061260948591266	-2.5311601220010024e-06	0	0	0	0	0	0	0.2098359012069659	0.0263855244319735	0.0015451931004345	0.5891461720423038	0.0288576376286612	0.0023154248712063	0.0781040895547566	0.0002243503867746	0.0002163905984633	0.0633693161784596	0	-296.4877115571781	-1.5710320221221237	-5.011560708737396	1679.6800506556497	-2.736116104707948e-05	2174.207373078797	563.1626081400051	-1	0	0	-1	0	0	-1	0	0	-1	0	0	12045	3.865931893308993	0.7671317849941387	1	17.065179175759397	210306956	151.79814355184558	-0.7507248024962223	-0.5390414867796238	1	3691.502463321032	24.82210904624852	0.4299274351226336	0.440509237498375	0.4471768557557052	0.4497400299549358	0.4466217834373835	0.3924605855066331	0	0.0040855735202076	-5978953.083871303	-7259203.760351969	-6055366.116591227	-0.09841158153088081	-1.331719004353727	-2.532685839621262	0	0	-4.447546283742883	1.464426396041786	0	0	0	-0	0	-0	-0	-0	-1.387646883377161e-07	success	non_bfb	success	176.4862953615486	194	2.872280339829698e-09	2.137970984671185e-05	0	0	-7.222589801096968e-09	-7823.75405	-7823.75405	-7823.75405	-7823.75405	20165450.20919598	20165450.20919598	13663691.0000943	20165450.20919598	20165450.20919598	36976.62267913287	36976.62267913287	36976.62267913287	36976.62267913287	20233302.29101594	20233302.29101594	13730610.31061727	20233302.29101594	20233302.29101594	0	0	0	0	0	0	0	0	0	0	0	0	0	0	0	0	0	0	0	0	0	0	0	0	0	9205.009746076972	32092.09410226379	32092.09410226379	32092.09410226379	1.570796326794897	-1.570796326794897	0	0	0	-1	1	0	0	0	-1	0	1.570796326794897	-1.570796326794897	0	0	0	-1	1	0	0	0	-1	0	1733.203125	1733.203125	1733.203125	1733.30078125	20061565.4296875	20061565.4296875	13773709.47265625	20061565.52734375	20061565.52734375	722.1609999999999
1	125.09	3691.502463321032	4513.56126887456	4520.300489052716	4498.308688780068	6.18075050722311e-05	-0.0001991005609511	-0.9999999782693996	0.9999999980889872	1.3756812231591198e-06	6.180723239868069e-05	1.3633753389030725e-06	-0.9999999801785372	0.0001991006455976	0.2581069881028696	4.536191850067056	2.287236645505852	5.538875356525736	-1.0042363171067217	12.099991847187358	-1.2041500964627423	-6.277438717525325	1.6931808750688164	5.50347492821874	-7823.75405	20165450.209195983	13663691.000094296	246.21965079413735	-1.2697951155548	-1.5705878532929405	0.3009998417140569	0	4.34499995216127e-10	0	4.3820371046357355e-10	0.0002808510406859	2.1981876736909296	0.0061260948591266	-2.5311601220010024e-06	0	0	0	0	0	0	0.2098359012069659	0.0263855244319735	0.0015451931004345	0.5891461720423038	0.0288576376286612	0.0023154248712063	0.0781040895547566	0.0002243503867746	0.0002163905984633	0.0633693161784596	0	-296.4877115571781	-1.5710320221221237	-5.011560708737396	1679.6800506556497	-2.736116104707948e-05	2174.207373078797	563.1626081400051	-1	0	0	-1	0	0	-1	0	0	-1	0	0	12045	3.865931893308993	0.7671317849941387	1	17.065179175759397	210306956	151.79814355184558	-0.7507248024962223	-0.5390414867796238	1	3691.502463321032	24.82210904624852	0.4299274351226336	0.440509237498375	0.4471768557557052	0.4497400299549358	0.4466217834373835	0.3924605855066331	0	0.0040855735202076	-5978953.083871303	-7259203.760351969	-6055366.116591227	-0.09841158153088081	-1.331719004353727	-2.532685839621262	0	0	-4.447546283742883	1.464426396041786	0	0	0	-0	0	-0	-0	-0	-1.387646883377161e-07	success	non_bfb	success	176.4862953615486	195	4.64309839225603e-09	1.149512265638466e-05	0	0	-5.30641396477455e-10	-7823.75405	-7823.75405	-7823.75405	-7823.75405	20165450.20919598	20165450.20919598	13663691.0000943	20165450.20919598	20165450.20919598	37439.67259271648	37439.67259271648	37439.67259271648	37439.67259271648	20234003.5998646	20234003.5998646	13731301.97848297	20234003.5998646	20234003.5998646	0	0	0	0	0	0	0	0	0	0	0	0	0	0	0	0	0	0	0	0	0	0	0	0	0	9300.151333685217	32423.79312994422	32423.79312994422	32423.79312994422	1.570796326794897	-1.570796326794897	0	0	0	-1	1	0	0	0	-1	0	1.570796326794897	-1.570796326794897	0	0	0	-1	1	0	0	0	-1	0	1835.15625	1835.05859375	1835.05859375	1835.15625	20061555.46875	20061555.46875	13773657.6171875	20061555.46875	20061555.46875	722.177
1	125.09	3691.502463321032	4513.56126887456	4520.300489052716	4498.308688780068	6.18075050722311e-05	-0.0001991005609511	-0.9999999782693996	0.9999999980889872	1.3756812231591198e-06	6.180723239868069e-05	1.3633753389030725e-06	-0.9999999801785372	0.0001991006455976	0.2581069881028696	4.536191850067056	2.287236645505852	5.538875356525736	-1.0042363171067217	12.099991847187358	-1.2041500964627423	-6.277438717525325	1.6931808750688164	5.50347492821874	-7823.75405	20165450.209195983	13663691.000094296	246.21965079413735	-1.2697951155548	-1.5705878532929405	0.3009998417140569	0	4.34499995216127e-10	0	4.3820371046357355e-10	0.0002808510406859	2.1981876736909296	0.0061260948591266	-2.5311601220010024e-06	0	0	0	0	0	0	0.2098359012069659	0.0263855244319735	0.0015451931004345	0.5891461720423038	0.0288576376286612	0.0023154248712063	0.0781040895547566	0.0002243503867746	0.0002163905984633	0.0633693161784596	0	-296.4877115571781	-1.5710320221221237	-5.011560708737396	1679.6800506556497	-2.736116104707948e-05	2174.207373078797	563.1626081400051	-1	0	0	-1	0	0	-1	0	0	-1	0	0	12045	3.865931893308993	0.7671317849941387	1	17.065179175759397	210306956	151.79814355184558	-0.7507248024962223	-0.5390414867796238	1	3691.502463321032	24.82210904624852	0.4299274351226336	0.440509237498375	0.4471768557557052	0.4497400299549358	0.4466217834373835	0.3924605855066331	0	0.0040855735202076	-5978953.083871303	-7259203.760351969	-6055366.116591227	-0.09841158153088081	-1.331719004353727	-2.532685839621262	0	0	-4.447546283742883	1.464426396041786	0	0	0	-0	0	-0	-0	-0	-1.387646883377161e-07	success	non_bfb	success	176.4862953615486	196	5.420888933937972e-09	8.124467260574524e-05	0	0	-1.359016192507836e-09	-7823.75405	-7823.75405	-7823.75405	-7823.75405	20165450.20919598	20165450.20919598	13663691.0000943	20165450.20919598	20165450.20919598	37905.10322565013	37905.10322565013	37905.10322565013	37905.10322565013	20234708.51441427	20234708.51441427	13731997.20248166	20234708.51441427	20234708.51441427	0	0	0	0	0	0	0	0	0	0	0	0	0	0	0	0	0	0	0	0	0	0	0	0	0	9395.782081126925	32757.19755108316	32757.19755108316	32757.19755108316	1.570796326794897	-1.570796326794897	0	0	0	-1	1	0	0	0	-1	0	1.570796326794897	-1.570796326794897	0	0	0	-1	1	0	0	0	-1	0	1936.81640625	1936.81640625	1936.81640625	1937.01171875	20061544.921875	20061544.921875	13773605.078125	20061545.1171875	20061545.1171875	722.193
1	125.09	3691.502463321032	4513.56126887456	4520.300489052716	4498.308688780068	6.18075050722311e-05	-0.0001991005609511	-0.9999999782693996	0.9999999980889872	1.3756812231591198e-06	6.180723239868069e-05	1.3633753389030725e-06	-0.9999999801785372	0.0001991006455976	0.2581069881028696	4.536191850067056	2.287236645505852	5.538875356525736	-1.0042363171067217	12.099991847187358	-1.2041500964627423	-6.277438717525325	1.6931808750688164	5.50347492821874	-7823.75405	20165450.209195983	13663691.000094296	246.21965079413735	-1.2697951155548	-1.5705878532929405	0.3009998417140569	0	4.34499995216127e-10	0	4.3820371046357355e-10	0.0002808510406859	2.1981876736909296	0.0061260948591266	-2.5311601220010024e-06	0	0	0	0	0	0	0.2098359012069659	0.0263855244319735	0.0015451931004345	0.5891461720423038	0.0288576376286612	0.0023154248712063	0.0781040895547566	0.0002243503867746	0.0002163905984633	0.0633693161784596	0	-296.4877115571781	-1.5710320221221237	-5.011560708737396	1679.6800506556497	-2.736116104707948e-05	2174.207373078797	563.1626081400051	-1	0	0	-1	0	0	-1	0	0	-1	0	0	12045	3.865931893308993	0.7671317849941387	1	17.065179175759397	210306956	151.79814355184558	-0.7507248024962223	-0.5390414867796238	1	3691.502463321032	24.82210904624852	0.4299274351226336	0.440509237498375	0.4471768557557052	0.4497400299549358	0.4466217834373835	0.3924605855066331	0	0.0040855735202076	-5978953.083871303	-7259203.760351969	-6055366.116591227	-0.09841158153088081	-1.331719004353727	-2.532685839621262	0	0	-4.447546283742883	1.464426396041786	0	0	0	-0	0	-0	-0	-0	-1.387646883377161e-07	success	non_bfb	success	176.4862953615486	197	2.806604054641668e-09	3.107432049077125e-05	0	0	1.219864879789723e-09	-7823.75405	-7823.75405	-7823.75405	-7823.75405	20165450.20919598	20165450.20919598	13663691.0000943	20165450.20919598	20165450.20919598	38372.91457793383	38372.91457793383	38372.91457793383	38372.91457793383	20235417.03466497	20235417.03466497	13732695.98261333	20235417.03466497	20235417.03466497	0	0	0	0	0	0	0	0	0	0	0	0	0	0	0	0	0	0	0	0	0	0	0	0	0	9491.901988402093	33092.30736568061	33092.30736568061	33092.30736568061	1.570796326794897	-1.570796326794897	0	0	0	-1	1	0	0	0	-1	0	1.570796326794897	-1.570796326794897	0	0	0	-1	1	0	0	0	-1	0	2039.6484375	2039.55078125	2039.55078125	2039.74609375	20061534.765625	20061534.765625	13773551.85546875	20061534.765625	20061534.765625	722.2089999999999
1	125.09	3691.502463321032	4513.56126887456	4520.300489052716	4498.308688780068	6.18075050722311e-05	-0.0001991005609511	-0.9999999782693996	0.9999999980889872	1.3756812231591198e-06	6.180723239868069e-05	1.3633753389030725e-06	-0.9999999801785372	0.0001991006455976	0.2581069881028696	4.536191850067056	2.287236645505852	5.538875356525736	-1.0042363171067217	12.099991847187358	-1.2041500964627423	-6.277438717525325	1.6931808750688164	5.50347492821874	-7823.75405	20165450.209195983	13663691.000094296	246.21965079413735	-1.2697951155548	-1.5705878532929405	0.3009998417140569	0	4.34499995216127e-10	0	4.3820371046357355e-10	0.0002808510406859	2.1981876736909296	0.0061260948591266	-2.5311601220010024e-06	0	0	0	0	0	0	0.2098359012069659	0.0263855244319735	0.0015451931004345	0.5891461720423038	0.0288576376286612	0.0023154248712063	0.0781040895547566	0.0002243503867746	0.0002163905984633	0.0633693161784596	0	-296.4877115571781	-1.5710320221221237	-5.011560708737396	1679.6800506556497	-2.736116104707948e-05	2174.207373078797	563.1626081400051	-1	0	0	-1	0	0	-1	0	0	-1	0	0	12045	3.865931893308993	0.7671317849941387	1	17.065179175759397	210306956	151.79814355184558	-0.7507248024962223	-0.5390414867796238	1	3691.502463321032	24.82210904624852	0.4299274351226336	0.440509237498375	0.4471768557557052	0.4497400299549358	0.4466217834373835	0.3924605855066331	0	0.0040855735202076	-5978953.083871303	-7259203.760351969	-6055366.116591227	-0.09841158153088081	-1.331719004353727	-2.532685839621262	0	0	-4.447546283742883	1.464426396041786	0	0	0	-0	0	-0	-0	-0	-1.387646883377161e-07	success	non_bfb	success	176.4862953615486	198	8.08825733402379e-09	1.90969268938011e-05	0	0	2.28309347552371e-09	-7823.75405	-7823.75405	-7823.75405	-7823.75405	20165450.20919598	20165450.20919598	13663691.0000943	20165450.20919598	20165450.20919598	38843.10664956758	38843.10664956758	38843.10664956758	38843.10664956758	20236129.16061669	20236129.16061669	13733398.31887798	20236129.16061669	20236129.16061669	0	0	0	0	0	0	0	0	0	0	0	0	0	0	0	0	0	0	0	0	0	0	0	0	0	9588.511055510724	33429.12257373657	33429.12257373657	33429.12257373657	1.570796326794897	-1.570796326794897	0	0	0	-1	1	0	0	0	-1	0	1.570796326794897	-1.570796326794897	0	0	0	-1	1	0	0	0	-1	0	2142.7734375	2142.7734375	2142.7734375	2142.87109375	20061524.51171875	20061524.51171875	13773498.14453125	20061524.51171875	20061524.51171875	722.224
1	125.09	3691.502463321032	4513.56126887456	4520.300489052716	4498.308688780068	6.18075050722311e-05	-0.0001991005609511	-0.9999999782693996	0.9999999980889872	1.3756812231591198e-06	6.180723239868069e-05	1.3633753389030725e-06	-0.9999999801785372	0.0001991006455976	0.2581069881028696	4.536191850067056	2.287236645505852	5.538875356525736	-1.0042363171067217	12.099991847187358	-1.2041500964627423	-6.277438717525325	1.6931808750688164	5.50347492821874	-7823.75405	20165450.209195983	13663691.000094296	246.21965079413735	-1.2697951155548	-1.5705878532929405	0.3009998417140569	0	4.34499995216127e-10	0	4.3820371046357355e-10	0.0002808510406859	2.1981876736909296	0.0061260948591266	-2.5311601220010024e-06	0	0	0	0	0	0	0.2098359012069659	0.0263855244319735	0.0015451931004345	0.5891461720423038	0.0288576376286612	0.0023154248712063	0.0781040895547566	0.0002243503867746	0.0002163905984633	0.0633693161784596	0	-296.4877115571781	-1.5710320221221237	-5.011560708737396	1679.6800506556497	-2.736116104707948e-05	2174.207373078797	563.1626081400051	-1	0	0	-1	0	0	-1	0	0	-1	0	0	12045	3.865931893308993	0.7671317849941387	1	17.065179175759397	210306956	151.79814355184558	-0.7507248024962223	-0.5390414867796238	1	3691.502463321032	24.82210904624852	0.4299274351226336	0.440509237498375	0.4471768557557052	0.4497400299549358	0.4466217834373835	0.3924605855066331	0	0.0040855735202076	-5978953.083871303	-7259203.760351969	-6055366.116591227	-0.09841158153088081	-1.331719004353727	-2.532685839621262	0	0	-4.447546283742883	1.464426396041786	0	0	0	-0	0	-0	-0	-0	-1.387646883377161e-07	success	non_bfb	success	176.4862953615486	199	8.08825733402379e-09	1.90969268938011e-05	0	0	2.28309347552371e-09	-7823.75405	-7823.75405	-7823.75405	-7823.75405	20165450.20919598	20165450.20919598	13663691.0000943	20165450.20919598	20165450.20919598	39315.67944055136	39315.67944055136	39315.67944055136	39315.67944055136	20236844.89226943	20236844.89226943	13734104.21127562	20236844.89226943	20236844.89226943	0	0	0	0	0	0	0	0	0	0	0	0	0	0	0	0	0	0	0	0	0	0	0	0	0	9685.609282452815	33767.64317525104	33767.64317525104	33767.64317525104	1.570796326794897	-1.570796326794897	0	0	0	-1	1	0	0	0	-1	0	1.570796326794897	-1.570796326794897	0	0	0	-1	1	0	0	0	-1	0	2246.19140625	2246.19140625	2246.19140625	2246.38671875	20061514.0625	20061514.0625	13773443.9453125	20061514.0625	20061514.0625	722.24
