Temp	x_i	v	E	GG	Gf	L1	L2	L3	L4	L5	L6	L7	L8	MB	MC	MD	ME	MM	MS	MT	MTA	MU	MZ	Mnue	Mnum	Mnut	Pi	Ti	Tr	WH1	WH2	WH3	WHc	WHsm	WT	WW	WZ	aEWM1	aS	alph1	alph2	alph3	m22sq	mG0	mGch	mH1	mH2	mHc	mHsm	mssq	Mnue	Mnum	Mnut	Me	MM	MTA	MU	MC	MT	MD	MS	MB	MZ	THMZ	MW	THMW	mHsm	sign_mHsmsq	THmHsm	mG0	sign_mG0sq	THmG0	mGch	sign_mGchsq	THmGch	mH1	THmH1	THmH2	mH3	THmH3	mHc	THmHc	RR1x1	RR1x2	RR1x3	RR2x1	RR2x2	RR2x3	RR3x1	RR3x2	RR3x3	alph1	alph2	alph3	yu1	yu2	yu3	yd1	yd2	yd3	yl1	yl2	yl3	
0	inf	246.2198247850778	2.71828	1.21358	1.16637e-05	0.2581069881028696	3.71839689095135	-0.132763631017867	4.952378749000896	1.642829253100163	9.765760479361596	-0.1936625602231952	-4.468564700985716	4.920003476714489	1.510001067040423	0.1000000706649286	0.0005109992890970277	0.1056584461634128	0.1000000706649286	172.5001218970019	1.776821255588585	0.1000000706649286	91.18766443765244	0	0	0	3.14159	-2781.290891454129	1415.297231109924	0	1	1	1	1	2	2.085	2.4952	0.00775795	0.1172	1.10013787258126	-1.569751514270996	1.096864792079864	798953356.7082959	0	0	7978.295896489747	28265.69144901838	28267.47729265574	124.202393070522	63659878.57596757	0	0	0	0.0005109992890970277	0.1056584461634128	1.776821255588585	0.1000000706649286	1.510001067040423	172.5001218970019	0.1000000706649286	0.1000000706649286	4.920003476714489	91.18766443765244	91.18766443765244	80.38505680400287	80.38505680400287	124.202393070522	1	125.0901325921153	0	1	0	0	1	0	7978.295896489747	7978.295898888627	28267.47757408921	28265.69144944588	28269.23085516553	28267.47729265574	28265.69178993671	0.000473794438563466	0.0009312097739042447	-0.9999994541834446	-0.003273294889023031	0.9999942106252266	0.0009296540212882293	0.999994530514742	0.003272852637499415	0.0004768398197834071	1.10013787258126	-1.569751514270996	1.096864792079864	0.0005743707124154402	0.008672997757473147	0.990789478916634	0.0005743707124154402	0.0005743707124154402	0.02825903905083965	2.935028183188861e-06	0.0006068707411111021	0.01020553369234002	
1	7978.295896489747	246.2198247850778	2.71828	1.21358	1.16637e-05	0.2581069881028696	3.71839689095135	-0.132763631017867	4.952378749000896	1.642829253100163	9.765760479361596	-0.1936625602231952	-4.468564700985716	4.920003476714489	1.510001067040423	0.1000000706649286	0.0005109992890970277	0.1056584461634128	0.1000000706649286	172.5001218970019	1.776821255588585	0.1000000706649286	91.18766443765244	0	0	0	3.14159	-2781.290891454129	1415.297231109924	0	1	1	1	1	2	2.085	2.4952	0.00775795	0.1172	1.10013787258126	-1.569751514270996	1.096864792079864	798953356.7082959	0	0	7978.295896489747	28265.69144901838	28267.47729265574	124.202393070522	63659878.57596757	0	0	0	0.0005109992890970277	0.1056584461634128	1.776821255588585	0.1000000706649286	1.510001067040423	172.5001218970019	0.1000000706649286	0.1000000706649286	4.920003476714489	91.18766443765244	91.18766443765244	80.38505680400287	80.38505680400287	124.202393070522	1	125.0901325921153	0	1	0	0	1	0	7978.295896489747	7978.295898888627	28267.47757408921	28265.69144944588	28269.23085516553	28267.47729265574	28265.69178993671	0.000473794438563466	0.0009312097739042447	-0.9999994541834446	-0.003273294889023031	0.9999942106252266	0.0009296540212882293	0.999994530514742	0.003272852637499415	0.0004768398197834071	1.10013787258126	-1.569751514270996	1.096864792079864	0.0005743707124154402	0.008672997757473147	0.990789478916634	0.0005743707124154402	0.0005743707124154402	0.02825903905083965	2.935028183188861e-06	0.0006068707411111021	0.01020553369234002	
2	3989.147948244874	246.2198247850778	2.71828	1.21358	1.16637e-05	0.2581069881028696	3.71839689095135	-0.132763631017867	4.952378749000896	1.642829253100163	9.765760479361596	-0.1936625602231952	-4.468564700985716	4.920003476714489	1.510001067040423	0.1000000706649286	0.0005109992890970277	0.1056584461634128	0.1000000706649286	172.5001218970019	1.776821255588585	0.1000000706649286	91.18766443765244	0	0	0	3.14159	-2781.290891454129	1415.297231109924	0	1	1	1	1	2	2.085	2.4952	0.00775795	0.1172	1.10013787258126	-1.569751514270996	1.096864792079864	798953356.7082959	0	0	7978.295896489747	28265.69144901838	28267.47729265574	124.202393070522	63659878.57596757	0	0	0	0.0005109992890970277	0.1056584461634128	1.776821255588585	0.1000000706649286	1.510001067040423	172.5001218970019	0.1000000706649286	0.1000000706649286	4.920003476714489	91.18766443765244	91.18766443765244	80.38505680400287	80.38505680400287	124.202393070522	1	125.0901325921153	0	1	0	0	1	0	7978.295896489747	7978.295898888627	28267.47757408921	28265.69144944588	28269.23085516553	28267.47729265574	28265.69178993671	0.000473794438563466	0.0009312097739042447	-0.9999994541834446	-0.003273294889023031	0.9999942106252266	0.0009296540212882293	0.999994530514742	0.003272852637499415	0.0004768398197834071	1.10013787258126	-1.569751514270996	1.096864792079864	0.0005743707124154402	0.008672997757473147	0.990789478916634	0.0005743707124154402	0.0005743707124154402	0.02825903905083965	2.935028183188861e-06	0.0006068707411111021	0.01020553369234002	
3	2659.431965496583	246.2198247850778	2.71828	1.21358	1.16637e-05	0.2581069881028696	3.71839689095135	-0.132763631017867	4.952378749000896	1.642829253100163	9.765760479361596	-0.1936625602231952	-4.468564700985716	4.920003476714489	1.510001067040423	0.1000000706649286	0.0005109992890970277	0.1056584461634128	0.1000000706649286	172.5001218970019	1.776821255588585	0.1000000706649286	91.18766443765244	0	0	0	3.14159	-2781.290891454129	1415.297231109924	0	1	1	1	1	2	2.085	2.4952	0.00775795	0.1172	1.10013787258126	-1.569751514270996	1.096864792079864	798953356.7082959	0	0	7978.295896489747	28265.69144901838	28267.47729265574	124.202393070522	63659878.57596757	0	0	0	0.0005109992890970277	0.1056584461634128	1.776821255588585	0.1000000706649286	1.510001067040423	172.5001218970019	0.1000000706649286	0.1000000706649286	4.920003476714489	91.18766443765244	91.18766443765244	80.38505680400287	80.38505680400287	124.202393070522	1	125.0901325921153	0	1	0	0	1	0	7978.295896489747	7978.295898888627	28267.47757408921	28265.69144944588	28269.23085516553	28267.47729265574	28265.69178993671	0.000473794438563466	0.0009312097739042447	-0.9999994541834446	-0.003273294889023031	0.9999942106252266	0.0009296540212882293	0.999994530514742	0.003272852637499415	0.0004768398197834071	1.10013787258126	-1.569751514270996	1.096864792079864	0.0005743707124154402	0.008672997757473147	0.990789478916634	0.0005743707124154402	0.0005743707124154402	0.02825903905083965	2.935028183188861e-06	0.0006068707411111021	0.01020553369234002	
4	1994.573974122437	246.2198247850778	2.71828	1.21358	1.16637e-05	0.2581069881028696	3.71839689095135	-0.132763631017867	4.952378749000896	1.642829253100163	9.765760479361596	-0.1936625602231952	-4.468564700985716	4.920003476714489	1.510001067040423	0.1000000706649286	0.0005109992890970277	0.1056584461634128	0.1000000706649286	172.5001218970019	1.776821255588585	0.1000000706649286	91.18766443765244	0	0	0	3.14159	-2781.290891454129	1415.297231109924	0	1	1	1	1	2	2.085	2.4952	0.00775795	0.1172	1.10013787258126	-1.569751514270996	1.096864792079864	798953356.7082959	0	0	7978.295896489747	28265.69144901838	28267.47729265574	124.202393070522	63659878.57596757	0	0	0	0.0005109992890970277	0.1056584461634128	1.776821255588585	0.1000000706649286	1.510001067040423	172.5001218970019	0.1000000706649286	0.1000000706649286	4.920003476714489	91.18766443765244	91.18766443765244	80.38505680400287	80.38505680400287	124.202393070522	1	125.0901325921153	0	1	0	0	1	0	7978.295896489747	7978.295898888627	28267.47757408921	28265.69144944588	28269.23085516553	28267.47729265574	28265.69178993671	0.000473794438563466	0.0009312097739042447	-0.9999994541834446	-0.003273294889023031	0.9999942106252266	0.0009296540212882293	0.999994530514742	0.003272852637499415	0.0004768398197834071	1.10013787258126	-1.569751514270996	1.096864792079864	0.0005743707124154402	0.008672997757473147	0.990789478916634	0.0005743707124154402	0.0005743707124154402	0.02825903905083965	2.935028183188861e-06	0.0006068707411111021	0.01020553369234002	
5	1595.659179297949	246.2198247850778	2.71828	1.21358	1.16637e-05	0.2581069881028696	3.71839689095135	-0.132763631017867	4.952378749000896	1.642829253100163	9.765760479361596	-0.1936625602231952	-4.468564700985716	4.920003476714489	1.510001067040423	0.1000000706649286	0.0005109992890970277	0.1056584461634128	0.1000000706649286	172.5001218970019	1.776821255588585	0.1000000706649286	91.18766443765244	0	0	0	3.14159	-2781.290891454129	1415.297231109924	0	1	1	1	1	2	2.085	2.4952	0.00775795	0.1172	1.10013787258126	-1.569751514270996	1.096864792079864	798953356.7082959	0	0	7978.295896489747	28265.69144901838	28267.47729265574	124.202393070522	63659878.57596757	0	0	0	0.0005109992890970277	0.1056584461634128	1.776821255588585	0.1000000706649286	1.510001067040423	172.5001218970019	0.1000000706649286	0.1000000706649286	4.920003476714489	91.18766443765244	91.18766443765244	80.38505680400287	80.38505680400287	124.202393070522	1	125.0901325921153	0	1	0	0	1	0	7978.295896489747	7978.295898888627	28267.47757408921	28265.69144944588	28269.23085516553	28267.47729265574	28265.69178993671	0.000473794438563466	0.0009312097739042447	-0.9999994541834446	-0.003273294889023031	0.9999942106252266	0.0009296540212882293	0.999994530514742	0.003272852637499415	0.0004768398197834071	1.10013787258126	-1.569751514270996	1.096864792079864	0.0005743707124154402	0.008672997757473147	0.990789478916634	0.0005743707124154402	0.0005743707124154402	0.02825903905083965	2.935028183188861e-06	0.0006068707411111021	0.01020553369234002	
6	1329.715982748291	246.2198247850778	2.71828	1.21358	1.16637e-05	0.2581069881028696	3.71839689095135	-0.132763631017867	4.952378749000896	1.642829253100163	9.765760479361596	-0.1936625602231952	-4.468564700985716	4.920003476714489	1.510001067040423	0.1000000706649286	0.0005109992890970277	0.1056584461634128	0.1000000706649286	172.5001218970019	1.776821255588585	0.1000000706649286	91.18766443765244	0	0	0	3.14159	-2781.290891454129	1415.297231109924	0	1	1	1	1	2	2.085	2.4952	0.00775795	0.1172	1.10013787258126	-1.569751514270996	1.096864792079864	798953356.7082959	0	0	7978.295896489747	28265.69144901838	28267.47729265574	124.202393070522	63659878.57596757	0	0	0	0.0005109992890970277	0.1056584461634128	1.776821255588585	0.1000000706649286	1.510001067040423	172.5001218970019	0.1000000706649286	0.1000000706649286	4.920003476714489	91.18766443765244	91.18766443765244	80.38505680400287	80.38505680400287	124.202393070522	1	125.0901325921153	0	1	0	0	1	0	7978.295896489747	7978.295898888627	28267.47757408921	28265.69144944588	28269.23085516553	28267.47729265574	28265.69178993671	0.000473794438563466	0.0009312097739042447	-0.9999994541834446	-0.003273294889023031	0.9999942106252266	0.0009296540212882293	0.999994530514742	0.003272852637499415	0.0004768398197834071	1.10013787258126	-1.569751514270996	1.096864792079864	0.0005743707124154402	0.008672997757473147	0.990789478916634	0.0005743707124154402	0.0005743707124154402	0.02825903905083965	2.935028183188861e-06	0.0006068707411111021	0.01020553369234002	
7	1139.756556641393	246.2198247850778	2.71828	1.21358	1.16637e-05	0.2581069881028696	3.71839689095135	-0.132763631017867	4.952378749000896	1.642829253100163	9.765760479361596	-0.1936625602231952	-4.468564700985716	4.920003476714489	1.510001067040423	0.1000000706649286	0.0005109992890970277	0.1056584461634128	0.1000000706649286	172.5001218970019	1.776821255588585	0.1000000706649286	91.18766443765244	0	0	0	3.14159	-2781.290891454129	1415.297231109924	0	1	1	1	1	2	2.085	2.4952	0.00775795	0.1172	1.10013787258126	-1.569751514270996	1.096864792079864	798953356.7082959	0	0	7978.295896489747	28265.69144901838	28267.47729265574	124.202393070522	63659878.57596757	0	0	0	0.0005109992890970277	0.1056584461634128	1.776821255588585	0.1000000706649286	1.510001067040423	172.5001218970019	0.1000000706649286	0.1000000706649286	4.920003476714489	91.18766443765244	91.18766443765244	80.38505680400287	80.38505680400287	124.202393070522	1	125.0901325921153	0	1	0	0	1	0	7978.295896489747	7978.295898888627	28267.47757408921	28265.69144944588	28269.23085516553	28267.47729265574	28265.69178993671	0.000473794438563466	0.0009312097739042447	-0.9999994541834446	-0.003273294889023031	0.9999942106252266	0.0009296540212882293	0.999994530514742	0.003272852637499415	0.0004768398197834071	1.10013787258126	-1.569751514270996	1.096864792079864	0.0005743707124154402	0.008672997757473147	0.990789478916634	0.0005743707124154402	0.0005743707124154402	0.02825903905083965	2.935028183188861e-06	0.0006068707411111021	0.01020553369234002	
8	997.2869870612184	246.2198247850778	2.71828	1.21358	1.16637e-05	0.2581069881028696	3.71839689095135	-0.132763631017867	4.952378749000896	1.642829253100163	9.765760479361596	-0.1936625602231952	-4.468564700985716	4.920003476714489	1.510001067040423	0.1000000706649286	0.0005109992890970277	0.1056584461634128	0.1000000706649286	172.5001218970019	1.776821255588585	0.1000000706649286	91.18766443765244	0	0	0	3.14159	-2781.290891454129	1415.297231109924	0	1	1	1	1	2	2.085	2.4952	0.00775795	0.1172	1.10013787258126	-1.569751514270996	1.096864792079864	798953356.7082959	0	0	7978.295896489747	28265.69144901838	28267.47729265574	124.202393070522	63659878.57596757	0	0	0	0.0005109992890970277	0.1056584461634128	1.776821255588585	0.1000000706649286	1.510001067040423	172.5001218970019	0.1000000706649286	0.1000000706649286	4.920003476714489	91.18766443765244	91.18766443765244	80.38505680400287	80.38505680400287	124.202393070522	1	125.0901325921153	0	1	0	0	1	0	7978.295896489747	7978.295898888627	28267.47757408921	28265.69144944588	28269.23085516553	28267.47729265574	28265.69178993671	0.000473794438563466	0.0009312097739042447	-0.9999994541834446	-0.003273294889023031	0.9999942106252266	0.0009296540212882293	0.999994530514742	0.003272852637499415	0.0004768398197834071	1.10013787258126	-1.569751514270996	1.096864792079864	0.0005743707124154402	0.008672997757473147	0.990789478916634	0.0005743707124154402	0.0005743707124154402	0.02825903905083965	2.935028183188861e-06	0.0006068707411111021	0.01020553369234002	
9	886.4773218321941	246.2198247850778	2.71828	1.21358	1.16637e-05	0.2581069881028696	3.71839689095135	-0.132763631017867	4.952378749000896	1.642829253100163	9.765760479361596	-0.1936625602231952	-4.468564700985716	4.920003476714489	1.510001067040423	0.1000000706649286	0.0005109992890970277	0.1056584461634128	0.1000000706649286	172.5001218970019	1.776821255588585	0.1000000706649286	91.18766443765244	0	0	0	3.14159	-2781.290891454129	1415.297231109924	0	1	1	1	1	2	2.085	2.4952	0.00775795	0.1172	1.10013787258126	-1.569751514270996	1.096864792079864	798953356.7082959	0	0	7978.295896489747	28265.69144901838	28267.47729265574	124.202393070522	63659878.57596757	0	0	0	0.0005109992890970277	0.1056584461634128	1.776821255588585	0.1000000706649286	1.510001067040423	172.5001218970019	0.1000000706649286	0.1000000706649286	4.920003476714489	91.18766443765244	91.18766443765244	80.38505680400287	80.38505680400287	124.202393070522	1	125.0901325921153	0	1	0	0	1	0	7978.295896489747	7978.295898888627	28267.47757408921	28265.69144944588	28269.23085516553	28267.47729265574	28265.69178993671	0.000473794438563466	0.0009312097739042447	-0.9999994541834446	-0.003273294889023031	0.9999942106252266	0.0009296540212882293	0.999994530514742	0.003272852637499415	0.0004768398197834071	1.10013787258126	-1.569751514270996	1.096864792079864	0.0005743707124154402	0.008672997757473147	0.990789478916634	0.0005743707124154402	0.0005743707124154402	0.02825903905083965	2.935028183188861e-06	0.0006068707411111021	0.01020553369234002	
10	797.8295896489747	246.2198247850778	2.71828	1.21358	1.16637e-05	0.2581069881028696	3.71839689095135	-0.132763631017867	4.952378749000896	1.642829253100163	9.765760479361596	-0.1936625602231952	-4.468564700985716	4.920003476714489	1.510001067040423	0.1000000706649286	0.0005109992890970277	0.1056584461634128	0.1000000706649286	172.5001218970019	1.776821255588585	0.1000000706649286	91.18766443765244	0	0	0	3.14159	-2781.290891454129	1415.297231109924	0	1	1	1	1	2	2.085	2.4952	0.00775795	0.1172	1.10013787258126	-1.569751514270996	1.096864792079864	798953356.7082959	0	0	7978.295896489747	28265.69144901838	28267.47729265574	124.202393070522	63659878.57596757	0	0	0	0.0005109992890970277	0.1056584461634128	1.776821255588585	0.1000000706649286	1.510001067040423	172.5001218970019	0.1000000706649286	0.1000000706649286	4.920003476714489	91.18766443765244	91.18766443765244	80.38505680400287	80.38505680400287	124.202393070522	1	125.0901325921153	0	1	0	0	1	0	7978.295896489747	7978.295898888627	28267.47757408921	28265.69144944588	28269.23085516553	28267.47729265574	28265.69178993671	0.000473794438563466	0.0009312097739042447	-0.9999994541834446	-0.003273294889023031	0.9999942106252266	0.0009296540212882293	0.999994530514742	0.003272852637499415	0.0004768398197834071	1.10013787258126	-1.569751514270996	1.096864792079864	0.0005743707124154402	0.008672997757473147	0.990789478916634	0.0005743707124154402	0.0005743707124154402	0.02825903905083965	2.935028183188861e-06	0.0006068707411111021	0.01020553369234002	
11	725.2996269536134	246.2198247850778	2.71828	1.21358	1.16637e-05	0.2581069881028696	3.71839689095135	-0.132763631017867	4.952378749000896	1.642829253100163	9.765760479361596	-0.1936625602231952	-4.468564700985716	4.920003476714489	1.510001067040423	0.1000000706649286	0.0005109992890970277	0.1056584461634128	0.1000000706649286	172.5001218970019	1.776821255588585	0.1000000706649286	91.18766443765244	0	0	0	3.14159	-2781.290891454129	1415.297231109924	0	1	1	1	1	2	2.085	2.4952	0.00775795	0.1172	1.10013787258126	-1.569751514270996	1.096864792079864	798953356.7082959	0	0	7978.295896489747	28265.69144901838	28267.47729265574	124.202393070522	63659878.57596757	0	0	0	0.0005109992890970277	0.1056584461634128	1.776821255588585	0.1000000706649286	1.510001067040423	172.5001218970019	0.1000000706649286	0.1000000706649286	4.920003476714489	91.18766443765244	91.18766443765244	80.38505680400287	80.38505680400287	124.202393070522	1	125.0901325921153	0	1	0	0	1	0	7978.295896489747	7978.295898888627	28267.47757408921	28265.69144944588	28269.23085516553	28267.47729265574	28265.69178993671	0.000473794438563466	0.0009312097739042447	-0.9999994541834446	-0.003273294889023031	0.9999942106252266	0.0009296540212882293	0.999994530514742	0.003272852637499415	0.0004768398197834071	1.10013787258126	-1.569751514270996	1.096864792079864	0.0005743707124154402	0.008672997757473147	0.990789478916634	0.0005743707124154402	0.0005743707124154402	0.02825903905083965	2.935028183188861e-06	0.0006068707411111021	0.01020553369234002	
12	664.8579913741456	246.2198247850778	2.71828	1.21358	1.16637e-05	0.2581069881028696	3.71839689095135	-0.132763631017867	4.952378749000896	1.642829253100163	9.765760479361596	-0.1936625602231952	-4.468564700985716	4.920003476714489	1.510001067040423	0.1000000706649286	0.0005109992890970277	0.1056584461634128	0.1000000706649286	172.5001218970019	1.776821255588585	0.1000000706649286	91.18766443765244	0	0	0	3.14159	-2781.290891454129	1415.297231109924	0	1	1	1	1	2	2.085	2.4952	0.00775795	0.1172	1.10013787258126	-1.569751514270996	1.096864792079864	798953356.7082959	0	0	7978.295896489747	28265.69144901838	28267.47729265574	124.202393070522	63659878.57596757	0	0	0	0.0005109992890970277	0.1056584461634128	1.776821255588585	0.1000000706649286	1.510001067040423	172.5001218970019	0.1000000706649286	0.1000000706649286	4.920003476714489	91.18766443765244	91.18766443765244	80.38505680400287	80.38505680400287	124.202393070522	1	125.0901325921153	0	1	0	0	1	0	7978.295896489747	7978.295898888627	28267.47757408921	28265.69144944588	28269.23085516553	28267.47729265574	28265.69178993671	0.000473794438563466	0.0009312097739042447	-0.9999994541834446	-0.003273294889023031	0.9999942106252266	0.0009296540212882293	0.999994530514742	0.003272852637499415	0.0004768398197834071	1.10013787258126	-1.569751514270996	1.096864792079864	0.0005743707124154402	0.008672997757473147	0.990789478916634	0.0005743707124154402	0.0005743707124154402	0.02825903905083965	2.935028183188861e-06	0.0006068707411111021	0.01020553369234002	
13	613.7150689607498	246.2198247850778	2.71828	1.21358	1.16637e-05	0.2581069881028696	3.71839689095135	-0.132763631017867	4.952378749000896	1.642829253100163	9.765760479361596	-0.1936625602231952	-4.468564700985716	4.920003476714489	1.510001067040423	0.1000000706649286	0.0005109992890970277	0.1056584461634128	0.1000000706649286	172.5001218970019	1.776821255588585	0.1000000706649286	91.18766443765244	0	0	0	3.14159	-2781.290891454129	1415.297231109924	0	1	1	1	1	2	2.085	2.4952	0.00775795	0.1172	1.10013787258126	-1.569751514270996	1.096864792079864	798953356.7082959	0	0	7978.295896489747	28265.69144901838	28267.47729265574	124.202393070522	63659878.57596757	0	0	0	0.0005109992890970277	0.1056584461634128	1.776821255588585	0.1000000706649286	1.510001067040423	172.5001218970019	0.1000000706649286	0.1000000706649286	4.920003476714489	91.18766443765244	91.18766443765244	80.38505680400287	80.38505680400287	124.202393070522	1	125.0901325921153	0	1	0	0	1	0	7978.295896489747	7978.295898888627	28267.47757408921	28265.69144944588	28269.23085516553	28267.47729265574	28265.69178993671	0.000473794438563466	0.0009312097739042447	-0.9999994541834446	-0.003273294889023031	0.9999942106252266	0.0009296540212882293	0.999994530514742	0.003272852637499415	0.0004768398197834071	1.10013787258126	-1.569751514270996	1.096864792079864	0.0005743707124154402	0.008672997757473147	0.990789478916634	0.0005743707124154402	0.0005743707124154402	0.02825903905083965	2.935028183188861e-06	0.0006068707411111021	0.01020553369234002	
14	569.8782783206963	246.2198247850778	2.71828	1.21358	1.16637e-05	0.2581069881028696	3.71839689095135	-0.132763631017867	4.952378749000896	1.642829253100163	9.765760479361596	-0.1936625602231952	-4.468564700985716	4.920003476714489	1.510001067040423	0.1000000706649286	0.0005109992890970277	0.1056584461634128	0.1000000706649286	172.5001218970019	1.776821255588585	0.1000000706649286	91.18766443765244	0	0	0	3.14159	-2781.290891454129	1415.297231109924	0	1	1	1	1	2	2.085	2.4952	0.00775795	0.1172	1.10013787258126	-1.569751514270996	1.096864792079864	798953356.7082959	0	0	7978.295896489747	28265.69144901838	28267.47729265574	124.202393070522	63659878.57596757	0	0	0	0.0005109992890970277	0.1056584461634128	1.776821255588585	0.1000000706649286	1.510001067040423	172.5001218970019	0.1000000706649286	0.1000000706649286	4.920003476714489	91.18766443765244	91.18766443765244	80.38505680400287	80.38505680400287	124.202393070522	1	125.0901325921153	0	1	0	0	1	0	7978.295896489747	7978.295898888627	28267.47757408921	28265.69144944588	28269.23085516553	28267.47729265574	28265.69178993671	0.000473794438563466	0.0009312097739042447	-0.9999994541834446	-0.003273294889023031	0.9999942106252266	0.0009296540212882293	0.999994530514742	0.003272852637499415	0.0004768398197834071	1.10013787258126	-1.569751514270996	1.096864792079864	0.0005743707124154402	0.008672997757473147	0.990789478916634	0.0005743707124154402	0.0005743707124154402	0.02825903905083965	2.935028183188861e-06	0.0006068707411111021	0.01020553369234002	
15	531.8863930993165	246.2198247850778	2.71828	1.21358	1.16637e-05	0.2581069881028696	3.71839689095135	-0.132763631017867	4.952378749000896	1.642829253100163	9.765760479361596	-0.1936625602231952	-4.468564700985716	4.920003476714489	1.510001067040423	0.1000000706649286	0.0005109992890970277	0.1056584461634128	0.1000000706649286	172.5001218970019	1.776821255588585	0.1000000706649286	91.18766443765244	0	0	0	3.14159	-2781.290891454129	1415.297231109924	0	1	1	1	1	2	2.085	2.4952	0.00775795	0.1172	1.10013787258126	-1.569751514270996	1.096864792079864	798953356.7082959	0	0	7978.295896489747	28265.69144901838	28267.47729265574	124.202393070522	63659878.57596757	0	0	0	0.0005109992890970277	0.1056584461634128	1.776821255588585	0.1000000706649286	1.510001067040423	172.5001218970019	0.1000000706649286	0.1000000706649286	4.920003476714489	91.18766443765244	91.18766443765244	80.38505680400287	80.38505680400287	124.202393070522	1	125.0901325921153	0	1	0	0	1	0	7978.295896489747	7978.295898888627	28267.47757408921	28265.69144944588	28269.23085516553	28267.47729265574	28265.69178993671	0.000473794438563466	0.0009312097739042447	-0.9999994541834446	-0.003273294889023031	0.9999942106252266	0.0009296540212882293	0.999994530514742	0.003272852637499415	0.0004768398197834071	1.10013787258126	-1.569751514270996	1.096864792079864	0.0005743707124154402	0.008672997757473147	0.990789478916634	0.0005743707124154402	0.0005743707124154402	0.02825903905083965	2.935028183188861e-06	0.0006068707411111021	0.01020553369234002	
16	498.6434935306092	246.2198247850778	2.71828	1.21358	1.16637e-05	0.2581069881028696	3.71839689095135	-0.132763631017867	4.952378749000896	1.642829253100163	9.765760479361596	-0.1936625602231952	-4.468564700985716	4.920003476714489	1.510001067040423	0.1000000706649286	0.0005109992890970277	0.1056584461634128	0.1000000706649286	172.5001218970019	1.776821255588585	0.1000000706649286	91.18766443765244	0	0	0	3.14159	-2781.290891454129	1415.297231109924	0	1	1	1	1	2	2.085	2.4952	0.00775795	0.1172	1.10013787258126	-1.569751514270996	1.096864792079864	798953356.7082959	0	0	7978.295896489747	28265.69144901838	28267.47729265574	124.202393070522	63659878.57596757	0	0	0	0.0005109992890970277	0.1056584461634128	1.776821255588585	0.1000000706649286	1.510001067040423	172.5001218970019	0.1000000706649286	0.1000000706649286	4.920003476714489	91.18766443765244	91.18766443765244	80.38505680400287	80.38505680400287	124.202393070522	1	125.0901325921153	0	1	0	0	1	0	7978.295896489747	7978.295898888627	28267.47757408921	28265.69144944588	28269.23085516553	28267.47729265574	28265.69178993671	0.000473794438563466	0.0009312097739042447	-0.9999994541834446	-0.003273294889023031	0.9999942106252266	0.0009296540212882293	0.999994530514742	0.003272852637499415	0.0004768398197834071	1.10013787258126	-1.569751514270996	1.096864792079864	0.0005743707124154402	0.008672997757473147	0.990789478916634	0.0005743707124154402	0.0005743707124154402	0.02825903905083965	2.935028183188861e-06	0.0006068707411111021	0.01020553369234002	
17	469.3115233229263	246.2198247850778	2.71828	1.21358	1.16637e-05	0.2581069881028696	3.71839689095135	-0.132763631017867	4.952378749000896	1.642829253100163	9.765760479361596	-0.1936625602231952	-4.468564700985716	4.920003476714489	1.510001067040423	0.1000000706649286	0.0005109992890970277	0.1056584461634128	0.1000000706649286	172.5001218970019	1.776821255588585	0.1000000706649286	91.18766443765244	0	0	0	3.14159	-2781.290891454129	1415.297231109924	0	1	1	1	1	2	2.085	2.4952	0.00775795	0.1172	1.10013787258126	-1.569751514270996	1.096864792079864	798953356.7082959	0	0	7978.295896489747	28265.69144901838	28267.47729265574	124.202393070522	63659878.57596757	0	0	0	0.0005109992890970277	0.1056584461634128	1.776821255588585	0.1000000706649286	1.510001067040423	172.5001218970019	0.1000000706649286	0.1000000706649286	4.920003476714489	91.18766443765244	91.18766443765244	80.38505680400287	80.38505680400287	124.202393070522	1	125.0901325921153	0	1	0	0	1	0	7978.295896489747	7978.295898888627	28267.47757408921	28265.69144944588	28269.23085516553	28267.47729265574	28265.69178993671	0.000473794438563466	0.0009312097739042447	-0.9999994541834446	-0.003273294889023031	0.9999942106252266	0.0009296540212882293	0.999994530514742	0.003272852637499415	0.0004768398197834071	1.10013787258126	-1.569751514270996	1.096864792079864	0.0005743707124154402	0.008672997757473147	0.990789478916634	0.0005743707124154402	0.0005743707124154402	0.02825903905083965	2.935028183188861e-06	0.0006068707411111021	0.01020553369234002	
18	443.238660916097	246.2198247850778	2.71828	1.21358	1.16637e-05	0.2581069881028696	3.71839689095135	-0.132763631017867	4.952378749000896	1.642829253100163	9.765760479361596	-0.1936625602231952	-4.468564700985716	4.920003476714489	1.510001067040423	0.1000000706649286	0.0005109992890970277	0.1056584461634128	0.1000000706649286	172.5001218970019	1.776821255588585	0.1000000706649286	91.18766443765244	0	0	0	3.14159	-2781.290891454129	1415.297231109924	0	1	1	1	1	2	2.085	2.4952	0.00775795	0.1172	1.10013787258126	-1.569751514270996	1.096864792079864	798953356.7082959	0	0	7978.295896489747	28265.69144901838	28267.47729265574	124.202393070522	63659878.57596757	0	0	0	0.0005109992890970277	0.1056584461634128	1.776821255588585	0.1000000706649286	1.510001067040423	172.5001218970019	0.1000000706649286	0.1000000706649286	4.920003476714489	91.18766443765244	91.18766443765244	80.38505680400287	80.38505680400287	124.202393070522	1	125.0901325921153	0	1	0	0	1	0	7978.295896489747	7978.295898888627	28267.47757408921	28265.69144944588	28269.23085516553	28267.47729265574	28265.69178993671	0.000473794438563466	0.0009312097739042447	-0.9999994541834446	-0.003273294889023031	0.9999942106252266	0.0009296540212882293	0.999994530514742	0.003272852637499415	0.0004768398197834071	1.10013787258126	-1.569751514270996	1.096864792079864	0.0005743707124154402	0.008672997757473147	0.990789478916634	0.0005743707124154402	0.0005743707124154402	0.02825903905083965	2.935028183188861e-06	0.0006068707411111021	0.01020553369234002	
19	419.9103103415657	246.2198247850778	2.71828	1.21358	1.16637e-05	0.2581069881028696	3.71839689095135	-0.132763631017867	4.952378749000896	1.642829253100163	9.765760479361596	-0.1936625602231952	-4.468564700985716	4.920003476714489	1.510001067040423	0.1000000706649286	0.0005109992890970277	0.1056584461634128	0.1000000706649286	172.5001218970019	1.776821255588585	0.1000000706649286	91.18766443765244	0	0	0	3.14159	-2781.290891454129	1415.297231109924	0	1	1	1	1	2	2.085	2.4952	0.00775795	0.1172	1.10013787258126	-1.569751514270996	1.096864792079864	798953356.7082959	0	0	7978.295896489747	28265.69144901838	28267.47729265574	124.202393070522	63659878.57596757	0	0	0	0.0005109992890970277	0.1056584461634128	1.776821255588585	0.1000000706649286	1.510001067040423	172.5001218970019	0.1000000706649286	0.1000000706649286	4.920003476714489	91.18766443765244	91.18766443765244	80.38505680400287	80.38505680400287	124.202393070522	1	125.0901325921153	0	1	0	0	1	0	7978.295896489747	7978.295898888627	28267.47757408921	28265.69144944588	28269.23085516553	28267.47729265574	28265.69178993671	0.000473794438563466	0.0009312097739042447	-0.9999994541834446	-0.003273294889023031	0.9999942106252266	0.0009296540212882293	0.999994530514742	0.003272852637499415	0.0004768398197834071	1.10013787258126	-1.569751514270996	1.096864792079864	0.0005743707124154402	0.008672997757473147	0.990789478916634	0.0005743707124154402	0.0005743707124154402	0.02825903905083965	2.935028183188861e-06	0.0006068707411111021	0.01020553369234002	
20	398.9147948244873	246.2198247850778	2.71828	1.21358	1.16637e-05	0.2581069881028696	3.71839689095135	-0.132763631017867	4.952378749000896	1.642829253100163	9.765760479361596	-0.1936625602231952	-4.468564700985716	4.920003476714489	1.510001067040423	0.1000000706649286	0.0005109992890970277	0.1056584461634128	0.1000000706649286	172.5001218970019	1.776821255588585	0.1000000706649286	91.18766443765244	0	0	0	3.14159	-2781.290891454129	1415.297231109924	0	1	1	1	1	2	2.085	2.4952	0.00775795	0.1172	1.10013787258126	-1.569751514270996	1.096864792079864	798953356.7082959	0	0	7978.295896489747	28265.69144901838	28267.47729265574	124.202393070522	63659878.57596757	0	0	0	0.0005109992890970277	0.1056584461634128	1.776821255588585	0.1000000706649286	1.510001067040423	172.5001218970019	0.1000000706649286	0.1000000706649286	4.920003476714489	91.18766443765244	91.18766443765244	80.38505680400287	80.38505680400287	124.202393070522	1	125.0901325921153	0	1	0	0	1	0	7978.295896489747	7978.295898888627	28267.47757408921	28265.69144944588	28269.23085516553	28267.47729265574	28265.69178993671	0.000473794438563466	0.0009312097739042447	-0.9999994541834446	-0.003273294889023031	0.9999942106252266	0.0009296540212882293	0.999994530514742	0.003272852637499415	0.0004768398197834071	1.10013787258126	-1.569751514270996	1.096864792079864	0.0005743707124154402	0.008672997757473147	0.990789478916634	0.0005743707124154402	0.0005743707124154402	0.02825903905083965	2.935028183188861e-06	0.0006068707411111021	0.01020553369234002	
21	379.9188522137975	246.2198247850778	2.71828	1.21358	1.16637e-05	0.2581069881028696	3.71839689095135	-0.132763631017867	4.952378749000896	1.642829253100163	9.765760479361596	-0.1936625602231952	-4.468564700985716	4.920003476714489	1.510001067040423	0.1000000706649286	0.0005109992890970277	0.1056584461634128	0.1000000706649286	172.5001218970019	1.776821255588585	0.1000000706649286	91.18766443765244	0	0	0	3.14159	-2781.290891454129	1415.297231109924	0	1	1	1	1	2	2.085	2.4952	0.00775795	0.1172	1.10013787258126	-1.569751514270996	1.096864792079864	798953356.7082959	0	0	7978.295896489747	28265.69144901838	28267.47729265574	124.202393070522	63659878.57596757	0	0	0	0.0005109992890970277	0.1056584461634128	1.776821255588585	0.1000000706649286	1.510001067040423	172.5001218970019	0.1000000706649286	0.1000000706649286	4.920003476714489	91.18766443765244	91.18766443765244	80.38505680400287	80.38505680400287	124.202393070522	1	125.0901325921153	0	1	0	0	1	0	7978.295896489747	7978.295898888627	28267.47757408921	28265.69144944588	28269.23085516553	28267.47729265574	28265.69178993671	0.000473794438563466	0.0009312097739042447	-0.9999994541834446	-0.003273294889023031	0.9999942106252266	0.0009296540212882293	0.999994530514742	0.003272852637499415	0.0004768398197834071	1.10013787258126	-1.569751514270996	1.096864792079864	0.0005743707124154402	0.008672997757473147	0.990789478916634	0.0005743707124154402	0.0005743707124154402	0.02825903905083965	2.935028183188861e-06	0.0006068707411111021	0.01020553369234002	
22	362.6498134768067	246.2198247850778	2.71828	1.21358	1.16637e-05	0.2581069881028696	3.71839689095135	-0.132763631017867	4.952378749000896	1.642829253100163	9.765760479361596	-0.1936625602231952	-4.468564700985716	4.920003476714489	1.510001067040423	0.1000000706649286	0.0005109992890970277	0.1056584461634128	0.1000000706649286	172.5001218970019	1.776821255588585	0.1000000706649286	91.18766443765244	0	0	0	3.14159	-2781.290891454129	1415.297231109924	0	1	1	1	1	2	2.085	2.4952	0.00775795	0.1172	1.10013787258126	-1.569751514270996	1.096864792079864	798953356.7082959	0	0	7978.295896489747	28265.69144901838	28267.47729265574	124.202393070522	63659878.57596757	0	0	0	0.0005109992890970277	0.1056584461634128	1.776821255588585	0.1000000706649286	1.510001067040423	172.5001218970019	0.1000000706649286	0.1000000706649286	4.920003476714489	91.18766443765244	91.18766443765244	80.38505680400287	80.38505680400287	124.202393070522	1	125.0901325921153	0	1	0	0	1	0	7978.295896489747	7978.295898888627	28267.47757408921	28265.69144944588	28269.23085516553	28267.47729265574	28265.69178993671	0.000473794438563466	0.0009312097739042447	-0.9999994541834446	-0.003273294889023031	0.9999942106252266	0.0009296540212882293	0.999994530514742	0.003272852637499415	0.0004768398197834071	1.10013787258126	-1.569751514270996	1.096864792079864	0.0005743707124154402	0.008672997757473147	0.990789478916634	0.0005743707124154402	0.0005743707124154402	0.02825903905083965	2.935028183188861e-06	0.0006068707411111021	0.01020553369234002	
23	346.8824302821629	246.2198247850778	2.71828	1.21358	1.16637e-05	0.2581069881028696	3.71839689095135	-0.132763631017867	4.952378749000896	1.642829253100163	9.765760479361596	-0.1936625602231952	-4.468564700985716	4.920003476714489	1.510001067040423	0.1000000706649286	0.0005109992890970277	0.1056584461634128	0.1000000706649286	172.5001218970019	1.776821255588585	0.1000000706649286	91.18766443765244	0	0	0	3.14159	-2781.290891454129	1415.297231109924	0	1	1	1	1	2	2.085	2.4952	0.00775795	0.1172	1.10013787258126	-1.569751514270996	1.096864792079864	798953356.7082959	0	0	7978.295896489747	28265.69144901838	28267.47729265574	124.202393070522	63659878.57596757	0	0	0	0.0005109992890970277	0.1056584461634128	1.776821255588585	0.1000000706649286	1.510001067040423	172.5001218970019	0.1000000706649286	0.1000000706649286	4.920003476714489	91.18766443765244	91.18766443765244	80.38505680400287	80.38505680400287	124.202393070522	1	125.0901325921153	0	1	0	0	1	0	7978.295896489747	7978.295898888627	28267.47757408921	28265.69144944588	28269.23085516553	28267.47729265574	28265.69178993671	0.000473794438563466	0.0009312097739042447	-0.9999994541834446	-0.003273294889023031	0.9999942106252266	0.0009296540212882293	0.999994530514742	0.003272852637499415	0.0004768398197834071	1.10013787258126	-1.569751514270996	1.096864792079864	0.0005743707124154402	0.008672997757473147	0.990789478916634	0.0005743707124154402	0.0005743707124154402	0.02825903905083965	2.935028183188861e-06	0.0006068707411111021	0.01020553369234002	
24	332.4289956870728	246.2198247850778	2.71828	1.21358	1.16637e-05	0.2581069881028696	3.71839689095135	-0.132763631017867	4.952378749000896	1.642829253100163	9.765760479361596	-0.1936625602231952	-4.468564700985716	4.920003476714489	1.510001067040423	0.1000000706649286	0.0005109992890970277	0.1056584461634128	0.1000000706649286	172.5001218970019	1.776821255588585	0.1000000706649286	91.18766443765244	0	0	0	3.14159	-2781.290891454129	1415.297231109924	0	1	1	1	1	2	2.085	2.4952	0.00775795	0.1172	1.10013787258126	-1.569751514270996	1.096864792079864	798953356.7082959	0	0	7978.295896489747	28265.69144901838	28267.47729265574	124.202393070522	63659878.57596757	0	0	0	0.0005109992890970277	0.1056584461634128	1.776821255588585	0.1000000706649286	1.510001067040423	172.5001218970019	0.1000000706649286	0.1000000706649286	4.920003476714489	91.18766443765244	91.18766443765244	80.38505680400287	80.38505680400287	124.202393070522	1	125.0901325921153	0	1	0	0	1	0	7978.295896489747	7978.295898888627	28267.47757408921	28265.69144944588	28269.23085516553	28267.47729265574	28265.69178993671	0.000473794438563466	0.0009312097739042447	-0.9999994541834446	-0.003273294889023031	0.9999942106252266	0.0009296540212882293	0.999994530514742	0.003272852637499415	0.0004768398197834071	1.10013787258126	-1.569751514270996	1.096864792079864	0.0005743707124154402	0.008672997757473147	0.990789478916634	0.0005743707124154402	0.0005743707124154402	0.02825903905083965	2.935028183188861e-06	0.0006068707411111021	0.01020553369234002	
25	319.1318358595899	246.2198247850778	2.71828	1.21358	1.16637e-05	0.2581069881028696	3.71839689095135	-0.132763631017867	4.952378749000896	1.642829253100163	9.765760479361596	-0.1936625602231952	-4.468564700985716	4.920003476714489	1.510001067040423	0.1000000706649286	0.0005109992890970277	0.1056584461634128	0.1000000706649286	172.5001218970019	1.776821255588585	0.1000000706649286	91.18766443765244	0	0	0	3.14159	-2781.290891454129	1415.297231109924	0	1	1	1	1	2	2.085	2.4952	0.00775795	0.1172	1.10013787258126	-1.569751514270996	1.096864792079864	798953356.7082959	0	0	7978.295896489747	28265.69144901838	28267.47729265574	124.202393070522	63659878.57596757	0	0	0	0.0005109992890970277	0.1056584461634128	1.776821255588585	0.1000000706649286	1.510001067040423	172.5001218970019	0.1000000706649286	0.1000000706649286	4.920003476714489	91.18766443765244	91.18766443765244	80.38505680400287	80.38505680400287	124.202393070522	1	125.0901325921153	0	1	0	0	1	0	7978.295896489747	7978.295898888627	28267.47757408921	28265.69144944588	28269.23085516553	28267.47729265574	28265.69178993671	0.000473794438563466	0.0009312097739042447	-0.9999994541834446	-0.003273294889023031	0.9999942106252266	0.0009296540212882293	0.999994530514742	0.003272852637499415	0.0004768398197834071	1.10013787258126	-1.569751514270996	1.096864792079864	0.0005743707124154402	0.008672997757473147	0.990789478916634	0.0005743707124154402	0.0005743707124154402	0.02825903905083965	2.935028183188861e-06	0.0006068707411111021	0.01020553369234002	
26	306.8575344803749	246.2198247850778	2.71828	1.21358	1.16637e-05	0.2581069881028696	3.71839689095135	-0.132763631017867	4.952378749000896	1.642829253100163	9.765760479361596	-0.1936625602231952	-4.468564700985716	4.920003476714489	1.510001067040423	0.1000000706649286	0.0005109992890970277	0.1056584461634128	0.1000000706649286	172.5001218970019	1.776821255588585	0.1000000706649286	91.18766443765244	0	0	0	3.14159	-2781.290891454129	1415.297231109924	0	1	1	1	1	2	2.085	2.4952	0.00775795	0.1172	1.10013787258126	-1.569751514270996	1.096864792079864	798953356.7082959	0	0	7978.295896489747	28265.69144901838	28267.47729265574	124.202393070522	63659878.57596757	0	0	0	0.0005109992890970277	0.1056584461634128	1.776821255588585	0.1000000706649286	1.510001067040423	172.5001218970019	0.1000000706649286	0.1000000706649286	4.920003476714489	91.18766443765244	91.18766443765244	80.38505680400287	80.38505680400287	124.202393070522	1	125.0901325921153	0	1	0	0	1	0	7978.295896489747	7978.295898888627	28267.47757408921	28265.69144944588	28269.23085516553	28267.47729265574	28265.69178993671	0.000473794438563466	0.0009312097739042447	-0.9999994541834446	-0.003273294889023031	0.9999942106252266	0.0009296540212882293	0.999994530514742	0.003272852637499415	0.0004768398197834071	1.10013787258126	-1.569751514270996	1.096864792079864	0.0005743707124154402	0.008672997757473147	0.990789478916634	0.0005743707124154402	0.0005743707124154402	0.02825903905083965	2.935028183188861e-06	0.0006068707411111021	0.01020553369234002	
27	295.4924406107314	246.2198247850778	2.71828	1.21358	1.16637e-05	0.2581069881028696	3.71839689095135	-0.132763631017867	4.952378749000896	1.642829253100163	9.765760479361596	-0.1936625602231952	-4.468564700985716	4.920003476714489	1.510001067040423	0.1000000706649286	0.0005109992890970277	0.1056584461634128	0.1000000706649286	172.5001218970019	1.776821255588585	0.1000000706649286	91.18766443765244	0	0	0	3.14159	-2781.290891454129	1415.297231109924	0	1	1	1	1	2	2.085	2.4952	0.00775795	0.1172	1.10013787258126	-1.569751514270996	1.096864792079864	798953356.7082959	0	0	7978.295896489747	28265.69144901838	28267.47729265574	124.202393070522	63659878.57596757	0	0	0	0.0005109992890970277	0.1056584461634128	1.776821255588585	0.1000000706649286	1.510001067040423	172.5001218970019	0.1000000706649286	0.1000000706649286	4.920003476714489	91.18766443765244	91.18766443765244	80.38505680400287	80.38505680400287	124.202393070522	1	125.0901325921153	0	1	0	0	1	0	7978.295896489747	7978.295898888627	28267.47757408921	28265.69144944588	28269.23085516553	28267.47729265574	28265.69178993671	0.000473794438563466	0.0009312097739042447	-0.9999994541834446	-0.003273294889023031	0.9999942106252266	0.0009296540212882293	0.999994530514742	0.003272852637499415	0.0004768398197834071	1.10013787258126	-1.569751514270996	1.096864792079864	0.0005743707124154402	0.008672997757473147	0.990789478916634	0.0005743707124154402	0.0005743707124154402	0.02825903905083965	2.935028183188861e-06	0.0006068707411111021	0.01020553369234002	
28	284.9391391603481	246.2198247850778	2.71828	1.21358	1.16637e-05	0.2581069881028696	3.71839689095135	-0.132763631017867	4.952378749000896	1.642829253100163	9.765760479361596	-0.1936625602231952	-4.468564700985716	4.920003476714489	1.510001067040423	0.1000000706649286	0.0005109992890970277	0.1056584461634128	0.1000000706649286	172.5001218970019	1.776821255588585	0.1000000706649286	91.18766443765244	0	0	0	3.14159	-2781.290891454129	1415.297231109924	0	1	1	1	1	2	2.085	2.4952	0.00775795	0.1172	1.10013787258126	-1.569751514270996	1.096864792079864	798953356.7082959	0	0	7978.295896489747	28265.69144901838	28267.47729265574	124.202393070522	63659878.57596757	0	0	0	0.0005109992890970277	0.1056584461634128	1.776821255588585	0.1000000706649286	1.510001067040423	172.5001218970019	0.1000000706649286	0.1000000706649286	4.920003476714489	91.18766443765244	91.18766443765244	80.38505680400287	80.38505680400287	124.202393070522	1	125.0901325921153	0	1	0	0	1	0	7978.295896489747	7978.295898888627	28267.47757408921	28265.69144944588	28269.23085516553	28267.47729265574	28265.69178993671	0.000473794438563466	0.0009312097739042447	-0.9999994541834446	-0.003273294889023031	0.9999942106252266	0.0009296540212882293	0.999994530514742	0.003272852637499415	0.0004768398197834071	1.10013787258126	-1.569751514270996	1.096864792079864	0.0005743707124154402	0.008672997757473147	0.990789478916634	0.0005743707124154402	0.0005743707124154402	0.02825903905083965	2.935028183188861e-06	0.0006068707411111021	0.01020553369234002	
29	275.1136516030948	246.2198247850778	2.71828	1.21358	1.16637e-05	0.2581069881028696	3.71839689095135	-0.132763631017867	4.952378749000896	1.642829253100163	9.765760479361596	-0.1936625602231952	-4.468564700985716	4.920003476714489	1.510001067040423	0.1000000706649286	0.0005109992890970277	0.1056584461634128	0.1000000706649286	172.5001218970019	1.776821255588585	0.1000000706649286	91.18766443765244	0	0	0	3.14159	-2781.290891454129	1415.297231109924	0	1	1	1	1	2	2.085	2.4952	0.00775795	0.1172	1.10013787258126	-1.569751514270996	1.096864792079864	798953356.7082959	0	0	7978.295896489747	28265.69144901838	28267.47729265574	124.202393070522	63659878.57596757	0	0	0	0.0005109992890970277	0.1056584461634128	1.776821255588585	0.1000000706649286	1.510001067040423	172.5001218970019	0.1000000706649286	0.1000000706649286	4.920003476714489	91.18766443765244	91.18766443765244	80.38505680400287	80.38505680400287	124.202393070522	1	125.0901325921153	0	1	0	0	1	0	7978.295896489747	7978.295898888627	28267.47757408921	28265.69144944588	28269.23085516553	28267.47729265574	28265.69178993671	0.000473794438563466	0.0009312097739042447	-0.9999994541834446	-0.003273294889023031	0.9999942106252266	0.0009296540212882293	0.999994530514742	0.003272852637499415	0.0004768398197834071	1.10013787258126	-1.569751514270996	1.096864792079864	0.0005743707124154402	0.008672997757473147	0.990789478916634	0.0005743707124154402	0.0005743707124154402	0.02825903905083965	2.935028183188861e-06	0.0006068707411111021	0.01020553369234002	
30	265.9431965496582	246.2198247850778	2.71828	1.21358	1.16637e-05	0.2581069881028696	3.71839689095135	-0.132763631017867	4.952378749000896	1.642829253100163	9.765760479361596	-0.1936625602231952	-4.468564700985716	4.920003476714489	1.510001067040423	0.1000000706649286	0.0005109992890970277	0.1056584461634128	0.1000000706649286	172.5001218970019	1.776821255588585	0.1000000706649286	91.18766443765244	0	0	0	3.14159	-2781.290891454129	1415.297231109924	0	1	1	1	1	2	2.085	2.4952	0.00775795	0.1172	1.10013787258126	-1.569751514270996	1.096864792079864	798953356.7082959	0	0	7978.295896489747	28265.69144901838	28267.47729265574	124.202393070522	63659878.57596757	0	0	0	0.0005109992890970277	0.1056584461634128	1.776821255588585	0.1000000706649286	1.510001067040423	172.5001218970019	0.1000000706649286	0.1000000706649286	4.920003476714489	91.18766443765244	91.18766443765244	80.38505680400287	80.38505680400287	124.202393070522	1	125.0901325921153	0	1	0	0	1	0	7978.295896489747	7978.295898888627	28267.47757408921	28265.69144944588	28269.23085516553	28267.47729265574	28265.69178993671	0.000473794438563466	0.0009312097739042447	-0.9999994541834446	-0.003273294889023031	0.9999942106252266	0.0009296540212882293	0.999994530514742	0.003272852637499415	0.0004768398197834071	1.10013787258126	-1.569751514270996	1.096864792079864	0.0005743707124154402	0.008672997757473147	0.990789478916634	0.0005743707124154402	0.0005743707124154402	0.02825903905083965	2.935028183188861e-06	0.0006068707411111021	0.01020553369234002	
31	257.3643837577338	246.2198247850778	2.71828	1.21358	1.16637e-05	0.2581069881028696	3.71839689095135	-0.132763631017867	4.952378749000896	1.642829253100163	9.765760479361596	-0.1936625602231952	-4.468564700985716	4.920003476714489	1.510001067040423	0.1000000706649286	0.0005109992890970277	0.1056584461634128	0.1000000706649286	172.5001218970019	1.776821255588585	0.1000000706649286	91.18766443765244	0	0	0	3.14159	-2781.290891454129	1415.297231109924	0	1	1	1	1	2	2.085	2.4952	0.00775795	0.1172	1.10013787258126	-1.569751514270996	1.096864792079864	798953356.7082959	0	0	7978.295896489747	28265.69144901838	28267.47729265574	124.202393070522	63659878.57596757	0	0	0	0.0005109992890970277	0.1056584461634128	1.776821255588585	0.1000000706649286	1.510001067040423	172.5001218970019	0.1000000706649286	0.1000000706649286	4.920003476714489	91.18766443765244	91.18766443765244	80.38505680400287	80.38505680400287	124.202393070522	1	125.0901325921153	0	1	0	0	1	0	7978.295896489747	7978.295898888627	28267.47757408921	28265.69144944588	28269.23085516553	28267.47729265574	28265.69178993671	0.000473794438563466	0.0009312097739042447	-0.9999994541834446	-0.003273294889023031	0.9999942106252266	0.0009296540212882293	0.999994530514742	0.003272852637499415	0.0004768398197834071	1.10013787258126	-1.569751514270996	1.096864792079864	0.0005743707124154402	0.008672997757473147	0.990789478916634	0.0005743707124154402	0.0005743707124154402	0.02825903905083965	2.935028183188861e-06	0.0006068707411111021	0.01020553369234002	
32	249.3217467653046	246.2198247850778	2.71828	1.21358	1.16637e-05	0.2581069881028696	3.71839689095135	-0.132763631017867	4.952378749000896	1.642829253100163	9.765760479361596	-0.1936625602231952	-4.468564700985716	4.920003476714489	1.510001067040423	0.1000000706649286	0.0005109992890970277	0.1056584461634128	0.1000000706649286	172.5001218970019	1.776821255588585	0.1000000706649286	91.18766443765244	0	0	0	3.14159	-2781.290891454129	1415.297231109924	0	1	1	1	1	2	2.085	2.4952	0.00775795	0.1172	1.10013787258126	-1.569751514270996	1.096864792079864	798953356.7082959	0	0	7978.295896489747	28265.69144901838	28267.47729265574	124.202393070522	63659878.57596757	0	0	0	0.0005109992890970277	0.1056584461634128	1.776821255588585	0.1000000706649286	1.510001067040423	172.5001218970019	0.1000000706649286	0.1000000706649286	4.920003476714489	91.18766443765244	91.18766443765244	80.38505680400287	80.38505680400287	124.202393070522	1	125.0901325921153	0	1	0	0	1	0	7978.295896489747	7978.295898888627	28267.47757408921	28265.69144944588	28269.23085516553	28267.47729265574	28265.69178993671	0.000473794438563466	0.0009312097739042447	-0.9999994541834446	-0.003273294889023031	0.9999942106252266	0.0009296540212882293	0.999994530514742	0.003272852637499415	0.0004768398197834071	1.10013787258126	-1.569751514270996	1.096864792079864	0.0005743707124154402	0.008672997757473147	0.990789478916634	0.0005743707124154402	0.0005743707124154402	0.02825903905083965	2.935028183188861e-06	0.0006068707411111021	0.01020553369234002	
33	241.7665423178711	246.2198247850778	2.71828	1.21358	1.16637e-05	0.2581069881028696	3.71839689095135	-0.132763631017867	4.952378749000896	1.642829253100163	9.765760479361596	-0.1936625602231952	-4.468564700985716	4.920003476714489	1.510001067040423	0.1000000706649286	0.0005109992890970277	0.1056584461634128	0.1000000706649286	172.5001218970019	1.776821255588585	0.1000000706649286	91.18766443765244	0	0	0	3.14159	-2781.290891454129	1415.297231109924	0	1	1	1	1	2	2.085	2.4952	0.00775795	0.1172	1.10013787258126	-1.569751514270996	1.096864792079864	798953356.7082959	0	0	7978.295896489747	28265.69144901838	28267.47729265574	124.202393070522	63659878.57596757	0	0	0	0.0005109992890970277	0.1056584461634128	1.776821255588585	0.1000000706649286	1.510001067040423	172.5001218970019	0.1000000706649286	0.1000000706649286	4.920003476714489	91.18766443765244	91.18766443765244	80.38505680400287	80.38505680400287	124.202393070522	1	125.0901325921153	0	1	0	0	1	0	7978.295896489747	7978.295898888627	28267.47757408921	28265.69144944588	28269.23085516553	28267.47729265574	28265.69178993671	0.000473794438563466	0.0009312097739042447	-0.9999994541834446	-0.003273294889023031	0.9999942106252266	0.0009296540212882293	0.999994530514742	0.003272852637499415	0.0004768398197834071	1.10013787258126	-1.569751514270996	1.096864792079864	0.0005743707124154402	0.008672997757473147	0.990789478916634	0.0005743707124154402	0.0005743707124154402	0.02825903905083965	2.935028183188861e-06	0.0006068707411111021	0.01020553369234002	
34	234.6557616614631	246.2198247850778	2.71828	1.21358	1.16637e-05	0.2581069881028696	3.71839689095135	-0.132763631017867	4.952378749000896	1.642829253100163	9.765760479361596	-0.1936625602231952	-4.468564700985716	4.920003476714489	1.510001067040423	0.1000000706649286	0.0005109992890970277	0.1056584461634128	0.1000000706649286	172.5001218970019	1.776821255588585	0.1000000706649286	91.18766443765244	0	0	0	3.14159	-2781.290891454129	1415.297231109924	0	1	1	1	1	2	2.085	2.4952	0.00775795	0.1172	1.10013787258126	-1.569751514270996	1.096864792079864	798953356.7082959	0	0	7978.295896489747	28265.69144901838	28267.47729265574	124.202393070522	63659878.57596757	0	0	0	0.0005109992890970277	0.1056584461634128	1.776821255588585	0.1000000706649286	1.510001067040423	172.5001218970019	0.1000000706649286	0.1000000706649286	4.920003476714489	91.18766443765244	91.18766443765244	80.38505680400287	80.38505680400287	124.202393070522	1	125.0901325921153	0	1	0	0	1	0	7978.295896489747	7978.295898888627	28267.47757408921	28265.69144944588	28269.23085516553	28267.47729265574	28265.69178993671	0.000473794438563466	0.0009312097739042447	-0.9999994541834446	-0.003273294889023031	0.9999942106252266	0.0009296540212882293	0.999994530514742	0.003272852637499415	0.0004768398197834071	1.10013787258126	-1.569751514270996	1.096864792079864	0.0005743707124154402	0.008672997757473147	0.990789478916634	0.0005743707124154402	0.0005743707124154402	0.02825903905083965	2.935028183188861e-06	0.0006068707411111021	0.01020553369234002	
35	227.9513113282785	246.2198247850778	2.71828	1.21358	1.16637e-05	0.2581069881028696	3.71839689095135	-0.132763631017867	4.952378749000896	1.642829253100163	9.765760479361596	-0.1936625602231952	-4.468564700985716	4.920003476714489	1.510001067040423	0.1000000706649286	0.0005109992890970277	0.1056584461634128	0.1000000706649286	172.5001218970019	1.776821255588585	0.1000000706649286	91.18766443765244	0	0	0	3.14159	-2781.290891454129	1415.297231109924	0	1	1	1	1	2	2.085	2.4952	0.00775795	0.1172	1.10013787258126	-1.569751514270996	1.096864792079864	798953356.7082959	0	0	7978.295896489747	28265.69144901838	28267.47729265574	124.202393070522	63659878.57596757	0	0	0	0.0005109992890970277	0.1056584461634128	1.776821255588585	0.1000000706649286	1.510001067040423	172.5001218970019	0.1000000706649286	0.1000000706649286	4.920003476714489	91.18766443765244	91.18766443765244	80.38505680400287	80.38505680400287	124.202393070522	1	125.0901325921153	0	1	0	0	1	0	7978.295896489747	7978.295898888627	28267.47757408921	28265.69144944588	28269.23085516553	28267.47729265574	28265.69178993671	0.000473794438563466	0.0009312097739042447	-0.9999994541834446	-0.003273294889023031	0.9999942106252266	0.0009296540212882293	0.999994530514742	0.003272852637499415	0.0004768398197834071	1.10013787258126	-1.569751514270996	1.096864792079864	0.0005743707124154402	0.008672997757473147	0.990789478916634	0.0005743707124154402	0.0005743707124154402	0.02825903905083965	2.935028183188861e-06	0.0006068707411111021	0.01020553369234002	
36	221.6193304580485	246.2198247850778	2.71828	1.21358	1.16637e-05	0.2581069881028696	3.71839689095135	-0.132763631017867	4.952378749000896	1.642829253100163	9.765760479361596	-0.1936625602231952	-4.468564700985716	4.920003476714489	1.510001067040423	0.1000000706649286	0.0005109992890970277	0.1056584461634128	0.1000000706649286	172.5001218970019	1.776821255588585	0.1000000706649286	91.18766443765244	0	0	0	3.14159	-2781.290891454129	1415.297231109924	0	1	1	1	1	2	2.085	2.4952	0.00775795	0.1172	1.10013787258126	-1.569751514270996	1.096864792079864	798953356.7082959	0	0	7978.295896489747	28265.69144901838	28267.47729265574	124.202393070522	63659878.57596757	0	0	0	0.0005109992890970277	0.1056584461634128	1.776821255588585	0.1000000706649286	1.510001067040423	172.5001218970019	0.1000000706649286	0.1000000706649286	4.920003476714489	91.18766443765244	91.18766443765244	80.38505680400287	80.38505680400287	124.202393070522	1	125.0901325921153	0	1	0	0	1	0	7978.295896489747	7978.295898888627	28267.47757408921	28265.69144944588	28269.23085516553	28267.47729265574	28265.69178993671	0.000473794438563466	0.0009312097739042447	-0.9999994541834446	-0.003273294889023031	0.9999942106252266	0.0009296540212882293	0.999994530514742	0.003272852637499415	0.0004768398197834071	1.10013787258126	-1.569751514270996	1.096864792079864	0.0005743707124154402	0.008672997757473147	0.990789478916634	0.0005743707124154402	0.0005743707124154402	0.02825903905083965	2.935028183188861e-06	0.0006068707411111021	0.01020553369234002	
37	215.6296188240472	246.2198247850778	2.71828	1.21358	1.16637e-05	0.2581069881028696	3.71839689095135	-0.132763631017867	4.952378749000896	1.642829253100163	9.765760479361596	-0.1936625602231952	-4.468564700985716	4.920003476714489	1.510001067040423	0.1000000706649286	0.0005109992890970277	0.1056584461634128	0.1000000706649286	172.5001218970019	1.776821255588585	0.1000000706649286	91.18766443765244	0	0	0	3.14159	-2781.290891454129	1415.297231109924	0	1	1	1	1	2	2.085	2.4952	0.00775795	0.1172	1.10013787258126	-1.569751514270996	1.096864792079864	798953356.7082959	0	0	7978.295896489747	28265.69144901838	28267.47729265574	124.202393070522	63659878.57596757	0	0	0	0.0005109992890970277	0.1056584461634128	1.776821255588585	0.1000000706649286	1.510001067040423	172.5001218970019	0.1000000706649286	0.1000000706649286	4.920003476714489	91.18766443765244	91.18766443765244	80.38505680400287	80.38505680400287	124.202393070522	1	125.0901325921153	0	1	0	0	1	0	7978.295896489747	7978.295898888627	28267.47757408921	28265.69144944588	28269.23085516553	28267.47729265574	28265.69178993671	0.000473794438563466	0.0009312097739042447	-0.9999994541834446	-0.003273294889023031	0.9999942106252266	0.0009296540212882293	0.999994530514742	0.003272852637499415	0.0004768398197834071	1.10013787258126	-1.569751514270996	1.096864792079864	0.0005743707124154402	0.008672997757473147	0.990789478916634	0.0005743707124154402	0.0005743707124154402	0.02825903905083965	2.935028183188861e-06	0.0006068707411111021	0.01020553369234002	
38	209.9551551707828	246.2198247850778	2.71828	1.21358	1.16637e-05	0.2581069881028696	3.71839689095135	-0.132763631017867	4.952378749000896	1.642829253100163	9.765760479361596	-0.1936625602231952	-4.468564700985716	4.920003476714489	1.510001067040423	0.1000000706649286	0.0005109992890970277	0.1056584461634128	0.1000000706649286	172.5001218970019	1.776821255588585	0.1000000706649286	91.18766443765244	0	0	0	3.14159	-2781.290891454129	1415.297231109924	0	1	1	1	1	2	2.085	2.4952	0.00775795	0.1172	1.10013787258126	-1.569751514270996	1.096864792079864	798953356.7082959	0	0	7978.295896489747	28265.69144901838	28267.47729265574	124.202393070522	63659878.57596757	0	0	0	0.0005109992890970277	0.1056584461634128	1.776821255588585	0.1000000706649286	1.510001067040423	172.5001218970019	0.1000000706649286	0.1000000706649286	4.920003476714489	91.18766443765244	91.18766443765244	80.38505680400287	80.38505680400287	124.202393070522	1	125.0901325921153	0	1	0	0	1	0	7978.295896489747	7978.295898888627	28267.47757408921	28265.69144944588	28269.23085516553	28267.47729265574	28265.69178993671	0.000473794438563466	0.0009312097739042447	-0.9999994541834446	-0.003273294889023031	0.9999942106252266	0.0009296540212882293	0.999994530514742	0.003272852637499415	0.0004768398197834071	1.10013787258126	-1.569751514270996	1.096864792079864	0.0005743707124154402	0.008672997757473147	0.990789478916634	0.0005743707124154402	0.0005743707124154402	0.02825903905083965	2.935028183188861e-06	0.0006068707411111021	0.01020553369234002	
39	204.5716896535833	246.2198247850778	2.71828	1.21358	1.16637e-05	0.2581069881028696	3.71839689095135	-0.132763631017867	4.952378749000896	1.642829253100163	9.765760479361596	-0.1936625602231952	-4.468564700985716	4.920003476714489	1.510001067040423	0.1000000706649286	0.0005109992890970277	0.1056584461634128	0.1000000706649286	172.5001218970019	1.776821255588585	0.1000000706649286	91.18766443765244	0	0	0	3.14159	-2781.290891454129	1415.297231109924	0	1	1	1	1	2	2.085	2.4952	0.00775795	0.1172	1.10013787258126	-1.569751514270996	1.096864792079864	798953356.7082959	0	0	7978.295896489747	28265.69144901838	28267.47729265574	124.202393070522	63659878.57596757	0	0	0	0.0005109992890970277	0.1056584461634128	1.776821255588585	0.1000000706649286	1.510001067040423	172.5001218970019	0.1000000706649286	0.1000000706649286	4.920003476714489	91.18766443765244	91.18766443765244	80.38505680400287	80.38505680400287	124.202393070522	1	125.0901325921153	0	1	0	0	1	0	7978.295896489747	7978.295898888627	28267.47757408921	28265.69144944588	28269.23085516553	28267.47729265574	28265.69178993671	0.000473794438563466	0.0009312097739042447	-0.9999994541834446	-0.003273294889023031	0.9999942106252266	0.0009296540212882293	0.999994530514742	0.003272852637499415	0.0004768398197834071	1.10013787258126	-1.569751514270996	1.096864792079864	0.0005743707124154402	0.008672997757473147	0.990789478916634	0.0005743707124154402	0.0005743707124154402	0.02825903905083965	2.935028183188861e-06	0.0006068707411111021	0.01020553369234002	
40	199.4573974122437	246.2198247850778	2.71828	1.21358	1.16637e-05	0.2581069881028696	3.71839689095135	-0.132763631017867	4.952378749000896	1.642829253100163	9.765760479361596	-0.1936625602231952	-4.468564700985716	4.920003476714489	1.510001067040423	0.1000000706649286	0.0005109992890970277	0.1056584461634128	0.1000000706649286	172.5001218970019	1.776821255588585	0.1000000706649286	91.18766443765244	0	0	0	3.14159	-2781.290891454129	1415.297231109924	0	1	1	1	1	2	2.085	2.4952	0.00775795	0.1172	1.10013787258126	-1.569751514270996	1.096864792079864	798953356.7082959	0	0	7978.295896489747	28265.69144901838	28267.47729265574	124.202393070522	63659878.57596757	0	0	0	0.0005109992890970277	0.1056584461634128	1.776821255588585	0.1000000706649286	1.510001067040423	172.5001218970019	0.1000000706649286	0.1000000706649286	4.920003476714489	91.18766443765244	91.18766443765244	80.38505680400287	80.38505680400287	124.202393070522	1	125.0901325921153	0	1	0	0	1	0	7978.295896489747	7978.295898888627	28267.47757408921	28265.69144944588	28269.23085516553	28267.47729265574	28265.69178993671	0.000473794438563466	0.0009312097739042447	-0.9999994541834446	-0.003273294889023031	0.9999942106252266	0.0009296540212882293	0.999994530514742	0.003272852637499415	0.0004768398197834071	1.10013787258126	-1.569751514270996	1.096864792079864	0.0005743707124154402	0.008672997757473147	0.990789478916634	0.0005743707124154402	0.0005743707124154402	0.02825903905083965	2.935028183188861e-06	0.0006068707411111021	0.01020553369234002	
41	194.5925828412134	246.2198247850778	2.71828	1.21358	1.16637e-05	0.2581069881028696	3.71839689095135	-0.132763631017867	4.952378749000896	1.642829253100163	9.765760479361596	-0.1936625602231952	-4.468564700985716	4.920003476714489	1.510001067040423	0.1000000706649286	0.0005109992890970277	0.1056584461634128	0.1000000706649286	172.5001218970019	1.776821255588585	0.1000000706649286	91.18766443765244	0	0	0	3.14159	-2781.290891454129	1415.297231109924	0	1	1	1	1	2	2.085	2.4952	0.00775795	0.1172	1.10013787258126	-1.569751514270996	1.096864792079864	798953356.7082959	0	0	7978.295896489747	28265.69144901838	28267.47729265574	124.202393070522	63659878.57596757	0	0	0	0.0005109992890970277	0.1056584461634128	1.776821255588585	0.1000000706649286	1.510001067040423	172.5001218970019	0.1000000706649286	0.1000000706649286	4.920003476714489	91.18766443765244	91.18766443765244	80.38505680400287	80.38505680400287	124.202393070522	1	125.0901325921153	0	1	0	0	1	0	7978.295896489747	7978.295898888627	28267.47757408921	28265.69144944588	28269.23085516553	28267.47729265574	28265.69178993671	0.000473794438563466	0.0009312097739042447	-0.9999994541834446	-0.003273294889023031	0.9999942106252266	0.0009296540212882293	0.999994530514742	0.003272852637499415	0.0004768398197834071	1.10013787258126	-1.569751514270996	1.096864792079864	0.0005743707124154402	0.008672997757473147	0.990789478916634	0.0005743707124154402	0.0005743707124154402	0.02825903905083965	2.935028183188861e-06	0.0006068707411111021	0.01020553369234002	
42	189.9594261068987	246.2198247850778	2.71828	1.21358	1.16637e-05	0.2581069881028696	3.71839689095135	-0.132763631017867	4.952378749000896	1.642829253100163	9.765760479361596	-0.1936625602231952	-4.468564700985716	4.920003476714489	1.510001067040423	0.1000000706649286	0.0005109992890970277	0.1056584461634128	0.1000000706649286	172.5001218970019	1.776821255588585	0.1000000706649286	91.18766443765244	0	0	0	3.14159	-2781.290891454129	1415.297231109924	0	1	1	1	1	2	2.085	2.4952	0.00775795	0.1172	1.10013787258126	-1.569751514270996	1.096864792079864	798953356.7082959	0	0	7978.295896489747	28265.69144901838	28267.47729265574	124.202393070522	63659878.57596757	0	0	0	0.0005109992890970277	0.1056584461634128	1.776821255588585	0.1000000706649286	1.510001067040423	172.5001218970019	0.1000000706649286	0.1000000706649286	4.920003476714489	91.18766443765244	91.18766443765244	80.38505680400287	80.38505680400287	124.202393070522	1	125.0901325921153	0	1	0	0	1	0	7978.295896489747	7978.295898888627	28267.47757408921	28265.69144944588	28269.23085516553	28267.47729265574	28265.69178993671	0.000473794438563466	0.0009312097739042447	-0.9999994541834446	-0.003273294889023031	0.9999942106252266	0.0009296540212882293	0.999994530514742	0.003272852637499415	0.0004768398197834071	1.10013787258126	-1.569751514270996	1.096864792079864	0.0005743707124154402	0.008672997757473147	0.990789478916634	0.0005743707124154402	0.0005743707124154402	0.02825903905083965	2.935028183188861e-06	0.0006068707411111021	0.01020553369234002	
43	185.5417650346453	246.2198247850778	2.71828	1.21358	1.16637e-05	0.2581069881028696	3.71839689095135	-0.132763631017867	4.952378749000896	1.642829253100163	9.765760479361596	-0.1936625602231952	-4.468564700985716	4.920003476714489	1.510001067040423	0.1000000706649286	0.0005109992890970277	0.1056584461634128	0.1000000706649286	172.5001218970019	1.776821255588585	0.1000000706649286	91.18766443765244	0	0	0	3.14159	-2781.290891454129	1415.297231109924	0	1	1	1	1	2	2.085	2.4952	0.00775795	0.1172	1.10013787258126	-1.569751514270996	1.096864792079864	798953356.7082959	0	0	7978.295896489747	28265.69144901838	28267.47729265574	124.202393070522	63659878.57596757	0	0	0	0.0005109992890970277	0.1056584461634128	1.776821255588585	0.1000000706649286	1.510001067040423	172.5001218970019	0.1000000706649286	0.1000000706649286	4.920003476714489	91.18766443765244	91.18766443765244	80.38505680400287	80.38505680400287	124.202393070522	1	125.0901325921153	0	1	0	0	1	0	7978.295896489747	7978.295898888627	28267.47757408921	28265.69144944588	28269.23085516553	28267.47729265574	28265.69178993671	0.000473794438563466	0.0009312097739042447	-0.9999994541834446	-0.003273294889023031	0.9999942106252266	0.0009296540212882293	0.999994530514742	0.003272852637499415	0.0004768398197834071	1.10013787258126	-1.569751514270996	1.096864792079864	0.0005743707124154402	0.008672997757473147	0.990789478916634	0.0005743707124154402	0.0005743707124154402	0.02825903905083965	2.935028183188861e-06	0.0006068707411111021	0.01020553369234002	
44	181.3249067384033	246.2198247850778	2.71828	1.21358	1.16637e-05	0.2581069881028696	3.71839689095135	-0.132763631017867	4.952378749000896	1.642829253100163	9.765760479361596	-0.1936625602231952	-4.468564700985716	4.920003476714489	1.510001067040423	0.1000000706649286	0.0005109992890970277	0.1056584461634128	0.1000000706649286	172.5001218970019	1.776821255588585	0.1000000706649286	91.18766443765244	0	0	0	3.14159	-2781.290891454129	1415.297231109924	0	1	1	1	1	2	2.085	2.4952	0.00775795	0.1172	1.10013787258126	-1.569751514270996	1.096864792079864	798953356.7082959	0	0	7978.295896489747	28265.69144901838	28267.47729265574	124.202393070522	63659878.57596757	0	0	0	0.0005109992890970277	0.1056584461634128	1.776821255588585	0.1000000706649286	1.510001067040423	172.5001218970019	0.1000000706649286	0.1000000706649286	4.920003476714489	91.18766443765244	91.18766443765244	80.38505680400287	80.38505680400287	124.202393070522	1	125.0901325921153	0	1	0	0	1	0	7978.295896489747	7978.295898888627	28267.47757408921	28265.69144944588	28269.23085516553	28267.47729265574	28265.69178993671	0.000473794438563466	0.0009312097739042447	-0.9999994541834446	-0.003273294889023031	0.9999942106252266	0.0009296540212882293	0.999994530514742	0.003272852637499415	0.0004768398197834071	1.10013787258126	-1.569751514270996	1.096864792079864	0.0005743707124154402	0.008672997757473147	0.990789478916634	0.0005743707124154402	0.0005743707124154402	0.02825903905083965	2.935028183188861e-06	0.0006068707411111021	0.01020553369234002	
45	177.2954643664388	246.2198247850778	2.71828	1.21358	1.16637e-05	0.2581069881028696	3.71839689095135	-0.132763631017867	4.952378749000896	1.642829253100163	9.765760479361596	-0.1936625602231952	-4.468564700985716	4.920003476714489	1.510001067040423	0.1000000706649286	0.0005109992890970277	0.1056584461634128	0.1000000706649286	172.5001218970019	1.776821255588585	0.1000000706649286	91.18766443765244	0	0	0	3.14159	-2781.290891454129	1415.297231109924	0	1	1	1	1	2	2.085	2.4952	0.00775795	0.1172	1.10013787258126	-1.569751514270996	1.096864792079864	798953356.7082959	0	0	7978.295896489747	28265.69144901838	28267.47729265574	124.202393070522	63659878.57596757	0	0	0	0.0005109992890970277	0.1056584461634128	1.776821255588585	0.1000000706649286	1.510001067040423	172.5001218970019	0.1000000706649286	0.1000000706649286	4.920003476714489	91.18766443765244	91.18766443765244	80.38505680400287	80.38505680400287	124.202393070522	1	125.0901325921153	0	1	0	0	1	0	7978.295896489747	7978.295898888627	28267.47757408921	28265.69144944588	28269.23085516553	28267.47729265574	28265.69178993671	0.000473794438563466	0.0009312097739042447	-0.9999994541834446	-0.003273294889023031	0.9999942106252266	0.0009296540212882293	0.999994530514742	0.003272852637499415	0.0004768398197834071	1.10013787258126	-1.569751514270996	1.096864792079864	0.0005743707124154402	0.008672997757473147	0.990789478916634	0.0005743707124154402	0.0005743707124154402	0.02825903905083965	2.935028183188861e-06	0.0006068707411111021	0.01020553369234002	
46	173.4412151410815	246.2198247850778	2.71828	1.21358	1.16637e-05	0.2581069881028696	3.71839689095135	-0.132763631017867	4.952378749000896	1.642829253100163	9.765760479361596	-0.1936625602231952	-4.468564700985716	4.920003476714489	1.510001067040423	0.1000000706649286	0.0005109992890970277	0.1056584461634128	0.1000000706649286	172.5001218970019	1.776821255588585	0.1000000706649286	91.18766443765244	0	0	0	3.14159	-2781.290891454129	1415.297231109924	0	1	1	1	1	2	2.085	2.4952	0.00775795	0.1172	1.10013787258126	-1.569751514270996	1.096864792079864	798953356.7082959	0	0	7978.295896489747	28265.69144901838	28267.47729265574	124.202393070522	63659878.57596757	0	0	0	0.0005109992890970277	0.1056584461634128	1.776821255588585	0.1000000706649286	1.510001067040423	172.5001218970019	0.1000000706649286	0.1000000706649286	4.920003476714489	91.18766443765244	91.18766443765244	80.38505680400287	80.38505680400287	124.202393070522	1	125.0901325921153	0	1	0	0	1	0	7978.295896489747	7978.295898888627	28267.47757408921	28265.69144944588	28269.23085516553	28267.47729265574	28265.69178993671	0.000473794438563466	0.0009312097739042447	-0.9999994541834446	-0.003273294889023031	0.9999942106252266	0.0009296540212882293	0.999994530514742	0.003272852637499415	0.0004768398197834071	1.10013787258126	-1.569751514270996	1.096864792079864	0.0005743707124154402	0.008672997757473147	0.990789478916634	0.0005743707124154402	0.0005743707124154402	0.02825903905083965	2.935028183188861e-06	0.0006068707411111021	0.01020553369234002	
47	169.7509765210584	246.2198247850778	2.71828	1.21358	1.16637e-05	0.2581069881028696	3.71839689095135	-0.132763631017867	4.952378749000896	1.642829253100163	9.765760479361596	-0.1936625602231952	-4.468564700985716	4.920003476714489	1.510001067040423	0.1000000706649286	0.0005109992890970277	0.1056584461634128	0.1000000706649286	172.5001218970019	1.776821255588585	0.1000000706649286	91.18766443765244	0	0	0	3.14159	-2781.290891454129	1415.297231109924	0	1	1	1	1	2	2.085	2.4952	0.00775795	0.1172	1.10013787258126	-1.569751514270996	1.096864792079864	798953356.7082959	0	0	7978.295896489747	28265.69144901838	28267.47729265574	124.202393070522	63659878.57596757	0	0	0	0.0005109992890970277	0.1056584461634128	1.776821255588585	0.1000000706649286	1.510001067040423	172.5001218970019	0.1000000706649286	0.1000000706649286	4.920003476714489	91.18766443765244	91.18766443765244	80.38505680400287	80.38505680400287	124.202393070522	1	125.0901325921153	0	1	0	0	1	0	7978.295896489747	7978.295898888627	28267.47757408921	28265.69144944588	28269.23085516553	28267.47729265574	28265.69178993671	0.000473794438563466	0.0009312097739042447	-0.9999994541834446	-0.003273294889023031	0.9999942106252266	0.0009296540212882293	0.999994530514742	0.003272852637499415	0.0004768398197834071	1.10013787258126	-1.569751514270996	1.096864792079864	0.0005743707124154402	0.008672997757473147	0.990789478916634	0.0005743707124154402	0.0005743707124154402	0.02825903905083965	2.935028183188861e-06	0.0006068707411111021	0.01020553369234002	
48	166.2144978435364	246.2198247850778	2.71828	1.21358	1.16637e-05	0.2581069881028696	3.71839689095135	-0.132763631017867	4.952378749000896	1.642829253100163	9.765760479361596	-0.1936625602231952	-4.468564700985716	4.920003476714489	1.510001067040423	0.1000000706649286	0.0005109992890970277	0.1056584461634128	0.1000000706649286	172.5001218970019	1.776821255588585	0.1000000706649286	91.18766443765244	0	0	0	3.14159	-2781.290891454129	1415.297231109924	0	1	1	1	1	2	2.085	2.4952	0.00775795	0.1172	1.10013787258126	-1.569751514270996	1.096864792079864	798953356.7082959	0	0	7978.295896489747	28265.69144901838	28267.47729265574	124.202393070522	63659878.57596757	0	0	0	0.0005109992890970277	0.1056584461634128	1.776821255588585	0.1000000706649286	1.510001067040423	172.5001218970019	0.1000000706649286	0.1000000706649286	4.920003476714489	91.18766443765244	91.18766443765244	80.38505680400287	80.38505680400287	124.202393070522	1	125.0901325921153	0	1	0	0	1	0	7978.295896489747	7978.295898888627	28267.47757408921	28265.69144944588	28269.23085516553	28267.47729265574	28265.69178993671	0.000473794438563466	0.0009312097739042447	-0.9999994541834446	-0.003273294889023031	0.9999942106252266	0.0009296540212882293	0.999994530514742	0.003272852637499415	0.0004768398197834071	1.10013787258126	-1.569751514270996	1.096864792079864	0.0005743707124154402	0.008672997757473147	0.990789478916634	0.0005743707124154402	0.0005743707124154402	0.02825903905083965	2.935028183188861e-06	0.0006068707411111021	0.01020553369234002	
49	162.8223652344846	246.2198247850778	2.71828	1.21358	1.16637e-05	0.2581069881028696	3.71839689095135	-0.132763631017867	4.952378749000896	1.642829253100163	9.765760479361596	-0.1936625602231952	-4.468564700985716	4.920003476714489	1.510001067040423	0.1000000706649286	0.0005109992890970277	0.1056584461634128	0.1000000706649286	172.5001218970019	1.776821255588585	0.1000000706649286	91.18766443765244	0	0	0	3.14159	-2781.290891454129	1415.297231109924	0	1	1	1	1	2	2.085	2.4952	0.00775795	0.1172	1.10013787258126	-1.569751514270996	1.096864792079864	798953356.7082959	0	0	7978.295896489747	28265.69144901838	28267.47729265574	124.202393070522	63659878.57596757	0	0	0	0.0005109992890970277	0.1056584461634128	1.776821255588585	0.1000000706649286	1.510001067040423	172.5001218970019	0.1000000706649286	0.1000000706649286	4.920003476714489	91.18766443765244	91.18766443765244	80.38505680400287	80.38505680400287	124.202393070522	1	125.0901325921153	0	1	0	0	1	0	7978.295896489747	7978.295898888627	28267.47757408921	28265.69144944588	28269.23085516553	28267.47729265574	28265.69178993671	0.000473794438563466	0.0009312097739042447	-0.9999994541834446	-0.003273294889023031	0.9999942106252266	0.0009296540212882293	0.999994530514742	0.003272852637499415	0.0004768398197834071	1.10013787258126	-1.569751514270996	1.096864792079864	0.0005743707124154402	0.008672997757473147	0.990789478916634	0.0005743707124154402	0.0005743707124154402	0.02825903905083965	2.935028183188861e-06	0.0006068707411111021	0.01020553369234002	
50	159.5659179297949	246.2198247850778	2.71828	1.21358	1.16637e-05	0.2581069881028696	3.71839689095135	-0.132763631017867	4.952378749000896	1.642829253100163	9.765760479361596	-0.1936625602231952	-4.468564700985716	4.920003476714489	1.510001067040423	0.1000000706649286	0.0005109992890970277	0.1056584461634128	0.1000000706649286	172.5001218970019	1.776821255588585	0.1000000706649286	91.18766443765244	0	0	0	3.14159	-2781.290891454129	1415.297231109924	0	1	1	1	1	2	2.085	2.4952	0.00775795	0.1172	1.10013787258126	-1.569751514270996	1.096864792079864	798953356.7082959	0	0	7978.295896489747	28265.69144901838	28267.47729265574	124.202393070522	63659878.57596757	0	0	0	0.0005109992890970277	0.1056584461634128	1.776821255588585	0.1000000706649286	1.510001067040423	172.5001218970019	0.1000000706649286	0.1000000706649286	4.920003476714489	91.18766443765244	91.18766443765244	80.38505680400287	80.38505680400287	124.202393070522	1	125.0901325921153	0	1	0	0	1	0	7978.295896489747	7978.295898888627	28267.47757408921	28265.69144944588	28269.23085516553	28267.47729265574	28265.69178993671	0.000473794438563466	0.0009312097739042447	-0.9999994541834446	-0.003273294889023031	0.9999942106252266	0.0009296540212882293	0.999994530514742	0.003272852637499415	0.0004768398197834071	1.10013787258126	-1.569751514270996	1.096864792079864	0.0005743707124154402	0.008672997757473147	0.990789478916634	0.0005743707124154402	0.0005743707124154402	0.02825903905083965	2.935028183188861e-06	0.0006068707411111021	0.01020553369234002	
51	156.4371744409754	246.2198247850778	2.71828	1.21358	1.16637e-05	0.2581069881028696	3.71839689095135	-0.132763631017867	4.952378749000896	1.642829253100163	9.765760479361596	-0.1936625602231952	-4.468564700985716	4.920003476714489	1.510001067040423	0.1000000706649286	0.0005109992890970277	0.1056584461634128	0.1000000706649286	172.5001218970019	1.776821255588585	0.1000000706649286	91.18766443765244	0	0	0	3.14159	-2781.290891454129	1415.297231109924	0	1	1	1	1	2	2.085	2.4952	0.00775795	0.1172	1.10013787258126	-1.569751514270996	1.096864792079864	798953356.7082959	0	0	7978.295896489747	28265.69144901838	28267.47729265574	124.202393070522	63659878.57596757	0	0	0	0.0005109992890970277	0.1056584461634128	1.776821255588585	0.1000000706649286	1.510001067040423	172.5001218970019	0.1000000706649286	0.1000000706649286	4.920003476714489	91.18766443765244	91.18766443765244	80.38505680400287	80.38505680400287	124.202393070522	1	125.0901325921153	0	1	0	0	1	0	7978.295896489747	7978.295898888627	28267.47757408921	28265.69144944588	28269.23085516553	28267.47729265574	28265.69178993671	0.000473794438563466	0.0009312097739042447	-0.9999994541834446	-0.003273294889023031	0.9999942106252266	0.0009296540212882293	0.999994530514742	0.003272852637499415	0.0004768398197834071	1.10013787258126	-1.569751514270996	1.096864792079864	0.0005743707124154402	0.008672997757473147	0.990789478916634	0.0005743707124154402	0.0005743707124154402	0.02825903905083965	2.935028183188861e-06	0.0006068707411111021	0.01020553369234002	
52	153.4287672401875	246.2198247850778	2.71828	1.21358	1.16637e-05	0.2581069881028696	3.71839689095135	-0.132763631017867	4.952378749000896	1.642829253100163	9.765760479361596	-0.1936625602231952	-4.468564700985716	4.920003476714489	1.510001067040423	0.1000000706649286	0.0005109992890970277	0.1056584461634128	0.1000000706649286	172.5001218970019	1.776821255588585	0.1000000706649286	91.18766443765244	0	0	0	3.14159	-2781.290891454129	1415.297231109924	0	1	1	1	1	2	2.085	2.4952	0.00775795	0.1172	1.10013787258126	-1.569751514270996	1.096864792079864	798953356.7082959	0	0	7978.295896489747	28265.69144901838	28267.47729265574	124.202393070522	63659878.57596757	0	0	0	0.0005109992890970277	0.1056584461634128	1.776821255588585	0.1000000706649286	1.510001067040423	172.5001218970019	0.1000000706649286	0.1000000706649286	4.920003476714489	91.18766443765244	91.18766443765244	80.38505680400287	80.38505680400287	124.202393070522	1	125.0901325921153	0	1	0	0	1	0	7978.295896489747	7978.295898888627	28267.47757408921	28265.69144944588	28269.23085516553	28267.47729265574	28265.69178993671	0.000473794438563466	0.0009312097739042447	-0.9999994541834446	-0.003273294889023031	0.9999942106252266	0.0009296540212882293	0.999994530514742	0.003272852637499415	0.0004768398197834071	1.10013787258126	-1.569751514270996	1.096864792079864	0.0005743707124154402	0.008672997757473147	0.990789478916634	0.0005743707124154402	0.0005743707124154402	0.02825903905083965	2.935028183188861e-06	0.0006068707411111021	0.01020553369234002	
53	150.5338848394292	246.2198247850778	2.71828	1.21358	1.16637e-05	0.2581069881028696	3.71839689095135	-0.132763631017867	4.952378749000896	1.642829253100163	9.765760479361596	-0.1936625602231952	-4.468564700985716	4.920003476714489	1.510001067040423	0.1000000706649286	0.0005109992890970277	0.1056584461634128	0.1000000706649286	172.5001218970019	1.776821255588585	0.1000000706649286	91.18766443765244	0	0	0	3.14159	-2781.290891454129	1415.297231109924	0	1	1	1	1	2	2.085	2.4952	0.00775795	0.1172	1.10013787258126	-1.569751514270996	1.096864792079864	798953356.7082959	0	0	7978.295896489747	28265.69144901838	28267.47729265574	124.202393070522	63659878.57596757	0	0	0	0.0005109992890970277	0.1056584461634128	1.776821255588585	0.1000000706649286	1.510001067040423	172.5001218970019	0.1000000706649286	0.1000000706649286	4.920003476714489	91.18766443765244	91.18766443765244	80.38505680400287	80.38505680400287	124.202393070522	1	125.0901325921153	0	1	0	0	1	0	7978.295896489747	7978.295898888627	28267.47757408921	28265.69144944588	28269.23085516553	28267.47729265574	28265.69178993671	0.000473794438563466	0.0009312097739042447	-0.9999994541834446	-0.003273294889023031	0.9999942106252266	0.0009296540212882293	0.999994530514742	0.003272852637499415	0.0004768398197834071	1.10013787258126	-1.569751514270996	1.096864792079864	0.0005743707124154402	0.008672997757473147	0.990789478916634	0.0005743707124154402	0.0005743707124154402	0.02825903905083965	2.935028183188861e-06	0.0006068707411111021	0.01020553369234002	
54	147.7462203053657	246.2198247850778	2.71828	1.21358	1.16637e-05	0.2581069881028696	3.71839689095135	-0.132763631017867	4.952378749000896	1.642829253100163	9.765760479361596	-0.1936625602231952	-4.468564700985716	4.920003476714489	1.510001067040423	0.1000000706649286	0.0005109992890970277	0.1056584461634128	0.1000000706649286	172.5001218970019	1.776821255588585	0.1000000706649286	91.18766443765244	0	0	0	3.14159	-2781.290891454129	1415.297231109924	0	1	1	1	1	2	2.085	2.4952	0.00775795	0.1172	1.10013787258126	-1.569751514270996	1.096864792079864	798953356.7082959	0	0	7978.295896489747	28265.69144901838	28267.47729265574	124.202393070522	63659878.57596757	0	0	0	0.0005109992890970277	0.1056584461634128	1.776821255588585	0.1000000706649286	1.510001067040423	172.5001218970019	0.1000000706649286	0.1000000706649286	4.920003476714489	91.18766443765244	91.18766443765244	80.38505680400287	80.38505680400287	124.202393070522	1	125.0901325921153	0	1	0	0	1	0	7978.295896489747	7978.295898888627	28267.47757408921	28265.69144944588	28269.23085516553	28267.47729265574	28265.69178993671	0.000473794438563466	0.0009312097739042447	-0.9999994541834446	-0.003273294889023031	0.9999942106252266	0.0009296540212882293	0.999994530514742	0.003272852637499415	0.0004768398197834071	1.10013787258126	-1.569751514270996	1.096864792079864	0.0005743707124154402	0.008672997757473147	0.990789478916634	0.0005743707124154402	0.0005743707124154402	0.02825903905083965	2.935028183188861e-06	0.0006068707411111021	0.01020553369234002	
55	145.0599253907227	246.2198247850778	2.71828	1.21358	1.16637e-05	0.2581069881028696	3.71839689095135	-0.132763631017867	4.952378749000896	1.642829253100163	9.765760479361596	-0.1936625602231952	-4.468564700985716	4.920003476714489	1.510001067040423	0.1000000706649286	0.0005109992890970277	0.1056584461634128	0.1000000706649286	172.5001218970019	1.776821255588585	0.1000000706649286	91.18766443765244	0	0	0	3.14159	-2781.290891454129	1415.297231109924	0	1	1	1	1	2	2.085	2.4952	0.00775795	0.1172	1.10013787258126	-1.569751514270996	1.096864792079864	798953356.7082959	0	0	7978.295896489747	28265.69144901838	28267.47729265574	124.202393070522	63659878.57596757	0	0	0	0.0005109992890970277	0.1056584461634128	1.776821255588585	0.1000000706649286	1.510001067040423	172.5001218970019	0.1000000706649286	0.1000000706649286	4.920003476714489	91.18766443765244	91.18766443765244	80.38505680400287	80.38505680400287	124.202393070522	1	125.0901325921153	0	1	0	0	1	0	7978.295896489747	7978.295898888627	28267.47757408921	28265.69144944588	28269.23085516553	28267.47729265574	28265.69178993671	0.000473794438563466	0.0009312097739042447	-0.9999994541834446	-0.003273294889023031	0.9999942106252266	0.0009296540212882293	0.999994530514742	0.003272852637499415	0.0004768398197834071	1.10013787258126	-1.569751514270996	1.096864792079864	0.0005743707124154402	0.008672997757473147	0.990789478916634	0.0005743707124154402	0.0005743707124154402	0.02825903905083965	2.935028183188861e-06	0.0006068707411111021	0.01020553369234002	
56	142.4695695801741	246.2198247850778	2.71828	1.21358	1.16637e-05	0.2581069881028696	3.71839689095135	-0.132763631017867	4.952378749000896	1.642829253100163	9.765760479361596	-0.1936625602231952	-4.468564700985716	4.920003476714489	1.510001067040423	0.1000000706649286	0.0005109992890970277	0.1056584461634128	0.1000000706649286	172.5001218970019	1.776821255588585	0.1000000706649286	91.18766443765244	0	0	0	3.14159	-2781.290891454129	1415.297231109924	0	1	1	1	1	2	2.085	2.4952	0.00775795	0.1172	1.10013787258126	-1.569751514270996	1.096864792079864	798953356.7082959	0	0	7978.295896489747	28265.69144901838	28267.47729265574	124.202393070522	63659878.57596757	0	0	0	0.0005109992890970277	0.1056584461634128	1.776821255588585	0.1000000706649286	1.510001067040423	172.5001218970019	0.1000000706649286	0.1000000706649286	4.920003476714489	91.18766443765244	91.18766443765244	80.38505680400287	80.38505680400287	124.202393070522	1	125.0901325921153	0	1	0	0	1	0	7978.295896489747	7978.295898888627	28267.47757408921	28265.69144944588	28269.23085516553	28267.47729265574	28265.69178993671	0.000473794438563466	0.0009312097739042447	-0.9999994541834446	-0.003273294889023031	0.9999942106252266	0.0009296540212882293	0.999994530514742	0.003272852637499415	0.0004768398197834071	1.10013787258126	-1.569751514270996	1.096864792079864	0.0005743707124154402	0.008672997757473147	0.990789478916634	0.0005743707124154402	0.0005743707124154402	0.02825903905083965	2.935028183188861e-06	0.0006068707411111021	0.01020553369234002	
57	139.9701034471885	246.2198247850778	2.71828	1.21358	1.16637e-05	0.2581069881028696	3.71839689095135	-0.132763631017867	4.952378749000896	1.642829253100163	9.765760479361596	-0.1936625602231952	-4.468564700985716	4.920003476714489	1.510001067040423	0.1000000706649286	0.0005109992890970277	0.1056584461634128	0.1000000706649286	172.5001218970019	1.776821255588585	0.1000000706649286	91.18766443765244	0	0	0	3.14159	-2781.290891454129	1415.297231109924	0	1	1	1	1	2	2.085	2.4952	0.00775795	0.1172	1.10013787258126	-1.569751514270996	1.096864792079864	798953356.7082959	0	0	7978.295896489747	28265.69144901838	28267.47729265574	124.202393070522	63659878.57596757	0	0	0	0.0005109992890970277	0.1056584461634128	1.776821255588585	0.1000000706649286	1.510001067040423	172.5001218970019	0.1000000706649286	0.1000000706649286	4.920003476714489	91.18766443765244	91.18766443765244	80.38505680400287	80.38505680400287	124.202393070522	1	125.0901325921153	0	1	0	0	1	0	7978.295896489747	7978.295898888627	28267.47757408921	28265.69144944588	28269.23085516553	28267.47729265574	28265.69178993671	0.000473794438563466	0.0009312097739042447	-0.9999994541834446	-0.003273294889023031	0.9999942106252266	0.0009296540212882293	0.999994530514742	0.003272852637499415	0.0004768398197834071	1.10013787258126	-1.569751514270996	1.096864792079864	0.0005743707124154402	0.008672997757473147	0.990789478916634	0.0005743707124154402	0.0005743707124154402	0.02825903905083965	2.935028183188861e-06	0.0006068707411111021	0.01020553369234002	
58	137.5568258015474	246.2198247850778	2.71828	1.21358	1.16637e-05	0.2581069881028696	3.71839689095135	-0.132763631017867	4.952378749000896	1.642829253100163	9.765760479361596	-0.1936625602231952	-4.468564700985716	4.920003476714489	1.510001067040423	0.1000000706649286	0.0005109992890970277	0.1056584461634128	0.1000000706649286	172.5001218970019	1.776821255588585	0.1000000706649286	91.18766443765244	0	0	0	3.14159	-2781.290891454129	1415.297231109924	0	1	1	1	1	2	2.085	2.4952	0.00775795	0.1172	1.10013787258126	-1.569751514270996	1.096864792079864	798953356.7082959	0	0	7978.295896489747	28265.69144901838	28267.47729265574	124.202393070522	63659878.57596757	0	0	0	0.0005109992890970277	0.1056584461634128	1.776821255588585	0.1000000706649286	1.510001067040423	172.5001218970019	0.1000000706649286	0.1000000706649286	4.920003476714489	91.18766443765244	91.18766443765244	80.38505680400287	80.38505680400287	124.202393070522	1	125.0901325921153	0	1	0	0	1	0	7978.295896489747	7978.295898888627	28267.47757408921	28265.69144944588	28269.23085516553	28267.47729265574	28265.69178993671	0.000473794438563466	0.0009312097739042447	-0.9999994541834446	-0.003273294889023031	0.9999942106252266	0.0009296540212882293	0.999994530514742	0.003272852637499415	0.0004768398197834071	1.10013787258126	-1.569751514270996	1.096864792079864	0.0005743707124154402	0.008672997757473147	0.990789478916634	0.0005743707124154402	0.0005743707124154402	0.02825903905083965	2.935028183188861e-06	0.0006068707411111021	0.01020553369234002	
59	135.2253541777923	246.2198247850778	2.71828	1.21358	1.16637e-05	0.2581069881028696	3.71839689095135	-0.132763631017867	4.952378749000896	1.642829253100163	9.765760479361596	-0.1936625602231952	-4.468564700985716	4.920003476714489	1.510001067040423	0.1000000706649286	0.0005109992890970277	0.1056584461634128	0.1000000706649286	172.5001218970019	1.776821255588585	0.1000000706649286	91.18766443765244	0	0	0	3.14159	-2781.290891454129	1415.297231109924	0	1	1	1	1	2	2.085	2.4952	0.00775795	0.1172	1.10013787258126	-1.569751514270996	1.096864792079864	798953356.7082959	0	0	7978.295896489747	28265.69144901838	28267.47729265574	124.202393070522	63659878.57596757	0	0	0	0.0005109992890970277	0.1056584461634128	1.776821255588585	0.1000000706649286	1.510001067040423	172.5001218970019	0.1000000706649286	0.1000000706649286	4.920003476714489	91.18766443765244	91.18766443765244	80.38505680400287	80.38505680400287	124.202393070522	1	125.0901325921153	0	1	0	0	1	0	7978.295896489747	7978.295898888627	28267.47757408921	28265.69144944588	28269.23085516553	28267.47729265574	28265.69178993671	0.000473794438563466	0.0009312097739042447	-0.9999994541834446	-0.003273294889023031	0.9999942106252266	0.0009296540212882293	0.999994530514742	0.003272852637499415	0.0004768398197834071	1.10013787258126	-1.569751514270996	1.096864792079864	0.0005743707124154402	0.008672997757473147	0.990789478916634	0.0005743707124154402	0.0005743707124154402	0.02825903905083965	2.935028183188861e-06	0.0006068707411111021	0.01020553369234002	
60	132.9715982748291	246.2198247850778	2.71828	1.21358	1.16637e-05	0.2581069881028696	3.71839689095135	-0.132763631017867	4.952378749000896	1.642829253100163	9.765760479361596	-0.1936625602231952	-4.468564700985716	4.920003476714489	1.510001067040423	0.1000000706649286	0.0005109992890970277	0.1056584461634128	0.1000000706649286	172.5001218970019	1.776821255588585	0.1000000706649286	91.18766443765244	0	0	0	3.14159	-2781.290891454129	1415.297231109924	0	1	1	1	1	2	2.085	2.4952	0.00775795	0.1172	1.10013787258126	-1.569751514270996	1.096864792079864	798953356.7082959	0	0	7978.295896489747	28265.69144901838	28267.47729265574	124.202393070522	63659878.57596757	0	0	0	0.0005109992890970277	0.1056584461634128	1.776821255588585	0.1000000706649286	1.510001067040423	172.5001218970019	0.1000000706649286	0.1000000706649286	4.920003476714489	91.18766443765244	91.18766443765244	80.38505680400287	80.38505680400287	124.202393070522	1	125.0901325921153	0	1	0	0	1	0	7978.295896489747	7978.295898888627	28267.47757408921	28265.69144944588	28269.23085516553	28267.47729265574	28265.69178993671	0.000473794438563466	0.0009312097739042447	-0.9999994541834446	-0.003273294889023031	0.9999942106252266	0.0009296540212882293	0.999994530514742	0.003272852637499415	0.0004768398197834071	1.10013787258126	-1.569751514270996	1.096864792079864	0.0005743707124154402	0.008672997757473147	0.990789478916634	0.0005743707124154402	0.0005743707124154402	0.02825903905083965	2.935028183188861e-06	0.0006068707411111021	0.01020553369234002	
61	130.7917360080286	246.2198247850778	2.71828	1.21358	1.16637e-05	0.2581069881028696	3.71839689095135	-0.132763631017867	4.952378749000896	1.642829253100163	9.765760479361596	-0.1936625602231952	-4.468564700985716	4.920003476714489	1.510001067040423	0.1000000706649286	0.0005109992890970277	0.1056584461634128	0.1000000706649286	172.5001218970019	1.776821255588585	0.1000000706649286	91.18766443765244	0	0	0	3.14159	-2781.290891454129	1415.297231109924	0	1	1	1	1	2	2.085	2.4952	0.00775795	0.1172	1.10013787258126	-1.569751514270996	1.096864792079864	798953356.7082959	0	0	7978.295896489747	28265.69144901838	28267.47729265574	124.202393070522	63659878.57596757	0	0	0	0.0005109992890970277	0.1056584461634128	1.776821255588585	0.1000000706649286	1.510001067040423	172.5001218970019	0.1000000706649286	0.1000000706649286	4.920003476714489	91.18766443765244	91.18766443765244	80.38505680400287	80.38505680400287	124.202393070522	1	125.0901325921153	0	1	0	0	1	0	7978.295896489747	7978.295898888627	28267.47757408921	28265.69144944588	28269.23085516553	28267.47729265574	28265.69178993671	0.000473794438563466	0.0009312097739042447	-0.9999994541834446	-0.003273294889023031	0.9999942106252266	0.0009296540212882293	0.999994530514742	0.003272852637499415	0.0004768398197834071	1.10013787258126	-1.569751514270996	1.096864792079864	0.0005743707124154402	0.008672997757473147	0.990789478916634	0.0005743707124154402	0.0005743707124154402	0.02825903905083965	2.935028183188861e-06	0.0006068707411111021	0.01020553369234002	
62	128.6821918788669	246.2198247850778	2.71828	1.21358	1.16637e-05	0.2581069881028696	3.71839689095135	-0.132763631017867	4.952378749000896	1.642829253100163	9.765760479361596	-0.1936625602231952	-4.468564700985716	4.920003476714489	1.510001067040423	0.1000000706649286	0.0005109992890970277	0.1056584461634128	0.1000000706649286	172.5001218970019	1.776821255588585	0.1000000706649286	91.18766443765244	0	0	0	3.14159	-2781.290891454129	1415.297231109924	0	1	1	1	1	2	2.085	2.4952	0.00775795	0.1172	1.10013787258126	-1.569751514270996	1.096864792079864	798953356.7082959	0	0	7978.295896489747	28265.69144901838	28267.47729265574	124.202393070522	63659878.57596757	0	0	0	0.0005109992890970277	0.1056584461634128	1.776821255588585	0.1000000706649286	1.510001067040423	172.5001218970019	0.1000000706649286	0.1000000706649286	4.920003476714489	91.18766443765244	91.18766443765244	80.38505680400287	80.38505680400287	124.202393070522	1	125.0901325921153	0	1	0	0	1	0	7978.295896489747	7978.295898888627	28267.47757408921	28265.69144944588	28269.23085516553	28267.47729265574	28265.69178993671	0.000473794438563466	0.0009312097739042447	-0.9999994541834446	-0.003273294889023031	0.9999942106252266	0.0009296540212882293	0.999994530514742	0.003272852637499415	0.0004768398197834071	1.10013787258126	-1.569751514270996	1.096864792079864	0.0005743707124154402	0.008672997757473147	0.990789478916634	0.0005743707124154402	0.0005743707124154402	0.02825903905083965	2.935028183188861e-06	0.0006068707411111021	0.01020553369234002	
63	126.6396174045992	246.2198247850778	2.71828	1.21358	1.16637e-05	0.2581069881028696	3.71839689095135	-0.132763631017867	4.952378749000896	1.642829253100163	9.765760479361596	-0.1936625602231952	-4.468564700985716	4.920003476714489	1.510001067040423	0.1000000706649286	0.0005109992890970277	0.1056584461634128	0.1000000706649286	172.5001218970019	1.776821255588585	0.1000000706649286	91.18766443765244	0	0	0	3.14159	-2781.290891454129	1415.297231109924	0	1	1	1	1	2	2.085	2.4952	0.00775795	0.1172	1.10013787258126	-1.569751514270996	1.096864792079864	798953356.7082959	0	0	7978.295896489747	28265.69144901838	28267.47729265574	124.202393070522	63659878.57596757	0	0	0	0.0005109992890970277	0.1056584461634128	1.776821255588585	0.1000000706649286	1.510001067040423	172.5001218970019	0.1000000706649286	0.1000000706649286	4.920003476714489	91.18766443765244	91.18766443765244	80.38505680400287	80.38505680400287	124.202393070522	1	125.0901325921153	0	1	0	0	1	0	7978.295896489747	7978.295898888627	28267.47757408921	28265.69144944588	28269.23085516553	28267.47729265574	28265.69178993671	0.000473794438563466	0.0009312097739042447	-0.9999994541834446	-0.003273294889023031	0.9999942106252266	0.0009296540212882293	0.999994530514742	0.003272852637499415	0.0004768398197834071	1.10013787258126	-1.569751514270996	1.096864792079864	0.0005743707124154402	0.008672997757473147	0.990789478916634	0.0005743707124154402	0.0005743707124154402	0.02825903905083965	2.935028183188861e-06	0.0006068707411111021	0.01020553369234002	
64	124.6608733826523	246.2198247850778	2.71828	1.21358	1.16637e-05	0.2581069881028696	3.71839689095135	-0.132763631017867	4.952378749000896	1.642829253100163	9.765760479361596	-0.1936625602231952	-4.468564700985716	4.920003476714489	1.510001067040423	0.1000000706649286	0.0005109992890970277	0.1056584461634128	0.1000000706649286	172.5001218970019	1.776821255588585	0.1000000706649286	91.18766443765244	0	0	0	3.14159	-2781.290891454129	1415.297231109924	0	1	1	1	1	2	2.085	2.4952	0.00775795	0.1172	1.10013787258126	-1.569751514270996	1.096864792079864	798953356.7082959	0	0	7978.295896489747	28265.69144901838	28267.47729265574	124.202393070522	63659878.57596757	0	0	0	0.0005109992890970277	0.1056584461634128	1.776821255588585	0.1000000706649286	1.510001067040423	172.5001218970019	0.1000000706649286	0.1000000706649286	4.920003476714489	91.18766443765244	91.18766443765244	80.38505680400287	80.38505680400287	124.202393070522	1	125.0901325921153	0	1	0	0	1	0	7978.295896489747	7978.295898888627	28267.47757408921	28265.69144944588	28269.23085516553	28267.47729265574	28265.69178993671	0.000473794438563466	0.0009312097739042447	-0.9999994541834446	-0.003273294889023031	0.9999942106252266	0.0009296540212882293	0.999994530514742	0.003272852637499415	0.0004768398197834071	1.10013787258126	-1.569751514270996	1.096864792079864	0.0005743707124154402	0.008672997757473147	0.990789478916634	0.0005743707124154402	0.0005743707124154402	0.02825903905083965	2.935028183188861e-06	0.0006068707411111021	0.01020553369234002	
65	122.74301379215	246.2198247850778	2.71828	1.21358	1.16637e-05	0.2581069881028696	3.71839689095135	-0.132763631017867	4.952378749000896	1.642829253100163	9.765760479361596	-0.1936625602231952	-4.468564700985716	4.920003476714489	1.510001067040423	0.1000000706649286	0.0005109992890970277	0.1056584461634128	0.1000000706649286	172.5001218970019	1.776821255588585	0.1000000706649286	91.18766443765244	0	0	0	3.14159	-2781.290891454129	1415.297231109924	0	1	1	1	1	2	2.085	2.4952	0.00775795	0.1172	1.10013787258126	-1.569751514270996	1.096864792079864	798953356.7082959	0	0	7978.295896489747	28265.69144901838	28267.47729265574	124.202393070522	63659878.57596757	0	0	0	0.0005109992890970277	0.1056584461634128	1.776821255588585	0.1000000706649286	1.510001067040423	172.5001218970019	0.1000000706649286	0.1000000706649286	4.920003476714489	91.18766443765244	91.18766443765244	80.38505680400287	80.38505680400287	124.202393070522	1	125.0901325921153	0	1	0	0	1	0	7978.295896489747	7978.295898888627	28267.47757408921	28265.69144944588	28269.23085516553	28267.47729265574	28265.69178993671	0.000473794438563466	0.0009312097739042447	-0.9999994541834446	-0.003273294889023031	0.9999942106252266	0.0009296540212882293	0.999994530514742	0.003272852637499415	0.0004768398197834071	1.10013787258126	-1.569751514270996	1.096864792079864	0.0005743707124154402	0.008672997757473147	0.990789478916634	0.0005743707124154402	0.0005743707124154402	0.02825903905083965	2.935028183188861e-06	0.0006068707411111021	0.01020553369234002	
66	120.8832711589356	246.2198247850778	2.71828	1.21358	1.16637e-05	0.2581069881028696	3.71839689095135	-0.132763631017867	4.952378749000896	1.642829253100163	9.765760479361596	-0.1936625602231952	-4.468564700985716	4.920003476714489	1.510001067040423	0.1000000706649286	0.0005109992890970277	0.1056584461634128	0.1000000706649286	172.5001218970019	1.776821255588585	0.1000000706649286	91.18766443765244	0	0	0	3.14159	-2781.290891454129	1415.297231109924	0	1	1	1	1	2	2.085	2.4952	0.00775795	0.1172	1.10013787258126	-1.569751514270996	1.096864792079864	798953356.7082959	0	0	7978.295896489747	28265.69144901838	28267.47729265574	124.202393070522	63659878.57596757	0	0	0	0.0005109992890970277	0.1056584461634128	1.776821255588585	0.1000000706649286	1.510001067040423	172.5001218970019	0.1000000706649286	0.1000000706649286	4.920003476714489	91.18766443765244	91.18766443765244	80.38505680400287	80.38505680400287	124.202393070522	1	125.0901325921153	0	1	0	0	1	0	7978.295896489747	7978.295898888627	28267.47757408921	28265.69144944588	28269.23085516553	28267.47729265574	28265.69178993671	0.000473794438563466	0.0009312097739042447	-0.9999994541834446	-0.003273294889023031	0.9999942106252266	0.0009296540212882293	0.999994530514742	0.003272852637499415	0.0004768398197834071	1.10013787258126	-1.569751514270996	1.096864792079864	0.0005743707124154402	0.008672997757473147	0.990789478916634	0.0005743707124154402	0.0005743707124154402	0.02825903905083965	2.935028183188861e-06	0.0006068707411111021	0.01020553369234002	
67	119.0790432311903	246.2198247850778	2.71828	1.21358	1.16637e-05	0.2581069881028696	3.71839689095135	-0.132763631017867	4.952378749000896	1.642829253100163	9.765760479361596	-0.1936625602231952	-4.468564700985716	4.920003476714489	1.510001067040423	0.1000000706649286	0.0005109992890970277	0.1056584461634128	0.1000000706649286	172.5001218970019	1.776821255588585	0.1000000706649286	91.18766443765244	0	0	0	3.14159	-2781.290891454129	1415.297231109924	0	1	1	1	1	2	2.085	2.4952	0.00775795	0.1172	1.10013787258126	-1.569751514270996	1.096864792079864	798953356.7082959	0	0	7978.295896489747	28265.69144901838	28267.47729265574	124.202393070522	63659878.57596757	0	0	0	0.0005109992890970277	0.1056584461634128	1.776821255588585	0.1000000706649286	1.510001067040423	172.5001218970019	0.1000000706649286	0.1000000706649286	4.920003476714489	91.18766443765244	91.18766443765244	80.38505680400287	80.38505680400287	124.202393070522	1	125.0901325921153	0	1	0	0	1	0	7978.295896489747	7978.295898888627	28267.47757408921	28265.69144944588	28269.23085516553	28267.47729265574	28265.69178993671	0.000473794438563466	0.0009312097739042447	-0.9999994541834446	-0.003273294889023031	0.9999942106252266	0.0009296540212882293	0.999994530514742	0.003272852637499415	0.0004768398197834071	1.10013787258126	-1.569751514270996	1.096864792079864	0.0005743707124154402	0.008672997757473147	0.990789478916634	0.0005743707124154402	0.0005743707124154402	0.02825903905083965	2.935028183188861e-06	0.0006068707411111021	0.01020553369234002	
68	117.3278808307316	246.2198247850778	2.71828	1.21358	1.16637e-05	0.2581069881028696	3.71839689095135	-0.132763631017867	4.952378749000896	1.642829253100163	9.765760479361596	-0.1936625602231952	-4.468564700985716	4.920003476714489	1.510001067040423	0.1000000706649286	0.0005109992890970277	0.1056584461634128	0.1000000706649286	172.5001218970019	1.776821255588585	0.1000000706649286	91.18766443765244	0	0	0	3.14159	-2781.290891454129	1415.297231109924	0	1	1	1	1	2	2.085	2.4952	0.00775795	0.1172	1.10013787258126	-1.569751514270996	1.096864792079864	798953356.7082959	0	0	7978.295896489747	28265.69144901838	28267.47729265574	124.202393070522	63659878.57596757	0	0	0	0.0005109992890970277	0.1056584461634128	1.776821255588585	0.1000000706649286	1.510001067040423	172.5001218970019	0.1000000706649286	0.1000000706649286	4.920003476714489	91.18766443765244	91.18766443765244	80.38505680400287	80.38505680400287	124.202393070522	1	125.0901325921153	0	1	0	0	1	0	7978.295896489747	7978.295898888627	28267.47757408921	28265.69144944588	28269.23085516553	28267.47729265574	28265.69178993671	0.000473794438563466	0.0009312097739042447	-0.9999994541834446	-0.003273294889023031	0.9999942106252266	0.0009296540212882293	0.999994530514742	0.003272852637499415	0.0004768398197834071	1.10013787258126	-1.569751514270996	1.096864792079864	0.0005743707124154402	0.008672997757473147	0.990789478916634	0.0005743707124154402	0.0005743707124154402	0.02825903905083965	2.935028183188861e-06	0.0006068707411111021	0.01020553369234002	
69	115.627476760721	246.2198247850778	2.71828	1.21358	1.16637e-05	0.2581069881028696	3.71839689095135	-0.132763631017867	4.952378749000896	1.642829253100163	9.765760479361596	-0.1936625602231952	-4.468564700985716	4.920003476714489	1.510001067040423	0.1000000706649286	0.0005109992890970277	0.1056584461634128	0.1000000706649286	172.5001218970019	1.776821255588585	0.1000000706649286	91.18766443765244	0	0	0	3.14159	-2781.290891454129	1415.297231109924	0	1	1	1	1	2	2.085	2.4952	0.00775795	0.1172	1.10013787258126	-1.569751514270996	1.096864792079864	798953356.7082959	0	0	7978.295896489747	28265.69144901838	28267.47729265574	124.202393070522	63659878.57596757	0	0	0	0.0005109992890970277	0.1056584461634128	1.776821255588585	0.1000000706649286	1.510001067040423	172.5001218970019	0.1000000706649286	0.1000000706649286	4.920003476714489	91.18766443765244	91.18766443765244	80.38505680400287	80.38505680400287	124.202393070522	1	125.0901325921153	0	1	0	0	1	0	7978.295896489747	7978.295898888627	28267.47757408921	28265.69144944588	28269.23085516553	28267.47729265574	28265.69178993671	0.000473794438563466	0.0009312097739042447	-0.9999994541834446	-0.003273294889023031	0.9999942106252266	0.0009296540212882293	0.999994530514742	0.003272852637499415	0.0004768398197834071	1.10013787258126	-1.569751514270996	1.096864792079864	0.0005743707124154402	0.008672997757473147	0.990789478916634	0.0005743707124154402	0.0005743707124154402	0.02825903905083965	2.935028183188861e-06	0.0006068707411111021	0.01020553369234002	
70	113.9756556641392	246.2198247850778	2.71828	1.21358	1.16637e-05	0.2581069881028696	3.71839689095135	-0.132763631017867	4.952378749000896	1.642829253100163	9.765760479361596	-0.1936625602231952	-4.468564700985716	4.920003476714489	1.510001067040423	0.1000000706649286	0.0005109992890970277	0.1056584461634128	0.1000000706649286	172.5001218970019	1.776821255588585	0.1000000706649286	91.18766443765244	0	0	0	3.14159	-2781.290891454129	1415.297231109924	0	1	1	1	1	2	2.085	2.4952	0.00775795	0.1172	1.10013787258126	-1.569751514270996	1.096864792079864	798953356.7082959	0	0	7978.295896489747	28265.69144901838	28267.47729265574	124.202393070522	63659878.57596757	0	0	0	0.0005109992890970277	0.1056584461634128	1.776821255588585	0.1000000706649286	1.510001067040423	172.5001218970019	0.1000000706649286	0.1000000706649286	4.920003476714489	91.18766443765244	91.18766443765244	80.38505680400287	80.38505680400287	124.202393070522	1	125.0901325921153	0	1	0	0	1	0	7978.295896489747	7978.295898888627	28267.47757408921	28265.69144944588	28269.23085516553	28267.47729265574	28265.69178993671	0.000473794438563466	0.0009312097739042447	-0.9999994541834446	-0.003273294889023031	0.9999942106252266	0.0009296540212882293	0.999994530514742	0.003272852637499415	0.0004768398197834071	1.10013787258126	-1.569751514270996	1.096864792079864	0.0005743707124154402	0.008672997757473147	0.990789478916634	0.0005743707124154402	0.0005743707124154402	0.02825903905083965	2.935028183188861e-06	0.0006068707411111021	0.01020553369234002	
71	112.3703647392922	246.2198247850778	2.71828	1.21358	1.16637e-05	0.2581069881028696	3.71839689095135	-0.132763631017867	4.952378749000896	1.642829253100163	9.765760479361596	-0.1936625602231952	-4.468564700985716	4.920003476714489	1.510001067040423	0.1000000706649286	0.0005109992890970277	0.1056584461634128	0.1000000706649286	172.5001218970019	1.776821255588585	0.1000000706649286	91.18766443765244	0	0	0	3.14159	-2781.290891454129	1415.297231109924	0	1	1	1	1	2	2.085	2.4952	0.00775795	0.1172	1.10013787258126	-1.569751514270996	1.096864792079864	798953356.7082959	0	0	7978.295896489747	28265.69144901838	28267.47729265574	124.202393070522	63659878.57596757	0	0	0	0.0005109992890970277	0.1056584461634128	1.776821255588585	0.1000000706649286	1.510001067040423	172.5001218970019	0.1000000706649286	0.1000000706649286	4.920003476714489	91.18766443765244	91.18766443765244	80.38505680400287	80.38505680400287	124.202393070522	1	125.0901325921153	0	1	0	0	1	0	7978.295896489747	7978.295898888627	28267.47757408921	28265.69144944588	28269.23085516553	28267.47729265574	28265.69178993671	0.000473794438563466	0.0009312097739042447	-0.9999994541834446	-0.003273294889023031	0.9999942106252266	0.0009296540212882293	0.999994530514742	0.003272852637499415	0.0004768398197834071	1.10013787258126	-1.569751514270996	1.096864792079864	0.0005743707124154402	0.008672997757473147	0.990789478916634	0.0005743707124154402	0.0005743707124154402	0.02825903905083965	2.935028183188861e-06	0.0006068707411111021	0.01020553369234002	
72	110.8096652290243	246.2198247850778	2.71828	1.21358	1.16637e-05	0.2581069881028696	3.71839689095135	-0.132763631017867	4.952378749000896	1.642829253100163	9.765760479361596	-0.1936625602231952	-4.468564700985716	4.920003476714489	1.510001067040423	0.1000000706649286	0.0005109992890970277	0.1056584461634128	0.1000000706649286	172.5001218970019	1.776821255588585	0.1000000706649286	91.18766443765244	0	0	0	3.14159	-2781.290891454129	1415.297231109924	0	1	1	1	1	2	2.085	2.4952	0.00775795	0.1172	1.10013787258126	-1.569751514270996	1.096864792079864	798953356.7082959	0	0	7978.295896489747	28265.69144901838	28267.47729265574	124.202393070522	63659878.57596757	0	0	0	0.0005109992890970277	0.1056584461634128	1.776821255588585	0.1000000706649286	1.510001067040423	172.5001218970019	0.1000000706649286	0.1000000706649286	4.920003476714489	91.18766443765244	91.18766443765244	80.38505680400287	80.38505680400287	124.202393070522	1	125.0901325921153	0	1	0	0	1	0	7978.295896489747	7978.295898888627	28267.47757408921	28265.69144944588	28269.23085516553	28267.47729265574	28265.69178993671	0.000473794438563466	0.0009312097739042447	-0.9999994541834446	-0.003273294889023031	0.9999942106252266	0.0009296540212882293	0.999994530514742	0.003272852637499415	0.0004768398197834071	1.10013787258126	-1.569751514270996	1.096864792079864	0.0005743707124154402	0.008672997757473147	0.990789478916634	0.0005743707124154402	0.0005743707124154402	0.02825903905083965	2.935028183188861e-06	0.0006068707411111021	0.01020553369234002	
73	109.2917246094486	246.2198247850778	2.71828	1.21358	1.16637e-05	0.2581069881028696	3.71839689095135	-0.132763631017867	4.952378749000896	1.642829253100163	9.765760479361596	-0.1936625602231952	-4.468564700985716	4.920003476714489	1.510001067040423	0.1000000706649286	0.0005109992890970277	0.1056584461634128	0.1000000706649286	172.5001218970019	1.776821255588585	0.1000000706649286	91.18766443765244	0	0	0	3.14159	-2781.290891454129	1415.297231109924	0	1	1	1	1	2	2.085	2.4952	0.00775795	0.1172	1.10013787258126	-1.569751514270996	1.096864792079864	798953356.7082959	0	0	7978.295896489747	28265.69144901838	28267.47729265574	124.202393070522	63659878.57596757	0	0	0	0.0005109992890970277	0.1056584461634128	1.776821255588585	0.1000000706649286	1.510001067040423	172.5001218970019	0.1000000706649286	0.1000000706649286	4.920003476714489	91.18766443765244	91.18766443765244	80.38505680400287	80.38505680400287	124.202393070522	1	125.0901325921153	0	1	0	0	1	0	7978.295896489747	7978.295898888627	28267.47757408921	28265.69144944588	28269.23085516553	28267.47729265574	28265.69178993671	0.000473794438563466	0.0009312097739042447	-0.9999994541834446	-0.003273294889023031	0.9999942106252266	0.0009296540212882293	0.999994530514742	0.003272852637499415	0.0004768398197834071	1.10013787258126	-1.569751514270996	1.096864792079864	0.0005743707124154402	0.008672997757473147	0.990789478916634	0.0005743707124154402	0.0005743707124154402	0.02825903905083965	2.935028183188861e-06	0.0006068707411111021	0.01020553369234002	
74	107.8148094120236	246.2198247850778	2.71828	1.21358	1.16637e-05	0.2581069881028696	3.71839689095135	-0.132763631017867	4.952378749000896	1.642829253100163	9.765760479361596	-0.1936625602231952	-4.468564700985716	4.920003476714489	1.510001067040423	0.1000000706649286	0.0005109992890970277	0.1056584461634128	0.1000000706649286	172.5001218970019	1.776821255588585	0.1000000706649286	91.18766443765244	0	0	0	3.14159	-2781.290891454129	1415.297231109924	0	1	1	1	1	2	2.085	2.4952	0.00775795	0.1172	1.10013787258126	-1.569751514270996	1.096864792079864	798953356.7082959	0	0	7978.295896489747	28265.69144901838	28267.47729265574	124.202393070522	63659878.57596757	0	0	0	0.0005109992890970277	0.1056584461634128	1.776821255588585	0.1000000706649286	1.510001067040423	172.5001218970019	0.1000000706649286	0.1000000706649286	4.920003476714489	91.18766443765244	91.18766443765244	80.38505680400287	80.38505680400287	124.202393070522	1	125.0901325921153	0	1	0	0	1	0	7978.295896489747	7978.295898888627	28267.47757408921	28265.69144944588	28269.23085516553	28267.47729265574	28265.69178993671	0.000473794438563466	0.0009312097739042447	-0.9999994541834446	-0.003273294889023031	0.9999942106252266	0.0009296540212882293	0.999994530514742	0.003272852637499415	0.0004768398197834071	1.10013787258126	-1.569751514270996	1.096864792079864	0.0005743707124154402	0.008672997757473147	0.990789478916634	0.0005743707124154402	0.0005743707124154402	0.02825903905083965	2.935028183188861e-06	0.0006068707411111021	0.01020553369234002	
75	106.3772786198633	246.2198247850778	2.71828	1.21358	1.16637e-05	0.2581069881028696	3.71839689095135	-0.132763631017867	4.952378749000896	1.642829253100163	9.765760479361596	-0.1936625602231952	-4.468564700985716	4.920003476714489	1.510001067040423	0.1000000706649286	0.0005109992890970277	0.1056584461634128	0.1000000706649286	172.5001218970019	1.776821255588585	0.1000000706649286	91.18766443765244	0	0	0	3.14159	-2781.290891454129	1415.297231109924	0	1	1	1	1	2	2.085	2.4952	0.00775795	0.1172	1.10013787258126	-1.569751514270996	1.096864792079864	798953356.7082959	0	0	7978.295896489747	28265.69144901838	28267.47729265574	124.202393070522	63659878.57596757	0	0	0	0.0005109992890970277	0.1056584461634128	1.776821255588585	0.1000000706649286	1.510001067040423	172.5001218970019	0.1000000706649286	0.1000000706649286	4.920003476714489	91.18766443765244	91.18766443765244	80.38505680400287	80.38505680400287	124.202393070522	1	125.0901325921153	0	1	0	0	1	0	7978.295896489747	7978.295898888627	28267.47757408921	28265.69144944588	28269.23085516553	28267.47729265574	28265.69178993671	0.000473794438563466	0.0009312097739042447	-0.9999994541834446	-0.003273294889023031	0.9999942106252266	0.0009296540212882293	0.999994530514742	0.003272852637499415	0.0004768398197834071	1.10013787258126	-1.569751514270996	1.096864792079864	0.0005743707124154402	0.008672997757473147	0.990789478916634	0.0005743707124154402	0.0005743707124154402	0.02825903905083965	2.935028183188861e-06	0.0006068707411111021	0.01020553369234002	
76	104.9775775853914	246.2198247850778	2.71828	1.21358	1.16637e-05	0.2581069881028696	3.71839689095135	-0.132763631017867	4.952378749000896	1.642829253100163	9.765760479361596	-0.1936625602231952	-4.468564700985716	4.920003476714489	1.510001067040423	0.1000000706649286	0.0005109992890970277	0.1056584461634128	0.1000000706649286	172.5001218970019	1.776821255588585	0.1000000706649286	91.18766443765244	0	0	0	3.14159	-2781.290891454129	1415.297231109924	0	1	1	1	1	2	2.085	2.4952	0.00775795	0.1172	1.10013787258126	-1.569751514270996	1.096864792079864	798953356.7082959	0	0	7978.295896489747	28265.69144901838	28267.47729265574	124.202393070522	63659878.57596757	0	0	0	0.0005109992890970277	0.1056584461634128	1.776821255588585	0.1000000706649286	1.510001067040423	172.5001218970019	0.1000000706649286	0.1000000706649286	4.920003476714489	91.18766443765244	91.18766443765244	80.38505680400287	80.38505680400287	124.202393070522	1	125.0901325921153	0	1	0	0	1	0	7978.295896489747	7978.295898888627	28267.47757408921	28265.69144944588	28269.23085516553	28267.47729265574	28265.69178993671	0.000473794438563466	0.0009312097739042447	-0.9999994541834446	-0.003273294889023031	0.9999942106252266	0.0009296540212882293	0.999994530514742	0.003272852637499415	0.0004768398197834071	1.10013787258126	-1.569751514270996	1.096864792079864	0.0005743707124154402	0.008672997757473147	0.990789478916634	0.0005743707124154402	0.0005743707124154402	0.02825903905083965	2.935028183188861e-06	0.0006068707411111021	0.01020553369234002	
77	103.6142324219448	246.2198247850778	2.71828	1.21358	1.16637e-05	0.2581069881028696	3.71839689095135	-0.132763631017867	4.952378749000896	1.642829253100163	9.765760479361596	-0.1936625602231952	-4.468564700985716	4.920003476714489	1.510001067040423	0.1000000706649286	0.0005109992890970277	0.1056584461634128	0.1000000706649286	172.5001218970019	1.776821255588585	0.1000000706649286	91.18766443765244	0	0	0	3.14159	-2781.290891454129	1415.297231109924	0	1	1	1	1	2	2.085	2.4952	0.00775795	0.1172	1.10013787258126	-1.569751514270996	1.096864792079864	798953356.7082959	0	0	7978.295896489747	28265.69144901838	28267.47729265574	124.202393070522	63659878.57596757	0	0	0	0.0005109992890970277	0.1056584461634128	1.776821255588585	0.1000000706649286	1.510001067040423	172.5001218970019	0.1000000706649286	0.1000000706649286	4.920003476714489	91.18766443765244	91.18766443765244	80.38505680400287	80.38505680400287	124.202393070522	1	125.0901325921153	0	1	0	0	1	0	7978.295896489747	7978.295898888627	28267.47757408921	28265.69144944588	28269.23085516553	28267.47729265574	28265.69178993671	0.000473794438563466	0.0009312097739042447	-0.9999994541834446	-0.003273294889023031	0.9999942106252266	0.0009296540212882293	0.999994530514742	0.003272852637499415	0.0004768398197834071	1.10013787258126	-1.569751514270996	1.096864792079864	0.0005743707124154402	0.008672997757473147	0.990789478916634	0.0005743707124154402	0.0005743707124154402	0.02825903905083965	2.935028183188861e-06	0.0006068707411111021	0.01020553369234002	
78	102.2858448267916	246.2198247850778	2.71828	1.21358	1.16637e-05	0.2581069881028696	3.71839689095135	-0.132763631017867	4.952378749000896	1.642829253100163	9.765760479361596	-0.1936625602231952	-4.468564700985716	4.920003476714489	1.510001067040423	0.1000000706649286	0.0005109992890970277	0.1056584461634128	0.1000000706649286	172.5001218970019	1.776821255588585	0.1000000706649286	91.18766443765244	0	0	0	3.14159	-2781.290891454129	1415.297231109924	0	1	1	1	1	2	2.085	2.4952	0.00775795	0.1172	1.10013787258126	-1.569751514270996	1.096864792079864	798953356.7082959	0	0	7978.295896489747	28265.69144901838	28267.47729265574	124.202393070522	63659878.57596757	0	0	0	0.0005109992890970277	0.1056584461634128	1.776821255588585	0.1000000706649286	1.510001067040423	172.5001218970019	0.1000000706649286	0.1000000706649286	4.920003476714489	91.18766443765244	91.18766443765244	80.38505680400287	80.38505680400287	124.202393070522	1	125.0901325921153	0	1	0	0	1	0	7978.295896489747	7978.295898888627	28267.47757408921	28265.69144944588	28269.23085516553	28267.47729265574	28265.69178993671	0.000473794438563466	0.0009312097739042447	-0.9999994541834446	-0.003273294889023031	0.9999942106252266	0.0009296540212882293	0.999994530514742	0.003272852637499415	0.0004768398197834071	1.10013787258126	-1.569751514270996	1.096864792079864	0.0005743707124154402	0.008672997757473147	0.990789478916634	0.0005743707124154402	0.0005743707124154402	0.02825903905083965	2.935028183188861e-06	0.0006068707411111021	0.01020553369234002	
79	100.9910872973386	246.2198247850778	2.71828	1.21358	1.16637e-05	0.2581069881028696	3.71839689095135	-0.132763631017867	4.952378749000896	1.642829253100163	9.765760479361596	-0.1936625602231952	-4.468564700985716	4.920003476714489	1.510001067040423	0.1000000706649286	0.0005109992890970277	0.1056584461634128	0.1000000706649286	172.5001218970019	1.776821255588585	0.1000000706649286	91.18766443765244	0	0	0	3.14159	-2781.290891454129	1415.297231109924	0	1	1	1	1	2	2.085	2.4952	0.00775795	0.1172	1.10013787258126	-1.569751514270996	1.096864792079864	798953356.7082959	0	0	7978.295896489747	28265.69144901838	28267.47729265574	124.202393070522	63659878.57596757	0	0	0	0.0005109992890970277	0.1056584461634128	1.776821255588585	0.1000000706649286	1.510001067040423	172.5001218970019	0.1000000706649286	0.1000000706649286	4.920003476714489	91.18766443765244	91.18766443765244	80.38505680400287	80.38505680400287	124.202393070522	1	125.0901325921153	0	1	0	0	1	0	7978.295896489747	7978.295898888627	28267.47757408921	28265.69144944588	28269.23085516553	28267.47729265574	28265.69178993671	0.000473794438563466	0.0009312097739042447	-0.9999994541834446	-0.003273294889023031	0.9999942106252266	0.0009296540212882293	0.999994530514742	0.003272852637499415	0.0004768398197834071	1.10013787258126	-1.569751514270996	1.096864792079864	0.0005743707124154402	0.008672997757473147	0.990789478916634	0.0005743707124154402	0.0005743707124154402	0.02825903905083965	2.935028183188861e-06	0.0006068707411111021	0.01020553369234002	
80	99.72869870612183	246.2198247850778	2.71828	1.21358	1.16637e-05	0.2581069881028696	3.71839689095135	-0.132763631017867	4.952378749000896	1.642829253100163	9.765760479361596	-0.1936625602231952	-4.468564700985716	4.920003476714489	1.510001067040423	0.1000000706649286	0.0005109992890970277	0.1056584461634128	0.1000000706649286	172.5001218970019	1.776821255588585	0.1000000706649286	91.18766443765244	0	0	0	3.14159	-2781.290891454129	1415.297231109924	0	1	1	1	1	2	2.085	2.4952	0.00775795	0.1172	1.10013787258126	-1.569751514270996	1.096864792079864	798953356.7082959	0	0	7978.295896489747	28265.69144901838	28267.47729265574	124.202393070522	63659878.57596757	0	0	0	0.0005109992890970277	0.1056584461634128	1.776821255588585	0.1000000706649286	1.510001067040423	172.5001218970019	0.1000000706649286	0.1000000706649286	4.920003476714489	91.18766443765244	91.18766443765244	80.38505680400287	80.38505680400287	124.202393070522	1	125.0901325921153	0	1	0	0	1	0	7978.295896489747	7978.295898888627	28267.47757408921	28265.69144944588	28269.23085516553	28267.47729265574	28265.69178993671	0.000473794438563466	0.0009312097739042447	-0.9999994541834446	-0.003273294889023031	0.9999942106252266	0.0009296540212882293	0.999994530514742	0.003272852637499415	0.0004768398197834071	1.10013787258126	-1.569751514270996	1.096864792079864	0.0005743707124154402	0.008672997757473147	0.990789478916634	0.0005743707124154402	0.0005743707124154402	0.02825903905083965	2.935028183188861e-06	0.0006068707411111021	0.01020553369234002	
81	98.49748020357713	246.2198247850778	2.71828	1.21358	1.16637e-05	0.2581069881028696	3.71839689095135	-0.132763631017867	4.952378749000896	1.642829253100163	9.765760479361596	-0.1936625602231952	-4.468564700985716	4.920003476714489	1.510001067040423	0.1000000706649286	0.0005109992890970277	0.1056584461634128	0.1000000706649286	172.5001218970019	1.776821255588585	0.1000000706649286	91.18766443765244	0	0	0	3.14159	-2781.290891454129	1415.297231109924	0	1	1	1	1	2	2.085	2.4952	0.00775795	0.1172	1.10013787258126	-1.569751514270996	1.096864792079864	798953356.7082959	0	0	7978.295896489747	28265.69144901838	28267.47729265574	124.202393070522	63659878.57596757	0	0	0	0.0005109992890970277	0.1056584461634128	1.776821255588585	0.1000000706649286	1.510001067040423	172.5001218970019	0.1000000706649286	0.1000000706649286	4.920003476714489	91.18766443765244	91.18766443765244	80.38505680400287	80.38505680400287	124.202393070522	1	125.0901325921153	0	1	0	0	1	0	7978.295896489747	7978.295898888627	28267.47757408921	28265.69144944588	28269.23085516553	28267.47729265574	28265.69178993671	0.000473794438563466	0.0009312097739042447	-0.9999994541834446	-0.003273294889023031	0.9999942106252266	0.0009296540212882293	0.999994530514742	0.003272852637499415	0.0004768398197834071	1.10013787258126	-1.569751514270996	1.096864792079864	0.0005743707124154402	0.008672997757473147	0.990789478916634	0.0005743707124154402	0.0005743707124154402	0.02825903905083965	2.935028183188861e-06	0.0006068707411111021	0.01020553369234002	
82	97.29629142060668	246.2198247850778	2.71828	1.21358	1.16637e-05	0.2581069881028696	3.71839689095135	-0.132763631017867	4.952378749000896	1.642829253100163	9.765760479361596	-0.1936625602231952	-4.468564700985716	4.920003476714489	1.510001067040423	0.1000000706649286	0.0005109992890970277	0.1056584461634128	0.1000000706649286	172.5001218970019	1.776821255588585	0.1000000706649286	91.18766443765244	0	0	0	3.14159	-2781.290891454129	1415.297231109924	0	1	1	1	1	2	2.085	2.4952	0.00775795	0.1172	1.10013787258126	-1.569751514270996	1.096864792079864	798953356.7082959	0	0	7978.295896489747	28265.69144901838	28267.47729265574	124.202393070522	63659878.57596757	0	0	0	0.0005109992890970277	0.1056584461634128	1.776821255588585	0.1000000706649286	1.510001067040423	172.5001218970019	0.1000000706649286	0.1000000706649286	4.920003476714489	91.18766443765244	91.18766443765244	80.38505680400287	80.38505680400287	124.202393070522	1	125.0901325921153	0	1	0	0	1	0	7978.295896489747	7978.295898888627	28267.47757408921	28265.69144944588	28269.23085516553	28267.47729265574	28265.69178993671	0.000473794438563466	0.0009312097739042447	-0.9999994541834446	-0.003273294889023031	0.9999942106252266	0.0009296540212882293	0.999994530514742	0.003272852637499415	0.0004768398197834071	1.10013787258126	-1.569751514270996	1.096864792079864	0.0005743707124154402	0.008672997757473147	0.990789478916634	0.0005743707124154402	0.0005743707124154402	0.02825903905083965	2.935028183188861e-06	0.0006068707411111021	0.01020553369234002	
83	96.1240469456596	246.2198247850778	2.71828	1.21358	1.16637e-05	0.2581069881028696	3.71839689095135	-0.132763631017867	4.952378749000896	1.642829253100163	9.765760479361596	-0.1936625602231952	-4.468564700985716	4.920003476714489	1.510001067040423	0.1000000706649286	0.0005109992890970277	0.1056584461634128	0.1000000706649286	172.5001218970019	1.776821255588585	0.1000000706649286	91.18766443765244	0	0	0	3.14159	-2781.290891454129	1415.297231109924	0	1	1	1	1	2	2.085	2.4952	0.00775795	0.1172	1.10013787258126	-1.569751514270996	1.096864792079864	798953356.7082959	0	0	7978.295896489747	28265.69144901838	28267.47729265574	124.202393070522	63659878.57596757	0	0	0	0.0005109992890970277	0.1056584461634128	1.776821255588585	0.1000000706649286	1.510001067040423	172.5001218970019	0.1000000706649286	0.1000000706649286	4.920003476714489	91.18766443765244	91.18766443765244	80.38505680400287	80.38505680400287	124.202393070522	1	125.0901325921153	0	1	0	0	1	0	7978.295896489747	7978.295898888627	28267.47757408921	28265.69144944588	28269.23085516553	28267.47729265574	28265.69178993671	0.000473794438563466	0.0009312097739042447	-0.9999994541834446	-0.003273294889023031	0.9999942106252266	0.0009296540212882293	0.999994530514742	0.003272852637499415	0.0004768398197834071	1.10013787258126	-1.569751514270996	1.096864792079864	0.0005743707124154402	0.008672997757473147	0.990789478916634	0.0005743707124154402	0.0005743707124154402	0.02825903905083965	2.935028183188861e-06	0.0006068707411111021	0.01020553369234002	
84	94.97971305344937	246.2198247850778	2.71828	1.21358	1.16637e-05	0.2581069881028696	3.71839689095135	-0.132763631017867	4.952378749000896	1.642829253100163	9.765760479361596	-0.1936625602231952	-4.468564700985716	4.920003476714489	1.510001067040423	0.1000000706649286	0.0005109992890970277	0.1056584461634128	0.1000000706649286	172.5001218970019	1.776821255588585	0.1000000706649286	91.18766443765244	0	0	0	3.14159	-2781.290891454129	1415.297231109924	0	1	1	1	1	2	2.085	2.4952	0.00775795	0.1172	1.10013787258126	-1.569751514270996	1.096864792079864	798953356.7082959	0	0	7978.295896489747	28265.69144901838	28267.47729265574	124.202393070522	63659878.57596757	0	0	0	0.0005109992890970277	0.1056584461634128	1.776821255588585	0.1000000706649286	1.510001067040423	172.5001218970019	0.1000000706649286	0.1000000706649286	4.920003476714489	91.18766443765244	91.18766443765244	80.38505680400287	80.38505680400287	124.202393070522	1	125.0901325921153	0	1	0	0	1	0	7978.295896489747	7978.295898888627	28267.47757408921	28265.69144944588	28269.23085516553	28267.47729265574	28265.69178993671	0.000473794438563466	0.0009312097739042447	-0.9999994541834446	-0.003273294889023031	0.9999942106252266	0.0009296540212882293	0.999994530514742	0.003272852637499415	0.0004768398197834071	1.10013787258126	-1.569751514270996	1.096864792079864	0.0005743707124154402	0.008672997757473147	0.990789478916634	0.0005743707124154402	0.0005743707124154402	0.02825903905083965	2.935028183188861e-06	0.0006068707411111021	0.01020553369234002	
85	93.86230466458525	246.2198247850778	2.71828	1.21358	1.16637e-05	0.2581069881028696	3.71839689095135	-0.132763631017867	4.952378749000896	1.642829253100163	9.765760479361596	-0.1936625602231952	-4.468564700985716	4.920003476714489	1.510001067040423	0.1000000706649286	0.0005109992890970277	0.1056584461634128	0.1000000706649286	172.5001218970019	1.776821255588585	0.1000000706649286	91.18766443765244	0	0	0	3.14159	-2781.290891454129	1415.297231109924	0	1	1	1	1	2	2.085	2.4952	0.00775795	0.1172	1.10013787258126	-1.569751514270996	1.096864792079864	798953356.7082959	0	0	7978.295896489747	28265.69144901838	28267.47729265574	124.202393070522	63659878.57596757	0	0	0	0.0005109992890970277	0.1056584461634128	1.776821255588585	0.1000000706649286	1.510001067040423	172.5001218970019	0.1000000706649286	0.1000000706649286	4.920003476714489	91.18766443765244	91.18766443765244	80.38505680400287	80.38505680400287	124.202393070522	1	125.0901325921153	0	1	0	0	1	0	7978.295896489747	7978.295898888627	28267.47757408921	28265.69144944588	28269.23085516553	28267.47729265574	28265.69178993671	0.000473794438563466	0.0009312097739042447	-0.9999994541834446	-0.003273294889023031	0.9999942106252266	0.0009296540212882293	0.999994530514742	0.003272852637499415	0.0004768398197834071	1.10013787258126	-1.569751514270996	1.096864792079864	0.0005743707124154402	0.008672997757473147	0.990789478916634	0.0005743707124154402	0.0005743707124154402	0.02825903905083965	2.935028183188861e-06	0.0006068707411111021	0.01020553369234002	
86	92.77088251732265	246.2198247850778	2.71828	1.21358	1.16637e-05	0.2581069881028696	3.71839689095135	-0.132763631017867	4.952378749000896	1.642829253100163	9.765760479361596	-0.1936625602231952	-4.468564700985716	4.920003476714489	1.510001067040423	0.1000000706649286	0.0005109992890970277	0.1056584461634128	0.1000000706649286	172.5001218970019	1.776821255588585	0.1000000706649286	91.18766443765244	0	0	0	3.14159	-2781.290891454129	1415.297231109924	0	1	1	1	1	2	2.085	2.4952	0.00775795	0.1172	1.10013787258126	-1.569751514270996	1.096864792079864	798953356.7082959	0	0	7978.295896489747	28265.69144901838	28267.47729265574	124.202393070522	63659878.57596757	0	0	0	0.0005109992890970277	0.1056584461634128	1.776821255588585	0.1000000706649286	1.510001067040423	172.5001218970019	0.1000000706649286	0.1000000706649286	4.920003476714489	91.18766443765244	91.18766443765244	80.38505680400287	80.38505680400287	124.202393070522	1	125.0901325921153	0	1	0	0	1	0	7978.295896489747	7978.295898888627	28267.47757408921	28265.69144944588	28269.23085516553	28267.47729265574	28265.69178993671	0.000473794438563466	0.0009312097739042447	-0.9999994541834446	-0.003273294889023031	0.9999942106252266	0.0009296540212882293	0.999994530514742	0.003272852637499415	0.0004768398197834071	1.10013787258126	-1.569751514270996	1.096864792079864	0.0005743707124154402	0.008672997757473147	0.990789478916634	0.0005743707124154402	0.0005743707124154402	0.02825903905083965	2.935028183188861e-06	0.0006068707411111021	0.01020553369234002	
87	91.70455053436491	246.2198247850778	2.71828	1.21358	1.16637e-05	0.2581069881028696	3.71839689095135	-0.132763631017867	4.952378749000896	1.642829253100163	9.765760479361596	-0.1936625602231952	-4.468564700985716	4.920003476714489	1.510001067040423	0.1000000706649286	0.0005109992890970277	0.1056584461634128	0.1000000706649286	172.5001218970019	1.776821255588585	0.1000000706649286	91.18766443765244	0	0	0	3.14159	-2781.290891454129	1415.297231109924	0	1	1	1	1	2	2.085	2.4952	0.00775795	0.1172	1.10013787258126	-1.569751514270996	1.096864792079864	798953356.7082959	0	0	7978.295896489747	28265.69144901838	28267.47729265574	124.202393070522	63659878.57596757	0	0	0	0.0005109992890970277	0.1056584461634128	1.776821255588585	0.1000000706649286	1.510001067040423	172.5001218970019	0.1000000706649286	0.1000000706649286	4.920003476714489	91.18766443765244	91.18766443765244	80.38505680400287	80.38505680400287	124.202393070522	1	125.0901325921153	0	1	0	0	1	0	7978.295896489747	7978.295898888627	28267.47757408921	28265.69144944588	28269.23085516553	28267.47729265574	28265.69178993671	0.000473794438563466	0.0009312097739042447	-0.9999994541834446	-0.003273294889023031	0.9999942106252266	0.0009296540212882293	0.999994530514742	0.003272852637499415	0.0004768398197834071	1.10013787258126	-1.569751514270996	1.096864792079864	0.0005743707124154402	0.008672997757473147	0.990789478916634	0.0005743707124154402	0.0005743707124154402	0.02825903905083965	2.935028183188861e-06	0.0006068707411111021	0.01020553369234002	
88	90.66245336920167	246.2198247850778	2.71828	1.21358	1.16637e-05	0.2581069881028696	3.71839689095135	-0.132763631017867	4.952378749000896	1.642829253100163	9.765760479361596	-0.1936625602231952	-4.468564700985716	4.920003476714489	1.510001067040423	0.1000000706649286	0.0005109992890970277	0.1056584461634128	0.1000000706649286	172.5001218970019	1.776821255588585	0.1000000706649286	91.18766443765244	0	0	0	3.14159	-2781.290891454129	1415.297231109924	0	1	1	1	1	2	2.085	2.4952	0.00775795	0.1172	1.10013787258126	-1.569751514270996	1.096864792079864	798953356.7082959	0	0	7978.295896489747	28265.69144901838	28267.47729265574	124.202393070522	63659878.57596757	0	0	0	0.0005109992890970277	0.1056584461634128	1.776821255588585	0.1000000706649286	1.510001067040423	172.5001218970019	0.1000000706649286	0.1000000706649286	4.920003476714489	91.18766443765244	91.18766443765244	80.38505680400287	80.38505680400287	124.202393070522	1	125.0901325921153	0	1	0	0	1	0	7978.295896489747	7978.295898888627	28267.47757408921	28265.69144944588	28269.23085516553	28267.47729265574	28265.69178993671	0.000473794438563466	0.0009312097739042447	-0.9999994541834446	-0.003273294889023031	0.9999942106252266	0.0009296540212882293	0.999994530514742	0.003272852637499415	0.0004768398197834071	1.10013787258126	-1.569751514270996	1.096864792079864	0.0005743707124154402	0.008672997757473147	0.990789478916634	0.0005743707124154402	0.0005743707124154402	0.02825903905083965	2.935028183188861e-06	0.0006068707411111021	0.01020553369234002	
89	89.64377411786232	246.2198247850778	2.71828	1.21358	1.16637e-05	0.2581069881028696	3.71839689095135	-0.132763631017867	4.952378749000896	1.642829253100163	9.765760479361596	-0.1936625602231952	-4.468564700985716	4.920003476714489	1.510001067040423	0.1000000706649286	0.0005109992890970277	0.1056584461634128	0.1000000706649286	172.5001218970019	1.776821255588585	0.1000000706649286	91.18766443765244	0	0	0	3.14159	-2781.290891454129	1415.297231109924	0	1	1	1	1	2	2.085	2.4952	0.00775795	0.1172	1.10013787258126	-1.569751514270996	1.096864792079864	798953356.7082959	0	0	7978.295896489747	28265.69144901838	28267.47729265574	124.202393070522	63659878.57596757	0	0	0	0.0005109992890970277	0.1056584461634128	1.776821255588585	0.1000000706649286	1.510001067040423	172.5001218970019	0.1000000706649286	0.1000000706649286	4.920003476714489	91.18766443765244	91.18766443765244	80.38505680400287	80.38505680400287	124.202393070522	1	125.0901325921153	0	1	0	0	1	0	7978.295896489747	7978.295898888627	28267.47757408921	28265.69144944588	28269.23085516553	28267.47729265574	28265.69178993671	0.000473794438563466	0.0009312097739042447	-0.9999994541834446	-0.003273294889023031	0.9999942106252266	0.0009296540212882293	0.999994530514742	0.003272852637499415	0.0004768398197834071	1.10013787258126	-1.569751514270996	1.096864792079864	0.0005743707124154402	0.008672997757473147	0.990789478916634	0.0005743707124154402	0.0005743707124154402	0.02825903905083965	2.935028183188861e-06	0.0006068707411111021	0.01020553369234002	
90	88.64773218321942	246.2198247850778	2.71828	1.21358	1.16637e-05	0.2581069881028696	3.71839689095135	-0.132763631017867	4.952378749000896	1.642829253100163	9.765760479361596	-0.1936625602231952	-4.468564700985716	4.920003476714489	1.510001067040423	0.1000000706649286	0.0005109992890970277	0.1056584461634128	0.1000000706649286	172.5001218970019	1.776821255588585	0.1000000706649286	91.18766443765244	0	0	0	3.14159	-2781.290891454129	1415.297231109924	0	1	1	1	1	2	2.085	2.4952	0.00775795	0.1172	1.10013787258126	-1.569751514270996	1.096864792079864	798953356.7082959	0	0	7978.295896489747	28265.69144901838	28267.47729265574	124.202393070522	63659878.57596757	0	0	0	0.0005109992890970277	0.1056584461634128	1.776821255588585	0.1000000706649286	1.510001067040423	172.5001218970019	0.1000000706649286	0.1000000706649286	4.920003476714489	91.18766443765244	91.18766443765244	80.38505680400287	80.38505680400287	124.202393070522	1	125.0901325921153	0	1	0	0	1	0	7978.295896489747	7978.295898888627	28267.47757408921	28265.69144944588	28269.23085516553	28267.47729265574	28265.69178993671	0.000473794438563466	0.0009312097739042447	-0.9999994541834446	-0.003273294889023031	0.9999942106252266	0.0009296540212882293	0.999994530514742	0.003272852637499415	0.0004768398197834071	1.10013787258126	-1.569751514270996	1.096864792079864	0.0005743707124154402	0.008672997757473147	0.990789478916634	0.0005743707124154402	0.0005743707124154402	0.02825903905083965	2.935028183188861e-06	0.0006068707411111021	0.01020553369234002	
91	87.67358128010711	246.2198247850778	2.71828	1.21358	1.16637e-05	0.2581069881028696	3.71839689095135	-0.132763631017867	4.952378749000896	1.642829253100163	9.765760479361596	-0.1936625602231952	-4.468564700985716	4.920003476714489	1.510001067040423	0.1000000706649286	0.0005109992890970277	0.1056584461634128	0.1000000706649286	172.5001218970019	1.776821255588585	0.1000000706649286	91.18766443765244	0	0	0	3.14159	-2781.290891454129	1415.297231109924	0	1	1	1	1	2	2.085	2.4952	0.00775795	0.1172	1.10013787258126	-1.569751514270996	1.096864792079864	798953356.7082959	0	0	7978.295896489747	28265.69144901838	28267.47729265574	124.202393070522	63659878.57596757	0	0	0	0.0005109992890970277	0.1056584461634128	1.776821255588585	0.1000000706649286	1.510001067040423	172.5001218970019	0.1000000706649286	0.1000000706649286	4.920003476714489	91.18766443765244	91.18766443765244	80.38505680400287	80.38505680400287	124.202393070522	1	125.0901325921153	0	1	0	0	1	0	7978.295896489747	7978.295898888627	28267.47757408921	28265.69144944588	28269.23085516553	28267.47729265574	28265.69178993671	0.000473794438563466	0.0009312097739042447	-0.9999994541834446	-0.003273294889023031	0.9999942106252266	0.0009296540212882293	0.999994530514742	0.003272852637499415	0.0004768398197834071	1.10013787258126	-1.569751514270996	1.096864792079864	0.0005743707124154402	0.008672997757473147	0.990789478916634	0.0005743707124154402	0.0005743707124154402	0.02825903905083965	2.935028183188861e-06	0.0006068707411111021	0.01020553369234002	
92	86.72060757054074	246.2198247850778	2.71828	1.21358	1.16637e-05	0.2581069881028696	3.71839689095135	-0.132763631017867	4.952378749000896	1.642829253100163	9.765760479361596	-0.1936625602231952	-4.468564700985716	4.920003476714489	1.510001067040423	0.1000000706649286	0.0005109992890970277	0.1056584461634128	0.1000000706649286	172.5001218970019	1.776821255588585	0.1000000706649286	91.18766443765244	0	0	0	3.14159	-2781.290891454129	1415.297231109924	0	1	1	1	1	2	2.085	2.4952	0.00775795	0.1172	1.10013787258126	-1.569751514270996	1.096864792079864	798953356.7082959	0	0	7978.295896489747	28265.69144901838	28267.47729265574	124.202393070522	63659878.57596757	0	0	0	0.0005109992890970277	0.1056584461634128	1.776821255588585	0.1000000706649286	1.510001067040423	172.5001218970019	0.1000000706649286	0.1000000706649286	4.920003476714489	91.18766443765244	91.18766443765244	80.38505680400287	80.38505680400287	124.202393070522	1	125.0901325921153	0	1	0	0	1	0	7978.295896489747	7978.295898888627	28267.47757408921	28265.69144944588	28269.23085516553	28267.47729265574	28265.69178993671	0.000473794438563466	0.0009312097739042447	-0.9999994541834446	-0.003273294889023031	0.9999942106252266	0.0009296540212882293	0.999994530514742	0.003272852637499415	0.0004768398197834071	1.10013787258126	-1.569751514270996	1.096864792079864	0.0005743707124154402	0.008672997757473147	0.990789478916634	0.0005743707124154402	0.0005743707124154402	0.02825903905083965	2.935028183188861e-06	0.0006068707411111021	0.01020553369234002	
93	85.78812791924459	246.2198247850778	2.71828	1.21358	1.16637e-05	0.2581069881028696	3.71839689095135	-0.132763631017867	4.952378749000896	1.642829253100163	9.765760479361596	-0.1936625602231952	-4.468564700985716	4.920003476714489	1.510001067040423	0.1000000706649286	0.0005109992890970277	0.1056584461634128	0.1000000706649286	172.5001218970019	1.776821255588585	0.1000000706649286	91.18766443765244	0	0	0	3.14159	-2781.290891454129	1415.297231109924	0	1	1	1	1	2	2.085	2.4952	0.00775795	0.1172	1.10013787258126	-1.569751514270996	1.096864792079864	798953356.7082959	0	0	7978.295896489747	28265.69144901838	28267.47729265574	124.202393070522	63659878.57596757	0	0	0	0.0005109992890970277	0.1056584461634128	1.776821255588585	0.1000000706649286	1.510001067040423	172.5001218970019	0.1000000706649286	0.1000000706649286	4.920003476714489	91.18766443765244	91.18766443765244	80.38505680400287	80.38505680400287	124.202393070522	1	125.0901325921153	0	1	0	0	1	0	7978.295896489747	7978.295898888627	28267.47757408921	28265.69144944588	28269.23085516553	28267.47729265574	28265.69178993671	0.000473794438563466	0.0009312097739042447	-0.9999994541834446	-0.003273294889023031	0.9999942106252266	0.0009296540212882293	0.999994530514742	0.003272852637499415	0.0004768398197834071	1.10013787258126	-1.569751514270996	1.096864792079864	0.0005743707124154402	0.008672997757473147	0.990789478916634	0.0005743707124154402	0.0005743707124154402	0.02825903905083965	2.935028183188861e-06	0.0006068707411111021	0.01020553369234002	
94	84.87548826052922	246.2198247850778	2.71828	1.21358	1.16637e-05	0.2581069881028696	3.71839689095135	-0.132763631017867	4.952378749000896	1.642829253100163	9.765760479361596	-0.1936625602231952	-4.468564700985716	4.920003476714489	1.510001067040423	0.1000000706649286	0.0005109992890970277	0.1056584461634128	0.1000000706649286	172.5001218970019	1.776821255588585	0.1000000706649286	91.18766443765244	0	0	0	3.14159	-2781.290891454129	1415.297231109924	0	1	1	1	1	2	2.085	2.4952	0.00775795	0.1172	1.10013787258126	-1.569751514270996	1.096864792079864	798953356.7082959	0	0	7978.295896489747	28265.69144901838	28267.47729265574	124.202393070522	63659878.57596757	0	0	0	0.0005109992890970277	0.1056584461634128	1.776821255588585	0.1000000706649286	1.510001067040423	172.5001218970019	0.1000000706649286	0.1000000706649286	4.920003476714489	91.18766443765244	91.18766443765244	80.38505680400287	80.38505680400287	124.202393070522	1	125.0901325921153	0	1	0	0	1	0	7978.295896489747	7978.295898888627	28267.47757408921	28265.69144944588	28269.23085516553	28267.47729265574	28265.69178993671	0.000473794438563466	0.0009312097739042447	-0.9999994541834446	-0.003273294889023031	0.9999942106252266	0.0009296540212882293	0.999994530514742	0.003272852637499415	0.0004768398197834071	1.10013787258126	-1.569751514270996	1.096864792079864	0.0005743707124154402	0.008672997757473147	0.990789478916634	0.0005743707124154402	0.0005743707124154402	0.02825903905083965	2.935028183188861e-06	0.0006068707411111021	0.01020553369234002	
95	83.98206206831313	246.2198247850778	2.71828	1.21358	1.16637e-05	0.2581069881028696	3.71839689095135	-0.132763631017867	4.952378749000896	1.642829253100163	9.765760479361596	-0.1936625602231952	-4.468564700985716	4.920003476714489	1.510001067040423	0.1000000706649286	0.0005109992890970277	0.1056584461634128	0.1000000706649286	172.5001218970019	1.776821255588585	0.1000000706649286	91.18766443765244	0	0	0	3.14159	-2781.290891454129	1415.297231109924	0	1	1	1	1	2	2.085	2.4952	0.00775795	0.1172	1.10013787258126	-1.569751514270996	1.096864792079864	798953356.7082959	0	0	7978.295896489747	28265.69144901838	28267.47729265574	124.202393070522	63659878.57596757	0	0	0	0.0005109992890970277	0.1056584461634128	1.776821255588585	0.1000000706649286	1.510001067040423	172.5001218970019	0.1000000706649286	0.1000000706649286	4.920003476714489	91.18766443765244	91.18766443765244	80.38505680400287	80.38505680400287	124.202393070522	1	125.0901325921153	0	1	0	0	1	0	7978.295896489747	7978.295898888627	28267.47757408921	28265.69144944588	28269.23085516553	28267.47729265574	28265.69178993671	0.000473794438563466	0.0009312097739042447	-0.9999994541834446	-0.003273294889023031	0.9999942106252266	0.0009296540212882293	0.999994530514742	0.003272852637499415	0.0004768398197834071	1.10013787258126	-1.569751514270996	1.096864792079864	0.0005743707124154402	0.008672997757473147	0.990789478916634	0.0005743707124154402	0.0005743707124154402	0.02825903905083965	2.935028183188861e-06	0.0006068707411111021	0.01020553369234002	
96	83.1072489217682	246.2198247850778	2.71828	1.21358	1.16637e-05	0.2581069881028696	3.71839689095135	-0.132763631017867	4.952378749000896	1.642829253100163	9.765760479361596	-0.1936625602231952	-4.468564700985716	4.920003476714489	1.510001067040423	0.1000000706649286	0.0005109992890970277	0.1056584461634128	0.1000000706649286	172.5001218970019	1.776821255588585	0.1000000706649286	91.18766443765244	0	0	0	3.14159	-2781.290891454129	1415.297231109924	0	1	1	1	1	2	2.085	2.4952	0.00775795	0.1172	1.10013787258126	-1.569751514270996	1.096864792079864	798953356.7082959	0	0	7978.295896489747	28265.69144901838	28267.47729265574	124.202393070522	63659878.57596757	0	0	0	0.0005109992890970277	0.1056584461634128	1.776821255588585	0.1000000706649286	1.510001067040423	172.5001218970019	0.1000000706649286	0.1000000706649286	4.920003476714489	91.18766443765244	91.18766443765244	80.38505680400287	80.38505680400287	124.202393070522	1	125.0901325921153	0	1	0	0	1	0	7978.295896489747	7978.295898888627	28267.47757408921	28265.69144944588	28269.23085516553	28267.47729265574	28265.69178993671	0.000473794438563466	0.0009312097739042447	-0.9999994541834446	-0.003273294889023031	0.9999942106252266	0.0009296540212882293	0.999994530514742	0.003272852637499415	0.0004768398197834071	1.10013787258126	-1.569751514270996	1.096864792079864	0.0005743707124154402	0.008672997757473147	0.990789478916634	0.0005743707124154402	0.0005743707124154402	0.02825903905083965	2.935028183188861e-06	0.0006068707411111021	0.01020553369234002	
97	82.25047315968811	246.2198247850778	2.71828	1.21358	1.16637e-05	0.2581069881028696	3.71839689095135	-0.132763631017867	4.952378749000896	1.642829253100163	9.765760479361596	-0.1936625602231952	-4.468564700985716	4.920003476714489	1.510001067040423	0.1000000706649286	0.0005109992890970277	0.1056584461634128	0.1000000706649286	172.5001218970019	1.776821255588585	0.1000000706649286	91.18766443765244	0	0	0	3.14159	-2781.290891454129	1415.297231109924	0	1	1	1	1	2	2.085	2.4952	0.00775795	0.1172	1.10013787258126	-1.569751514270996	1.096864792079864	798953356.7082959	0	0	7978.295896489747	28265.69144901838	28267.47729265574	124.202393070522	63659878.57596757	0	0	0	0.0005109992890970277	0.1056584461634128	1.776821255588585	0.1000000706649286	1.510001067040423	172.5001218970019	0.1000000706649286	0.1000000706649286	4.920003476714489	91.18766443765244	91.18766443765244	80.38505680400287	80.38505680400287	124.202393070522	1	125.0901325921153	0	1	0	0	1	0	7978.295896489747	7978.295898888627	28267.47757408921	28265.69144944588	28269.23085516553	28267.47729265574	28265.69178993671	0.000473794438563466	0.0009312097739042447	-0.9999994541834446	-0.003273294889023031	0.9999942106252266	0.0009296540212882293	0.999994530514742	0.003272852637499415	0.0004768398197834071	1.10013787258126	-1.569751514270996	1.096864792079864	0.0005743707124154402	0.008672997757473147	0.990789478916634	0.0005743707124154402	0.0005743707124154402	0.02825903905083965	2.935028183188861e-06	0.0006068707411111021	0.01020553369234002	
98	81.41118261724232	246.2198247850778	2.71828	1.21358	1.16637e-05	0.2581069881028696	3.71839689095135	-0.132763631017867	4.952378749000896	1.642829253100163	9.765760479361596	-0.1936625602231952	-4.468564700985716	4.920003476714489	1.510001067040423	0.1000000706649286	0.0005109992890970277	0.1056584461634128	0.1000000706649286	172.5001218970019	1.776821255588585	0.1000000706649286	91.18766443765244	0	0	0	3.14159	-2781.290891454129	1415.297231109924	0	1	1	1	1	2	2.085	2.4952	0.00775795	0.1172	1.10013787258126	-1.569751514270996	1.096864792079864	798953356.7082959	0	0	7978.295896489747	28265.69144901838	28267.47729265574	124.202393070522	63659878.57596757	0	0	0	0.0005109992890970277	0.1056584461634128	1.776821255588585	0.1000000706649286	1.510001067040423	172.5001218970019	0.1000000706649286	0.1000000706649286	4.920003476714489	91.18766443765244	91.18766443765244	80.38505680400287	80.38505680400287	124.202393070522	1	125.0901325921153	0	1	0	0	1	0	7978.295896489747	7978.295898888627	28267.47757408921	28265.69144944588	28269.23085516553	28267.47729265574	28265.69178993671	0.000473794438563466	0.0009312097739042447	-0.9999994541834446	-0.003273294889023031	0.9999942106252266	0.0009296540212882293	0.999994530514742	0.003272852637499415	0.0004768398197834071	1.10013787258126	-1.569751514270996	1.096864792079864	0.0005743707124154402	0.008672997757473147	0.990789478916634	0.0005743707124154402	0.0005743707124154402	0.02825903905083965	2.935028183188861e-06	0.0006068707411111021	0.01020553369234002	
99	80.58884743929038	246.2198247850778	2.71828	1.21358	1.16637e-05	0.2581069881028696	3.71839689095135	-0.132763631017867	4.952378749000896	1.642829253100163	9.765760479361596	-0.1936625602231952	-4.468564700985716	4.920003476714489	1.510001067040423	0.1000000706649286	0.0005109992890970277	0.1056584461634128	0.1000000706649286	172.5001218970019	1.776821255588585	0.1000000706649286	91.18766443765244	0	0	0	3.14159	-2781.290891454129	1415.297231109924	0	1	1	1	1	2	2.085	2.4952	0.00775795	0.1172	1.10013787258126	-1.569751514270996	1.096864792079864	798953356.7082959	0	0	7978.295896489747	28265.69144901838	28267.47729265574	124.202393070522	63659878.57596757	0	0	0	0.0005109992890970277	0.1056584461634128	1.776821255588585	0.1000000706649286	1.510001067040423	172.5001218970019	0.1000000706649286	0.1000000706649286	4.920003476714489	91.18766443765244	91.18766443765244	80.38505680400287	80.38505680400287	124.202393070522	1	125.0901325921153	0	1	0	0	1	0	7978.295896489747	7978.295898888627	28267.47757408921	28265.69144944588	28269.23085516553	28267.47729265574	28265.69178993671	0.000473794438563466	0.0009312097739042447	-0.9999994541834446	-0.003273294889023031	0.9999942106252266	0.0009296540212882293	0.999994530514742	0.003272852637499415	0.0004768398197834071	1.10013787258126	-1.569751514270996	1.096864792079864	0.0005743707124154402	0.008672997757473147	0.990789478916634	0.0005743707124154402	0.0005743707124154402	0.02825903905083965	2.935028183188861e-06	0.0006068707411111021	0.01020553369234002	
100	79.78295896489747	246.2198247850778	2.71828	1.21358	1.16637e-05	0.2581069881028696	3.71839689095135	-0.132763631017867	4.952378749000896	1.642829253100163	9.765760479361596	-0.1936625602231952	-4.468564700985716	4.920003476714489	1.510001067040423	0.1000000706649286	0.0005109992890970277	0.1056584461634128	0.1000000706649286	172.5001218970019	1.776821255588585	0.1000000706649286	91.18766443765244	0	0	0	3.14159	-2781.290891454129	1415.297231109924	0	1	1	1	1	2	2.085	2.4952	0.00775795	0.1172	1.10013787258126	-1.569751514270996	1.096864792079864	798953356.7082959	0	0	7978.295896489747	28265.69144901838	28267.47729265574	124.202393070522	63659878.57596757	0	0	0	0.0005109992890970277	0.1056584461634128	1.776821255588585	0.1000000706649286	1.510001067040423	172.5001218970019	0.1000000706649286	0.1000000706649286	4.920003476714489	91.18766443765244	91.18766443765244	80.38505680400287	80.38505680400287	124.202393070522	1	125.0901325921153	0	1	0	0	1	0	7978.295896489747	7978.295898888627	28267.47757408921	28265.69144944588	28269.23085516553	28267.47729265574	28265.69178993671	0.000473794438563466	0.0009312097739042447	-0.9999994541834446	-0.003273294889023031	0.9999942106252266	0.0009296540212882293	0.999994530514742	0.003272852637499415	0.0004768398197834071	1.10013787258126	-1.569751514270996	1.096864792079864	0.0005743707124154402	0.008672997757473147	0.990789478916634	0.0005743707124154402	0.0005743707124154402	0.02825903905083965	2.935028183188861e-06	0.0006068707411111021	0.01020553369234002	
101	78.9930286781163	246.2198247850778	2.71828	1.21358	1.16637e-05	0.2581069881028696	3.71839689095135	-0.132763631017867	4.952378749000896	1.642829253100163	9.765760479361596	-0.1936625602231952	-4.468564700985716	4.920003476714489	1.510001067040423	0.1000000706649286	0.0005109992890970277	0.1056584461634128	0.1000000706649286	172.5001218970019	1.776821255588585	0.1000000706649286	91.18766443765244	0	0	0	3.14159	-2781.290891454129	1415.297231109924	0	1	1	1	1	2	2.085	2.4952	0.00775795	0.1172	1.10013787258126	-1.569751514270996	1.096864792079864	798953356.7082959	0	0	7978.295896489747	28265.69144901838	28267.47729265574	124.202393070522	63659878.57596757	0	0	0	0.0005109992890970277	0.1056584461634128	1.776821255588585	0.1000000706649286	1.510001067040423	172.5001218970019	0.1000000706649286	0.1000000706649286	4.920003476714489	91.18766443765244	91.18766443765244	80.38505680400287	80.38505680400287	124.202393070522	1	125.0901325921153	0	1	0	0	1	0	7978.295896489747	7978.295898888627	28267.47757408921	28265.69144944588	28269.23085516553	28267.47729265574	28265.69178993671	0.000473794438563466	0.0009312097739042447	-0.9999994541834446	-0.003273294889023031	0.9999942106252266	0.0009296540212882293	0.999994530514742	0.003272852637499415	0.0004768398197834071	1.10013787258126	-1.569751514270996	1.096864792079864	0.0005743707124154402	0.008672997757473147	0.990789478916634	0.0005743707124154402	0.0005743707124154402	0.02825903905083965	2.935028183188861e-06	0.0006068707411111021	0.01020553369234002	
102	78.21858722048772	246.2198247850778	2.71828	1.21358	1.16637e-05	0.2581069881028696	3.71839689095135	-0.132763631017867	4.952378749000896	1.642829253100163	9.765760479361596	-0.1936625602231952	-4.468564700985716	4.920003476714489	1.510001067040423	0.1000000706649286	0.0005109992890970277	0.1056584461634128	0.1000000706649286	172.5001218970019	1.776821255588585	0.1000000706649286	91.18766443765244	0	0	0	3.14159	-2781.290891454129	1415.297231109924	0	1	1	1	1	2	2.085	2.4952	0.00775795	0.1172	1.10013787258126	-1.569751514270996	1.096864792079864	798953356.7082959	0	0	7978.295896489747	28265.69144901838	28267.47729265574	124.202393070522	63659878.57596757	0	0	0	0.0005109992890970277	0.1056584461634128	1.776821255588585	0.1000000706649286	1.510001067040423	172.5001218970019	0.1000000706649286	0.1000000706649286	4.920003476714489	91.18766443765244	91.18766443765244	80.38505680400287	80.38505680400287	124.202393070522	1	125.0901325921153	0	1	0	0	1	0	7978.295896489747	7978.295898888627	28267.47757408921	28265.69144944588	28269.23085516553	28267.47729265574	28265.69178993671	0.000473794438563466	0.0009312097739042447	-0.9999994541834446	-0.003273294889023031	0.9999942106252266	0.0009296540212882293	0.999994530514742	0.003272852637499415	0.0004768398197834071	1.10013787258126	-1.569751514270996	1.096864792079864	0.0005743707124154402	0.008672997757473147	0.990789478916634	0.0005743707124154402	0.0005743707124154402	0.02825903905083965	2.935028183188861e-06	0.0006068707411111021	0.01020553369234002	
103	77.45918346106551	246.2198247850778	2.71828	1.21358	1.16637e-05	0.2581069881028696	3.71839689095135	-0.132763631017867	4.952378749000896	1.642829253100163	9.765760479361596	-0.1936625602231952	-4.468564700985716	4.920003476714489	1.510001067040423	0.1000000706649286	0.0005109992890970277	0.1056584461634128	0.1000000706649286	172.5001218970019	1.776821255588585	0.1000000706649286	91.18766443765244	0	0	0	3.14159	-2781.290891454129	1415.297231109924	0	1	1	1	1	2	2.085	2.4952	0.00775795	0.1172	1.10013787258126	-1.569751514270996	1.096864792079864	798953356.7082959	0	0	7978.295896489747	28265.69144901838	28267.47729265574	124.202393070522	63659878.57596757	0	0	0	0.0005109992890970277	0.1056584461634128	1.776821255588585	0.1000000706649286	1.510001067040423	172.5001218970019	0.1000000706649286	0.1000000706649286	4.920003476714489	91.18766443765244	91.18766443765244	80.38505680400287	80.38505680400287	124.202393070522	1	125.0901325921153	0	1	0	0	1	0	7978.295896489747	7978.295898888627	28267.47757408921	28265.69144944588	28269.23085516553	28267.47729265574	28265.69178993671	0.000473794438563466	0.0009312097739042447	-0.9999994541834446	-0.003273294889023031	0.9999942106252266	0.0009296540212882293	0.999994530514742	0.003272852637499415	0.0004768398197834071	1.10013787258126	-1.569751514270996	1.096864792079864	0.0005743707124154402	0.008672997757473147	0.990789478916634	0.0005743707124154402	0.0005743707124154402	0.02825903905083965	2.935028183188861e-06	0.0006068707411111021	0.01020553369234002	
104	76.71438362009373	246.2198247850778	2.71828	1.21358	1.16637e-05	0.2581069881028696	3.71839689095135	-0.132763631017867	4.952378749000896	1.642829253100163	9.765760479361596	-0.1936625602231952	-4.468564700985716	4.920003476714489	1.510001067040423	0.1000000706649286	0.0005109992890970277	0.1056584461634128	0.1000000706649286	172.5001218970019	1.776821255588585	0.1000000706649286	91.18766443765244	0	0	0	3.14159	-2781.290891454129	1415.297231109924	0	1	1	1	1	2	2.085	2.4952	0.00775795	0.1172	1.10013787258126	-1.569751514270996	1.096864792079864	798953356.7082959	0	0	7978.295896489747	28265.69144901838	28267.47729265574	124.202393070522	63659878.57596757	0	0	0	0.0005109992890970277	0.1056584461634128	1.776821255588585	0.1000000706649286	1.510001067040423	172.5001218970019	0.1000000706649286	0.1000000706649286	4.920003476714489	91.18766443765244	91.18766443765244	80.38505680400287	80.38505680400287	124.202393070522	1	125.0901325921153	0	1	0	0	1	0	7978.295896489747	7978.295898888627	28267.47757408921	28265.69144944588	28269.23085516553	28267.47729265574	28265.69178993671	0.000473794438563466	0.0009312097739042447	-0.9999994541834446	-0.003273294889023031	0.9999942106252266	0.0009296540212882293	0.999994530514742	0.003272852637499415	0.0004768398197834071	1.10013787258126	-1.569751514270996	1.096864792079864	0.0005743707124154402	0.008672997757473147	0.990789478916634	0.0005743707124154402	0.0005743707124154402	0.02825903905083965	2.935028183188861e-06	0.0006068707411111021	0.01020553369234002	
105	75.98377044275949	246.2198247850778	2.71828	1.21358	1.16637e-05	0.2581069881028696	3.71839689095135	-0.132763631017867	4.952378749000896	1.642829253100163	9.765760479361596	-0.1936625602231952	-4.468564700985716	4.920003476714489	1.510001067040423	0.1000000706649286	0.0005109992890970277	0.1056584461634128	0.1000000706649286	172.5001218970019	1.776821255588585	0.1000000706649286	91.18766443765244	0	0	0	3.14159	-2781.290891454129	1415.297231109924	0	1	1	1	1	2	2.085	2.4952	0.00775795	0.1172	1.10013787258126	-1.569751514270996	1.096864792079864	798953356.7082959	0	0	7978.295896489747	28265.69144901838	28267.47729265574	124.202393070522	63659878.57596757	0	0	0	0.0005109992890970277	0.1056584461634128	1.776821255588585	0.1000000706649286	1.510001067040423	172.5001218970019	0.1000000706649286	0.1000000706649286	4.920003476714489	91.18766443765244	91.18766443765244	80.38505680400287	80.38505680400287	124.202393070522	1	125.0901325921153	0	1	0	0	1	0	7978.295896489747	7978.295898888627	28267.47757408921	28265.69144944588	28269.23085516553	28267.47729265574	28265.69178993671	0.000473794438563466	0.0009312097739042447	-0.9999994541834446	-0.003273294889023031	0.9999942106252266	0.0009296540212882293	0.999994530514742	0.003272852637499415	0.0004768398197834071	1.10013787258126	-1.569751514270996	1.096864792079864	0.0005743707124154402	0.008672997757473147	0.990789478916634	0.0005743707124154402	0.0005743707124154402	0.02825903905083965	2.935028183188861e-06	0.0006068707411111021	0.01020553369234002	
106	75.2669424197146	246.2198247850778	2.71828	1.21358	1.16637e-05	0.2581069881028696	3.71839689095135	-0.132763631017867	4.952378749000896	1.642829253100163	9.765760479361596	-0.1936625602231952	-4.468564700985716	4.920003476714489	1.510001067040423	0.1000000706649286	0.0005109992890970277	0.1056584461634128	0.1000000706649286	172.5001218970019	1.776821255588585	0.1000000706649286	91.18766443765244	0	0	0	3.14159	-2781.290891454129	1415.297231109924	0	1	1	1	1	2	2.085	2.4952	0.00775795	0.1172	1.10013787258126	-1.569751514270996	1.096864792079864	798953356.7082959	0	0	7978.295896489747	28265.69144901838	28267.47729265574	124.202393070522	63659878.57596757	0	0	0	0.0005109992890970277	0.1056584461634128	1.776821255588585	0.1000000706649286	1.510001067040423	172.5001218970019	0.1000000706649286	0.1000000706649286	4.920003476714489	91.18766443765244	91.18766443765244	80.38505680400287	80.38505680400287	124.202393070522	1	125.0901325921153	0	1	0	0	1	0	7978.295896489747	7978.295898888627	28267.47757408921	28265.69144944588	28269.23085516553	28267.47729265574	28265.69178993671	0.000473794438563466	0.0009312097739042447	-0.9999994541834446	-0.003273294889023031	0.9999942106252266	0.0009296540212882293	0.999994530514742	0.003272852637499415	0.0004768398197834071	1.10013787258126	-1.569751514270996	1.096864792079864	0.0005743707124154402	0.008672997757473147	0.990789478916634	0.0005743707124154402	0.0005743707124154402	0.02825903905083965	2.935028183188861e-06	0.0006068707411111021	0.01020553369234002	
107	74.56351305130605	246.2198247850778	2.71828	1.21358	1.16637e-05	0.2581069881028696	3.71839689095135	-0.132763631017867	4.952378749000896	1.642829253100163	9.765760479361596	-0.1936625602231952	-4.468564700985716	4.920003476714489	1.510001067040423	0.1000000706649286	0.0005109992890970277	0.1056584461634128	0.1000000706649286	172.5001218970019	1.776821255588585	0.1000000706649286	91.18766443765244	0	0	0	3.14159	-2781.290891454129	1415.297231109924	0	1	1	1	1	2	2.085	2.4952	0.00775795	0.1172	1.10013787258126	-1.569751514270996	1.096864792079864	798953356.7082959	0	0	7978.295896489747	28265.69144901838	28267.47729265574	124.202393070522	63659878.57596757	0	0	0	0.0005109992890970277	0.1056584461634128	1.776821255588585	0.1000000706649286	1.510001067040423	172.5001218970019	0.1000000706649286	0.1000000706649286	4.920003476714489	91.18766443765244	91.18766443765244	80.38505680400287	80.38505680400287	124.202393070522	1	125.0901325921153	0	1	0	0	1	0	7978.295896489747	7978.295898888627	28267.47757408921	28265.69144944588	28269.23085516553	28267.47729265574	28265.69178993671	0.000473794438563466	0.0009312097739042447	-0.9999994541834446	-0.003273294889023031	0.9999942106252266	0.0009296540212882293	0.999994530514742	0.003272852637499415	0.0004768398197834071	1.10013787258126	-1.569751514270996	1.096864792079864	0.0005743707124154402	0.008672997757473147	0.990789478916634	0.0005743707124154402	0.0005743707124154402	0.02825903905083965	2.935028183188861e-06	0.0006068707411111021	0.01020553369234002	
108	73.87311015268284	246.2198247850778	2.71828	1.21358	1.16637e-05	0.2581069881028696	3.71839689095135	-0.132763631017867	4.952378749000896	1.642829253100163	9.765760479361596	-0.1936625602231952	-4.468564700985716	4.920003476714489	1.510001067040423	0.1000000706649286	0.0005109992890970277	0.1056584461634128	0.1000000706649286	172.5001218970019	1.776821255588585	0.1000000706649286	91.18766443765244	0	0	0	3.14159	-2781.290891454129	1415.297231109924	0	1	1	1	1	2	2.085	2.4952	0.00775795	0.1172	1.10013787258126	-1.569751514270996	1.096864792079864	798953356.7082959	0	0	7978.295896489747	28265.69144901838	28267.47729265574	124.202393070522	63659878.57596757	0	0	0	0.0005109992890970277	0.1056584461634128	1.776821255588585	0.1000000706649286	1.510001067040423	172.5001218970019	0.1000000706649286	0.1000000706649286	4.920003476714489	91.18766443765244	91.18766443765244	80.38505680400287	80.38505680400287	124.202393070522	1	125.0901325921153	0	1	0	0	1	0	7978.295896489747	7978.295898888627	28267.47757408921	28265.69144944588	28269.23085516553	28267.47729265574	28265.69178993671	0.000473794438563466	0.0009312097739042447	-0.9999994541834446	-0.003273294889023031	0.9999942106252266	0.0009296540212882293	0.999994530514742	0.003272852637499415	0.0004768398197834071	1.10013787258126	-1.569751514270996	1.096864792079864	0.0005743707124154402	0.008672997757473147	0.990789478916634	0.0005743707124154402	0.0005743707124154402	0.02825903905083965	2.935028183188861e-06	0.0006068707411111021	0.01020553369234002	
109	73.19537519715364	246.2198247850778	2.71828	1.21358	1.16637e-05	0.2581069881028696	3.71839689095135	-0.132763631017867	4.952378749000896	1.642829253100163	9.765760479361596	-0.1936625602231952	-4.468564700985716	4.920003476714489	1.510001067040423	0.1000000706649286	0.0005109992890970277	0.1056584461634128	0.1000000706649286	172.5001218970019	1.776821255588585	0.1000000706649286	91.18766443765244	0	0	0	3.14159	-2781.290891454129	1415.297231109924	0	1	1	1	1	2	2.085	2.4952	0.00775795	0.1172	1.10013787258126	-1.569751514270996	1.096864792079864	798953356.7082959	0	0	7978.295896489747	28265.69144901838	28267.47729265574	124.202393070522	63659878.57596757	0	0	0	0.0005109992890970277	0.1056584461634128	1.776821255588585	0.1000000706649286	1.510001067040423	172.5001218970019	0.1000000706649286	0.1000000706649286	4.920003476714489	91.18766443765244	91.18766443765244	80.38505680400287	80.38505680400287	124.202393070522	1	125.0901325921153	0	1	0	0	1	0	7978.295896489747	7978.295898888627	28267.47757408921	28265.69144944588	28269.23085516553	28267.47729265574	28265.69178993671	0.000473794438563466	0.0009312097739042447	-0.9999994541834446	-0.003273294889023031	0.9999942106252266	0.0009296540212882293	0.999994530514742	0.003272852637499415	0.0004768398197834071	1.10013787258126	-1.569751514270996	1.096864792079864	0.0005743707124154402	0.008672997757473147	0.990789478916634	0.0005743707124154402	0.0005743707124154402	0.02825903905083965	2.935028183188861e-06	0.0006068707411111021	0.01020553369234002	
110	72.52996269536133	246.2198247850778	2.71828	1.21358	1.16637e-05	0.2581069881028696	3.71839689095135	-0.132763631017867	4.952378749000896	1.642829253100163	9.765760479361596	-0.1936625602231952	-4.468564700985716	4.920003476714489	1.510001067040423	0.1000000706649286	0.0005109992890970277	0.1056584461634128	0.1000000706649286	172.5001218970019	1.776821255588585	0.1000000706649286	91.18766443765244	0	0	0	3.14159	-2781.290891454129	1415.297231109924	0	1	1	1	1	2	2.085	2.4952	0.00775795	0.1172	1.10013787258126	-1.569751514270996	1.096864792079864	798953356.7082959	0	0	7978.295896489747	28265.69144901838	28267.47729265574	124.202393070522	63659878.57596757	0	0	0	0.0005109992890970277	0.1056584461634128	1.776821255588585	0.1000000706649286	1.510001067040423	172.5001218970019	0.1000000706649286	0.1000000706649286	4.920003476714489	91.18766443765244	91.18766443765244	80.38505680400287	80.38505680400287	124.202393070522	1	125.0901325921153	0	1	0	0	1	0	7978.295896489747	7978.295898888627	28267.47757408921	28265.69144944588	28269.23085516553	28267.47729265574	28265.69178993671	0.000473794438563466	0.0009312097739042447	-0.9999994541834446	-0.003273294889023031	0.9999942106252266	0.0009296540212882293	0.999994530514742	0.003272852637499415	0.0004768398197834071	1.10013787258126	-1.569751514270996	1.096864792079864	0.0005743707124154402	0.008672997757473147	0.990789478916634	0.0005743707124154402	0.0005743707124154402	0.02825903905083965	2.935028183188861e-06	0.0006068707411111021	0.01020553369234002	
111	71.87653960801573	246.2198247850778	2.71828	1.21358	1.16637e-05	0.2581069881028696	3.71839689095135	-0.132763631017867	4.952378749000896	1.642829253100163	9.765760479361596	-0.1936625602231952	-4.468564700985716	4.920003476714489	1.510001067040423	0.1000000706649286	0.0005109992890970277	0.1056584461634128	0.1000000706649286	172.5001218970019	1.776821255588585	0.1000000706649286	91.18766443765244	0	0	0	3.14159	-2781.290891454129	1415.297231109924	0	1	1	1	1	2	2.085	2.4952	0.00775795	0.1172	1.10013787258126	-1.569751514270996	1.096864792079864	798953356.7082959	0	0	7978.295896489747	28265.69144901838	28267.47729265574	124.202393070522	63659878.57596757	0	0	0	0.0005109992890970277	0.1056584461634128	1.776821255588585	0.1000000706649286	1.510001067040423	172.5001218970019	0.1000000706649286	0.1000000706649286	4.920003476714489	91.18766443765244	91.18766443765244	80.38505680400287	80.38505680400287	124.202393070522	1	125.0901325921153	0	1	0	0	1	0	7978.295896489747	7978.295898888627	28267.47757408921	28265.69144944588	28269.23085516553	28267.47729265574	28265.69178993671	0.000473794438563466	0.0009312097739042447	-0.9999994541834446	-0.003273294889023031	0.9999942106252266	0.0009296540212882293	0.999994530514742	0.003272852637499415	0.0004768398197834071	1.10013787258126	-1.569751514270996	1.096864792079864	0.0005743707124154402	0.008672997757473147	0.990789478916634	0.0005743707124154402	0.0005743707124154402	0.02825903905083965	2.935028183188861e-06	0.0006068707411111021	0.01020553369234002	
112	71.23478479008703	246.2198247850778	2.71828	1.21358	1.16637e-05	0.2581069881028696	3.71839689095135	-0.132763631017867	4.952378749000896	1.642829253100163	9.765760479361596	-0.1936625602231952	-4.468564700985716	4.920003476714489	1.510001067040423	0.1000000706649286	0.0005109992890970277	0.1056584461634128	0.1000000706649286	172.5001218970019	1.776821255588585	0.1000000706649286	91.18766443765244	0	0	0	3.14159	-2781.290891454129	1415.297231109924	0	1	1	1	1	2	2.085	2.4952	0.00775795	0.1172	1.10013787258126	-1.569751514270996	1.096864792079864	798953356.7082959	0	0	7978.295896489747	28265.69144901838	28267.47729265574	124.202393070522	63659878.57596757	0	0	0	0.0005109992890970277	0.1056584461634128	1.776821255588585	0.1000000706649286	1.510001067040423	172.5001218970019	0.1000000706649286	0.1000000706649286	4.920003476714489	91.18766443765244	91.18766443765244	80.38505680400287	80.38505680400287	124.202393070522	1	125.0901325921153	0	1	0	0	1	0	7978.295896489747	7978.295898888627	28267.47757408921	28265.69144944588	28269.23085516553	28267.47729265574	28265.69178993671	0.000473794438563466	0.0009312097739042447	-0.9999994541834446	-0.003273294889023031	0.9999942106252266	0.0009296540212882293	0.999994530514742	0.003272852637499415	0.0004768398197834071	1.10013787258126	-1.569751514270996	1.096864792079864	0.0005743707124154402	0.008672997757473147	0.990789478916634	0.0005743707124154402	0.0005743707124154402	0.02825903905083965	2.935028183188861e-06	0.0006068707411111021	0.01020553369234002	
113	70.60438846451103	246.2198247850778	2.71828	1.21358	1.16637e-05	0.2581069881028696	3.71839689095135	-0.132763631017867	4.952378749000896	1.642829253100163	9.765760479361596	-0.1936625602231952	-4.468564700985716	4.920003476714489	1.510001067040423	0.1000000706649286	0.0005109992890970277	0.1056584461634128	0.1000000706649286	172.5001218970019	1.776821255588585	0.1000000706649286	91.18766443765244	0	0	0	3.14159	-2781.290891454129	1415.297231109924	0	1	1	1	1	2	2.085	2.4952	0.00775795	0.1172	1.10013787258126	-1.569751514270996	1.096864792079864	798953356.7082959	0	0	7978.295896489747	28265.69144901838	28267.47729265574	124.202393070522	63659878.57596757	0	0	0	0.0005109992890970277	0.1056584461634128	1.776821255588585	0.1000000706649286	1.510001067040423	172.5001218970019	0.1000000706649286	0.1000000706649286	4.920003476714489	91.18766443765244	91.18766443765244	80.38505680400287	80.38505680400287	124.202393070522	1	125.0901325921153	0	1	0	0	1	0	7978.295896489747	7978.295898888627	28267.47757408921	28265.69144944588	28269.23085516553	28267.47729265574	28265.69178993671	0.000473794438563466	0.0009312097739042447	-0.9999994541834446	-0.003273294889023031	0.9999942106252266	0.0009296540212882293	0.999994530514742	0.003272852637499415	0.0004768398197834071	1.10013787258126	-1.569751514270996	1.096864792079864	0.0005743707124154402	0.008672997757473147	0.990789478916634	0.0005743707124154402	0.0005743707124154402	0.02825903905083965	2.935028183188861e-06	0.0006068707411111021	0.01020553369234002	
114	69.98505172359427	246.2198247850778	2.71828	1.21358	1.16637e-05	0.2581069881028696	3.71839689095135	-0.132763631017867	4.952378749000896	1.642829253100163	9.765760479361596	-0.1936625602231952	-4.468564700985716	4.920003476714489	1.510001067040423	0.1000000706649286	0.0005109992890970277	0.1056584461634128	0.1000000706649286	172.5001218970019	1.776821255588585	0.1000000706649286	91.18766443765244	0	0	0	3.14159	-2781.290891454129	1415.297231109924	0	1	1	1	1	2	2.085	2.4952	0.00775795	0.1172	1.10013787258126	-1.569751514270996	1.096864792079864	798953356.7082959	0	0	7978.295896489747	28265.69144901838	28267.47729265574	124.202393070522	63659878.57596757	0	0	0	0.0005109992890970277	0.1056584461634128	1.776821255588585	0.1000000706649286	1.510001067040423	172.5001218970019	0.1000000706649286	0.1000000706649286	4.920003476714489	91.18766443765244	91.18766443765244	80.38505680400287	80.38505680400287	124.202393070522	1	125.0901325921153	0	1	0	0	1	0	7978.295896489747	7978.295898888627	28267.47757408921	28265.69144944588	28269.23085516553	28267.47729265574	28265.69178993671	0.000473794438563466	0.0009312097739042447	-0.9999994541834446	-0.003273294889023031	0.9999942106252266	0.0009296540212882293	0.999994530514742	0.003272852637499415	0.0004768398197834071	1.10013787258126	-1.569751514270996	1.096864792079864	0.0005743707124154402	0.008672997757473147	0.990789478916634	0.0005743707124154402	0.0005743707124154402	0.02825903905083965	2.935028183188861e-06	0.0006068707411111021	0.01020553369234002	
115	69.37648605643258	246.2198247850778	2.71828	1.21358	1.16637e-05	0.2581069881028696	3.71839689095135	-0.132763631017867	4.952378749000896	1.642829253100163	9.765760479361596	-0.1936625602231952	-4.468564700985716	4.920003476714489	1.510001067040423	0.1000000706649286	0.0005109992890970277	0.1056584461634128	0.1000000706649286	172.5001218970019	1.776821255588585	0.1000000706649286	91.18766443765244	0	0	0	3.14159	-2781.290891454129	1415.297231109924	0	1	1	1	1	2	2.085	2.4952	0.00775795	0.1172	1.10013787258126	-1.569751514270996	1.096864792079864	798953356.7082959	0	0	7978.295896489747	28265.69144901838	28267.47729265574	124.202393070522	63659878.57596757	0	0	0	0.0005109992890970277	0.1056584461634128	1.776821255588585	0.1000000706649286	1.510001067040423	172.5001218970019	0.1000000706649286	0.1000000706649286	4.920003476714489	91.18766443765244	91.18766443765244	80.38505680400287	80.38505680400287	124.202393070522	1	125.0901325921153	0	1	0	0	1	0	7978.295896489747	7978.295898888627	28267.47757408921	28265.69144944588	28269.23085516553	28267.47729265574	28265.69178993671	0.000473794438563466	0.0009312097739042447	-0.9999994541834446	-0.003273294889023031	0.9999942106252266	0.0009296540212882293	0.999994530514742	0.003272852637499415	0.0004768398197834071	1.10013787258126	-1.569751514270996	1.096864792079864	0.0005743707124154402	0.008672997757473147	0.990789478916634	0.0005743707124154402	0.0005743707124154402	0.02825903905083965	2.935028183188861e-06	0.0006068707411111021	0.01020553369234002	
116	68.77841290077369	246.2198247850778	2.71828	1.21358	1.16637e-05	0.2581069881028696	3.71839689095135	-0.132763631017867	4.952378749000896	1.642829253100163	9.765760479361596	-0.1936625602231952	-4.468564700985716	4.920003476714489	1.510001067040423	0.1000000706649286	0.0005109992890970277	0.1056584461634128	0.1000000706649286	172.5001218970019	1.776821255588585	0.1000000706649286	91.18766443765244	0	0	0	3.14159	-2781.290891454129	1415.297231109924	0	1	1	1	1	2	2.085	2.4952	0.00775795	0.1172	1.10013787258126	-1.569751514270996	1.096864792079864	798953356.7082959	0	0	7978.295896489747	28265.69144901838	28267.47729265574	124.202393070522	63659878.57596757	0	0	0	0.0005109992890970277	0.1056584461634128	1.776821255588585	0.1000000706649286	1.510001067040423	172.5001218970019	0.1000000706649286	0.1000000706649286	4.920003476714489	91.18766443765244	91.18766443765244	80.38505680400287	80.38505680400287	124.202393070522	1	125.0901325921153	0	1	0	0	1	0	7978.295896489747	7978.295898888627	28267.47757408921	28265.69144944588	28269.23085516553	28267.47729265574	28265.69178993671	0.000473794438563466	0.0009312097739042447	-0.9999994541834446	-0.003273294889023031	0.9999942106252266	0.0009296540212882293	0.999994530514742	0.003272852637499415	0.0004768398197834071	1.10013787258126	-1.569751514270996	1.096864792079864	0.0005743707124154402	0.008672997757473147	0.990789478916634	0.0005743707124154402	0.0005743707124154402	0.02825903905083965	2.935028183188861e-06	0.0006068707411111021	0.01020553369234002	
117	68.19056321786108	246.2198247850778	2.71828	1.21358	1.16637e-05	0.2581069881028696	3.71839689095135	-0.132763631017867	4.952378749000896	1.642829253100163	9.765760479361596	-0.1936625602231952	-4.468564700985716	4.920003476714489	1.510001067040423	0.1000000706649286	0.0005109992890970277	0.1056584461634128	0.1000000706649286	172.5001218970019	1.776821255588585	0.1000000706649286	91.18766443765244	0	0	0	3.14159	-2781.290891454129	1415.297231109924	0	1	1	1	1	2	2.085	2.4952	0.00775795	0.1172	1.10013787258126	-1.569751514270996	1.096864792079864	798953356.7082959	0	0	7978.295896489747	28265.69144901838	28267.47729265574	124.202393070522	63659878.57596757	0	0	0	0.0005109992890970277	0.1056584461634128	1.776821255588585	0.1000000706649286	1.510001067040423	172.5001218970019	0.1000000706649286	0.1000000706649286	4.920003476714489	91.18766443765244	91.18766443765244	80.38505680400287	80.38505680400287	124.202393070522	1	125.0901325921153	0	1	0	0	1	0	7978.295896489747	7978.295898888627	28267.47757408921	28265.69144944588	28269.23085516553	28267.47729265574	28265.69178993671	0.000473794438563466	0.0009312097739042447	-0.9999994541834446	-0.003273294889023031	0.9999942106252266	0.0009296540212882293	0.999994530514742	0.003272852637499415	0.0004768398197834071	1.10013787258126	-1.569751514270996	1.096864792079864	0.0005743707124154402	0.008672997757473147	0.990789478916634	0.0005743707124154402	0.0005743707124154402	0.02825903905083965	2.935028183188861e-06	0.0006068707411111021	0.01020553369234002	
118	67.61267708889616	246.2198247850778	2.71828	1.21358	1.16637e-05	0.2581069881028696	3.71839689095135	-0.132763631017867	4.952378749000896	1.642829253100163	9.765760479361596	-0.1936625602231952	-4.468564700985716	4.920003476714489	1.510001067040423	0.1000000706649286	0.0005109992890970277	0.1056584461634128	0.1000000706649286	172.5001218970019	1.776821255588585	0.1000000706649286	91.18766443765244	0	0	0	3.14159	-2781.290891454129	1415.297231109924	0	1	1	1	1	2	2.085	2.4952	0.00775795	0.1172	1.10013787258126	-1.569751514270996	1.096864792079864	798953356.7082959	0	0	7978.295896489747	28265.69144901838	28267.47729265574	124.202393070522	63659878.57596757	0	0	0	0.0005109992890970277	0.1056584461634128	1.776821255588585	0.1000000706649286	1.510001067040423	172.5001218970019	0.1000000706649286	0.1000000706649286	4.920003476714489	91.18766443765244	91.18766443765244	80.38505680400287	80.38505680400287	124.202393070522	1	125.0901325921153	0	1	0	0	1	0	7978.295896489747	7978.295898888627	28267.47757408921	28265.69144944588	28269.23085516553	28267.47729265574	28265.69178993671	0.000473794438563466	0.0009312097739042447	-0.9999994541834446	-0.003273294889023031	0.9999942106252266	0.0009296540212882293	0.999994530514742	0.003272852637499415	0.0004768398197834071	1.10013787258126	-1.569751514270996	1.096864792079864	0.0005743707124154402	0.008672997757473147	0.990789478916634	0.0005743707124154402	0.0005743707124154402	0.02825903905083965	2.935028183188861e-06	0.0006068707411111021	0.01020553369234002	
119	67.04450333184661	246.2198247850778	2.71828	1.21358	1.16637e-05	0.2581069881028696	3.71839689095135	-0.132763631017867	4.952378749000896	1.642829253100163	9.765760479361596	-0.1936625602231952	-4.468564700985716	4.920003476714489	1.510001067040423	0.1000000706649286	0.0005109992890970277	0.1056584461634128	0.1000000706649286	172.5001218970019	1.776821255588585	0.1000000706649286	91.18766443765244	0	0	0	3.14159	-2781.290891454129	1415.297231109924	0	1	1	1	1	2	2.085	2.4952	0.00775795	0.1172	1.10013787258126	-1.569751514270996	1.096864792079864	798953356.7082959	0	0	7978.295896489747	28265.69144901838	28267.47729265574	124.202393070522	63659878.57596757	0	0	0	0.0005109992890970277	0.1056584461634128	1.776821255588585	0.1000000706649286	1.510001067040423	172.5001218970019	0.1000000706649286	0.1000000706649286	4.920003476714489	91.18766443765244	91.18766443765244	80.38505680400287	80.38505680400287	124.202393070522	1	125.0901325921153	0	1	0	0	1	0	7978.295896489747	7978.295898888627	28267.47757408921	28265.69144944588	28269.23085516553	28267.47729265574	28265.69178993671	0.000473794438563466	0.0009312097739042447	-0.9999994541834446	-0.003273294889023031	0.9999942106252266	0.0009296540212882293	0.999994530514742	0.003272852637499415	0.0004768398197834071	1.10013787258126	-1.569751514270996	1.096864792079864	0.0005743707124154402	0.008672997757473147	0.990789478916634	0.0005743707124154402	0.0005743707124154402	0.02825903905083965	2.935028183188861e-06	0.0006068707411111021	0.01020553369234002	
120	66.48579913741456	246.2198247850778	2.71828	1.21358	1.16637e-05	0.2581069881028696	3.71839689095135	-0.132763631017867	4.952378749000896	1.642829253100163	9.765760479361596	-0.1936625602231952	-4.468564700985716	4.920003476714489	1.510001067040423	0.1000000706649286	0.0005109992890970277	0.1056584461634128	0.1000000706649286	172.5001218970019	1.776821255588585	0.1000000706649286	91.18766443765244	0	0	0	3.14159	-2781.290891454129	1415.297231109924	0	1	1	1	1	2	2.085	2.4952	0.00775795	0.1172	1.10013787258126	-1.569751514270996	1.096864792079864	798953356.7082959	0	0	7978.295896489747	28265.69144901838	28267.47729265574	124.202393070522	63659878.57596757	0	0	0	0.0005109992890970277	0.1056584461634128	1.776821255588585	0.1000000706649286	1.510001067040423	172.5001218970019	0.1000000706649286	0.1000000706649286	4.920003476714489	91.18766443765244	91.18766443765244	80.38505680400287	80.38505680400287	124.202393070522	1	125.0901325921153	0	1	0	0	1	0	7978.295896489747	7978.295898888627	28267.47757408921	28265.69144944588	28269.23085516553	28267.47729265574	28265.69178993671	0.000473794438563466	0.0009312097739042447	-0.9999994541834446	-0.003273294889023031	0.9999942106252266	0.0009296540212882293	0.999994530514742	0.003272852637499415	0.0004768398197834071	1.10013787258126	-1.569751514270996	1.096864792079864	0.0005743707124154402	0.008672997757473147	0.990789478916634	0.0005743707124154402	0.0005743707124154402	0.02825903905083965	2.935028183188861e-06	0.0006068707411111021	0.01020553369234002	
121	65.93632972305576	246.2198247850778	2.71828	1.21358	1.16637e-05	0.2581069881028696	3.71839689095135	-0.132763631017867	4.952378749000896	1.642829253100163	9.765760479361596	-0.1936625602231952	-4.468564700985716	4.920003476714489	1.510001067040423	0.1000000706649286	0.0005109992890970277	0.1056584461634128	0.1000000706649286	172.5001218970019	1.776821255588585	0.1000000706649286	91.18766443765244	0	0	0	3.14159	-2781.290891454129	1415.297231109924	0	1	1	1	1	2	2.085	2.4952	0.00775795	0.1172	1.10013787258126	-1.569751514270996	1.096864792079864	798953356.7082959	0	0	7978.295896489747	28265.69144901838	28267.47729265574	124.202393070522	63659878.57596757	0	0	0	0.0005109992890970277	0.1056584461634128	1.776821255588585	0.1000000706649286	1.510001067040423	172.5001218970019	0.1000000706649286	0.1000000706649286	4.920003476714489	91.18766443765244	91.18766443765244	80.38505680400287	80.38505680400287	124.202393070522	1	125.0901325921153	0	1	0	0	1	0	7978.295896489747	7978.295898888627	28267.47757408921	28265.69144944588	28269.23085516553	28267.47729265574	28265.69178993671	0.000473794438563466	0.0009312097739042447	-0.9999994541834446	-0.003273294889023031	0.9999942106252266	0.0009296540212882293	0.999994530514742	0.003272852637499415	0.0004768398197834071	1.10013787258126	-1.569751514270996	1.096864792079864	0.0005743707124154402	0.008672997757473147	0.990789478916634	0.0005743707124154402	0.0005743707124154402	0.02825903905083965	2.935028183188861e-06	0.0006068707411111021	0.01020553369234002	
122	65.39586800401432	246.2198247850778	2.71828	1.21358	1.16637e-05	0.2581069881028696	3.71839689095135	-0.132763631017867	4.952378749000896	1.642829253100163	9.765760479361596	-0.1936625602231952	-4.468564700985716	4.920003476714489	1.510001067040423	0.1000000706649286	0.0005109992890970277	0.1056584461634128	0.1000000706649286	172.5001218970019	1.776821255588585	0.1000000706649286	91.18766443765244	0	0	0	3.14159	-2781.290891454129	1415.297231109924	0	1	1	1	1	2	2.085	2.4952	0.00775795	0.1172	1.10013787258126	-1.569751514270996	1.096864792079864	798953356.7082959	0	0	7978.295896489747	28265.69144901838	28267.47729265574	124.202393070522	63659878.57596757	0	0	0	0.0005109992890970277	0.1056584461634128	1.776821255588585	0.1000000706649286	1.510001067040423	172.5001218970019	0.1000000706649286	0.1000000706649286	4.920003476714489	91.18766443765244	91.18766443765244	80.38505680400287	80.38505680400287	124.202393070522	1	125.0901325921153	0	1	0	0	1	0	7978.295896489747	7978.295898888627	28267.47757408921	28265.69144944588	28269.23085516553	28267.47729265574	28265.69178993671	0.000473794438563466	0.0009312097739042447	-0.9999994541834446	-0.003273294889023031	0.9999942106252266	0.0009296540212882293	0.999994530514742	0.003272852637499415	0.0004768398197834071	1.10013787258126	-1.569751514270996	1.096864792079864	0.0005743707124154402	0.008672997757473147	0.990789478916634	0.0005743707124154402	0.0005743707124154402	0.02825903905083965	2.935028183188861e-06	0.0006068707411111021	0.01020553369234002	
123	64.86419428040445	246.2198247850778	2.71828	1.21358	1.16637e-05	0.2581069881028696	3.71839689095135	-0.132763631017867	4.952378749000896	1.642829253100163	9.765760479361596	-0.1936625602231952	-4.468564700985716	4.920003476714489	1.510001067040423	0.1000000706649286	0.0005109992890970277	0.1056584461634128	0.1000000706649286	172.5001218970019	1.776821255588585	0.1000000706649286	91.18766443765244	0	0	0	3.14159	-2781.290891454129	1415.297231109924	0	1	1	1	1	2	2.085	2.4952	0.00775795	0.1172	1.10013787258126	-1.569751514270996	1.096864792079864	798953356.7082959	0	0	7978.295896489747	28265.69144901838	28267.47729265574	124.202393070522	63659878.57596757	0	0	0	0.0005109992890970277	0.1056584461634128	1.776821255588585	0.1000000706649286	1.510001067040423	172.5001218970019	0.1000000706649286	0.1000000706649286	4.920003476714489	91.18766443765244	91.18766443765244	80.38505680400287	80.38505680400287	124.202393070522	1	125.0901325921153	0	1	0	0	1	0	7978.295896489747	7978.295898888627	28267.47757408921	28265.69144944588	28269.23085516553	28267.47729265574	28265.69178993671	0.000473794438563466	0.0009312097739042447	-0.9999994541834446	-0.003273294889023031	0.9999942106252266	0.0009296540212882293	0.999994530514742	0.003272852637499415	0.0004768398197834071	1.10013787258126	-1.569751514270996	1.096864792079864	0.0005743707124154402	0.008672997757473147	0.990789478916634	0.0005743707124154402	0.0005743707124154402	0.02825903905083965	2.935028183188861e-06	0.0006068707411111021	0.01020553369234002	
124	64.34109593943344	246.2198247850778	2.71828	1.21358	1.16637e-05	0.2581069881028696	3.71839689095135	-0.132763631017867	4.952378749000896	1.642829253100163	9.765760479361596	-0.1936625602231952	-4.468564700985716	4.920003476714489	1.510001067040423	0.1000000706649286	0.0005109992890970277	0.1056584461634128	0.1000000706649286	172.5001218970019	1.776821255588585	0.1000000706649286	91.18766443765244	0	0	0	3.14159	-2781.290891454129	1415.297231109924	0	1	1	1	1	2	2.085	2.4952	0.00775795	0.1172	1.10013787258126	-1.569751514270996	1.096864792079864	798953356.7082959	0	0	7978.295896489747	28265.69144901838	28267.47729265574	124.202393070522	63659878.57596757	0	0	0	0.0005109992890970277	0.1056584461634128	1.776821255588585	0.1000000706649286	1.510001067040423	172.5001218970019	0.1000000706649286	0.1000000706649286	4.920003476714489	91.18766443765244	91.18766443765244	80.38505680400287	80.38505680400287	124.202393070522	1	125.0901325921153	0	1	0	0	1	0	7978.295896489747	7978.295898888627	28267.47757408921	28265.69144944588	28269.23085516553	28267.47729265574	28265.69178993671	0.000473794438563466	0.0009312097739042447	-0.9999994541834446	-0.003273294889023031	0.9999942106252266	0.0009296540212882293	0.999994530514742	0.003272852637499415	0.0004768398197834071	1.10013787258126	-1.569751514270996	1.096864792079864	0.0005743707124154402	0.008672997757473147	0.990789478916634	0.0005743707124154402	0.0005743707124154402	0.02825903905083965	2.935028183188861e-06	0.0006068707411111021	0.01020553369234002	
125	63.82636717191798	246.2198247850778	2.71828	1.21358	1.16637e-05	0.2581069881028696	3.71839689095135	-0.132763631017867	4.952378749000896	1.642829253100163	9.765760479361596	-0.1936625602231952	-4.468564700985716	4.920003476714489	1.510001067040423	0.1000000706649286	0.0005109992890970277	0.1056584461634128	0.1000000706649286	172.5001218970019	1.776821255588585	0.1000000706649286	91.18766443765244	0	0	0	3.14159	-2781.290891454129	1415.297231109924	0	1	1	1	1	2	2.085	2.4952	0.00775795	0.1172	1.10013787258126	-1.569751514270996	1.096864792079864	798953356.7082959	0	0	7978.295896489747	28265.69144901838	28267.47729265574	124.202393070522	63659878.57596757	0	0	0	0.0005109992890970277	0.1056584461634128	1.776821255588585	0.1000000706649286	1.510001067040423	172.5001218970019	0.1000000706649286	0.1000000706649286	4.920003476714489	91.18766443765244	91.18766443765244	80.38505680400287	80.38505680400287	124.202393070522	1	125.0901325921153	0	1	0	0	1	0	7978.295896489747	7978.295898888627	28267.47757408921	28265.69144944588	28269.23085516553	28267.47729265574	28265.69178993671	0.000473794438563466	0.0009312097739042447	-0.9999994541834446	-0.003273294889023031	0.9999942106252266	0.0009296540212882293	0.999994530514742	0.003272852637499415	0.0004768398197834071	1.10013787258126	-1.569751514270996	1.096864792079864	0.0005743707124154402	0.008672997757473147	0.990789478916634	0.0005743707124154402	0.0005743707124154402	0.02825903905083965	2.935028183188861e-06	0.0006068707411111021	0.01020553369234002	
126	63.31980870229958	246.2198247850778	2.71828	1.21358	1.16637e-05	0.2581069881028696	3.71839689095135	-0.132763631017867	4.952378749000896	1.642829253100163	9.765760479361596	-0.1936625602231952	-4.468564700985716	4.920003476714489	1.510001067040423	0.1000000706649286	0.0005109992890970277	0.1056584461634128	0.1000000706649286	172.5001218970019	1.776821255588585	0.1000000706649286	91.18766443765244	0	0	0	3.14159	-2781.290891454129	1415.297231109924	0	1	1	1	1	2	2.085	2.4952	0.00775795	0.1172	1.10013787258126	-1.569751514270996	1.096864792079864	798953356.7082959	0	0	7978.295896489747	28265.69144901838	28267.47729265574	124.202393070522	63659878.57596757	0	0	0	0.0005109992890970277	0.1056584461634128	1.776821255588585	0.1000000706649286	1.510001067040423	172.5001218970019	0.1000000706649286	0.1000000706649286	4.920003476714489	91.18766443765244	91.18766443765244	80.38505680400287	80.38505680400287	124.202393070522	1	125.0901325921153	0	1	0	0	1	0	7978.295896489747	7978.295898888627	28267.47757408921	28265.69144944588	28269.23085516553	28267.47729265574	28265.69178993671	0.000473794438563466	0.0009312097739042447	-0.9999994541834446	-0.003273294889023031	0.9999942106252266	0.0009296540212882293	0.999994530514742	0.003272852637499415	0.0004768398197834071	1.10013787258126	-1.569751514270996	1.096864792079864	0.0005743707124154402	0.008672997757473147	0.990789478916634	0.0005743707124154402	0.0005743707124154402	0.02825903905083965	2.935028183188861e-06	0.0006068707411111021	0.01020553369234002	
127	62.82122753141533	246.2198247850778	2.71828	1.21358	1.16637e-05	0.2581069881028696	3.71839689095135	-0.132763631017867	4.952378749000896	1.642829253100163	9.765760479361596	-0.1936625602231952	-4.468564700985716	4.920003476714489	1.510001067040423	0.1000000706649286	0.0005109992890970277	0.1056584461634128	0.1000000706649286	172.5001218970019	1.776821255588585	0.1000000706649286	91.18766443765244	0	0	0	3.14159	-2781.290891454129	1415.297231109924	0	1	1	1	1	2	2.085	2.4952	0.00775795	0.1172	1.10013787258126	-1.569751514270996	1.096864792079864	798953356.7082959	0	0	7978.295896489747	28265.69144901838	28267.47729265574	124.202393070522	63659878.57596757	0	0	0	0.0005109992890970277	0.1056584461634128	1.776821255588585	0.1000000706649286	1.510001067040423	172.5001218970019	0.1000000706649286	0.1000000706649286	4.920003476714489	91.18766443765244	91.18766443765244	80.38505680400287	80.38505680400287	124.202393070522	1	125.0901325921153	0	1	0	0	1	0	7978.295896489747	7978.295898888627	28267.47757408921	28265.69144944588	28269.23085516553	28267.47729265574	28265.69178993671	0.000473794438563466	0.0009312097739042447	-0.9999994541834446	-0.003273294889023031	0.9999942106252266	0.0009296540212882293	0.999994530514742	0.003272852637499415	0.0004768398197834071	1.10013787258126	-1.569751514270996	1.096864792079864	0.0005743707124154402	0.008672997757473147	0.990789478916634	0.0005743707124154402	0.0005743707124154402	0.02825903905083965	2.935028183188861e-06	0.0006068707411111021	0.01020553369234002	
128	62.33043669132615	246.2198247850778	2.71828	1.21358	1.16637e-05	0.2581069881028696	3.71839689095135	-0.132763631017867	4.952378749000896	1.642829253100163	9.765760479361596	-0.1936625602231952	-4.468564700985716	4.920003476714489	1.510001067040423	0.1000000706649286	0.0005109992890970277	0.1056584461634128	0.1000000706649286	172.5001218970019	1.776821255588585	0.1000000706649286	91.18766443765244	0	0	0	3.14159	-2781.290891454129	1415.297231109924	0	1	1	1	1	2	2.085	2.4952	0.00775795	0.1172	1.10013787258126	-1.569751514270996	1.096864792079864	798953356.7082959	0	0	7978.295896489747	28265.69144901838	28267.47729265574	124.202393070522	63659878.57596757	0	0	0	0.0005109992890970277	0.1056584461634128	1.776821255588585	0.1000000706649286	1.510001067040423	172.5001218970019	0.1000000706649286	0.1000000706649286	4.920003476714489	91.18766443765244	91.18766443765244	80.38505680400287	80.38505680400287	124.202393070522	1	125.0901325921153	0	1	0	0	1	0	7978.295896489747	7978.295898888627	28267.47757408921	28265.69144944588	28269.23085516553	28267.47729265574	28265.69178993671	0.000473794438563466	0.0009312097739042447	-0.9999994541834446	-0.003273294889023031	0.9999942106252266	0.0009296540212882293	0.999994530514742	0.003272852637499415	0.0004768398197834071	1.10013787258126	-1.569751514270996	1.096864792079864	0.0005743707124154402	0.008672997757473147	0.990789478916634	0.0005743707124154402	0.0005743707124154402	0.02825903905083965	2.935028183188861e-06	0.0006068707411111021	0.01020553369234002	
129	61.84725501154843	246.2198247850778	2.71828	1.21358	1.16637e-05	0.2581069881028696	3.71839689095135	-0.132763631017867	4.952378749000896	1.642829253100163	9.765760479361596	-0.1936625602231952	-4.468564700985716	4.920003476714489	1.510001067040423	0.1000000706649286	0.0005109992890970277	0.1056584461634128	0.1000000706649286	172.5001218970019	1.776821255588585	0.1000000706649286	91.18766443765244	0	0	0	3.14159	-2781.290891454129	1415.297231109924	0	1	1	1	1	2	2.085	2.4952	0.00775795	0.1172	1.10013787258126	-1.569751514270996	1.096864792079864	798953356.7082959	0	0	7978.295896489747	28265.69144901838	28267.47729265574	124.202393070522	63659878.57596757	0	0	0	0.0005109992890970277	0.1056584461634128	1.776821255588585	0.1000000706649286	1.510001067040423	172.5001218970019	0.1000000706649286	0.1000000706649286	4.920003476714489	91.18766443765244	91.18766443765244	80.38505680400287	80.38505680400287	124.202393070522	1	125.0901325921153	0	1	0	0	1	0	7978.295896489747	7978.295898888627	28267.47757408921	28265.69144944588	28269.23085516553	28267.47729265574	28265.69178993671	0.000473794438563466	0.0009312097739042447	-0.9999994541834446	-0.003273294889023031	0.9999942106252266	0.0009296540212882293	0.999994530514742	0.003272852637499415	0.0004768398197834071	1.10013787258126	-1.569751514270996	1.096864792079864	0.0005743707124154402	0.008672997757473147	0.990789478916634	0.0005743707124154402	0.0005743707124154402	0.02825903905083965	2.935028183188861e-06	0.0006068707411111021	0.01020553369234002	
130	61.37150689607498	246.2198247850778	2.71828	1.21358	1.16637e-05	0.2581069881028696	3.71839689095135	-0.132763631017867	4.952378749000896	1.642829253100163	9.765760479361596	-0.1936625602231952	-4.468564700985716	4.920003476714489	1.510001067040423	0.1000000706649286	0.0005109992890970277	0.1056584461634128	0.1000000706649286	172.5001218970019	1.776821255588585	0.1000000706649286	91.18766443765244	0	0	0	3.14159	-2781.290891454129	1415.297231109924	0	1	1	1	1	2	2.085	2.4952	0.00775795	0.1172	1.10013787258126	-1.569751514270996	1.096864792079864	798953356.7082959	0	0	7978.295896489747	28265.69144901838	28267.47729265574	124.202393070522	63659878.57596757	0	0	0	0.0005109992890970277	0.1056584461634128	1.776821255588585	0.1000000706649286	1.510001067040423	172.5001218970019	0.1000000706649286	0.1000000706649286	4.920003476714489	91.18766443765244	91.18766443765244	80.38505680400287	80.38505680400287	124.202393070522	1	125.0901325921153	0	1	0	0	1	0	7978.295896489747	7978.295898888627	28267.47757408921	28265.69144944588	28269.23085516553	28267.47729265574	28265.69178993671	0.000473794438563466	0.0009312097739042447	-0.9999994541834446	-0.003273294889023031	0.9999942106252266	0.0009296540212882293	0.999994530514742	0.003272852637499415	0.0004768398197834071	1.10013787258126	-1.569751514270996	1.096864792079864	0.0005743707124154402	0.008672997757473147	0.990789478916634	0.0005743707124154402	0.0005743707124154402	0.02825903905083965	2.935028183188861e-06	0.0006068707411111021	0.01020553369234002	
131	60.90302211060876	246.2198247850778	2.71828	1.21358	1.16637e-05	0.2581069881028696	3.71839689095135	-0.132763631017867	4.952378749000896	1.642829253100163	9.765760479361596	-0.1936625602231952	-4.468564700985716	4.920003476714489	1.510001067040423	0.1000000706649286	0.0005109992890970277	0.1056584461634128	0.1000000706649286	172.5001218970019	1.776821255588585	0.1000000706649286	91.18766443765244	0	0	0	3.14159	-2781.290891454129	1415.297231109924	0	1	1	1	1	2	2.085	2.4952	0.00775795	0.1172	1.10013787258126	-1.569751514270996	1.096864792079864	798953356.7082959	0	0	7978.295896489747	28265.69144901838	28267.47729265574	124.202393070522	63659878.57596757	0	0	0	0.0005109992890970277	0.1056584461634128	1.776821255588585	0.1000000706649286	1.510001067040423	172.5001218970019	0.1000000706649286	0.1000000706649286	4.920003476714489	91.18766443765244	91.18766443765244	80.38505680400287	80.38505680400287	124.202393070522	1	125.0901325921153	0	1	0	0	1	0	7978.295896489747	7978.295898888627	28267.47757408921	28265.69144944588	28269.23085516553	28267.47729265574	28265.69178993671	0.000473794438563466	0.0009312097739042447	-0.9999994541834446	-0.003273294889023031	0.9999942106252266	0.0009296540212882293	0.999994530514742	0.003272852637499415	0.0004768398197834071	1.10013787258126	-1.569751514270996	1.096864792079864	0.0005743707124154402	0.008672997757473147	0.990789478916634	0.0005743707124154402	0.0005743707124154402	0.02825903905083965	2.935028183188861e-06	0.0006068707411111021	0.01020553369234002	
132	60.44163557946778	246.2198247850778	2.71828	1.21358	1.16637e-05	0.2581069881028696	3.71839689095135	-0.132763631017867	4.952378749000896	1.642829253100163	9.765760479361596	-0.1936625602231952	-4.468564700985716	4.920003476714489	1.510001067040423	0.1000000706649286	0.0005109992890970277	0.1056584461634128	0.1000000706649286	172.5001218970019	1.776821255588585	0.1000000706649286	91.18766443765244	0	0	0	3.14159	-2781.290891454129	1415.297231109924	0	1	1	1	1	2	2.085	2.4952	0.00775795	0.1172	1.10013787258126	-1.569751514270996	1.096864792079864	798953356.7082959	0	0	7978.295896489747	28265.69144901838	28267.47729265574	124.202393070522	63659878.57596757	0	0	0	0.0005109992890970277	0.1056584461634128	1.776821255588585	0.1000000706649286	1.510001067040423	172.5001218970019	0.1000000706649286	0.1000000706649286	4.920003476714489	91.18766443765244	91.18766443765244	80.38505680400287	80.38505680400287	124.202393070522	1	125.0901325921153	0	1	0	0	1	0	7978.295896489747	7978.295898888627	28267.47757408921	28265.69144944588	28269.23085516553	28267.47729265574	28265.69178993671	0.000473794438563466	0.0009312097739042447	-0.9999994541834446	-0.003273294889023031	0.9999942106252266	0.0009296540212882293	0.999994530514742	0.003272852637499415	0.0004768398197834071	1.10013787258126	-1.569751514270996	1.096864792079864	0.0005743707124154402	0.008672997757473147	0.990789478916634	0.0005743707124154402	0.0005743707124154402	0.02825903905083965	2.935028183188861e-06	0.0006068707411111021	0.01020553369234002	
133	59.98718719165223	246.2198247850778	2.71828	1.21358	1.16637e-05	0.2581069881028696	3.71839689095135	-0.132763631017867	4.952378749000896	1.642829253100163	9.765760479361596	-0.1936625602231952	-4.468564700985716	4.920003476714489	1.510001067040423	0.1000000706649286	0.0005109992890970277	0.1056584461634128	0.1000000706649286	172.5001218970019	1.776821255588585	0.1000000706649286	91.18766443765244	0	0	0	3.14159	-2781.290891454129	1415.297231109924	0	1	1	1	1	2	2.085	2.4952	0.00775795	0.1172	1.10013787258126	-1.569751514270996	1.096864792079864	798953356.7082959	0	0	7978.295896489747	28265.69144901838	28267.47729265574	124.202393070522	63659878.57596757	0	0	0	0.0005109992890970277	0.1056584461634128	1.776821255588585	0.1000000706649286	1.510001067040423	172.5001218970019	0.1000000706649286	0.1000000706649286	4.920003476714489	91.18766443765244	91.18766443765244	80.38505680400287	80.38505680400287	124.202393070522	1	125.0901325921153	0	1	0	0	1	0	7978.295896489747	7978.295898888627	28267.47757408921	28265.69144944588	28269.23085516553	28267.47729265574	28265.69178993671	0.000473794438563466	0.0009312097739042447	-0.9999994541834446	-0.003273294889023031	0.9999942106252266	0.0009296540212882293	0.999994530514742	0.003272852637499415	0.0004768398197834071	1.10013787258126	-1.569751514270996	1.096864792079864	0.0005743707124154402	0.008672997757473147	0.990789478916634	0.0005743707124154402	0.0005743707124154402	0.02825903905083965	2.935028183188861e-06	0.0006068707411111021	0.01020553369234002	
134	59.53952161559513	246.2198247850778	2.71828	1.21358	1.16637e-05	0.2581069881028696	3.71839689095135	-0.132763631017867	4.952378749000896	1.642829253100163	9.765760479361596	-0.1936625602231952	-4.468564700985716	4.920003476714489	1.510001067040423	0.1000000706649286	0.0005109992890970277	0.1056584461634128	0.1000000706649286	172.5001218970019	1.776821255588585	0.1000000706649286	91.18766443765244	0	0	0	3.14159	-2781.290891454129	1415.297231109924	0	1	1	1	1	2	2.085	2.4952	0.00775795	0.1172	1.10013787258126	-1.569751514270996	1.096864792079864	798953356.7082959	0	0	7978.295896489747	28265.69144901838	28267.47729265574	124.202393070522	63659878.57596757	0	0	0	0.0005109992890970277	0.1056584461634128	1.776821255588585	0.1000000706649286	1.510001067040423	172.5001218970019	0.1000000706649286	0.1000000706649286	4.920003476714489	91.18766443765244	91.18766443765244	80.38505680400287	80.38505680400287	124.202393070522	1	125.0901325921153	0	1	0	0	1	0	7978.295896489747	7978.295898888627	28267.47757408921	28265.69144944588	28269.23085516553	28267.47729265574	28265.69178993671	0.000473794438563466	0.0009312097739042447	-0.9999994541834446	-0.003273294889023031	0.9999942106252266	0.0009296540212882293	0.999994530514742	0.003272852637499415	0.0004768398197834071	1.10013787258126	-1.569751514270996	1.096864792079864	0.0005743707124154402	0.008672997757473147	0.990789478916634	0.0005743707124154402	0.0005743707124154402	0.02825903905083965	2.935028183188861e-06	0.0006068707411111021	0.01020553369234002	
135	59.09848812214627	246.2198247850778	2.71828	1.21358	1.16637e-05	0.2581069881028696	3.71839689095135	-0.132763631017867	4.952378749000896	1.642829253100163	9.765760479361596	-0.1936625602231952	-4.468564700985716	4.920003476714489	1.510001067040423	0.1000000706649286	0.0005109992890970277	0.1056584461634128	0.1000000706649286	172.5001218970019	1.776821255588585	0.1000000706649286	91.18766443765244	0	0	0	3.14159	-2781.290891454129	1415.297231109924	0	1	1	1	1	2	2.085	2.4952	0.00775795	0.1172	1.10013787258126	-1.569751514270996	1.096864792079864	798953356.7082959	0	0	7978.295896489747	28265.69144901838	28267.47729265574	124.202393070522	63659878.57596757	0	0	0	0.0005109992890970277	0.1056584461634128	1.776821255588585	0.1000000706649286	1.510001067040423	172.5001218970019	0.1000000706649286	0.1000000706649286	4.920003476714489	91.18766443765244	91.18766443765244	80.38505680400287	80.38505680400287	124.202393070522	1	125.0901325921153	0	1	0	0	1	0	7978.295896489747	7978.295898888627	28267.47757408921	28265.69144944588	28269.23085516553	28267.47729265574	28265.69178993671	0.000473794438563466	0.0009312097739042447	-0.9999994541834446	-0.003273294889023031	0.9999942106252266	0.0009296540212882293	0.999994530514742	0.003272852637499415	0.0004768398197834071	1.10013787258126	-1.569751514270996	1.096864792079864	0.0005743707124154402	0.008672997757473147	0.990789478916634	0.0005743707124154402	0.0005743707124154402	0.02825903905083965	2.935028183188861e-06	0.0006068707411111021	0.01020553369234002	
136	58.66394041536579	246.2198247850778	2.71828	1.21358	1.16637e-05	0.2581069881028696	3.71839689095135	-0.132763631017867	4.952378749000896	1.642829253100163	9.765760479361596	-0.1936625602231952	-4.468564700985716	4.920003476714489	1.510001067040423	0.1000000706649286	0.0005109992890970277	0.1056584461634128	0.1000000706649286	172.5001218970019	1.776821255588585	0.1000000706649286	91.18766443765244	0	0	0	3.14159	-2781.290891454129	1415.297231109924	0	1	1	1	1	2	2.085	2.4952	0.00775795	0.1172	1.10013787258126	-1.569751514270996	1.096864792079864	798953356.7082959	0	0	7978.295896489747	28265.69144901838	28267.47729265574	124.202393070522	63659878.57596757	0	0	0	0.0005109992890970277	0.1056584461634128	1.776821255588585	0.1000000706649286	1.510001067040423	172.5001218970019	0.1000000706649286	0.1000000706649286	4.920003476714489	91.18766443765244	91.18766443765244	80.38505680400287	80.38505680400287	124.202393070522	1	125.0901325921153	0	1	0	0	1	0	7978.295896489747	7978.295898888627	28267.47757408921	28265.69144944588	28269.23085516553	28267.47729265574	28265.69178993671	0.000473794438563466	0.0009312097739042447	-0.9999994541834446	-0.003273294889023031	0.9999942106252266	0.0009296540212882293	0.999994530514742	0.003272852637499415	0.0004768398197834071	1.10013787258126	-1.569751514270996	1.096864792079864	0.0005743707124154402	0.008672997757473147	0.990789478916634	0.0005743707124154402	0.0005743707124154402	0.02825903905083965	2.935028183188861e-06	0.0006068707411111021	0.01020553369234002	
137	58.23573647072808	246.2198247850778	2.71828	1.21358	1.16637e-05	0.2581069881028696	3.71839689095135	-0.132763631017867	4.952378749000896	1.642829253100163	9.765760479361596	-0.1936625602231952	-4.468564700985716	4.920003476714489	1.510001067040423	0.1000000706649286	0.0005109992890970277	0.1056584461634128	0.1000000706649286	172.5001218970019	1.776821255588585	0.1000000706649286	91.18766443765244	0	0	0	3.14159	-2781.290891454129	1415.297231109924	0	1	1	1	1	2	2.085	2.4952	0.00775795	0.1172	1.10013787258126	-1.569751514270996	1.096864792079864	798953356.7082959	0	0	7978.295896489747	28265.69144901838	28267.47729265574	124.202393070522	63659878.57596757	0	0	0	0.0005109992890970277	0.1056584461634128	1.776821255588585	0.1000000706649286	1.510001067040423	172.5001218970019	0.1000000706649286	0.1000000706649286	4.920003476714489	91.18766443765244	91.18766443765244	80.38505680400287	80.38505680400287	124.202393070522	1	125.0901325921153	0	1	0	0	1	0	7978.295896489747	7978.295898888627	28267.47757408921	28265.69144944588	28269.23085516553	28267.47729265574	28265.69178993671	0.000473794438563466	0.0009312097739042447	-0.9999994541834446	-0.003273294889023031	0.9999942106252266	0.0009296540212882293	0.999994530514742	0.003272852637499415	0.0004768398197834071	1.10013787258126	-1.569751514270996	1.096864792079864	0.0005743707124154402	0.008672997757473147	0.990789478916634	0.0005743707124154402	0.0005743707124154402	0.02825903905083965	2.935028183188861e-06	0.0006068707411111021	0.01020553369234002	
138	57.81373838036048	246.2198247850778	2.71828	1.21358	1.16637e-05	0.2581069881028696	3.71839689095135	-0.132763631017867	4.952378749000896	1.642829253100163	9.765760479361596	-0.1936625602231952	-4.468564700985716	4.920003476714489	1.510001067040423	0.1000000706649286	0.0005109992890970277	0.1056584461634128	0.1000000706649286	172.5001218970019	1.776821255588585	0.1000000706649286	91.18766443765244	0	0	0	3.14159	-2781.290891454129	1415.297231109924	0	1	1	1	1	2	2.085	2.4952	0.00775795	0.1172	1.10013787258126	-1.569751514270996	1.096864792079864	798953356.7082959	0	0	7978.295896489747	28265.69144901838	28267.47729265574	124.202393070522	63659878.57596757	0	0	0	0.0005109992890970277	0.1056584461634128	1.776821255588585	0.1000000706649286	1.510001067040423	172.5001218970019	0.1000000706649286	0.1000000706649286	4.920003476714489	91.18766443765244	91.18766443765244	80.38505680400287	80.38505680400287	124.202393070522	1	125.0901325921153	0	1	0	0	1	0	7978.295896489747	7978.295898888627	28267.47757408921	28265.69144944588	28269.23085516553	28267.47729265574	28265.69178993671	0.000473794438563466	0.0009312097739042447	-0.9999994541834446	-0.003273294889023031	0.9999942106252266	0.0009296540212882293	0.999994530514742	0.003272852637499415	0.0004768398197834071	1.10013787258126	-1.569751514270996	1.096864792079864	0.0005743707124154402	0.008672997757473147	0.990789478916634	0.0005743707124154402	0.0005743707124154402	0.02825903905083965	2.935028183188861e-06	0.0006068707411111021	0.01020553369234002	
139	57.39781220496221	246.2198247850778	2.71828	1.21358	1.16637e-05	0.2581069881028696	3.71839689095135	-0.132763631017867	4.952378749000896	1.642829253100163	9.765760479361596	-0.1936625602231952	-4.468564700985716	4.920003476714489	1.510001067040423	0.1000000706649286	0.0005109992890970277	0.1056584461634128	0.1000000706649286	172.5001218970019	1.776821255588585	0.1000000706649286	91.18766443765244	0	0	0	3.14159	-2781.290891454129	1415.297231109924	0	1	1	1	1	2	2.085	2.4952	0.00775795	0.1172	1.10013787258126	-1.569751514270996	1.096864792079864	798953356.7082959	0	0	7978.295896489747	28265.69144901838	28267.47729265574	124.202393070522	63659878.57596757	0	0	0	0.0005109992890970277	0.1056584461634128	1.776821255588585	0.1000000706649286	1.510001067040423	172.5001218970019	0.1000000706649286	0.1000000706649286	4.920003476714489	91.18766443765244	91.18766443765244	80.38505680400287	80.38505680400287	124.202393070522	1	125.0901325921153	0	1	0	0	1	0	7978.295896489747	7978.295898888627	28267.47757408921	28265.69144944588	28269.23085516553	28267.47729265574	28265.69178993671	0.000473794438563466	0.0009312097739042447	-0.9999994541834446	-0.003273294889023031	0.9999942106252266	0.0009296540212882293	0.999994530514742	0.003272852637499415	0.0004768398197834071	1.10013787258126	-1.569751514270996	1.096864792079864	0.0005743707124154402	0.008672997757473147	0.990789478916634	0.0005743707124154402	0.0005743707124154402	0.02825903905083965	2.935028183188861e-06	0.0006068707411111021	0.01020553369234002	
140	56.98782783206962	246.2198247850778	2.71828	1.21358	1.16637e-05	0.2581069881028696	3.71839689095135	-0.132763631017867	4.952378749000896	1.642829253100163	9.765760479361596	-0.1936625602231952	-4.468564700985716	4.920003476714489	1.510001067040423	0.1000000706649286	0.0005109992890970277	0.1056584461634128	0.1000000706649286	172.5001218970019	1.776821255588585	0.1000000706649286	91.18766443765244	0	0	0	3.14159	-2781.290891454129	1415.297231109924	0	1	1	1	1	2	2.085	2.4952	0.00775795	0.1172	1.10013787258126	-1.569751514270996	1.096864792079864	798953356.7082959	0	0	7978.295896489747	28265.69144901838	28267.47729265574	124.202393070522	63659878.57596757	0	0	0	0.0005109992890970277	0.1056584461634128	1.776821255588585	0.1000000706649286	1.510001067040423	172.5001218970019	0.1000000706649286	0.1000000706649286	4.920003476714489	91.18766443765244	91.18766443765244	80.38505680400287	80.38505680400287	124.202393070522	1	125.0901325921153	0	1	0	0	1	0	7978.295896489747	7978.295898888627	28267.47757408921	28265.69144944588	28269.23085516553	28267.47729265574	28265.69178993671	0.000473794438563466	0.0009312097739042447	-0.9999994541834446	-0.003273294889023031	0.9999942106252266	0.0009296540212882293	0.999994530514742	0.003272852637499415	0.0004768398197834071	1.10013787258126	-1.569751514270996	1.096864792079864	0.0005743707124154402	0.008672997757473147	0.990789478916634	0.0005743707124154402	0.0005743707124154402	0.02825903905083965	2.935028183188861e-06	0.0006068707411111021	0.01020553369234002	
141	56.58365884035282	246.2198247850778	2.71828	1.21358	1.16637e-05	0.2581069881028696	3.71839689095135	-0.132763631017867	4.952378749000896	1.642829253100163	9.765760479361596	-0.1936625602231952	-4.468564700985716	4.920003476714489	1.510001067040423	0.1000000706649286	0.0005109992890970277	0.1056584461634128	0.1000000706649286	172.5001218970019	1.776821255588585	0.1000000706649286	91.18766443765244	0	0	0	3.14159	-2781.290891454129	1415.297231109924	0	1	1	1	1	2	2.085	2.4952	0.00775795	0.1172	1.10013787258126	-1.569751514270996	1.096864792079864	798953356.7082959	0	0	7978.295896489747	28265.69144901838	28267.47729265574	124.202393070522	63659878.57596757	0	0	0	0.0005109992890970277	0.1056584461634128	1.776821255588585	0.1000000706649286	1.510001067040423	172.5001218970019	0.1000000706649286	0.1000000706649286	4.920003476714489	91.18766443765244	91.18766443765244	80.38505680400287	80.38505680400287	124.202393070522	1	125.0901325921153	0	1	0	0	1	0	7978.295896489747	7978.295898888627	28267.47757408921	28265.69144944588	28269.23085516553	28267.47729265574	28265.69178993671	0.000473794438563466	0.0009312097739042447	-0.9999994541834446	-0.003273294889023031	0.9999942106252266	0.0009296540212882293	0.999994530514742	0.003272852637499415	0.0004768398197834071	1.10013787258126	-1.569751514270996	1.096864792079864	0.0005743707124154402	0.008672997757473147	0.990789478916634	0.0005743707124154402	0.0005743707124154402	0.02825903905083965	2.935028183188861e-06	0.0006068707411111021	0.01020553369234002	
142	56.18518236964611	246.2198247850778	2.71828	1.21358	1.16637e-05	0.2581069881028696	3.71839689095135	-0.132763631017867	4.952378749000896	1.642829253100163	9.765760479361596	-0.1936625602231952	-4.468564700985716	4.920003476714489	1.510001067040423	0.1000000706649286	0.0005109992890970277	0.1056584461634128	0.1000000706649286	172.5001218970019	1.776821255588585	0.1000000706649286	91.18766443765244	0	0	0	3.14159	-2781.290891454129	1415.297231109924	0	1	1	1	1	2	2.085	2.4952	0.00775795	0.1172	1.10013787258126	-1.569751514270996	1.096864792079864	798953356.7082959	0	0	7978.295896489747	28265.69144901838	28267.47729265574	124.202393070522	63659878.57596757	0	0	0	0.0005109992890970277	0.1056584461634128	1.776821255588585	0.1000000706649286	1.510001067040423	172.5001218970019	0.1000000706649286	0.1000000706649286	4.920003476714489	91.18766443765244	91.18766443765244	80.38505680400287	80.38505680400287	124.202393070522	1	125.0901325921153	0	1	0	0	1	0	7978.295896489747	7978.295898888627	28267.47757408921	28265.69144944588	28269.23085516553	28267.47729265574	28265.69178993671	0.000473794438563466	0.0009312097739042447	-0.9999994541834446	-0.003273294889023031	0.9999942106252266	0.0009296540212882293	0.999994530514742	0.003272852637499415	0.0004768398197834071	1.10013787258126	-1.569751514270996	1.096864792079864	0.0005743707124154402	0.008672997757473147	0.990789478916634	0.0005743707124154402	0.0005743707124154402	0.02825903905083965	2.935028183188861e-06	0.0006068707411111021	0.01020553369234002	
143	55.7922789964318	246.2198247850778	2.71828	1.21358	1.16637e-05	0.2581069881028696	3.71839689095135	-0.132763631017867	4.952378749000896	1.642829253100163	9.765760479361596	-0.1936625602231952	-4.468564700985716	4.920003476714489	1.510001067040423	0.1000000706649286	0.0005109992890970277	0.1056584461634128	0.1000000706649286	172.5001218970019	1.776821255588585	0.1000000706649286	91.18766443765244	0	0	0	3.14159	-2781.290891454129	1415.297231109924	0	1	1	1	1	2	2.085	2.4952	0.00775795	0.1172	1.10013787258126	-1.569751514270996	1.096864792079864	798953356.7082959	0	0	7978.295896489747	28265.69144901838	28267.47729265574	124.202393070522	63659878.57596757	0	0	0	0.0005109992890970277	0.1056584461634128	1.776821255588585	0.1000000706649286	1.510001067040423	172.5001218970019	0.1000000706649286	0.1000000706649286	4.920003476714489	91.18766443765244	91.18766443765244	80.38505680400287	80.38505680400287	124.202393070522	1	125.0901325921153	0	1	0	0	1	0	7978.295896489747	7978.295898888627	28267.47757408921	28265.69144944588	28269.23085516553	28267.47729265574	28265.69178993671	0.000473794438563466	0.0009312097739042447	-0.9999994541834446	-0.003273294889023031	0.9999942106252266	0.0009296540212882293	0.999994530514742	0.003272852637499415	0.0004768398197834071	1.10013787258126	-1.569751514270996	1.096864792079864	0.0005743707124154402	0.008672997757473147	0.990789478916634	0.0005743707124154402	0.0005743707124154402	0.02825903905083965	2.935028183188861e-06	0.0006068707411111021	0.01020553369234002	
144	55.40483261451213	246.2198247850778	2.71828	1.21358	1.16637e-05	0.2581069881028696	3.71839689095135	-0.132763631017867	4.952378749000896	1.642829253100163	9.765760479361596	-0.1936625602231952	-4.468564700985716	4.920003476714489	1.510001067040423	0.1000000706649286	0.0005109992890970277	0.1056584461634128	0.1000000706649286	172.5001218970019	1.776821255588585	0.1000000706649286	91.18766443765244	0	0	0	3.14159	-2781.290891454129	1415.297231109924	0	1	1	1	1	2	2.085	2.4952	0.00775795	0.1172	1.10013787258126	-1.569751514270996	1.096864792079864	798953356.7082959	0	0	7978.295896489747	28265.69144901838	28267.47729265574	124.202393070522	63659878.57596757	0	0	0	0.0005109992890970277	0.1056584461634128	1.776821255588585	0.1000000706649286	1.510001067040423	172.5001218970019	0.1000000706649286	0.1000000706649286	4.920003476714489	91.18766443765244	91.18766443765244	80.38505680400287	80.38505680400287	124.202393070522	1	125.0901325921153	0	1	0	0	1	0	7978.295896489747	7978.295898888627	28267.47757408921	28265.69144944588	28269.23085516553	28267.47729265574	28265.69178993671	0.000473794438563466	0.0009312097739042447	-0.9999994541834446	-0.003273294889023031	0.9999942106252266	0.0009296540212882293	0.999994530514742	0.003272852637499415	0.0004768398197834071	1.10013787258126	-1.569751514270996	1.096864792079864	0.0005743707124154402	0.008672997757473147	0.990789478916634	0.0005743707124154402	0.0005743707124154402	0.02825903905083965	2.935028183188861e-06	0.0006068707411111021	0.01020553369234002	
145	55.02273032061895	246.2198247850778	2.71828	1.21358	1.16637e-05	0.2581069881028696	3.71839689095135	-0.132763631017867	4.952378749000896	1.642829253100163	9.765760479361596	-0.1936625602231952	-4.468564700985716	4.920003476714489	1.510001067040423	0.1000000706649286	0.0005109992890970277	0.1056584461634128	0.1000000706649286	172.5001218970019	1.776821255588585	0.1000000706649286	91.18766443765244	0	0	0	3.14159	-2781.290891454129	1415.297231109924	0	1	1	1	1	2	2.085	2.4952	0.00775795	0.1172	1.10013787258126	-1.569751514270996	1.096864792079864	798953356.7082959	0	0	7978.295896489747	28265.69144901838	28267.47729265574	124.202393070522	63659878.57596757	0	0	0	0.0005109992890970277	0.1056584461634128	1.776821255588585	0.1000000706649286	1.510001067040423	172.5001218970019	0.1000000706649286	0.1000000706649286	4.920003476714489	91.18766443765244	91.18766443765244	80.38505680400287	80.38505680400287	124.202393070522	1	125.0901325921153	0	1	0	0	1	0	7978.295896489747	7978.295898888627	28267.47757408921	28265.69144944588	28269.23085516553	28267.47729265574	28265.69178993671	0.000473794438563466	0.0009312097739042447	-0.9999994541834446	-0.003273294889023031	0.9999942106252266	0.0009296540212882293	0.999994530514742	0.003272852637499415	0.0004768398197834071	1.10013787258126	-1.569751514270996	1.096864792079864	0.0005743707124154402	0.008672997757473147	0.990789478916634	0.0005743707124154402	0.0005743707124154402	0.02825903905083965	2.935028183188861e-06	0.0006068707411111021	0.01020553369234002	
146	54.6458623047243	246.2198247850778	2.71828	1.21358	1.16637e-05	0.2581069881028696	3.71839689095135	-0.132763631017867	4.952378749000896	1.642829253100163	9.765760479361596	-0.1936625602231952	-4.468564700985716	4.920003476714489	1.510001067040423	0.1000000706649286	0.0005109992890970277	0.1056584461634128	0.1000000706649286	172.5001218970019	1.776821255588585	0.1000000706649286	91.18766443765244	0	0	0	3.14159	-2781.290891454129	1415.297231109924	0	1	1	1	1	2	2.085	2.4952	0.00775795	0.1172	1.10013787258126	-1.569751514270996	1.096864792079864	798953356.7082959	0	0	7978.295896489747	28265.69144901838	28267.47729265574	124.202393070522	63659878.57596757	0	0	0	0.0005109992890970277	0.1056584461634128	1.776821255588585	0.1000000706649286	1.510001067040423	172.5001218970019	0.1000000706649286	0.1000000706649286	4.920003476714489	91.18766443765244	91.18766443765244	80.38505680400287	80.38505680400287	124.202393070522	1	125.0901325921153	0	1	0	0	1	0	7978.295896489747	7978.295898888627	28267.47757408921	28265.69144944588	28269.23085516553	28267.47729265574	28265.69178993671	0.000473794438563466	0.0009312097739042447	-0.9999994541834446	-0.003273294889023031	0.9999942106252266	0.0009296540212882293	0.999994530514742	0.003272852637499415	0.0004768398197834071	1.10013787258126	-1.569751514270996	1.096864792079864	0.0005743707124154402	0.008672997757473147	0.990789478916634	0.0005743707124154402	0.0005743707124154402	0.02825903905083965	2.935028183188861e-06	0.0006068707411111021	0.01020553369234002	
147	54.27412174482821	246.2198247850778	2.71828	1.21358	1.16637e-05	0.2581069881028696	3.71839689095135	-0.132763631017867	4.952378749000896	1.642829253100163	9.765760479361596	-0.1936625602231952	-4.468564700985716	4.920003476714489	1.510001067040423	0.1000000706649286	0.0005109992890970277	0.1056584461634128	0.1000000706649286	172.5001218970019	1.776821255588585	0.1000000706649286	91.18766443765244	0	0	0	3.14159	-2781.290891454129	1415.297231109924	0	1	1	1	1	2	2.085	2.4952	0.00775795	0.1172	1.10013787258126	-1.569751514270996	1.096864792079864	798953356.7082959	0	0	7978.295896489747	28265.69144901838	28267.47729265574	124.202393070522	63659878.57596757	0	0	0	0.0005109992890970277	0.1056584461634128	1.776821255588585	0.1000000706649286	1.510001067040423	172.5001218970019	0.1000000706649286	0.1000000706649286	4.920003476714489	91.18766443765244	91.18766443765244	80.38505680400287	80.38505680400287	124.202393070522	1	125.0901325921153	0	1	0	0	1	0	7978.295896489747	7978.295898888627	28267.47757408921	28265.69144944588	28269.23085516553	28267.47729265574	28265.69178993671	0.000473794438563466	0.0009312097739042447	-0.9999994541834446	-0.003273294889023031	0.9999942106252266	0.0009296540212882293	0.999994530514742	0.003272852637499415	0.0004768398197834071	1.10013787258126	-1.569751514270996	1.096864792079864	0.0005743707124154402	0.008672997757473147	0.990789478916634	0.0005743707124154402	0.0005743707124154402	0.02825903905083965	2.935028183188861e-06	0.0006068707411111021	0.01020553369234002	
148	53.9074047060118	246.2198247850778	2.71828	1.21358	1.16637e-05	0.2581069881028696	3.71839689095135	-0.132763631017867	4.952378749000896	1.642829253100163	9.765760479361596	-0.1936625602231952	-4.468564700985716	4.920003476714489	1.510001067040423	0.1000000706649286	0.0005109992890970277	0.1056584461634128	0.1000000706649286	172.5001218970019	1.776821255588585	0.1000000706649286	91.18766443765244	0	0	0	3.14159	-2781.290891454129	1415.297231109924	0	1	1	1	1	2	2.085	2.4952	0.00775795	0.1172	1.10013787258126	-1.569751514270996	1.096864792079864	798953356.7082959	0	0	7978.295896489747	28265.69144901838	28267.47729265574	124.202393070522	63659878.57596757	0	0	0	0.0005109992890970277	0.1056584461634128	1.776821255588585	0.1000000706649286	1.510001067040423	172.5001218970019	0.1000000706649286	0.1000000706649286	4.920003476714489	91.18766443765244	91.18766443765244	80.38505680400287	80.38505680400287	124.202393070522	1	125.0901325921153	0	1	0	0	1	0	7978.295896489747	7978.295898888627	28267.47757408921	28265.69144944588	28269.23085516553	28267.47729265574	28265.69178993671	0.000473794438563466	0.0009312097739042447	-0.9999994541834446	-0.003273294889023031	0.9999942106252266	0.0009296540212882293	0.999994530514742	0.003272852637499415	0.0004768398197834071	1.10013787258126	-1.569751514270996	1.096864792079864	0.0005743707124154402	0.008672997757473147	0.990789478916634	0.0005743707124154402	0.0005743707124154402	0.02825903905083965	2.935028183188861e-06	0.0006068707411111021	0.01020553369234002	
149	53.54561004355535	246.2198247850778	2.71828	1.21358	1.16637e-05	0.2581069881028696	3.71839689095135	-0.132763631017867	4.952378749000896	1.642829253100163	9.765760479361596	-0.1936625602231952	-4.468564700985716	4.920003476714489	1.510001067040423	0.1000000706649286	0.0005109992890970277	0.1056584461634128	0.1000000706649286	172.5001218970019	1.776821255588585	0.1000000706649286	91.18766443765244	0	0	0	3.14159	-2781.290891454129	1415.297231109924	0	1	1	1	1	2	2.085	2.4952	0.00775795	0.1172	1.10013787258126	-1.569751514270996	1.096864792079864	798953356.7082959	0	0	7978.295896489747	28265.69144901838	28267.47729265574	124.202393070522	63659878.57596757	0	0	0	0.0005109992890970277	0.1056584461634128	1.776821255588585	0.1000000706649286	1.510001067040423	172.5001218970019	0.1000000706649286	0.1000000706649286	4.920003476714489	91.18766443765244	91.18766443765244	80.38505680400287	80.38505680400287	124.202393070522	1	125.0901325921153	0	1	0	0	1	0	7978.295896489747	7978.295898888627	28267.47757408921	28265.69144944588	28269.23085516553	28267.47729265574	28265.69178993671	0.000473794438563466	0.0009312097739042447	-0.9999994541834446	-0.003273294889023031	0.9999942106252266	0.0009296540212882293	0.999994530514742	0.003272852637499415	0.0004768398197834071	1.10013787258126	-1.569751514270996	1.096864792079864	0.0005743707124154402	0.008672997757473147	0.990789478916634	0.0005743707124154402	0.0005743707124154402	0.02825903905083965	2.935028183188861e-06	0.0006068707411111021	0.01020553369234002	
150	53.18863930993165	246.2198247850778	2.71828	1.21358	1.16637e-05	0.2581069881028696	3.71839689095135	-0.132763631017867	4.952378749000896	1.642829253100163	9.765760479361596	-0.1936625602231952	-4.468564700985716	4.920003476714489	1.510001067040423	0.1000000706649286	0.0005109992890970277	0.1056584461634128	0.1000000706649286	172.5001218970019	1.776821255588585	0.1000000706649286	91.18766443765244	0	0	0	3.14159	-2781.290891454129	1415.297231109924	0	1	1	1	1	2	2.085	2.4952	0.00775795	0.1172	1.10013787258126	-1.569751514270996	1.096864792079864	798953356.7082959	0	0	7978.295896489747	28265.69144901838	28267.47729265574	124.202393070522	63659878.57596757	0	0	0	0.0005109992890970277	0.1056584461634128	1.776821255588585	0.1000000706649286	1.510001067040423	172.5001218970019	0.1000000706649286	0.1000000706649286	4.920003476714489	91.18766443765244	91.18766443765244	80.38505680400287	80.38505680400287	124.202393070522	1	125.0901325921153	0	1	0	0	1	0	7978.295896489747	7978.295898888627	28267.47757408921	28265.69144944588	28269.23085516553	28267.47729265574	28265.69178993671	0.000473794438563466	0.0009312097739042447	-0.9999994541834446	-0.003273294889023031	0.9999942106252266	0.0009296540212882293	0.999994530514742	0.003272852637499415	0.0004768398197834071	1.10013787258126	-1.569751514270996	1.096864792079864	0.0005743707124154402	0.008672997757473147	0.990789478916634	0.0005743707124154402	0.0005743707124154402	0.02825903905083965	2.935028183188861e-06	0.0006068707411111021	0.01020553369234002	
151	52.83639666549502	246.2198247850778	2.71828	1.21358	1.16637e-05	0.2581069881028696	3.71839689095135	-0.132763631017867	4.952378749000896	1.642829253100163	9.765760479361596	-0.1936625602231952	-4.468564700985716	4.920003476714489	1.510001067040423	0.1000000706649286	0.0005109992890970277	0.1056584461634128	0.1000000706649286	172.5001218970019	1.776821255588585	0.1000000706649286	91.18766443765244	0	0	0	3.14159	-2781.290891454129	1415.297231109924	0	1	1	1	1	2	2.085	2.4952	0.00775795	0.1172	1.10013787258126	-1.569751514270996	1.096864792079864	798953356.7082959	0	0	7978.295896489747	28265.69144901838	28267.47729265574	124.202393070522	63659878.57596757	0	0	0	0.0005109992890970277	0.1056584461634128	1.776821255588585	0.1000000706649286	1.510001067040423	172.5001218970019	0.1000000706649286	0.1000000706649286	4.920003476714489	91.18766443765244	91.18766443765244	80.38505680400287	80.38505680400287	124.202393070522	1	125.0901325921153	0	1	0	0	1	0	7978.295896489747	7978.295898888627	28267.47757408921	28265.69144944588	28269.23085516553	28267.47729265574	28265.69178993671	0.000473794438563466	0.0009312097739042447	-0.9999994541834446	-0.003273294889023031	0.9999942106252266	0.0009296540212882293	0.999994530514742	0.003272852637499415	0.0004768398197834071	1.10013787258126	-1.569751514270996	1.096864792079864	0.0005743707124154402	0.008672997757473147	0.990789478916634	0.0005743707124154402	0.0005743707124154402	0.02825903905083965	2.935028183188861e-06	0.0006068707411111021	0.01020553369234002	
152	52.48878879269571	246.2198247850778	2.71828	1.21358	1.16637e-05	0.2581069881028696	3.71839689095135	-0.132763631017867	4.952378749000896	1.642829253100163	9.765760479361596	-0.1936625602231952	-4.468564700985716	4.920003476714489	1.510001067040423	0.1000000706649286	0.0005109992890970277	0.1056584461634128	0.1000000706649286	172.5001218970019	1.776821255588585	0.1000000706649286	91.18766443765244	0	0	0	3.14159	-2781.290891454129	1415.297231109924	0	1	1	1	1	2	2.085	2.4952	0.00775795	0.1172	1.10013787258126	-1.569751514270996	1.096864792079864	798953356.7082959	0	0	7978.295896489747	28265.69144901838	28267.47729265574	124.202393070522	63659878.57596757	0	0	0	0.0005109992890970277	0.1056584461634128	1.776821255588585	0.1000000706649286	1.510001067040423	172.5001218970019	0.1000000706649286	0.1000000706649286	4.920003476714489	91.18766443765244	91.18766443765244	80.38505680400287	80.38505680400287	124.202393070522	1	125.0901325921153	0	1	0	0	1	0	7978.295896489747	7978.295898888627	28267.47757408921	28265.69144944588	28269.23085516553	28267.47729265574	28265.69178993671	0.000473794438563466	0.0009312097739042447	-0.9999994541834446	-0.003273294889023031	0.9999942106252266	0.0009296540212882293	0.999994530514742	0.003272852637499415	0.0004768398197834071	1.10013787258126	-1.569751514270996	1.096864792079864	0.0005743707124154402	0.008672997757473147	0.990789478916634	0.0005743707124154402	0.0005743707124154402	0.02825903905083965	2.935028183188861e-06	0.0006068707411111021	0.01020553369234002	
153	52.14572481365848	246.2198247850778	2.71828	1.21358	1.16637e-05	0.2581069881028696	3.71839689095135	-0.132763631017867	4.952378749000896	1.642829253100163	9.765760479361596	-0.1936625602231952	-4.468564700985716	4.920003476714489	1.510001067040423	0.1000000706649286	0.0005109992890970277	0.1056584461634128	0.1000000706649286	172.5001218970019	1.776821255588585	0.1000000706649286	91.18766443765244	0	0	0	3.14159	-2781.290891454129	1415.297231109924	0	1	1	1	1	2	2.085	2.4952	0.00775795	0.1172	1.10013787258126	-1.569751514270996	1.096864792079864	798953356.7082959	0	0	7978.295896489747	28265.69144901838	28267.47729265574	124.202393070522	63659878.57596757	0	0	0	0.0005109992890970277	0.1056584461634128	1.776821255588585	0.1000000706649286	1.510001067040423	172.5001218970019	0.1000000706649286	0.1000000706649286	4.920003476714489	91.18766443765244	91.18766443765244	80.38505680400287	80.38505680400287	124.202393070522	1	125.0901325921153	0	1	0	0	1	0	7978.295896489747	7978.295898888627	28267.47757408921	28265.69144944588	28269.23085516553	28267.47729265574	28265.69178993671	0.000473794438563466	0.0009312097739042447	-0.9999994541834446	-0.003273294889023031	0.9999942106252266	0.0009296540212882293	0.999994530514742	0.003272852637499415	0.0004768398197834071	1.10013787258126	-1.569751514270996	1.096864792079864	0.0005743707124154402	0.008672997757473147	0.990789478916634	0.0005743707124154402	0.0005743707124154402	0.02825903905083965	2.935028183188861e-06	0.0006068707411111021	0.01020553369234002	
154	51.80711621097238	246.2198247850778	2.71828	1.21358	1.16637e-05	0.2581069881028696	3.71839689095135	-0.132763631017867	4.952378749000896	1.642829253100163	9.765760479361596	-0.1936625602231952	-4.468564700985716	4.920003476714489	1.510001067040423	0.1000000706649286	0.0005109992890970277	0.1056584461634128	0.1000000706649286	172.5001218970019	1.776821255588585	0.1000000706649286	91.18766443765244	0	0	0	3.14159	-2781.290891454129	1415.297231109924	0	1	1	1	1	2	2.085	2.4952	0.00775795	0.1172	1.10013787258126	-1.569751514270996	1.096864792079864	798953356.7082959	0	0	7978.295896489747	28265.69144901838	28267.47729265574	124.202393070522	63659878.57596757	0	0	0	0.0005109992890970277	0.1056584461634128	1.776821255588585	0.1000000706649286	1.510001067040423	172.5001218970019	0.1000000706649286	0.1000000706649286	4.920003476714489	91.18766443765244	91.18766443765244	80.38505680400287	80.38505680400287	124.202393070522	1	125.0901325921153	0	1	0	0	1	0	7978.295896489747	7978.295898888627	28267.47757408921	28265.69144944588	28269.23085516553	28267.47729265574	28265.69178993671	0.000473794438563466	0.0009312097739042447	-0.9999994541834446	-0.003273294889023031	0.9999942106252266	0.0009296540212882293	0.999994530514742	0.003272852637499415	0.0004768398197834071	1.10013787258126	-1.569751514270996	1.096864792079864	0.0005743707124154402	0.008672997757473147	0.990789478916634	0.0005743707124154402	0.0005743707124154402	0.02825903905083965	2.935028183188861e-06	0.0006068707411111021	0.01020553369234002	
155	51.47287675154676	246.2198247850778	2.71828	1.21358	1.16637e-05	0.2581069881028696	3.71839689095135	-0.132763631017867	4.952378749000896	1.642829253100163	9.765760479361596	-0.1936625602231952	-4.468564700985716	4.920003476714489	1.510001067040423	0.1000000706649286	0.0005109992890970277	0.1056584461634128	0.1000000706649286	172.5001218970019	1.776821255588585	0.1000000706649286	91.18766443765244	0	0	0	3.14159	-2781.290891454129	1415.297231109924	0	1	1	1	1	2	2.085	2.4952	0.00775795	0.1172	1.10013787258126	-1.569751514270996	1.096864792079864	798953356.7082959	0	0	7978.295896489747	28265.69144901838	28267.47729265574	124.202393070522	63659878.57596757	0	0	0	0.0005109992890970277	0.1056584461634128	1.776821255588585	0.1000000706649286	1.510001067040423	172.5001218970019	0.1000000706649286	0.1000000706649286	4.920003476714489	91.18766443765244	91.18766443765244	80.38505680400287	80.38505680400287	124.202393070522	1	125.0901325921153	0	1	0	0	1	0	7978.295896489747	7978.295898888627	28267.47757408921	28265.69144944588	28269.23085516553	28267.47729265574	28265.69178993671	0.000473794438563466	0.0009312097739042447	-0.9999994541834446	-0.003273294889023031	0.9999942106252266	0.0009296540212882293	0.999994530514742	0.003272852637499415	0.0004768398197834071	1.10013787258126	-1.569751514270996	1.096864792079864	0.0005743707124154402	0.008672997757473147	0.990789478916634	0.0005743707124154402	0.0005743707124154402	0.02825903905083965	2.935028183188861e-06	0.0006068707411111021	0.01020553369234002	
156	51.14292241339582	246.2198247850778	2.71828	1.21358	1.16637e-05	0.2581069881028696	3.71839689095135	-0.132763631017867	4.952378749000896	1.642829253100163	9.765760479361596	-0.1936625602231952	-4.468564700985716	4.920003476714489	1.510001067040423	0.1000000706649286	0.0005109992890970277	0.1056584461634128	0.1000000706649286	172.5001218970019	1.776821255588585	0.1000000706649286	91.18766443765244	0	0	0	3.14159	-2781.290891454129	1415.297231109924	0	1	1	1	1	2	2.085	2.4952	0.00775795	0.1172	1.10013787258126	-1.569751514270996	1.096864792079864	798953356.7082959	0	0	7978.295896489747	28265.69144901838	28267.47729265574	124.202393070522	63659878.57596757	0	0	0	0.0005109992890970277	0.1056584461634128	1.776821255588585	0.1000000706649286	1.510001067040423	172.5001218970019	0.1000000706649286	0.1000000706649286	4.920003476714489	91.18766443765244	91.18766443765244	80.38505680400287	80.38505680400287	124.202393070522	1	125.0901325921153	0	1	0	0	1	0	7978.295896489747	7978.295898888627	28267.47757408921	28265.69144944588	28269.23085516553	28267.47729265574	28265.69178993671	0.000473794438563466	0.0009312097739042447	-0.9999994541834446	-0.003273294889023031	0.9999942106252266	0.0009296540212882293	0.999994530514742	0.003272852637499415	0.0004768398197834071	1.10013787258126	-1.569751514270996	1.096864792079864	0.0005743707124154402	0.008672997757473147	0.990789478916634	0.0005743707124154402	0.0005743707124154402	0.02825903905083965	2.935028183188861e-06	0.0006068707411111021	0.01020553369234002	
157	50.81717131522132	246.2198247850778	2.71828	1.21358	1.16637e-05	0.2581069881028696	3.71839689095135	-0.132763631017867	4.952378749000896	1.642829253100163	9.765760479361596	-0.1936625602231952	-4.468564700985716	4.920003476714489	1.510001067040423	0.1000000706649286	0.0005109992890970277	0.1056584461634128	0.1000000706649286	172.5001218970019	1.776821255588585	0.1000000706649286	91.18766443765244	0	0	0	3.14159	-2781.290891454129	1415.297231109924	0	1	1	1	1	2	2.085	2.4952	0.00775795	0.1172	1.10013787258126	-1.569751514270996	1.096864792079864	798953356.7082959	0	0	7978.295896489747	28265.69144901838	28267.47729265574	124.202393070522	63659878.57596757	0	0	0	0.0005109992890970277	0.1056584461634128	1.776821255588585	0.1000000706649286	1.510001067040423	172.5001218970019	0.1000000706649286	0.1000000706649286	4.920003476714489	91.18766443765244	91.18766443765244	80.38505680400287	80.38505680400287	124.202393070522	1	125.0901325921153	0	1	0	0	1	0	7978.295896489747	7978.295898888627	28267.47757408921	28265.69144944588	28269.23085516553	28267.47729265574	28265.69178993671	0.000473794438563466	0.0009312097739042447	-0.9999994541834446	-0.003273294889023031	0.9999942106252266	0.0009296540212882293	0.999994530514742	0.003272852637499415	0.0004768398197834071	1.10013787258126	-1.569751514270996	1.096864792079864	0.0005743707124154402	0.008672997757473147	0.990789478916634	0.0005743707124154402	0.0005743707124154402	0.02825903905083965	2.935028183188861e-06	0.0006068707411111021	0.01020553369234002	
158	50.49554364866928	246.2198247850778	2.71828	1.21358	1.16637e-05	0.2581069881028696	3.71839689095135	-0.132763631017867	4.952378749000896	1.642829253100163	9.765760479361596	-0.1936625602231952	-4.468564700985716	4.920003476714489	1.510001067040423	0.1000000706649286	0.0005109992890970277	0.1056584461634128	0.1000000706649286	172.5001218970019	1.776821255588585	0.1000000706649286	91.18766443765244	0	0	0	3.14159	-2781.290891454129	1415.297231109924	0	1	1	1	1	2	2.085	2.4952	0.00775795	0.1172	1.10013787258126	-1.569751514270996	1.096864792079864	798953356.7082959	0	0	7978.295896489747	28265.69144901838	28267.47729265574	124.202393070522	63659878.57596757	0	0	0	0.0005109992890970277	0.1056584461634128	1.776821255588585	0.1000000706649286	1.510001067040423	172.5001218970019	0.1000000706649286	0.1000000706649286	4.920003476714489	91.18766443765244	91.18766443765244	80.38505680400287	80.38505680400287	124.202393070522	1	125.0901325921153	0	1	0	0	1	0	7978.295896489747	7978.295898888627	28267.47757408921	28265.69144944588	28269.23085516553	28267.47729265574	28265.69178993671	0.000473794438563466	0.0009312097739042447	-0.9999994541834446	-0.003273294889023031	0.9999942106252266	0.0009296540212882293	0.999994530514742	0.003272852637499415	0.0004768398197834071	1.10013787258126	-1.569751514270996	1.096864792079864	0.0005743707124154402	0.008672997757473147	0.990789478916634	0.0005743707124154402	0.0005743707124154402	0.02825903905083965	2.935028183188861e-06	0.0006068707411111021	0.01020553369234002	
159	50.17796161314306	246.2198247850778	2.71828	1.21358	1.16637e-05	0.2581069881028696	3.71839689095135	-0.132763631017867	4.952378749000896	1.642829253100163	9.765760479361596	-0.1936625602231952	-4.468564700985716	4.920003476714489	1.510001067040423	0.1000000706649286	0.0005109992890970277	0.1056584461634128	0.1000000706649286	172.5001218970019	1.776821255588585	0.1000000706649286	91.18766443765244	0	0	0	3.14159	-2781.290891454129	1415.297231109924	0	1	1	1	1	2	2.085	2.4952	0.00775795	0.1172	1.10013787258126	-1.569751514270996	1.096864792079864	798953356.7082959	0	0	7978.295896489747	28265.69144901838	28267.47729265574	124.202393070522	63659878.57596757	0	0	0	0.0005109992890970277	0.1056584461634128	1.776821255588585	0.1000000706649286	1.510001067040423	172.5001218970019	0.1000000706649286	0.1000000706649286	4.920003476714489	91.18766443765244	91.18766443765244	80.38505680400287	80.38505680400287	124.202393070522	1	125.0901325921153	0	1	0	0	1	0	7978.295896489747	7978.295898888627	28267.47757408921	28265.69144944588	28269.23085516553	28267.47729265574	28265.69178993671	0.000473794438563466	0.0009312097739042447	-0.9999994541834446	-0.003273294889023031	0.9999942106252266	0.0009296540212882293	0.999994530514742	0.003272852637499415	0.0004768398197834071	1.10013787258126	-1.569751514270996	1.096864792079864	0.0005743707124154402	0.008672997757473147	0.990789478916634	0.0005743707124154402	0.0005743707124154402	0.02825903905083965	2.935028183188861e-06	0.0006068707411111021	0.01020553369234002	
160	49.86434935306092	246.2198247850778	2.71828	1.21358	1.16637e-05	0.2581069881028696	3.71839689095135	-0.132763631017867	4.952378749000896	1.642829253100163	9.765760479361596	-0.1936625602231952	-4.468564700985716	4.920003476714489	1.510001067040423	0.1000000706649286	0.0005109992890970277	0.1056584461634128	0.1000000706649286	172.5001218970019	1.776821255588585	0.1000000706649286	91.18766443765244	0	0	0	3.14159	-2781.290891454129	1415.297231109924	0	1	1	1	1	2	2.085	2.4952	0.00775795	0.1172	1.10013787258126	-1.569751514270996	1.096864792079864	798953356.7082959	0	0	7978.295896489747	28265.69144901838	28267.47729265574	124.202393070522	63659878.57596757	0	0	0	0.0005109992890970277	0.1056584461634128	1.776821255588585	0.1000000706649286	1.510001067040423	172.5001218970019	0.1000000706649286	0.1000000706649286	4.920003476714489	91.18766443765244	91.18766443765244	80.38505680400287	80.38505680400287	124.202393070522	1	125.0901325921153	0	1	0	0	1	0	7978.295896489747	7978.295898888627	28267.47757408921	28265.69144944588	28269.23085516553	28267.47729265574	28265.69178993671	0.000473794438563466	0.0009312097739042447	-0.9999994541834446	-0.003273294889023031	0.9999942106252266	0.0009296540212882293	0.999994530514742	0.003272852637499415	0.0004768398197834071	1.10013787258126	-1.569751514270996	1.096864792079864	0.0005743707124154402	0.008672997757473147	0.990789478916634	0.0005743707124154402	0.0005743707124154402	0.02825903905083965	2.935028183188861e-06	0.0006068707411111021	0.01020553369234002	
161	49.55463289745185	246.2198247850778	2.71828	1.21358	1.16637e-05	0.2581069881028696	3.71839689095135	-0.132763631017867	4.952378749000896	1.642829253100163	9.765760479361596	-0.1936625602231952	-4.468564700985716	4.920003476714489	1.510001067040423	0.1000000706649286	0.0005109992890970277	0.1056584461634128	0.1000000706649286	172.5001218970019	1.776821255588585	0.1000000706649286	91.18766443765244	0	0	0	3.14159	-2781.290891454129	1415.297231109924	0	1	1	1	1	2	2.085	2.4952	0.00775795	0.1172	1.10013787258126	-1.569751514270996	1.096864792079864	798953356.7082959	0	0	7978.295896489747	28265.69144901838	28267.47729265574	124.202393070522	63659878.57596757	0	0	0	0.0005109992890970277	0.1056584461634128	1.776821255588585	0.1000000706649286	1.510001067040423	172.5001218970019	0.1000000706649286	0.1000000706649286	4.920003476714489	91.18766443765244	91.18766443765244	80.38505680400287	80.38505680400287	124.202393070522	1	125.0901325921153	0	1	0	0	1	0	7978.295896489747	7978.295898888627	28267.47757408921	28265.69144944588	28269.23085516553	28267.47729265574	28265.69178993671	0.000473794438563466	0.0009312097739042447	-0.9999994541834446	-0.003273294889023031	0.9999942106252266	0.0009296540212882293	0.999994530514742	0.003272852637499415	0.0004768398197834071	1.10013787258126	-1.569751514270996	1.096864792079864	0.0005743707124154402	0.008672997757473147	0.990789478916634	0.0005743707124154402	0.0005743707124154402	0.02825903905083965	2.935028183188861e-06	0.0006068707411111021	0.01020553369234002	
162	49.24874010178856	246.2198247850778	2.71828	1.21358	1.16637e-05	0.2581069881028696	3.71839689095135	-0.132763631017867	4.952378749000896	1.642829253100163	9.765760479361596	-0.1936625602231952	-4.468564700985716	4.920003476714489	1.510001067040423	0.1000000706649286	0.0005109992890970277	0.1056584461634128	0.1000000706649286	172.5001218970019	1.776821255588585	0.1000000706649286	91.18766443765244	0	0	0	3.14159	-2781.290891454129	1415.297231109924	0	1	1	1	1	2	2.085	2.4952	0.00775795	0.1172	1.10013787258126	-1.569751514270996	1.096864792079864	798953356.7082959	0	0	7978.295896489747	28265.69144901838	28267.47729265574	124.202393070522	63659878.57596757	0	0	0	0.0005109992890970277	0.1056584461634128	1.776821255588585	0.1000000706649286	1.510001067040423	172.5001218970019	0.1000000706649286	0.1000000706649286	4.920003476714489	91.18766443765244	91.18766443765244	80.38505680400287	80.38505680400287	124.202393070522	1	125.0901325921153	0	1	0	0	1	0	7978.295896489747	7978.295898888627	28267.47757408921	28265.69144944588	28269.23085516553	28267.47729265574	28265.69178993671	0.000473794438563466	0.0009312097739042447	-0.9999994541834446	-0.003273294889023031	0.9999942106252266	0.0009296540212882293	0.999994530514742	0.003272852637499415	0.0004768398197834071	1.10013787258126	-1.569751514270996	1.096864792079864	0.0005743707124154402	0.008672997757473147	0.990789478916634	0.0005743707124154402	0.0005743707124154402	0.02825903905083965	2.935028183188861e-06	0.0006068707411111021	0.01020553369234002	
163	48.94660059196164	246.2198247850778	2.71828	1.21358	1.16637e-05	0.2581069881028696	3.71839689095135	-0.132763631017867	4.952378749000896	1.642829253100163	9.765760479361596	-0.1936625602231952	-4.468564700985716	4.920003476714489	1.510001067040423	0.1000000706649286	0.0005109992890970277	0.1056584461634128	0.1000000706649286	172.5001218970019	1.776821255588585	0.1000000706649286	91.18766443765244	0	0	0	3.14159	-2781.290891454129	1415.297231109924	0	1	1	1	1	2	2.085	2.4952	0.00775795	0.1172	1.10013787258126	-1.569751514270996	1.096864792079864	798953356.7082959	0	0	7978.295896489747	28265.69144901838	28267.47729265574	124.202393070522	63659878.57596757	0	0	0	0.0005109992890970277	0.1056584461634128	1.776821255588585	0.1000000706649286	1.510001067040423	172.5001218970019	0.1000000706649286	0.1000000706649286	4.920003476714489	91.18766443765244	91.18766443765244	80.38505680400287	80.38505680400287	124.202393070522	1	125.0901325921153	0	1	0	0	1	0	7978.295896489747	7978.295898888627	28267.47757408921	28265.69144944588	28269.23085516553	28267.47729265574	28265.69178993671	0.000473794438563466	0.0009312097739042447	-0.9999994541834446	-0.003273294889023031	0.9999942106252266	0.0009296540212882293	0.999994530514742	0.003272852637499415	0.0004768398197834071	1.10013787258126	-1.569751514270996	1.096864792079864	0.0005743707124154402	0.008672997757473147	0.990789478916634	0.0005743707124154402	0.0005743707124154402	0.02825903905083965	2.935028183188861e-06	0.0006068707411111021	0.01020553369234002	
164	48.64814571030334	246.2198247850778	2.71828	1.21358	1.16637e-05	0.2581069881028696	3.71839689095135	-0.132763631017867	4.952378749000896	1.642829253100163	9.765760479361596	-0.1936625602231952	-4.468564700985716	4.920003476714489	1.510001067040423	0.1000000706649286	0.0005109992890970277	0.1056584461634128	0.1000000706649286	172.5001218970019	1.776821255588585	0.1000000706649286	91.18766443765244	0	0	0	3.14159	-2781.290891454129	1415.297231109924	0	1	1	1	1	2	2.085	2.4952	0.00775795	0.1172	1.10013787258126	-1.569751514270996	1.096864792079864	798953356.7082959	0	0	7978.295896489747	28265.69144901838	28267.47729265574	124.202393070522	63659878.57596757	0	0	0	0.0005109992890970277	0.1056584461634128	1.776821255588585	0.1000000706649286	1.510001067040423	172.5001218970019	0.1000000706649286	0.1000000706649286	4.920003476714489	91.18766443765244	91.18766443765244	80.38505680400287	80.38505680400287	124.202393070522	1	125.0901325921153	0	1	0	0	1	0	7978.295896489747	7978.295898888627	28267.47757408921	28265.69144944588	28269.23085516553	28267.47729265574	28265.69178993671	0.000473794438563466	0.0009312097739042447	-0.9999994541834446	-0.003273294889023031	0.9999942106252266	0.0009296540212882293	0.999994530514742	0.003272852637499415	0.0004768398197834071	1.10013787258126	-1.569751514270996	1.096864792079864	0.0005743707124154402	0.008672997757473147	0.990789478916634	0.0005743707124154402	0.0005743707124154402	0.02825903905083965	2.935028183188861e-06	0.0006068707411111021	0.01020553369234002	
165	48.35330846357422	246.2198247850778	2.71828	1.21358	1.16637e-05	0.2581069881028696	3.71839689095135	-0.132763631017867	4.952378749000896	1.642829253100163	9.765760479361596	-0.1936625602231952	-4.468564700985716	4.920003476714489	1.510001067040423	0.1000000706649286	0.0005109992890970277	0.1056584461634128	0.1000000706649286	172.5001218970019	1.776821255588585	0.1000000706649286	91.18766443765244	0	0	0	3.14159	-2781.290891454129	1415.297231109924	0	1	1	1	1	2	2.085	2.4952	0.00775795	0.1172	1.10013787258126	-1.569751514270996	1.096864792079864	798953356.7082959	0	0	7978.295896489747	28265.69144901838	28267.47729265574	124.202393070522	63659878.57596757	0	0	0	0.0005109992890970277	0.1056584461634128	1.776821255588585	0.1000000706649286	1.510001067040423	172.5001218970019	0.1000000706649286	0.1000000706649286	4.920003476714489	91.18766443765244	91.18766443765244	80.38505680400287	80.38505680400287	124.202393070522	1	125.0901325921153	0	1	0	0	1	0	7978.295896489747	7978.295898888627	28267.47757408921	28265.69144944588	28269.23085516553	28267.47729265574	28265.69178993671	0.000473794438563466	0.0009312097739042447	-0.9999994541834446	-0.003273294889023031	0.9999942106252266	0.0009296540212882293	0.999994530514742	0.003272852637499415	0.0004768398197834071	1.10013787258126	-1.569751514270996	1.096864792079864	0.0005743707124154402	0.008672997757473147	0.990789478916634	0.0005743707124154402	0.0005743707124154402	0.02825903905083965	2.935028183188861e-06	0.0006068707411111021	0.01020553369234002	
166	48.0620234728298	246.2198247850778	2.71828	1.21358	1.16637e-05	0.2581069881028696	3.71839689095135	-0.132763631017867	4.952378749000896	1.642829253100163	9.765760479361596	-0.1936625602231952	-4.468564700985716	4.920003476714489	1.510001067040423	0.1000000706649286	0.0005109992890970277	0.1056584461634128	0.1000000706649286	172.5001218970019	1.776821255588585	0.1000000706649286	91.18766443765244	0	0	0	3.14159	-2781.290891454129	1415.297231109924	0	1	1	1	1	2	2.085	2.4952	0.00775795	0.1172	1.10013787258126	-1.569751514270996	1.096864792079864	798953356.7082959	0	0	7978.295896489747	28265.69144901838	28267.47729265574	124.202393070522	63659878.57596757	0	0	0	0.0005109992890970277	0.1056584461634128	1.776821255588585	0.1000000706649286	1.510001067040423	172.5001218970019	0.1000000706649286	0.1000000706649286	4.920003476714489	91.18766443765244	91.18766443765244	80.38505680400287	80.38505680400287	124.202393070522	1	125.0901325921153	0	1	0	0	1	0	7978.295896489747	7978.295898888627	28267.47757408921	28265.69144944588	28269.23085516553	28267.47729265574	28265.69178993671	0.000473794438563466	0.0009312097739042447	-0.9999994541834446	-0.003273294889023031	0.9999942106252266	0.0009296540212882293	0.999994530514742	0.003272852637499415	0.0004768398197834071	1.10013787258126	-1.569751514270996	1.096864792079864	0.0005743707124154402	0.008672997757473147	0.990789478916634	0.0005743707124154402	0.0005743707124154402	0.02825903905083965	2.935028183188861e-06	0.0006068707411111021	0.01020553369234002	
167	47.77422692508831	246.2198247850778	2.71828	1.21358	1.16637e-05	0.2581069881028696	3.71839689095135	-0.132763631017867	4.952378749000896	1.642829253100163	9.765760479361596	-0.1936625602231952	-4.468564700985716	4.920003476714489	1.510001067040423	0.1000000706649286	0.0005109992890970277	0.1056584461634128	0.1000000706649286	172.5001218970019	1.776821255588585	0.1000000706649286	91.18766443765244	0	0	0	3.14159	-2781.290891454129	1415.297231109924	0	1	1	1	1	2	2.085	2.4952	0.00775795	0.1172	1.10013787258126	-1.569751514270996	1.096864792079864	798953356.7082959	0	0	7978.295896489747	28265.69144901838	28267.47729265574	124.202393070522	63659878.57596757	0	0	0	0.0005109992890970277	0.1056584461634128	1.776821255588585	0.1000000706649286	1.510001067040423	172.5001218970019	0.1000000706649286	0.1000000706649286	4.920003476714489	91.18766443765244	91.18766443765244	80.38505680400287	80.38505680400287	124.202393070522	1	125.0901325921153	0	1	0	0	1	0	7978.295896489747	7978.295898888627	28267.47757408921	28265.69144944588	28269.23085516553	28267.47729265574	28265.69178993671	0.000473794438563466	0.0009312097739042447	-0.9999994541834446	-0.003273294889023031	0.9999942106252266	0.0009296540212882293	0.999994530514742	0.003272852637499415	0.0004768398197834071	1.10013787258126	-1.569751514270996	1.096864792079864	0.0005743707124154402	0.008672997757473147	0.990789478916634	0.0005743707124154402	0.0005743707124154402	0.02825903905083965	2.935028183188861e-06	0.0006068707411111021	0.01020553369234002	
168	47.48985652672469	246.2198247850778	2.71828	1.21358	1.16637e-05	0.2581069881028696	3.71839689095135	-0.132763631017867	4.952378749000896	1.642829253100163	9.765760479361596	-0.1936625602231952	-4.468564700985716	4.920003476714489	1.510001067040423	0.1000000706649286	0.0005109992890970277	0.1056584461634128	0.1000000706649286	172.5001218970019	1.776821255588585	0.1000000706649286	91.18766443765244	0	0	0	3.14159	-2781.290891454129	1415.297231109924	0	1	1	1	1	2	2.085	2.4952	0.00775795	0.1172	1.10013787258126	-1.569751514270996	1.096864792079864	798953356.7082959	0	0	7978.295896489747	28265.69144901838	28267.47729265574	124.202393070522	63659878.57596757	0	0	0	0.0005109992890970277	0.1056584461634128	1.776821255588585	0.1000000706649286	1.510001067040423	172.5001218970019	0.1000000706649286	0.1000000706649286	4.920003476714489	91.18766443765244	91.18766443765244	80.38505680400287	80.38505680400287	124.202393070522	1	125.0901325921153	0	1	0	0	1	0	7978.295896489747	7978.295898888627	28267.47757408921	28265.69144944588	28269.23085516553	28267.47729265574	28265.69178993671	0.000473794438563466	0.0009312097739042447	-0.9999994541834446	-0.003273294889023031	0.9999942106252266	0.0009296540212882293	0.999994530514742	0.003272852637499415	0.0004768398197834071	1.10013787258126	-1.569751514270996	1.096864792079864	0.0005743707124154402	0.008672997757473147	0.990789478916634	0.0005743707124154402	0.0005743707124154402	0.02825903905083965	2.935028183188861e-06	0.0006068707411111021	0.01020553369234002	
169	47.20885145851921	246.2198247850778	2.71828	1.21358	1.16637e-05	0.2581069881028696	3.71839689095135	-0.132763631017867	4.952378749000896	1.642829253100163	9.765760479361596	-0.1936625602231952	-4.468564700985716	4.920003476714489	1.510001067040423	0.1000000706649286	0.0005109992890970277	0.1056584461634128	0.1000000706649286	172.5001218970019	1.776821255588585	0.1000000706649286	91.18766443765244	0	0	0	3.14159	-2781.290891454129	1415.297231109924	0	1	1	1	1	2	2.085	2.4952	0.00775795	0.1172	1.10013787258126	-1.569751514270996	1.096864792079864	798953356.7082959	0	0	7978.295896489747	28265.69144901838	28267.47729265574	124.202393070522	63659878.57596757	0	0	0	0.0005109992890970277	0.1056584461634128	1.776821255588585	0.1000000706649286	1.510001067040423	172.5001218970019	0.1000000706649286	0.1000000706649286	4.920003476714489	91.18766443765244	91.18766443765244	80.38505680400287	80.38505680400287	124.202393070522	1	125.0901325921153	0	1	0	0	1	0	7978.295896489747	7978.295898888627	28267.47757408921	28265.69144944588	28269.23085516553	28267.47729265574	28265.69178993671	0.000473794438563466	0.0009312097739042447	-0.9999994541834446	-0.003273294889023031	0.9999942106252266	0.0009296540212882293	0.999994530514742	0.003272852637499415	0.0004768398197834071	1.10013787258126	-1.569751514270996	1.096864792079864	0.0005743707124154402	0.008672997757473147	0.990789478916634	0.0005743707124154402	0.0005743707124154402	0.02825903905083965	2.935028183188861e-06	0.0006068707411111021	0.01020553369234002	
170	46.93115233229263	246.2198247850778	2.71828	1.21358	1.16637e-05	0.2581069881028696	3.71839689095135	-0.132763631017867	4.952378749000896	1.642829253100163	9.765760479361596	-0.1936625602231952	-4.468564700985716	4.920003476714489	1.510001067040423	0.1000000706649286	0.0005109992890970277	0.1056584461634128	0.1000000706649286	172.5001218970019	1.776821255588585	0.1000000706649286	91.18766443765244	0	0	0	3.14159	-2781.290891454129	1415.297231109924	0	1	1	1	1	2	2.085	2.4952	0.00775795	0.1172	1.10013787258126	-1.569751514270996	1.096864792079864	798953356.7082959	0	0	7978.295896489747	28265.69144901838	28267.47729265574	124.202393070522	63659878.57596757	0	0	0	0.0005109992890970277	0.1056584461634128	1.776821255588585	0.1000000706649286	1.510001067040423	172.5001218970019	0.1000000706649286	0.1000000706649286	4.920003476714489	91.18766443765244	91.18766443765244	80.38505680400287	80.38505680400287	124.202393070522	1	125.0901325921153	0	1	0	0	1	0	7978.295896489747	7978.295898888627	28267.47757408921	28265.69144944588	28269.23085516553	28267.47729265574	28265.69178993671	0.000473794438563466	0.0009312097739042447	-0.9999994541834446	-0.003273294889023031	0.9999942106252266	0.0009296540212882293	0.999994530514742	0.003272852637499415	0.0004768398197834071	1.10013787258126	-1.569751514270996	1.096864792079864	0.0005743707124154402	0.008672997757473147	0.990789478916634	0.0005743707124154402	0.0005743707124154402	0.02825903905083965	2.935028183188861e-06	0.0006068707411111021	0.01020553369234002	
171	46.65670114906285	246.2198247850778	2.71828	1.21358	1.16637e-05	0.2581069881028696	3.71839689095135	-0.132763631017867	4.952378749000896	1.642829253100163	9.765760479361596	-0.1936625602231952	-4.468564700985716	4.920003476714489	1.510001067040423	0.1000000706649286	0.0005109992890970277	0.1056584461634128	0.1000000706649286	172.5001218970019	1.776821255588585	0.1000000706649286	91.18766443765244	0	0	0	3.14159	-2781.290891454129	1415.297231109924	0	1	1	1	1	2	2.085	2.4952	0.00775795	0.1172	1.10013787258126	-1.569751514270996	1.096864792079864	798953356.7082959	0	0	7978.295896489747	28265.69144901838	28267.47729265574	124.202393070522	63659878.57596757	0	0	0	0.0005109992890970277	0.1056584461634128	1.776821255588585	0.1000000706649286	1.510001067040423	172.5001218970019	0.1000000706649286	0.1000000706649286	4.920003476714489	91.18766443765244	91.18766443765244	80.38505680400287	80.38505680400287	124.202393070522	1	125.0901325921153	0	1	0	0	1	0	7978.295896489747	7978.295898888627	28267.47757408921	28265.69144944588	28269.23085516553	28267.47729265574	28265.69178993671	0.000473794438563466	0.0009312097739042447	-0.9999994541834446	-0.003273294889023031	0.9999942106252266	0.0009296540212882293	0.999994530514742	0.003272852637499415	0.0004768398197834071	1.10013787258126	-1.569751514270996	1.096864792079864	0.0005743707124154402	0.008672997757473147	0.990789478916634	0.0005743707124154402	0.0005743707124154402	0.02825903905083965	2.935028183188861e-06	0.0006068707411111021	0.01020553369234002	
172	46.38544125866132	246.2198247850778	2.71828	1.21358	1.16637e-05	0.2581069881028696	3.71839689095135	-0.132763631017867	4.952378749000896	1.642829253100163	9.765760479361596	-0.1936625602231952	-4.468564700985716	4.920003476714489	1.510001067040423	0.1000000706649286	0.0005109992890970277	0.1056584461634128	0.1000000706649286	172.5001218970019	1.776821255588585	0.1000000706649286	91.18766443765244	0	0	0	3.14159	-2781.290891454129	1415.297231109924	0	1	1	1	1	2	2.085	2.4952	0.00775795	0.1172	1.10013787258126	-1.569751514270996	1.096864792079864	798953356.7082959	0	0	7978.295896489747	28265.69144901838	28267.47729265574	124.202393070522	63659878.57596757	0	0	0	0.0005109992890970277	0.1056584461634128	1.776821255588585	0.1000000706649286	1.510001067040423	172.5001218970019	0.1000000706649286	0.1000000706649286	4.920003476714489	91.18766443765244	91.18766443765244	80.38505680400287	80.38505680400287	124.202393070522	1	125.0901325921153	0	1	0	0	1	0	7978.295896489747	7978.295898888627	28267.47757408921	28265.69144944588	28269.23085516553	28267.47729265574	28265.69178993671	0.000473794438563466	0.0009312097739042447	-0.9999994541834446	-0.003273294889023031	0.9999942106252266	0.0009296540212882293	0.999994530514742	0.003272852637499415	0.0004768398197834071	1.10013787258126	-1.569751514270996	1.096864792079864	0.0005743707124154402	0.008672997757473147	0.990789478916634	0.0005743707124154402	0.0005743707124154402	0.02825903905083965	2.935028183188861e-06	0.0006068707411111021	0.01020553369234002	
173	46.11731732074998	246.2198247850778	2.71828	1.21358	1.16637e-05	0.2581069881028696	3.71839689095135	-0.132763631017867	4.952378749000896	1.642829253100163	9.765760479361596	-0.1936625602231952	-4.468564700985716	4.920003476714489	1.510001067040423	0.1000000706649286	0.0005109992890970277	0.1056584461634128	0.1000000706649286	172.5001218970019	1.776821255588585	0.1000000706649286	91.18766443765244	0	0	0	3.14159	-2781.290891454129	1415.297231109924	0	1	1	1	1	2	2.085	2.4952	0.00775795	0.1172	1.10013787258126	-1.569751514270996	1.096864792079864	798953356.7082959	0	0	7978.295896489747	28265.69144901838	28267.47729265574	124.202393070522	63659878.57596757	0	0	0	0.0005109992890970277	0.1056584461634128	1.776821255588585	0.1000000706649286	1.510001067040423	172.5001218970019	0.1000000706649286	0.1000000706649286	4.920003476714489	91.18766443765244	91.18766443765244	80.38505680400287	80.38505680400287	124.202393070522	1	125.0901325921153	0	1	0	0	1	0	7978.295896489747	7978.295898888627	28267.47757408921	28265.69144944588	28269.23085516553	28267.47729265574	28265.69178993671	0.000473794438563466	0.0009312097739042447	-0.9999994541834446	-0.003273294889023031	0.9999942106252266	0.0009296540212882293	0.999994530514742	0.003272852637499415	0.0004768398197834071	1.10013787258126	-1.569751514270996	1.096864792079864	0.0005743707124154402	0.008672997757473147	0.990789478916634	0.0005743707124154402	0.0005743707124154402	0.02825903905083965	2.935028183188861e-06	0.0006068707411111021	0.01020553369234002	
174	45.85227526718246	246.2198247850778	2.71828	1.21358	1.16637e-05	0.2581069881028696	3.71839689095135	-0.132763631017867	4.952378749000896	1.642829253100163	9.765760479361596	-0.1936625602231952	-4.468564700985716	4.920003476714489	1.510001067040423	0.1000000706649286	0.0005109992890970277	0.1056584461634128	0.1000000706649286	172.5001218970019	1.776821255588585	0.1000000706649286	91.18766443765244	0	0	0	3.14159	-2781.290891454129	1415.297231109924	0	1	1	1	1	2	2.085	2.4952	0.00775795	0.1172	1.10013787258126	-1.569751514270996	1.096864792079864	798953356.7082959	0	0	7978.295896489747	28265.69144901838	28267.47729265574	124.202393070522	63659878.57596757	0	0	0	0.0005109992890970277	0.1056584461634128	1.776821255588585	0.1000000706649286	1.510001067040423	172.5001218970019	0.1000000706649286	0.1000000706649286	4.920003476714489	91.18766443765244	91.18766443765244	80.38505680400287	80.38505680400287	124.202393070522	1	125.0901325921153	0	1	0	0	1	0	7978.295896489747	7978.295898888627	28267.47757408921	28265.69144944588	28269.23085516553	28267.47729265574	28265.69178993671	0.000473794438563466	0.0009312097739042447	-0.9999994541834446	-0.003273294889023031	0.9999942106252266	0.0009296540212882293	0.999994530514742	0.003272852637499415	0.0004768398197834071	1.10013787258126	-1.569751514270996	1.096864792079864	0.0005743707124154402	0.008672997757473147	0.990789478916634	0.0005743707124154402	0.0005743707124154402	0.02825903905083965	2.935028183188861e-06	0.0006068707411111021	0.01020553369234002	
175	45.5902622656557	246.2198247850778	2.71828	1.21358	1.16637e-05	0.2581069881028696	3.71839689095135	-0.132763631017867	4.952378749000896	1.642829253100163	9.765760479361596	-0.1936625602231952	-4.468564700985716	4.920003476714489	1.510001067040423	0.1000000706649286	0.0005109992890970277	0.1056584461634128	0.1000000706649286	172.5001218970019	1.776821255588585	0.1000000706649286	91.18766443765244	0	0	0	3.14159	-2781.290891454129	1415.297231109924	0	1	1	1	1	2	2.085	2.4952	0.00775795	0.1172	1.10013787258126	-1.569751514270996	1.096864792079864	798953356.7082959	0	0	7978.295896489747	28265.69144901838	28267.47729265574	124.202393070522	63659878.57596757	0	0	0	0.0005109992890970277	0.1056584461634128	1.776821255588585	0.1000000706649286	1.510001067040423	172.5001218970019	0.1000000706649286	0.1000000706649286	4.920003476714489	91.18766443765244	91.18766443765244	80.38505680400287	80.38505680400287	124.202393070522	1	125.0901325921153	0	1	0	0	1	0	7978.295896489747	7978.295898888627	28267.47757408921	28265.69144944588	28269.23085516553	28267.47729265574	28265.69178993671	0.000473794438563466	0.0009312097739042447	-0.9999994541834446	-0.003273294889023031	0.9999942106252266	0.0009296540212882293	0.999994530514742	0.003272852637499415	0.0004768398197834071	1.10013787258126	-1.569751514270996	1.096864792079864	0.0005743707124154402	0.008672997757473147	0.990789478916634	0.0005743707124154402	0.0005743707124154402	0.02825903905083965	2.935028183188861e-06	0.0006068707411111021	0.01020553369234002	
176	45.33122668460084	246.2198247850778	2.71828	1.21358	1.16637e-05	0.2581069881028696	3.71839689095135	-0.132763631017867	4.952378749000896	1.642829253100163	9.765760479361596	-0.1936625602231952	-4.468564700985716	4.920003476714489	1.510001067040423	0.1000000706649286	0.0005109992890970277	0.1056584461634128	0.1000000706649286	172.5001218970019	1.776821255588585	0.1000000706649286	91.18766443765244	0	0	0	3.14159	-2781.290891454129	1415.297231109924	0	1	1	1	1	2	2.085	2.4952	0.00775795	0.1172	1.10013787258126	-1.569751514270996	1.096864792079864	798953356.7082959	0	0	7978.295896489747	28265.69144901838	28267.47729265574	124.202393070522	63659878.57596757	0	0	0	0.0005109992890970277	0.1056584461634128	1.776821255588585	0.1000000706649286	1.510001067040423	172.5001218970019	0.1000000706649286	0.1000000706649286	4.920003476714489	91.18766443765244	91.18766443765244	80.38505680400287	80.38505680400287	124.202393070522	1	125.0901325921153	0	1	0	0	1	0	7978.295896489747	7978.295898888627	28267.47757408921	28265.69144944588	28269.23085516553	28267.47729265574	28265.69178993671	0.000473794438563466	0.0009312097739042447	-0.9999994541834446	-0.003273294889023031	0.9999942106252266	0.0009296540212882293	0.999994530514742	0.003272852637499415	0.0004768398197834071	1.10013787258126	-1.569751514270996	1.096864792079864	0.0005743707124154402	0.008672997757473147	0.990789478916634	0.0005743707124154402	0.0005743707124154402	0.02825903905083965	2.935028183188861e-06	0.0006068707411111021	0.01020553369234002	
177	45.07511805926411	246.2198247850778	2.71828	1.21358	1.16637e-05	0.2581069881028696	3.71839689095135	-0.132763631017867	4.952378749000896	1.642829253100163	9.765760479361596	-0.1936625602231952	-4.468564700985716	4.920003476714489	1.510001067040423	0.1000000706649286	0.0005109992890970277	0.1056584461634128	0.1000000706649286	172.5001218970019	1.776821255588585	0.1000000706649286	91.18766443765244	0	0	0	3.14159	-2781.290891454129	1415.297231109924	0	1	1	1	1	2	2.085	2.4952	0.00775795	0.1172	1.10013787258126	-1.569751514270996	1.096864792079864	798953356.7082959	0	0	7978.295896489747	28265.69144901838	28267.47729265574	124.202393070522	63659878.57596757	0	0	0	0.0005109992890970277	0.1056584461634128	1.776821255588585	0.1000000706649286	1.510001067040423	172.5001218970019	0.1000000706649286	0.1000000706649286	4.920003476714489	91.18766443765244	91.18766443765244	80.38505680400287	80.38505680400287	124.202393070522	1	125.0901325921153	0	1	0	0	1	0	7978.295896489747	7978.295898888627	28267.47757408921	28265.69144944588	28269.23085516553	28267.47729265574	28265.69178993671	0.000473794438563466	0.0009312097739042447	-0.9999994541834446	-0.003273294889023031	0.9999942106252266	0.0009296540212882293	0.999994530514742	0.003272852637499415	0.0004768398197834071	1.10013787258126	-1.569751514270996	1.096864792079864	0.0005743707124154402	0.008672997757473147	0.990789478916634	0.0005743707124154402	0.0005743707124154402	0.02825903905083965	2.935028183188861e-06	0.0006068707411111021	0.01020553369234002	
178	44.82188705893116	246.2198247850778	2.71828	1.21358	1.16637e-05	0.2581069881028696	3.71839689095135	-0.132763631017867	4.952378749000896	1.642829253100163	9.765760479361596	-0.1936625602231952	-4.468564700985716	4.920003476714489	1.510001067040423	0.1000000706649286	0.0005109992890970277	0.1056584461634128	0.1000000706649286	172.5001218970019	1.776821255588585	0.1000000706649286	91.18766443765244	0	0	0	3.14159	-2781.290891454129	1415.297231109924	0	1	1	1	1	2	2.085	2.4952	0.00775795	0.1172	1.10013787258126	-1.569751514270996	1.096864792079864	798953356.7082959	0	0	7978.295896489747	28265.69144901838	28267.47729265574	124.202393070522	63659878.57596757	0	0	0	0.0005109992890970277	0.1056584461634128	1.776821255588585	0.1000000706649286	1.510001067040423	172.5001218970019	0.1000000706649286	0.1000000706649286	4.920003476714489	91.18766443765244	91.18766443765244	80.38505680400287	80.38505680400287	124.202393070522	1	125.0901325921153	0	1	0	0	1	0	7978.295896489747	7978.295898888627	28267.47757408921	28265.69144944588	28269.23085516553	28267.47729265574	28265.69178993671	0.000473794438563466	0.0009312097739042447	-0.9999994541834446	-0.003273294889023031	0.9999942106252266	0.0009296540212882293	0.999994530514742	0.003272852637499415	0.0004768398197834071	1.10013787258126	-1.569751514270996	1.096864792079864	0.0005743707124154402	0.008672997757473147	0.990789478916634	0.0005743707124154402	0.0005743707124154402	0.02825903905083965	2.935028183188861e-06	0.0006068707411111021	0.01020553369234002	
179	44.57148545524998	246.2198247850778	2.71828	1.21358	1.16637e-05	0.2581069881028696	3.71839689095135	-0.132763631017867	4.952378749000896	1.642829253100163	9.765760479361596	-0.1936625602231952	-4.468564700985716	4.920003476714489	1.510001067040423	0.1000000706649286	0.0005109992890970277	0.1056584461634128	0.1000000706649286	172.5001218970019	1.776821255588585	0.1000000706649286	91.18766443765244	0	0	0	3.14159	-2781.290891454129	1415.297231109924	0	1	1	1	1	2	2.085	2.4952	0.00775795	0.1172	1.10013787258126	-1.569751514270996	1.096864792079864	798953356.7082959	0	0	7978.295896489747	28265.69144901838	28267.47729265574	124.202393070522	63659878.57596757	0	0	0	0.0005109992890970277	0.1056584461634128	1.776821255588585	0.1000000706649286	1.510001067040423	172.5001218970019	0.1000000706649286	0.1000000706649286	4.920003476714489	91.18766443765244	91.18766443765244	80.38505680400287	80.38505680400287	124.202393070522	1	125.0901325921153	0	1	0	0	1	0	7978.295896489747	7978.295898888627	28267.47757408921	28265.69144944588	28269.23085516553	28267.47729265574	28265.69178993671	0.000473794438563466	0.0009312097739042447	-0.9999994541834446	-0.003273294889023031	0.9999942106252266	0.0009296540212882293	0.999994530514742	0.003272852637499415	0.0004768398197834071	1.10013787258126	-1.569751514270996	1.096864792079864	0.0005743707124154402	0.008672997757473147	0.990789478916634	0.0005743707124154402	0.0005743707124154402	0.02825903905083965	2.935028183188861e-06	0.0006068707411111021	0.01020553369234002	
180	44.32386609160971	246.2198247850778	2.71828	1.21358	1.16637e-05	0.2581069881028696	3.71839689095135	-0.132763631017867	4.952378749000896	1.642829253100163	9.765760479361596	-0.1936625602231952	-4.468564700985716	4.920003476714489	1.510001067040423	0.1000000706649286	0.0005109992890970277	0.1056584461634128	0.1000000706649286	172.5001218970019	1.776821255588585	0.1000000706649286	91.18766443765244	0	0	0	3.14159	-2781.290891454129	1415.297231109924	0	1	1	1	1	2	2.085	2.4952	0.00775795	0.1172	1.10013787258126	-1.569751514270996	1.096864792079864	798953356.7082959	0	0	7978.295896489747	28265.69144901838	28267.47729265574	124.202393070522	63659878.57596757	0	0	0	0.0005109992890970277	0.1056584461634128	1.776821255588585	0.1000000706649286	1.510001067040423	172.5001218970019	0.1000000706649286	0.1000000706649286	4.920003476714489	91.18766443765244	91.18766443765244	80.38505680400287	80.38505680400287	124.202393070522	1	125.0901325921153	0	1	0	0	1	0	7978.295896489747	7978.295898888627	28267.47757408921	28265.69144944588	28269.23085516553	28267.47729265574	28265.69178993671	0.000473794438563466	0.0009312097739042447	-0.9999994541834446	-0.003273294889023031	0.9999942106252266	0.0009296540212882293	0.999994530514742	0.003272852637499415	0.0004768398197834071	1.10013787258126	-1.569751514270996	1.096864792079864	0.0005743707124154402	0.008672997757473147	0.990789478916634	0.0005743707124154402	0.0005743707124154402	0.02825903905083965	2.935028183188861e-06	0.0006068707411111021	0.01020553369234002	
181	44.07898285353451	246.2198247850778	2.71828	1.21358	1.16637e-05	0.2581069881028696	3.71839689095135	-0.132763631017867	4.952378749000896	1.642829253100163	9.765760479361596	-0.1936625602231952	-4.468564700985716	4.920003476714489	1.510001067040423	0.1000000706649286	0.0005109992890970277	0.1056584461634128	0.1000000706649286	172.5001218970019	1.776821255588585	0.1000000706649286	91.18766443765244	0	0	0	3.14159	-2781.290891454129	1415.297231109924	0	1	1	1	1	2	2.085	2.4952	0.00775795	0.1172	1.10013787258126	-1.569751514270996	1.096864792079864	798953356.7082959	0	0	7978.295896489747	28265.69144901838	28267.47729265574	124.202393070522	63659878.57596757	0	0	0	0.0005109992890970277	0.1056584461634128	1.776821255588585	0.1000000706649286	1.510001067040423	172.5001218970019	0.1000000706649286	0.1000000706649286	4.920003476714489	91.18766443765244	91.18766443765244	80.38505680400287	80.38505680400287	124.202393070522	1	125.0901325921153	0	1	0	0	1	0	7978.295896489747	7978.295898888627	28267.47757408921	28265.69144944588	28269.23085516553	28267.47729265574	28265.69178993671	0.000473794438563466	0.0009312097739042447	-0.9999994541834446	-0.003273294889023031	0.9999942106252266	0.0009296540212882293	0.999994530514742	0.003272852637499415	0.0004768398197834071	1.10013787258126	-1.569751514270996	1.096864792079864	0.0005743707124154402	0.008672997757473147	0.990789478916634	0.0005743707124154402	0.0005743707124154402	0.02825903905083965	2.935028183188861e-06	0.0006068707411111021	0.01020553369234002	
182	43.83679064005356	246.2198247850778	2.71828	1.21358	1.16637e-05	0.2581069881028696	3.71839689095135	-0.132763631017867	4.952378749000896	1.642829253100163	9.765760479361596	-0.1936625602231952	-4.468564700985716	4.920003476714489	1.510001067040423	0.1000000706649286	0.0005109992890970277	0.1056584461634128	0.1000000706649286	172.5001218970019	1.776821255588585	0.1000000706649286	91.18766443765244	0	0	0	3.14159	-2781.290891454129	1415.297231109924	0	1	1	1	1	2	2.085	2.4952	0.00775795	0.1172	1.10013787258126	-1.569751514270996	1.096864792079864	798953356.7082959	0	0	7978.295896489747	28265.69144901838	28267.47729265574	124.202393070522	63659878.57596757	0	0	0	0.0005109992890970277	0.1056584461634128	1.776821255588585	0.1000000706649286	1.510001067040423	172.5001218970019	0.1000000706649286	0.1000000706649286	4.920003476714489	91.18766443765244	91.18766443765244	80.38505680400287	80.38505680400287	124.202393070522	1	125.0901325921153	0	1	0	0	1	0	7978.295896489747	7978.295898888627	28267.47757408921	28265.69144944588	28269.23085516553	28267.47729265574	28265.69178993671	0.000473794438563466	0.0009312097739042447	-0.9999994541834446	-0.003273294889023031	0.9999942106252266	0.0009296540212882293	0.999994530514742	0.003272852637499415	0.0004768398197834071	1.10013787258126	-1.569751514270996	1.096864792079864	0.0005743707124154402	0.008672997757473147	0.990789478916634	0.0005743707124154402	0.0005743707124154402	0.02825903905083965	2.935028183188861e-06	0.0006068707411111021	0.01020553369234002	
183	43.59724533600955	246.2198247850778	2.71828	1.21358	1.16637e-05	0.2581069881028696	3.71839689095135	-0.132763631017867	4.952378749000896	1.642829253100163	9.765760479361596	-0.1936625602231952	-4.468564700985716	4.920003476714489	1.510001067040423	0.1000000706649286	0.0005109992890970277	0.1056584461634128	0.1000000706649286	172.5001218970019	1.776821255588585	0.1000000706649286	91.18766443765244	0	0	0	3.14159	-2781.290891454129	1415.297231109924	0	1	1	1	1	2	2.085	2.4952	0.00775795	0.1172	1.10013787258126	-1.569751514270996	1.096864792079864	798953356.7082959	0	0	7978.295896489747	28265.69144901838	28267.47729265574	124.202393070522	63659878.57596757	0	0	0	0.0005109992890970277	0.1056584461634128	1.776821255588585	0.1000000706649286	1.510001067040423	172.5001218970019	0.1000000706649286	0.1000000706649286	4.920003476714489	91.18766443765244	91.18766443765244	80.38505680400287	80.38505680400287	124.202393070522	1	125.0901325921153	0	1	0	0	1	0	7978.295896489747	7978.295898888627	28267.47757408921	28265.69144944588	28269.23085516553	28267.47729265574	28265.69178993671	0.000473794438563466	0.0009312097739042447	-0.9999994541834446	-0.003273294889023031	0.9999942106252266	0.0009296540212882293	0.999994530514742	0.003272852637499415	0.0004768398197834071	1.10013787258126	-1.569751514270996	1.096864792079864	0.0005743707124154402	0.008672997757473147	0.990789478916634	0.0005743707124154402	0.0005743707124154402	0.02825903905083965	2.935028183188861e-06	0.0006068707411111021	0.01020553369234002	
184	43.36030378527037	246.2198247850778	2.71828	1.21358	1.16637e-05	0.2581069881028696	3.71839689095135	-0.132763631017867	4.952378749000896	1.642829253100163	9.765760479361596	-0.1936625602231952	-4.468564700985716	4.920003476714489	1.510001067040423	0.1000000706649286	0.0005109992890970277	0.1056584461634128	0.1000000706649286	172.5001218970019	1.776821255588585	0.1000000706649286	91.18766443765244	0	0	0	3.14159	-2781.290891454129	1415.297231109924	0	1	1	1	1	2	2.085	2.4952	0.00775795	0.1172	1.10013787258126	-1.569751514270996	1.096864792079864	798953356.7082959	0	0	7978.295896489747	28265.69144901838	28267.47729265574	124.202393070522	63659878.57596757	0	0	0	0.0005109992890970277	0.1056584461634128	1.776821255588585	0.1000000706649286	1.510001067040423	172.5001218970019	0.1000000706649286	0.1000000706649286	4.920003476714489	91.18766443765244	91.18766443765244	80.38505680400287	80.38505680400287	124.202393070522	1	125.0901325921153	0	1	0	0	1	0	7978.295896489747	7978.295898888627	28267.47757408921	28265.69144944588	28269.23085516553	28267.47729265574	28265.69178993671	0.000473794438563466	0.0009312097739042447	-0.9999994541834446	-0.003273294889023031	0.9999942106252266	0.0009296540212882293	0.999994530514742	0.003272852637499415	0.0004768398197834071	1.10013787258126	-1.569751514270996	1.096864792079864	0.0005743707124154402	0.008672997757473147	0.990789478916634	0.0005743707124154402	0.0005743707124154402	0.02825903905083965	2.935028183188861e-06	0.0006068707411111021	0.01020553369234002	
185	43.12592376480944	246.2198247850778	2.71828	1.21358	1.16637e-05	0.2581069881028696	3.71839689095135	-0.132763631017867	4.952378749000896	1.642829253100163	9.765760479361596	-0.1936625602231952	-4.468564700985716	4.920003476714489	1.510001067040423	0.1000000706649286	0.0005109992890970277	0.1056584461634128	0.1000000706649286	172.5001218970019	1.776821255588585	0.1000000706649286	91.18766443765244	0	0	0	3.14159	-2781.290891454129	1415.297231109924	0	1	1	1	1	2	2.085	2.4952	0.00775795	0.1172	1.10013787258126	-1.569751514270996	1.096864792079864	798953356.7082959	0	0	7978.295896489747	28265.69144901838	28267.47729265574	124.202393070522	63659878.57596757	0	0	0	0.0005109992890970277	0.1056584461634128	1.776821255588585	0.1000000706649286	1.510001067040423	172.5001218970019	0.1000000706649286	0.1000000706649286	4.920003476714489	91.18766443765244	91.18766443765244	80.38505680400287	80.38505680400287	124.202393070522	1	125.0901325921153	0	1	0	0	1	0	7978.295896489747	7978.295898888627	28267.47757408921	28265.69144944588	28269.23085516553	28267.47729265574	28265.69178993671	0.000473794438563466	0.0009312097739042447	-0.9999994541834446	-0.003273294889023031	0.9999942106252266	0.0009296540212882293	0.999994530514742	0.003272852637499415	0.0004768398197834071	1.10013787258126	-1.569751514270996	1.096864792079864	0.0005743707124154402	0.008672997757473147	0.990789478916634	0.0005743707124154402	0.0005743707124154402	0.02825903905083965	2.935028183188861e-06	0.0006068707411111021	0.01020553369234002	
186	42.89406395962229	246.2198247850778	2.71828	1.21358	1.16637e-05	0.2581069881028696	3.71839689095135	-0.132763631017867	4.952378749000896	1.642829253100163	9.765760479361596	-0.1936625602231952	-4.468564700985716	4.920003476714489	1.510001067040423	0.1000000706649286	0.0005109992890970277	0.1056584461634128	0.1000000706649286	172.5001218970019	1.776821255588585	0.1000000706649286	91.18766443765244	0	0	0	3.14159	-2781.290891454129	1415.297231109924	0	1	1	1	1	2	2.085	2.4952	0.00775795	0.1172	1.10013787258126	-1.569751514270996	1.096864792079864	798953356.7082959	0	0	7978.295896489747	28265.69144901838	28267.47729265574	124.202393070522	63659878.57596757	0	0	0	0.0005109992890970277	0.1056584461634128	1.776821255588585	0.1000000706649286	1.510001067040423	172.5001218970019	0.1000000706649286	0.1000000706649286	4.920003476714489	91.18766443765244	91.18766443765244	80.38505680400287	80.38505680400287	124.202393070522	1	125.0901325921153	0	1	0	0	1	0	7978.295896489747	7978.295898888627	28267.47757408921	28265.69144944588	28269.23085516553	28267.47729265574	28265.69178993671	0.000473794438563466	0.0009312097739042447	-0.9999994541834446	-0.003273294889023031	0.9999942106252266	0.0009296540212882293	0.999994530514742	0.003272852637499415	0.0004768398197834071	1.10013787258126	-1.569751514270996	1.096864792079864	0.0005743707124154402	0.008672997757473147	0.990789478916634	0.0005743707124154402	0.0005743707124154402	0.02825903905083965	2.935028183188861e-06	0.0006068707411111021	0.01020553369234002	
187	42.66468393844784	246.2198247850778	2.71828	1.21358	1.16637e-05	0.2581069881028696	3.71839689095135	-0.132763631017867	4.952378749000896	1.642829253100163	9.765760479361596	-0.1936625602231952	-4.468564700985716	4.920003476714489	1.510001067040423	0.1000000706649286	0.0005109992890970277	0.1056584461634128	0.1000000706649286	172.5001218970019	1.776821255588585	0.1000000706649286	91.18766443765244	0	0	0	3.14159	-2781.290891454129	1415.297231109924	0	1	1	1	1	2	2.085	2.4952	0.00775795	0.1172	1.10013787258126	-1.569751514270996	1.096864792079864	798953356.7082959	0	0	7978.295896489747	28265.69144901838	28267.47729265574	124.202393070522	63659878.57596757	0	0	0	0.0005109992890970277	0.1056584461634128	1.776821255588585	0.1000000706649286	1.510001067040423	172.5001218970019	0.1000000706649286	0.1000000706649286	4.920003476714489	91.18766443765244	91.18766443765244	80.38505680400287	80.38505680400287	124.202393070522	1	125.0901325921153	0	1	0	0	1	0	7978.295896489747	7978.295898888627	28267.47757408921	28265.69144944588	28269.23085516553	28267.47729265574	28265.69178993671	0.000473794438563466	0.0009312097739042447	-0.9999994541834446	-0.003273294889023031	0.9999942106252266	0.0009296540212882293	0.999994530514742	0.003272852637499415	0.0004768398197834071	1.10013787258126	-1.569751514270996	1.096864792079864	0.0005743707124154402	0.008672997757473147	0.990789478916634	0.0005743707124154402	0.0005743707124154402	0.02825903905083965	2.935028183188861e-06	0.0006068707411111021	0.01020553369234002	
188	42.43774413026461	246.2198247850778	2.71828	1.21358	1.16637e-05	0.2581069881028696	3.71839689095135	-0.132763631017867	4.952378749000896	1.642829253100163	9.765760479361596	-0.1936625602231952	-4.468564700985716	4.920003476714489	1.510001067040423	0.1000000706649286	0.0005109992890970277	0.1056584461634128	0.1000000706649286	172.5001218970019	1.776821255588585	0.1000000706649286	91.18766443765244	0	0	0	3.14159	-2781.290891454129	1415.297231109924	0	1	1	1	1	2	2.085	2.4952	0.00775795	0.1172	1.10013787258126	-1.569751514270996	1.096864792079864	798953356.7082959	0	0	7978.295896489747	28265.69144901838	28267.47729265574	124.202393070522	63659878.57596757	0	0	0	0.0005109992890970277	0.1056584461634128	1.776821255588585	0.1000000706649286	1.510001067040423	172.5001218970019	0.1000000706649286	0.1000000706649286	4.920003476714489	91.18766443765244	91.18766443765244	80.38505680400287	80.38505680400287	124.202393070522	1	125.0901325921153	0	1	0	0	1	0	7978.295896489747	7978.295898888627	28267.47757408921	28265.69144944588	28269.23085516553	28267.47729265574	28265.69178993671	0.000473794438563466	0.0009312097739042447	-0.9999994541834446	-0.003273294889023031	0.9999942106252266	0.0009296540212882293	0.999994530514742	0.003272852637499415	0.0004768398197834071	1.10013787258126	-1.569751514270996	1.096864792079864	0.0005743707124154402	0.008672997757473147	0.990789478916634	0.0005743707124154402	0.0005743707124154402	0.02825903905083965	2.935028183188861e-06	0.0006068707411111021	0.01020553369234002	
189	42.21320580153305	246.2198247850778	2.71828	1.21358	1.16637e-05	0.2581069881028696	3.71839689095135	-0.132763631017867	4.952378749000896	1.642829253100163	9.765760479361596	-0.1936625602231952	-4.468564700985716	4.920003476714489	1.510001067040423	0.1000000706649286	0.0005109992890970277	0.1056584461634128	0.1000000706649286	172.5001218970019	1.776821255588585	0.1000000706649286	91.18766443765244	0	0	0	3.14159	-2781.290891454129	1415.297231109924	0	1	1	1	1	2	2.085	2.4952	0.00775795	0.1172	1.10013787258126	-1.569751514270996	1.096864792079864	798953356.7082959	0	0	7978.295896489747	28265.69144901838	28267.47729265574	124.202393070522	63659878.57596757	0	0	0	0.0005109992890970277	0.1056584461634128	1.776821255588585	0.1000000706649286	1.510001067040423	172.5001218970019	0.1000000706649286	0.1000000706649286	4.920003476714489	91.18766443765244	91.18766443765244	80.38505680400287	80.38505680400287	124.202393070522	1	125.0901325921153	0	1	0	0	1	0	7978.295896489747	7978.295898888627	28267.47757408921	28265.69144944588	28269.23085516553	28267.47729265574	28265.69178993671	0.000473794438563466	0.0009312097739042447	-0.9999994541834446	-0.003273294889023031	0.9999942106252266	0.0009296540212882293	0.999994530514742	0.003272852637499415	0.0004768398197834071	1.10013787258126	-1.569751514270996	1.096864792079864	0.0005743707124154402	0.008672997757473147	0.990789478916634	0.0005743707124154402	0.0005743707124154402	0.02825903905083965	2.935028183188861e-06	0.0006068707411111021	0.01020553369234002	
190	41.99103103415656	246.2198247850778	2.71828	1.21358	1.16637e-05	0.2581069881028696	3.71839689095135	-0.132763631017867	4.952378749000896	1.642829253100163	9.765760479361596	-0.1936625602231952	-4.468564700985716	4.920003476714489	1.510001067040423	0.1000000706649286	0.0005109992890970277	0.1056584461634128	0.1000000706649286	172.5001218970019	1.776821255588585	0.1000000706649286	91.18766443765244	0	0	0	3.14159	-2781.290891454129	1415.297231109924	0	1	1	1	1	2	2.085	2.4952	0.00775795	0.1172	1.10013787258126	-1.569751514270996	1.096864792079864	798953356.7082959	0	0	7978.295896489747	28265.69144901838	28267.47729265574	124.202393070522	63659878.57596757	0	0	0	0.0005109992890970277	0.1056584461634128	1.776821255588585	0.1000000706649286	1.510001067040423	172.5001218970019	0.1000000706649286	0.1000000706649286	4.920003476714489	91.18766443765244	91.18766443765244	80.38505680400287	80.38505680400287	124.202393070522	1	125.0901325921153	0	1	0	0	1	0	7978.295896489747	7978.295898888627	28267.47757408921	28265.69144944588	28269.23085516553	28267.47729265574	28265.69178993671	0.000473794438563466	0.0009312097739042447	-0.9999994541834446	-0.003273294889023031	0.9999942106252266	0.0009296540212882293	0.999994530514742	0.003272852637499415	0.0004768398197834071	1.10013787258126	-1.569751514270996	1.096864792079864	0.0005743707124154402	0.008672997757473147	0.990789478916634	0.0005743707124154402	0.0005743707124154402	0.02825903905083965	2.935028183188861e-06	0.0006068707411111021	0.01020553369234002	
191	41.7711827041348	246.2198247850778	2.71828	1.21358	1.16637e-05	0.2581069881028696	3.71839689095135	-0.132763631017867	4.952378749000896	1.642829253100163	9.765760479361596	-0.1936625602231952	-4.468564700985716	4.920003476714489	1.510001067040423	0.1000000706649286	0.0005109992890970277	0.1056584461634128	0.1000000706649286	172.5001218970019	1.776821255588585	0.1000000706649286	91.18766443765244	0	0	0	3.14159	-2781.290891454129	1415.297231109924	0	1	1	1	1	2	2.085	2.4952	0.00775795	0.1172	1.10013787258126	-1.569751514270996	1.096864792079864	798953356.7082959	0	0	7978.295896489747	28265.69144901838	28267.47729265574	124.202393070522	63659878.57596757	0	0	0	0.0005109992890970277	0.1056584461634128	1.776821255588585	0.1000000706649286	1.510001067040423	172.5001218970019	0.1000000706649286	0.1000000706649286	4.920003476714489	91.18766443765244	91.18766443765244	80.38505680400287	80.38505680400287	124.202393070522	1	125.0901325921153	0	1	0	0	1	0	7978.295896489747	7978.295898888627	28267.47757408921	28265.69144944588	28269.23085516553	28267.47729265574	28265.69178993671	0.000473794438563466	0.0009312097739042447	-0.9999994541834446	-0.003273294889023031	0.9999942106252266	0.0009296540212882293	0.999994530514742	0.003272852637499415	0.0004768398197834071	1.10013787258126	-1.569751514270996	1.096864792079864	0.0005743707124154402	0.008672997757473147	0.990789478916634	0.0005743707124154402	0.0005743707124154402	0.02825903905083965	2.935028183188861e-06	0.0006068707411111021	0.01020553369234002	
192	41.5536244608841	246.2198247850778	2.71828	1.21358	1.16637e-05	0.2581069881028696	3.71839689095135	-0.132763631017867	4.952378749000896	1.642829253100163	9.765760479361596	-0.1936625602231952	-4.468564700985716	4.920003476714489	1.510001067040423	0.1000000706649286	0.0005109992890970277	0.1056584461634128	0.1000000706649286	172.5001218970019	1.776821255588585	0.1000000706649286	91.18766443765244	0	0	0	3.14159	-2781.290891454129	1415.297231109924	0	1	1	1	1	2	2.085	2.4952	0.00775795	0.1172	1.10013787258126	-1.569751514270996	1.096864792079864	798953356.7082959	0	0	7978.295896489747	28265.69144901838	28267.47729265574	124.202393070522	63659878.57596757	0	0	0	0.0005109992890970277	0.1056584461634128	1.776821255588585	0.1000000706649286	1.510001067040423	172.5001218970019	0.1000000706649286	0.1000000706649286	4.920003476714489	91.18766443765244	91.18766443765244	80.38505680400287	80.38505680400287	124.202393070522	1	125.0901325921153	0	1	0	0	1	0	7978.295896489747	7978.295898888627	28267.47757408921	28265.69144944588	28269.23085516553	28267.47729265574	28265.69178993671	0.000473794438563466	0.0009312097739042447	-0.9999994541834446	-0.003273294889023031	0.9999942106252266	0.0009296540212882293	0.999994530514742	0.003272852637499415	0.0004768398197834071	1.10013787258126	-1.569751514270996	1.096864792079864	0.0005743707124154402	0.008672997757473147	0.990789478916634	0.0005743707124154402	0.0005743707124154402	0.02825903905083965	2.935028183188861e-06	0.0006068707411111021	0.01020553369234002	
193	41.33832070720077	246.2198247850778	2.71828	1.21358	1.16637e-05	0.2581069881028696	3.71839689095135	-0.132763631017867	4.952378749000896	1.642829253100163	9.765760479361596	-0.1936625602231952	-4.468564700985716	4.920003476714489	1.510001067040423	0.1000000706649286	0.0005109992890970277	0.1056584461634128	0.1000000706649286	172.5001218970019	1.776821255588585	0.1000000706649286	91.18766443765244	0	0	0	3.14159	-2781.290891454129	1415.297231109924	0	1	1	1	1	2	2.085	2.4952	0.00775795	0.1172	1.10013787258126	-1.569751514270996	1.096864792079864	798953356.7082959	0	0	7978.295896489747	28265.69144901838	28267.47729265574	124.202393070522	63659878.57596757	0	0	0	0.0005109992890970277	0.1056584461634128	1.776821255588585	0.1000000706649286	1.510001067040423	172.5001218970019	0.1000000706649286	0.1000000706649286	4.920003476714489	91.18766443765244	91.18766443765244	80.38505680400287	80.38505680400287	124.202393070522	1	125.0901325921153	0	1	0	0	1	0	7978.295896489747	7978.295898888627	28267.47757408921	28265.69144944588	28269.23085516553	28267.47729265574	28265.69178993671	0.000473794438563466	0.0009312097739042447	-0.9999994541834446	-0.003273294889023031	0.9999942106252266	0.0009296540212882293	0.999994530514742	0.003272852637499415	0.0004768398197834071	1.10013787258126	-1.569751514270996	1.096864792079864	0.0005743707124154402	0.008672997757473147	0.990789478916634	0.0005743707124154402	0.0005743707124154402	0.02825903905083965	2.935028183188861e-06	0.0006068707411111021	0.01020553369234002	
194	41.12523657984406	246.2198247850778	2.71828	1.21358	1.16637e-05	0.2581069881028696	3.71839689095135	-0.132763631017867	4.952378749000896	1.642829253100163	9.765760479361596	-0.1936625602231952	-4.468564700985716	4.920003476714489	1.510001067040423	0.1000000706649286	0.0005109992890970277	0.1056584461634128	0.1000000706649286	172.5001218970019	1.776821255588585	0.1000000706649286	91.18766443765244	0	0	0	3.14159	-2781.290891454129	1415.297231109924	0	1	1	1	1	2	2.085	2.4952	0.00775795	0.1172	1.10013787258126	-1.569751514270996	1.096864792079864	798953356.7082959	0	0	7978.295896489747	28265.69144901838	28267.47729265574	124.202393070522	63659878.57596757	0	0	0	0.0005109992890970277	0.1056584461634128	1.776821255588585	0.1000000706649286	1.510001067040423	172.5001218970019	0.1000000706649286	0.1000000706649286	4.920003476714489	91.18766443765244	91.18766443765244	80.38505680400287	80.38505680400287	124.202393070522	1	125.0901325921153	0	1	0	0	1	0	7978.295896489747	7978.295898888627	28267.47757408921	28265.69144944588	28269.23085516553	28267.47729265574	28265.69178993671	0.000473794438563466	0.0009312097739042447	-0.9999994541834446	-0.003273294889023031	0.9999942106252266	0.0009296540212882293	0.999994530514742	0.003272852637499415	0.0004768398197834071	1.10013787258126	-1.569751514270996	1.096864792079864	0.0005743707124154402	0.008672997757473147	0.990789478916634	0.0005743707124154402	0.0005743707124154402	0.02825903905083965	2.935028183188861e-06	0.0006068707411111021	0.01020553369234002	
195	40.91433793071665	246.2198247850778	2.71828	1.21358	1.16637e-05	0.2581069881028696	3.71839689095135	-0.132763631017867	4.952378749000896	1.642829253100163	9.765760479361596	-0.1936625602231952	-4.468564700985716	4.920003476714489	1.510001067040423	0.1000000706649286	0.0005109992890970277	0.1056584461634128	0.1000000706649286	172.5001218970019	1.776821255588585	0.1000000706649286	91.18766443765244	0	0	0	3.14159	-2781.290891454129	1415.297231109924	0	1	1	1	1	2	2.085	2.4952	0.00775795	0.1172	1.10013787258126	-1.569751514270996	1.096864792079864	798953356.7082959	0	0	7978.295896489747	28265.69144901838	28267.47729265574	124.202393070522	63659878.57596757	0	0	0	0.0005109992890970277	0.1056584461634128	1.776821255588585	0.1000000706649286	1.510001067040423	172.5001218970019	0.1000000706649286	0.1000000706649286	4.920003476714489	91.18766443765244	91.18766443765244	80.38505680400287	80.38505680400287	124.202393070522	1	125.0901325921153	0	1	0	0	1	0	7978.295896489747	7978.295898888627	28267.47757408921	28265.69144944588	28269.23085516553	28267.47729265574	28265.69178993671	0.000473794438563466	0.0009312097739042447	-0.9999994541834446	-0.003273294889023031	0.9999942106252266	0.0009296540212882293	0.999994530514742	0.003272852637499415	0.0004768398197834071	1.10013787258126	-1.569751514270996	1.096864792079864	0.0005743707124154402	0.008672997757473147	0.990789478916634	0.0005743707124154402	0.0005743707124154402	0.02825903905083965	2.935028183188861e-06	0.0006068707411111021	0.01020553369234002	
196	40.70559130862116	246.2198247850778	2.71828	1.21358	1.16637e-05	0.2581069881028696	3.71839689095135	-0.132763631017867	4.952378749000896	1.642829253100163	9.765760479361596	-0.1936625602231952	-4.468564700985716	4.920003476714489	1.510001067040423	0.1000000706649286	0.0005109992890970277	0.1056584461634128	0.1000000706649286	172.5001218970019	1.776821255588585	0.1000000706649286	91.18766443765244	0	0	0	3.14159	-2781.290891454129	1415.297231109924	0	1	1	1	1	2	2.085	2.4952	0.00775795	0.1172	1.10013787258126	-1.569751514270996	1.096864792079864	798953356.7082959	0	0	7978.295896489747	28265.69144901838	28267.47729265574	124.202393070522	63659878.57596757	0	0	0	0.0005109992890970277	0.1056584461634128	1.776821255588585	0.1000000706649286	1.510001067040423	172.5001218970019	0.1000000706649286	0.1000000706649286	4.920003476714489	91.18766443765244	91.18766443765244	80.38505680400287	80.38505680400287	124.202393070522	1	125.0901325921153	0	1	0	0	1	0	7978.295896489747	7978.295898888627	28267.47757408921	28265.69144944588	28269.23085516553	28267.47729265574	28265.69178993671	0.000473794438563466	0.0009312097739042447	-0.9999994541834446	-0.003273294889023031	0.9999942106252266	0.0009296540212882293	0.999994530514742	0.003272852637499415	0.0004768398197834071	1.10013787258126	-1.569751514270996	1.096864792079864	0.0005743707124154402	0.008672997757473147	0.990789478916634	0.0005743707124154402	0.0005743707124154402	0.02825903905083965	2.935028183188861e-06	0.0006068707411111021	0.01020553369234002	
197	40.49896394157232	246.2198247850778	2.71828	1.21358	1.16637e-05	0.2581069881028696	3.71839689095135	-0.132763631017867	4.952378749000896	1.642829253100163	9.765760479361596	-0.1936625602231952	-4.468564700985716	4.920003476714489	1.510001067040423	0.1000000706649286	0.0005109992890970277	0.1056584461634128	0.1000000706649286	172.5001218970019	1.776821255588585	0.1000000706649286	91.18766443765244	0	0	0	3.14159	-2781.290891454129	1415.297231109924	0	1	1	1	1	2	2.085	2.4952	0.00775795	0.1172	1.10013787258126	-1.569751514270996	1.096864792079864	798953356.7082959	0	0	7978.295896489747	28265.69144901838	28267.47729265574	124.202393070522	63659878.57596757	0	0	0	0.0005109992890970277	0.1056584461634128	1.776821255588585	0.1000000706649286	1.510001067040423	172.5001218970019	0.1000000706649286	0.1000000706649286	4.920003476714489	91.18766443765244	91.18766443765244	80.38505680400287	80.38505680400287	124.202393070522	1	125.0901325921153	0	1	0	0	1	0	7978.295896489747	7978.295898888627	28267.47757408921	28265.69144944588	28269.23085516553	28267.47729265574	28265.69178993671	0.000473794438563466	0.0009312097739042447	-0.9999994541834446	-0.003273294889023031	0.9999942106252266	0.0009296540212882293	0.999994530514742	0.003272852637499415	0.0004768398197834071	1.10013787258126	-1.569751514270996	1.096864792079864	0.0005743707124154402	0.008672997757473147	0.990789478916634	0.0005743707124154402	0.0005743707124154402	0.02825903905083965	2.935028183188861e-06	0.0006068707411111021	0.01020553369234002	
198	40.29442371964519	246.2198247850778	2.71828	1.21358	1.16637e-05	0.2581069881028696	3.71839689095135	-0.132763631017867	4.952378749000896	1.642829253100163	9.765760479361596	-0.1936625602231952	-4.468564700985716	4.920003476714489	1.510001067040423	0.1000000706649286	0.0005109992890970277	0.1056584461634128	0.1000000706649286	172.5001218970019	1.776821255588585	0.1000000706649286	91.18766443765244	0	0	0	3.14159	-2781.290891454129	1415.297231109924	0	1	1	1	1	2	2.085	2.4952	0.00775795	0.1172	1.10013787258126	-1.569751514270996	1.096864792079864	798953356.7082959	0	0	7978.295896489747	28265.69144901838	28267.47729265574	124.202393070522	63659878.57596757	0	0	0	0.0005109992890970277	0.1056584461634128	1.776821255588585	0.1000000706649286	1.510001067040423	172.5001218970019	0.1000000706649286	0.1000000706649286	4.920003476714489	91.18766443765244	91.18766443765244	80.38505680400287	80.38505680400287	124.202393070522	1	125.0901325921153	0	1	0	0	1	0	7978.295896489747	7978.295898888627	28267.47757408921	28265.69144944588	28269.23085516553	28267.47729265574	28265.69178993671	0.000473794438563466	0.0009312097739042447	-0.9999994541834446	-0.003273294889023031	0.9999942106252266	0.0009296540212882293	0.999994530514742	0.003272852637499415	0.0004768398197834071	1.10013787258126	-1.569751514270996	1.096864792079864	0.0005743707124154402	0.008672997757473147	0.990789478916634	0.0005743707124154402	0.0005743707124154402	0.02825903905083965	2.935028183188861e-06	0.0006068707411111021	0.01020553369234002	
199	40.09193917834044	246.2198247850778	2.71828	1.21358	1.16637e-05	0.2581069881028696	3.71839689095135	-0.132763631017867	4.952378749000896	1.642829253100163	9.765760479361596	-0.1936625602231952	-4.468564700985716	4.920003476714489	1.510001067040423	0.1000000706649286	0.0005109992890970277	0.1056584461634128	0.1000000706649286	172.5001218970019	1.776821255588585	0.1000000706649286	91.18766443765244	0	0	0	3.14159	-2781.290891454129	1415.297231109924	0	1	1	1	1	2	2.085	2.4952	0.00775795	0.1172	1.10013787258126	-1.569751514270996	1.096864792079864	798953356.7082959	0	0	7978.295896489747	28265.69144901838	28267.47729265574	124.202393070522	63659878.57596757	0	0	0	0.0005109992890970277	0.1056584461634128	1.776821255588585	0.1000000706649286	1.510001067040423	172.5001218970019	0.1000000706649286	0.1000000706649286	4.920003476714489	91.18766443765244	91.18766443765244	80.38505680400287	80.38505680400287	124.202393070522	1	125.0901325921153	0	1	0	0	1	0	7978.295896489747	7978.295898888627	28267.47757408921	28265.69144944588	28269.23085516553	28267.47729265574	28265.69178993671	0.000473794438563466	0.0009312097739042447	-0.9999994541834446	-0.003273294889023031	0.9999942106252266	0.0009296540212882293	0.999994530514742	0.003272852637499415	0.0004768398197834071	1.10013787258126	-1.569751514270996	1.096864792079864	0.0005743707124154402	0.008672997757473147	0.990789478916634	0.0005743707124154402	0.0005743707124154402	0.02825903905083965	2.935028183188861e-06	0.0006068707411111021	0.01020553369234002	
200	39.89147948244874	246.2198247850778	2.71828	1.21358	1.16637e-05	0.2581069881028696	3.71839689095135	-0.132763631017867	4.952378749000896	1.642829253100163	9.765760479361596	-0.1936625602231952	-4.468564700985716	4.920003476714489	1.510001067040423	0.1000000706649286	0.0005109992890970277	0.1056584461634128	0.1000000706649286	172.5001218970019	1.776821255588585	0.1000000706649286	91.18766443765244	0	0	0	3.14159	-2781.290891454129	1415.297231109924	0	1	1	1	1	2	2.085	2.4952	0.00775795	0.1172	1.10013787258126	-1.569751514270996	1.096864792079864	798953356.7082959	0	0	7978.295896489747	28265.69144901838	28267.47729265574	124.202393070522	63659878.57596757	0	0	0	0.0005109992890970277	0.1056584461634128	1.776821255588585	0.1000000706649286	1.510001067040423	172.5001218970019	0.1000000706649286	0.1000000706649286	4.920003476714489	91.18766443765244	91.18766443765244	80.38505680400287	80.38505680400287	124.202393070522	1	125.0901325921153	0	1	0	0	1	0	7978.295896489747	7978.295898888627	28267.47757408921	28265.69144944588	28269.23085516553	28267.47729265574	28265.69178993671	0.000473794438563466	0.0009312097739042447	-0.9999994541834446	-0.003273294889023031	0.9999942106252266	0.0009296540212882293	0.999994530514742	0.003272852637499415	0.0004768398197834071	1.10013787258126	-1.569751514270996	1.096864792079864	0.0005743707124154402	0.008672997757473147	0.990789478916634	0.0005743707124154402	0.0005743707124154402	0.02825903905083965	2.935028183188861e-06	0.0006068707411111021	0.01020553369234002	
201	39.69301441039675	246.2198247850778	2.71828	1.21358	1.16637e-05	0.2581069881028696	3.71839689095135	-0.132763631017867	4.952378749000896	1.642829253100163	9.765760479361596	-0.1936625602231952	-4.468564700985716	4.920003476714489	1.510001067040423	0.1000000706649286	0.0005109992890970277	0.1056584461634128	0.1000000706649286	172.5001218970019	1.776821255588585	0.1000000706649286	91.18766443765244	0	0	0	3.14159	-2781.290891454129	1415.297231109924	0	1	1	1	1	2	2.085	2.4952	0.00775795	0.1172	1.10013787258126	-1.569751514270996	1.096864792079864	798953356.7082959	0	0	7978.295896489747	28265.69144901838	28267.47729265574	124.202393070522	63659878.57596757	0	0	0	0.0005109992890970277	0.1056584461634128	1.776821255588585	0.1000000706649286	1.510001067040423	172.5001218970019	0.1000000706649286	0.1000000706649286	4.920003476714489	91.18766443765244	91.18766443765244	80.38505680400287	80.38505680400287	124.202393070522	1	125.0901325921153	0	1	0	0	1	0	7978.295896489747	7978.295898888627	28267.47757408921	28265.69144944588	28269.23085516553	28267.47729265574	28265.69178993671	0.000473794438563466	0.0009312097739042447	-0.9999994541834446	-0.003273294889023031	0.9999942106252266	0.0009296540212882293	0.999994530514742	0.003272852637499415	0.0004768398197834071	1.10013787258126	-1.569751514270996	1.096864792079864	0.0005743707124154402	0.008672997757473147	0.990789478916634	0.0005743707124154402	0.0005743707124154402	0.02825903905083965	2.935028183188861e-06	0.0006068707411111021	0.01020553369234002	
202	39.49651433905815	246.2198247850778	2.71828	1.21358	1.16637e-05	0.2581069881028696	3.71839689095135	-0.132763631017867	4.952378749000896	1.642829253100163	9.765760479361596	-0.1936625602231952	-4.468564700985716	4.920003476714489	1.510001067040423	0.1000000706649286	0.0005109992890970277	0.1056584461634128	0.1000000706649286	172.5001218970019	1.776821255588585	0.1000000706649286	91.18766443765244	0	0	0	3.14159	-2781.290891454129	1415.297231109924	0	1	1	1	1	2	2.085	2.4952	0.00775795	0.1172	1.10013787258126	-1.569751514270996	1.096864792079864	798953356.7082959	0	0	7978.295896489747	28265.69144901838	28267.47729265574	124.202393070522	63659878.57596757	0	0	0	0.0005109992890970277	0.1056584461634128	1.776821255588585	0.1000000706649286	1.510001067040423	172.5001218970019	0.1000000706649286	0.1000000706649286	4.920003476714489	91.18766443765244	91.18766443765244	80.38505680400287	80.38505680400287	124.202393070522	1	125.0901325921153	0	1	0	0	1	0	7978.295896489747	7978.295898888627	28267.47757408921	28265.69144944588	28269.23085516553	28267.47729265574	28265.69178993671	0.000473794438563466	0.0009312097739042447	-0.9999994541834446	-0.003273294889023031	0.9999942106252266	0.0009296540212882293	0.999994530514742	0.003272852637499415	0.0004768398197834071	1.10013787258126	-1.569751514270996	1.096864792079864	0.0005743707124154402	0.008672997757473147	0.990789478916634	0.0005743707124154402	0.0005743707124154402	0.02825903905083965	2.935028183188861e-06	0.0006068707411111021	0.01020553369234002	
203	39.30195022901353	246.2198247850778	2.71828	1.21358	1.16637e-05	0.2581069881028696	3.71839689095135	-0.132763631017867	4.952378749000896	1.642829253100163	9.765760479361596	-0.1936625602231952	-4.468564700985716	4.920003476714489	1.510001067040423	0.1000000706649286	0.0005109992890970277	0.1056584461634128	0.1000000706649286	172.5001218970019	1.776821255588585	0.1000000706649286	91.18766443765244	0	0	0	3.14159	-2781.290891454129	1415.297231109924	0	1	1	1	1	2	2.085	2.4952	0.00775795	0.1172	1.10013787258126	-1.569751514270996	1.096864792079864	798953356.7082959	0	0	7978.295896489747	28265.69144901838	28267.47729265574	124.202393070522	63659878.57596757	0	0	0	0.0005109992890970277	0.1056584461634128	1.776821255588585	0.1000000706649286	1.510001067040423	172.5001218970019	0.1000000706649286	0.1000000706649286	4.920003476714489	91.18766443765244	91.18766443765244	80.38505680400287	80.38505680400287	124.202393070522	1	125.0901325921153	0	1	0	0	1	0	7978.295896489747	7978.295898888627	28267.47757408921	28265.69144944588	28269.23085516553	28267.47729265574	28265.69178993671	0.000473794438563466	0.0009312097739042447	-0.9999994541834446	-0.003273294889023031	0.9999942106252266	0.0009296540212882293	0.999994530514742	0.003272852637499415	0.0004768398197834071	1.10013787258126	-1.569751514270996	1.096864792079864	0.0005743707124154402	0.008672997757473147	0.990789478916634	0.0005743707124154402	0.0005743707124154402	0.02825903905083965	2.935028183188861e-06	0.0006068707411111021	0.01020553369234002	
204	39.10929361024386	246.2198247850778	2.71828	1.21358	1.16637e-05	0.2581069881028696	3.71839689095135	-0.132763631017867	4.952378749000896	1.642829253100163	9.765760479361596	-0.1936625602231952	-4.468564700985716	4.920003476714489	1.510001067040423	0.1000000706649286	0.0005109992890970277	0.1056584461634128	0.1000000706649286	172.5001218970019	1.776821255588585	0.1000000706649286	91.18766443765244	0	0	0	3.14159	-2781.290891454129	1415.297231109924	0	1	1	1	1	2	2.085	2.4952	0.00775795	0.1172	1.10013787258126	-1.569751514270996	1.096864792079864	798953356.7082959	0	0	7978.295896489747	28265.69144901838	28267.47729265574	124.202393070522	63659878.57596757	0	0	0	0.0005109992890970277	0.1056584461634128	1.776821255588585	0.1000000706649286	1.510001067040423	172.5001218970019	0.1000000706649286	0.1000000706649286	4.920003476714489	91.18766443765244	91.18766443765244	80.38505680400287	80.38505680400287	124.202393070522	1	125.0901325921153	0	1	0	0	1	0	7978.295896489747	7978.295898888627	28267.47757408921	28265.69144944588	28269.23085516553	28267.47729265574	28265.69178993671	0.000473794438563466	0.0009312097739042447	-0.9999994541834446	-0.003273294889023031	0.9999942106252266	0.0009296540212882293	0.999994530514742	0.003272852637499415	0.0004768398197834071	1.10013787258126	-1.569751514270996	1.096864792079864	0.0005743707124154402	0.008672997757473147	0.990789478916634	0.0005743707124154402	0.0005743707124154402	0.02825903905083965	2.935028183188861e-06	0.0006068707411111021	0.01020553369234002	
205	38.91851656824267	246.2198247850778	2.71828	1.21358	1.16637e-05	0.2581069881028696	3.71839689095135	-0.132763631017867	4.952378749000896	1.642829253100163	9.765760479361596	-0.1936625602231952	-4.468564700985716	4.920003476714489	1.510001067040423	0.1000000706649286	0.0005109992890970277	0.1056584461634128	0.1000000706649286	172.5001218970019	1.776821255588585	0.1000000706649286	91.18766443765244	0	0	0	3.14159	-2781.290891454129	1415.297231109924	0	1	1	1	1	2	2.085	2.4952	0.00775795	0.1172	1.10013787258126	-1.569751514270996	1.096864792079864	798953356.7082959	0	0	7978.295896489747	28265.69144901838	28267.47729265574	124.202393070522	63659878.57596757	0	0	0	0.0005109992890970277	0.1056584461634128	1.776821255588585	0.1000000706649286	1.510001067040423	172.5001218970019	0.1000000706649286	0.1000000706649286	4.920003476714489	91.18766443765244	91.18766443765244	80.38505680400287	80.38505680400287	124.202393070522	1	125.0901325921153	0	1	0	0	1	0	7978.295896489747	7978.295898888627	28267.47757408921	28265.69144944588	28269.23085516553	28267.47729265574	28265.69178993671	0.000473794438563466	0.0009312097739042447	-0.9999994541834446	-0.003273294889023031	0.9999942106252266	0.0009296540212882293	0.999994530514742	0.003272852637499415	0.0004768398197834071	1.10013787258126	-1.569751514270996	1.096864792079864	0.0005743707124154402	0.008672997757473147	0.990789478916634	0.0005743707124154402	0.0005743707124154402	0.02825903905083965	2.935028183188861e-06	0.0006068707411111021	0.01020553369234002	
206	38.72959173053275	246.2198247850778	2.71828	1.21358	1.16637e-05	0.2581069881028696	3.71839689095135	-0.132763631017867	4.952378749000896	1.642829253100163	9.765760479361596	-0.1936625602231952	-4.468564700985716	4.920003476714489	1.510001067040423	0.1000000706649286	0.0005109992890970277	0.1056584461634128	0.1000000706649286	172.5001218970019	1.776821255588585	0.1000000706649286	91.18766443765244	0	0	0	3.14159	-2781.290891454129	1415.297231109924	0	1	1	1	1	2	2.085	2.4952	0.00775795	0.1172	1.10013787258126	-1.569751514270996	1.096864792079864	798953356.7082959	0	0	7978.295896489747	28265.69144901838	28267.47729265574	124.202393070522	63659878.57596757	0	0	0	0.0005109992890970277	0.1056584461634128	1.776821255588585	0.1000000706649286	1.510001067040423	172.5001218970019	0.1000000706649286	0.1000000706649286	4.920003476714489	91.18766443765244	91.18766443765244	80.38505680400287	80.38505680400287	124.202393070522	1	125.0901325921153	0	1	0	0	1	0	7978.295896489747	7978.295898888627	28267.47757408921	28265.69144944588	28269.23085516553	28267.47729265574	28265.69178993671	0.000473794438563466	0.0009312097739042447	-0.9999994541834446	-0.003273294889023031	0.9999942106252266	0.0009296540212882293	0.999994530514742	0.003272852637499415	0.0004768398197834071	1.10013787258126	-1.569751514270996	1.096864792079864	0.0005743707124154402	0.008672997757473147	0.990789478916634	0.0005743707124154402	0.0005743707124154402	0.02825903905083965	2.935028183188861e-06	0.0006068707411111021	0.01020553369234002	
207	38.54249225357366	246.2198247850778	2.71828	1.21358	1.16637e-05	0.2581069881028696	3.71839689095135	-0.132763631017867	4.952378749000896	1.642829253100163	9.765760479361596	-0.1936625602231952	-4.468564700985716	4.920003476714489	1.510001067040423	0.1000000706649286	0.0005109992890970277	0.1056584461634128	0.1000000706649286	172.5001218970019	1.776821255588585	0.1000000706649286	91.18766443765244	0	0	0	3.14159	-2781.290891454129	1415.297231109924	0	1	1	1	1	2	2.085	2.4952	0.00775795	0.1172	1.10013787258126	-1.569751514270996	1.096864792079864	798953356.7082959	0	0	7978.295896489747	28265.69144901838	28267.47729265574	124.202393070522	63659878.57596757	0	0	0	0.0005109992890970277	0.1056584461634128	1.776821255588585	0.1000000706649286	1.510001067040423	172.5001218970019	0.1000000706649286	0.1000000706649286	4.920003476714489	91.18766443765244	91.18766443765244	80.38505680400287	80.38505680400287	124.202393070522	1	125.0901325921153	0	1	0	0	1	0	7978.295896489747	7978.295898888627	28267.47757408921	28265.69144944588	28269.23085516553	28267.47729265574	28265.69178993671	0.000473794438563466	0.0009312097739042447	-0.9999994541834446	-0.003273294889023031	0.9999942106252266	0.0009296540212882293	0.999994530514742	0.003272852637499415	0.0004768398197834071	1.10013787258126	-1.569751514270996	1.096864792079864	0.0005743707124154402	0.008672997757473147	0.990789478916634	0.0005743707124154402	0.0005743707124154402	0.02825903905083965	2.935028183188861e-06	0.0006068707411111021	0.01020553369234002	
208	38.35719181004686	246.2198247850778	2.71828	1.21358	1.16637e-05	0.2581069881028696	3.71839689095135	-0.132763631017867	4.952378749000896	1.642829253100163	9.765760479361596	-0.1936625602231952	-4.468564700985716	4.920003476714489	1.510001067040423	0.1000000706649286	0.0005109992890970277	0.1056584461634128	0.1000000706649286	172.5001218970019	1.776821255588585	0.1000000706649286	91.18766443765244	0	0	0	3.14159	-2781.290891454129	1415.297231109924	0	1	1	1	1	2	2.085	2.4952	0.00775795	0.1172	1.10013787258126	-1.569751514270996	1.096864792079864	798953356.7082959	0	0	7978.295896489747	28265.69144901838	28267.47729265574	124.202393070522	63659878.57596757	0	0	0	0.0005109992890970277	0.1056584461634128	1.776821255588585	0.1000000706649286	1.510001067040423	172.5001218970019	0.1000000706649286	0.1000000706649286	4.920003476714489	91.18766443765244	91.18766443765244	80.38505680400287	80.38505680400287	124.202393070522	1	125.0901325921153	0	1	0	0	1	0	7978.295896489747	7978.295898888627	28267.47757408921	28265.69144944588	28269.23085516553	28267.47729265574	28265.69178993671	0.000473794438563466	0.0009312097739042447	-0.9999994541834446	-0.003273294889023031	0.9999942106252266	0.0009296540212882293	0.999994530514742	0.003272852637499415	0.0004768398197834071	1.10013787258126	-1.569751514270996	1.096864792079864	0.0005743707124154402	0.008672997757473147	0.990789478916634	0.0005743707124154402	0.0005743707124154402	0.02825903905083965	2.935028183188861e-06	0.0006068707411111021	0.01020553369234002	
209	38.17366457650596	246.2198247850778	2.71828	1.21358	1.16637e-05	0.2581069881028696	3.71839689095135	-0.132763631017867	4.952378749000896	1.642829253100163	9.765760479361596	-0.1936625602231952	-4.468564700985716	4.920003476714489	1.510001067040423	0.1000000706649286	0.0005109992890970277	0.1056584461634128	0.1000000706649286	172.5001218970019	1.776821255588585	0.1000000706649286	91.18766443765244	0	0	0	3.14159	-2781.290891454129	1415.297231109924	0	1	1	1	1	2	2.085	2.4952	0.00775795	0.1172	1.10013787258126	-1.569751514270996	1.096864792079864	798953356.7082959	0	0	7978.295896489747	28265.69144901838	28267.47729265574	124.202393070522	63659878.57596757	0	0	0	0.0005109992890970277	0.1056584461634128	1.776821255588585	0.1000000706649286	1.510001067040423	172.5001218970019	0.1000000706649286	0.1000000706649286	4.920003476714489	91.18766443765244	91.18766443765244	80.38505680400287	80.38505680400287	124.202393070522	1	125.0901325921153	0	1	0	0	1	0	7978.295896489747	7978.295898888627	28267.47757408921	28265.69144944588	28269.23085516553	28267.47729265574	28265.69178993671	0.000473794438563466	0.0009312097739042447	-0.9999994541834446	-0.003273294889023031	0.9999942106252266	0.0009296540212882293	0.999994530514742	0.003272852637499415	0.0004768398197834071	1.10013787258126	-1.569751514270996	1.096864792079864	0.0005743707124154402	0.008672997757473147	0.990789478916634	0.0005743707124154402	0.0005743707124154402	0.02825903905083965	2.935028183188861e-06	0.0006068707411111021	0.01020553369234002	
210	37.99188522137975	246.2198247850778	2.71828	1.21358	1.16637e-05	0.2581069881028696	3.71839689095135	-0.132763631017867	4.952378749000896	1.642829253100163	9.765760479361596	-0.1936625602231952	-4.468564700985716	4.920003476714489	1.510001067040423	0.1000000706649286	0.0005109992890970277	0.1056584461634128	0.1000000706649286	172.5001218970019	1.776821255588585	0.1000000706649286	91.18766443765244	0	0	0	3.14159	-2781.290891454129	1415.297231109924	0	1	1	1	1	2	2.085	2.4952	0.00775795	0.1172	1.10013787258126	-1.569751514270996	1.096864792079864	798953356.7082959	0	0	7978.295896489747	28265.69144901838	28267.47729265574	124.202393070522	63659878.57596757	0	0	0	0.0005109992890970277	0.1056584461634128	1.776821255588585	0.1000000706649286	1.510001067040423	172.5001218970019	0.1000000706649286	0.1000000706649286	4.920003476714489	91.18766443765244	91.18766443765244	80.38505680400287	80.38505680400287	124.202393070522	1	125.0901325921153	0	1	0	0	1	0	7978.295896489747	7978.295898888627	28267.47757408921	28265.69144944588	28269.23085516553	28267.47729265574	28265.69178993671	0.000473794438563466	0.0009312097739042447	-0.9999994541834446	-0.003273294889023031	0.9999942106252266	0.0009296540212882293	0.999994530514742	0.003272852637499415	0.0004768398197834071	1.10013787258126	-1.569751514270996	1.096864792079864	0.0005743707124154402	0.008672997757473147	0.990789478916634	0.0005743707124154402	0.0005743707124154402	0.02825903905083965	2.935028183188861e-06	0.0006068707411111021	0.01020553369234002	
211	37.81182889331634	246.2198247850778	2.71828	1.21358	1.16637e-05	0.2581069881028696	3.71839689095135	-0.132763631017867	4.952378749000896	1.642829253100163	9.765760479361596	-0.1936625602231952	-4.468564700985716	4.920003476714489	1.510001067040423	0.1000000706649286	0.0005109992890970277	0.1056584461634128	0.1000000706649286	172.5001218970019	1.776821255588585	0.1000000706649286	91.18766443765244	0	0	0	3.14159	-2781.290891454129	1415.297231109924	0	1	1	1	1	2	2.085	2.4952	0.00775795	0.1172	1.10013787258126	-1.569751514270996	1.096864792079864	798953356.7082959	0	0	7978.295896489747	28265.69144901838	28267.47729265574	124.202393070522	63659878.57596757	0	0	0	0.0005109992890970277	0.1056584461634128	1.776821255588585	0.1000000706649286	1.510001067040423	172.5001218970019	0.1000000706649286	0.1000000706649286	4.920003476714489	91.18766443765244	91.18766443765244	80.38505680400287	80.38505680400287	124.202393070522	1	125.0901325921153	0	1	0	0	1	0	7978.295896489747	7978.295898888627	28267.47757408921	28265.69144944588	28269.23085516553	28267.47729265574	28265.69178993671	0.000473794438563466	0.0009312097739042447	-0.9999994541834446	-0.003273294889023031	0.9999942106252266	0.0009296540212882293	0.999994530514742	0.003272852637499415	0.0004768398197834071	1.10013787258126	-1.569751514270996	1.096864792079864	0.0005743707124154402	0.008672997757473147	0.990789478916634	0.0005743707124154402	0.0005743707124154402	0.02825903905083965	2.935028183188861e-06	0.0006068707411111021	0.01020553369234002	
212	37.6334712098573	246.2198247850778	2.71828	1.21358	1.16637e-05	0.2581069881028696	3.71839689095135	-0.132763631017867	4.952378749000896	1.642829253100163	9.765760479361596	-0.1936625602231952	-4.468564700985716	4.920003476714489	1.510001067040423	0.1000000706649286	0.0005109992890970277	0.1056584461634128	0.1000000706649286	172.5001218970019	1.776821255588585	0.1000000706649286	91.18766443765244	0	0	0	3.14159	-2781.290891454129	1415.297231109924	0	1	1	1	1	2	2.085	2.4952	0.00775795	0.1172	1.10013787258126	-1.569751514270996	1.096864792079864	798953356.7082959	0	0	7978.295896489747	28265.69144901838	28267.47729265574	124.202393070522	63659878.57596757	0	0	0	0.0005109992890970277	0.1056584461634128	1.776821255588585	0.1000000706649286	1.510001067040423	172.5001218970019	0.1000000706649286	0.1000000706649286	4.920003476714489	91.18766443765244	91.18766443765244	80.38505680400287	80.38505680400287	124.202393070522	1	125.0901325921153	0	1	0	0	1	0	7978.295896489747	7978.295898888627	28267.47757408921	28265.69144944588	28269.23085516553	28267.47729265574	28265.69178993671	0.000473794438563466	0.0009312097739042447	-0.9999994541834446	-0.003273294889023031	0.9999942106252266	0.0009296540212882293	0.999994530514742	0.003272852637499415	0.0004768398197834071	1.10013787258126	-1.569751514270996	1.096864792079864	0.0005743707124154402	0.008672997757473147	0.990789478916634	0.0005743707124154402	0.0005743707124154402	0.02825903905083965	2.935028183188861e-06	0.0006068707411111021	0.01020553369234002	
213	37.45678824643074	246.2198247850778	2.71828	1.21358	1.16637e-05	0.2581069881028696	3.71839689095135	-0.132763631017867	4.952378749000896	1.642829253100163	9.765760479361596	-0.1936625602231952	-4.468564700985716	4.920003476714489	1.510001067040423	0.1000000706649286	0.0005109992890970277	0.1056584461634128	0.1000000706649286	172.5001218970019	1.776821255588585	0.1000000706649286	91.18766443765244	0	0	0	3.14159	-2781.290891454129	1415.297231109924	0	1	1	1	1	2	2.085	2.4952	0.00775795	0.1172	1.10013787258126	-1.569751514270996	1.096864792079864	798953356.7082959	0	0	7978.295896489747	28265.69144901838	28267.47729265574	124.202393070522	63659878.57596757	0	0	0	0.0005109992890970277	0.1056584461634128	1.776821255588585	0.1000000706649286	1.510001067040423	172.5001218970019	0.1000000706649286	0.1000000706649286	4.920003476714489	91.18766443765244	91.18766443765244	80.38505680400287	80.38505680400287	124.202393070522	1	125.0901325921153	0	1	0	0	1	0	7978.295896489747	7978.295898888627	28267.47757408921	28265.69144944588	28269.23085516553	28267.47729265574	28265.69178993671	0.000473794438563466	0.0009312097739042447	-0.9999994541834446	-0.003273294889023031	0.9999942106252266	0.0009296540212882293	0.999994530514742	0.003272852637499415	0.0004768398197834071	1.10013787258126	-1.569751514270996	1.096864792079864	0.0005743707124154402	0.008672997757473147	0.990789478916634	0.0005743707124154402	0.0005743707124154402	0.02825903905083965	2.935028183188861e-06	0.0006068707411111021	0.01020553369234002	
214	37.28175652565302	246.2198247850778	2.71828	1.21358	1.16637e-05	0.2581069881028696	3.71839689095135	-0.132763631017867	4.952378749000896	1.642829253100163	9.765760479361596	-0.1936625602231952	-4.468564700985716	4.920003476714489	1.510001067040423	0.1000000706649286	0.0005109992890970277	0.1056584461634128	0.1000000706649286	172.5001218970019	1.776821255588585	0.1000000706649286	91.18766443765244	0	0	0	3.14159	-2781.290891454129	1415.297231109924	0	1	1	1	1	2	2.085	2.4952	0.00775795	0.1172	1.10013787258126	-1.569751514270996	1.096864792079864	798953356.7082959	0	0	7978.295896489747	28265.69144901838	28267.47729265574	124.202393070522	63659878.57596757	0	0	0	0.0005109992890970277	0.1056584461634128	1.776821255588585	0.1000000706649286	1.510001067040423	172.5001218970019	0.1000000706649286	0.1000000706649286	4.920003476714489	91.18766443765244	91.18766443765244	80.38505680400287	80.38505680400287	124.202393070522	1	125.0901325921153	0	1	0	0	1	0	7978.295896489747	7978.295898888627	28267.47757408921	28265.69144944588	28269.23085516553	28267.47729265574	28265.69178993671	0.000473794438563466	0.0009312097739042447	-0.9999994541834446	-0.003273294889023031	0.9999942106252266	0.0009296540212882293	0.999994530514742	0.003272852637499415	0.0004768398197834071	1.10013787258126	-1.569751514270996	1.096864792079864	0.0005743707124154402	0.008672997757473147	0.990789478916634	0.0005743707124154402	0.0005743707124154402	0.02825903905083965	2.935028183188861e-06	0.0006068707411111021	0.01020553369234002	
215	37.10835300692906	246.2198247850778	2.71828	1.21358	1.16637e-05	0.2581069881028696	3.71839689095135	-0.132763631017867	4.952378749000896	1.642829253100163	9.765760479361596	-0.1936625602231952	-4.468564700985716	4.920003476714489	1.510001067040423	0.1000000706649286	0.0005109992890970277	0.1056584461634128	0.1000000706649286	172.5001218970019	1.776821255588585	0.1000000706649286	91.18766443765244	0	0	0	3.14159	-2781.290891454129	1415.297231109924	0	1	1	1	1	2	2.085	2.4952	0.00775795	0.1172	1.10013787258126	-1.569751514270996	1.096864792079864	798953356.7082959	0	0	7978.295896489747	28265.69144901838	28267.47729265574	124.202393070522	63659878.57596757	0	0	0	0.0005109992890970277	0.1056584461634128	1.776821255588585	0.1000000706649286	1.510001067040423	172.5001218970019	0.1000000706649286	0.1000000706649286	4.920003476714489	91.18766443765244	91.18766443765244	80.38505680400287	80.38505680400287	124.202393070522	1	125.0901325921153	0	1	0	0	1	0	7978.295896489747	7978.295898888627	28267.47757408921	28265.69144944588	28269.23085516553	28267.47729265574	28265.69178993671	0.000473794438563466	0.0009312097739042447	-0.9999994541834446	-0.003273294889023031	0.9999942106252266	0.0009296540212882293	0.999994530514742	0.003272852637499415	0.0004768398197834071	1.10013787258126	-1.569751514270996	1.096864792079864	0.0005743707124154402	0.008672997757473147	0.990789478916634	0.0005743707124154402	0.0005743707124154402	0.02825903905083965	2.935028183188861e-06	0.0006068707411111021	0.01020553369234002	
216	36.93655507634142	246.2198247850778	2.71828	1.21358	1.16637e-05	0.2581069881028696	3.71839689095135	-0.132763631017867	4.952378749000896	1.642829253100163	9.765760479361596	-0.1936625602231952	-4.468564700985716	4.920003476714489	1.510001067040423	0.1000000706649286	0.0005109992890970277	0.1056584461634128	0.1000000706649286	172.5001218970019	1.776821255588585	0.1000000706649286	91.18766443765244	0	0	0	3.14159	-2781.290891454129	1415.297231109924	0	1	1	1	1	2	2.085	2.4952	0.00775795	0.1172	1.10013787258126	-1.569751514270996	1.096864792079864	798953356.7082959	0	0	7978.295896489747	28265.69144901838	28267.47729265574	124.202393070522	63659878.57596757	0	0	0	0.0005109992890970277	0.1056584461634128	1.776821255588585	0.1000000706649286	1.510001067040423	172.5001218970019	0.1000000706649286	0.1000000706649286	4.920003476714489	91.18766443765244	91.18766443765244	80.38505680400287	80.38505680400287	124.202393070522	1	125.0901325921153	0	1	0	0	1	0	7978.295896489747	7978.295898888627	28267.47757408921	28265.69144944588	28269.23085516553	28267.47729265574	28265.69178993671	0.000473794438563466	0.0009312097739042447	-0.9999994541834446	-0.003273294889023031	0.9999942106252266	0.0009296540212882293	0.999994530514742	0.003272852637499415	0.0004768398197834071	1.10013787258126	-1.569751514270996	1.096864792079864	0.0005743707124154402	0.008672997757473147	0.990789478916634	0.0005743707124154402	0.0005743707124154402	0.02825903905083965	2.935028183188861e-06	0.0006068707411111021	0.01020553369234002	
217	36.76634053681911	246.2198247850778	2.71828	1.21358	1.16637e-05	0.2581069881028696	3.71839689095135	-0.132763631017867	4.952378749000896	1.642829253100163	9.765760479361596	-0.1936625602231952	-4.468564700985716	4.920003476714489	1.510001067040423	0.1000000706649286	0.0005109992890970277	0.1056584461634128	0.1000000706649286	172.5001218970019	1.776821255588585	0.1000000706649286	91.18766443765244	0	0	0	3.14159	-2781.290891454129	1415.297231109924	0	1	1	1	1	2	2.085	2.4952	0.00775795	0.1172	1.10013787258126	-1.569751514270996	1.096864792079864	798953356.7082959	0	0	7978.295896489747	28265.69144901838	28267.47729265574	124.202393070522	63659878.57596757	0	0	0	0.0005109992890970277	0.1056584461634128	1.776821255588585	0.1000000706649286	1.510001067040423	172.5001218970019	0.1000000706649286	0.1000000706649286	4.920003476714489	91.18766443765244	91.18766443765244	80.38505680400287	80.38505680400287	124.202393070522	1	125.0901325921153	0	1	0	0	1	0	7978.295896489747	7978.295898888627	28267.47757408921	28265.69144944588	28269.23085516553	28267.47729265574	28265.69178993671	0.000473794438563466	0.0009312097739042447	-0.9999994541834446	-0.003273294889023031	0.9999942106252266	0.0009296540212882293	0.999994530514742	0.003272852637499415	0.0004768398197834071	1.10013787258126	-1.569751514270996	1.096864792079864	0.0005743707124154402	0.008672997757473147	0.990789478916634	0.0005743707124154402	0.0005743707124154402	0.02825903905083965	2.935028183188861e-06	0.0006068707411111021	0.01020553369234002	
218	36.59768759857682	246.2198247850778	2.71828	1.21358	1.16637e-05	0.2581069881028696	3.71839689095135	-0.132763631017867	4.952378749000896	1.642829253100163	9.765760479361596	-0.1936625602231952	-4.468564700985716	4.920003476714489	1.510001067040423	0.1000000706649286	0.0005109992890970277	0.1056584461634128	0.1000000706649286	172.5001218970019	1.776821255588585	0.1000000706649286	91.18766443765244	0	0	0	3.14159	-2781.290891454129	1415.297231109924	0	1	1	1	1	2	2.085	2.4952	0.00775795	0.1172	1.10013787258126	-1.569751514270996	1.096864792079864	798953356.7082959	0	0	7978.295896489747	28265.69144901838	28267.47729265574	124.202393070522	63659878.57596757	0	0	0	0.0005109992890970277	0.1056584461634128	1.776821255588585	0.1000000706649286	1.510001067040423	172.5001218970019	0.1000000706649286	0.1000000706649286	4.920003476714489	91.18766443765244	91.18766443765244	80.38505680400287	80.38505680400287	124.202393070522	1	125.0901325921153	0	1	0	0	1	0	7978.295896489747	7978.295898888627	28267.47757408921	28265.69144944588	28269.23085516553	28267.47729265574	28265.69178993671	0.000473794438563466	0.0009312097739042447	-0.9999994541834446	-0.003273294889023031	0.9999942106252266	0.0009296540212882293	0.999994530514742	0.003272852637499415	0.0004768398197834071	1.10013787258126	-1.569751514270996	1.096864792079864	0.0005743707124154402	0.008672997757473147	0.990789478916634	0.0005743707124154402	0.0005743707124154402	0.02825903905083965	2.935028183188861e-06	0.0006068707411111021	0.01020553369234002	
219	36.4305748698162	246.2198247850778	2.71828	1.21358	1.16637e-05	0.2581069881028696	3.71839689095135	-0.132763631017867	4.952378749000896	1.642829253100163	9.765760479361596	-0.1936625602231952	-4.468564700985716	4.920003476714489	1.510001067040423	0.1000000706649286	0.0005109992890970277	0.1056584461634128	0.1000000706649286	172.5001218970019	1.776821255588585	0.1000000706649286	91.18766443765244	0	0	0	3.14159	-2781.290891454129	1415.297231109924	0	1	1	1	1	2	2.085	2.4952	0.00775795	0.1172	1.10013787258126	-1.569751514270996	1.096864792079864	798953356.7082959	0	0	7978.295896489747	28265.69144901838	28267.47729265574	124.202393070522	63659878.57596757	0	0	0	0.0005109992890970277	0.1056584461634128	1.776821255588585	0.1000000706649286	1.510001067040423	172.5001218970019	0.1000000706649286	0.1000000706649286	4.920003476714489	91.18766443765244	91.18766443765244	80.38505680400287	80.38505680400287	124.202393070522	1	125.0901325921153	0	1	0	0	1	0	7978.295896489747	7978.295898888627	28267.47757408921	28265.69144944588	28269.23085516553	28267.47729265574	28265.69178993671	0.000473794438563466	0.0009312097739042447	-0.9999994541834446	-0.003273294889023031	0.9999942106252266	0.0009296540212882293	0.999994530514742	0.003272852637499415	0.0004768398197834071	1.10013787258126	-1.569751514270996	1.096864792079864	0.0005743707124154402	0.008672997757473147	0.990789478916634	0.0005743707124154402	0.0005743707124154402	0.02825903905083965	2.935028183188861e-06	0.0006068707411111021	0.01020553369234002	
220	36.26498134768067	246.2198247850778	2.71828	1.21358	1.16637e-05	0.2581069881028696	3.71839689095135	-0.132763631017867	4.952378749000896	1.642829253100163	9.765760479361596	-0.1936625602231952	-4.468564700985716	4.920003476714489	1.510001067040423	0.1000000706649286	0.0005109992890970277	0.1056584461634128	0.1000000706649286	172.5001218970019	1.776821255588585	0.1000000706649286	91.18766443765244	0	0	0	3.14159	-2781.290891454129	1415.297231109924	0	1	1	1	1	2	2.085	2.4952	0.00775795	0.1172	1.10013787258126	-1.569751514270996	1.096864792079864	798953356.7082959	0	0	7978.295896489747	28265.69144901838	28267.47729265574	124.202393070522	63659878.57596757	0	0	0	0.0005109992890970277	0.1056584461634128	1.776821255588585	0.1000000706649286	1.510001067040423	172.5001218970019	0.1000000706649286	0.1000000706649286	4.920003476714489	91.18766443765244	91.18766443765244	80.38505680400287	80.38505680400287	124.202393070522	1	125.0901325921153	0	1	0	0	1	0	7978.295896489747	7978.295898888627	28267.47757408921	28265.69144944588	28269.23085516553	28267.47729265574	28265.69178993671	0.000473794438563466	0.0009312097739042447	-0.9999994541834446	-0.003273294889023031	0.9999942106252266	0.0009296540212882293	0.999994530514742	0.003272852637499415	0.0004768398197834071	1.10013787258126	-1.569751514270996	1.096864792079864	0.0005743707124154402	0.008672997757473147	0.990789478916634	0.0005743707124154402	0.0005743707124154402	0.02825903905083965	2.935028183188861e-06	0.0006068707411111021	0.01020553369234002	
221	36.10088640945587	246.2198247850778	2.71828	1.21358	1.16637e-05	0.2581069881028696	3.71839689095135	-0.132763631017867	4.952378749000896	1.642829253100163	9.765760479361596	-0.1936625602231952	-4.468564700985716	4.920003476714489	1.510001067040423	0.1000000706649286	0.0005109992890970277	0.1056584461634128	0.1000000706649286	172.5001218970019	1.776821255588585	0.1000000706649286	91.18766443765244	0	0	0	3.14159	-2781.290891454129	1415.297231109924	0	1	1	1	1	2	2.085	2.4952	0.00775795	0.1172	1.10013787258126	-1.569751514270996	1.096864792079864	798953356.7082959	0	0	7978.295896489747	28265.69144901838	28267.47729265574	124.202393070522	63659878.57596757	0	0	0	0.0005109992890970277	0.1056584461634128	1.776821255588585	0.1000000706649286	1.510001067040423	172.5001218970019	0.1000000706649286	0.1000000706649286	4.920003476714489	91.18766443765244	91.18766443765244	80.38505680400287	80.38505680400287	124.202393070522	1	125.0901325921153	0	1	0	0	1	0	7978.295896489747	7978.295898888627	28267.47757408921	28265.69144944588	28269.23085516553	28267.47729265574	28265.69178993671	0.000473794438563466	0.0009312097739042447	-0.9999994541834446	-0.003273294889023031	0.9999942106252266	0.0009296540212882293	0.999994530514742	0.003272852637499415	0.0004768398197834071	1.10013787258126	-1.569751514270996	1.096864792079864	0.0005743707124154402	0.008672997757473147	0.990789478916634	0.0005743707124154402	0.0005743707124154402	0.02825903905083965	2.935028183188861e-06	0.0006068707411111021	0.01020553369234002	
222	35.93826980400787	246.2198247850778	2.71828	1.21358	1.16637e-05	0.2581069881028696	3.71839689095135	-0.132763631017867	4.952378749000896	1.642829253100163	9.765760479361596	-0.1936625602231952	-4.468564700985716	4.920003476714489	1.510001067040423	0.1000000706649286	0.0005109992890970277	0.1056584461634128	0.1000000706649286	172.5001218970019	1.776821255588585	0.1000000706649286	91.18766443765244	0	0	0	3.14159	-2781.290891454129	1415.297231109924	0	1	1	1	1	2	2.085	2.4952	0.00775795	0.1172	1.10013787258126	-1.569751514270996	1.096864792079864	798953356.7082959	0	0	7978.295896489747	28265.69144901838	28267.47729265574	124.202393070522	63659878.57596757	0	0	0	0.0005109992890970277	0.1056584461634128	1.776821255588585	0.1000000706649286	1.510001067040423	172.5001218970019	0.1000000706649286	0.1000000706649286	4.920003476714489	91.18766443765244	91.18766443765244	80.38505680400287	80.38505680400287	124.202393070522	1	125.0901325921153	0	1	0	0	1	0	7978.295896489747	7978.295898888627	28267.47757408921	28265.69144944588	28269.23085516553	28267.47729265574	28265.69178993671	0.000473794438563466	0.0009312097739042447	-0.9999994541834446	-0.003273294889023031	0.9999942106252266	0.0009296540212882293	0.999994530514742	0.003272852637499415	0.0004768398197834071	1.10013787258126	-1.569751514270996	1.096864792079864	0.0005743707124154402	0.008672997757473147	0.990789478916634	0.0005743707124154402	0.0005743707124154402	0.02825903905083965	2.935028183188861e-06	0.0006068707411111021	0.01020553369234002	
223	35.77711164345178	246.2198247850778	2.71828	1.21358	1.16637e-05	0.2581069881028696	3.71839689095135	-0.132763631017867	4.952378749000896	1.642829253100163	9.765760479361596	-0.1936625602231952	-4.468564700985716	4.920003476714489	1.510001067040423	0.1000000706649286	0.0005109992890970277	0.1056584461634128	0.1000000706649286	172.5001218970019	1.776821255588585	0.1000000706649286	91.18766443765244	0	0	0	3.14159	-2781.290891454129	1415.297231109924	0	1	1	1	1	2	2.085	2.4952	0.00775795	0.1172	1.10013787258126	-1.569751514270996	1.096864792079864	798953356.7082959	0	0	7978.295896489747	28265.69144901838	28267.47729265574	124.202393070522	63659878.57596757	0	0	0	0.0005109992890970277	0.1056584461634128	1.776821255588585	0.1000000706649286	1.510001067040423	172.5001218970019	0.1000000706649286	0.1000000706649286	4.920003476714489	91.18766443765244	91.18766443765244	80.38505680400287	80.38505680400287	124.202393070522	1	125.0901325921153	0	1	0	0	1	0	7978.295896489747	7978.295898888627	28267.47757408921	28265.69144944588	28269.23085516553	28267.47729265574	28265.69178993671	0.000473794438563466	0.0009312097739042447	-0.9999994541834446	-0.003273294889023031	0.9999942106252266	0.0009296540212882293	0.999994530514742	0.003272852637499415	0.0004768398197834071	1.10013787258126	-1.569751514270996	1.096864792079864	0.0005743707124154402	0.008672997757473147	0.990789478916634	0.0005743707124154402	0.0005743707124154402	0.02825903905083965	2.935028183188861e-06	0.0006068707411111021	0.01020553369234002	
224	35.61739239504352	246.2198247850778	2.71828	1.21358	1.16637e-05	0.2581069881028696	3.71839689095135	-0.132763631017867	4.952378749000896	1.642829253100163	9.765760479361596	-0.1936625602231952	-4.468564700985716	4.920003476714489	1.510001067040423	0.1000000706649286	0.0005109992890970277	0.1056584461634128	0.1000000706649286	172.5001218970019	1.776821255588585	0.1000000706649286	91.18766443765244	0	0	0	3.14159	-2781.290891454129	1415.297231109924	0	1	1	1	1	2	2.085	2.4952	0.00775795	0.1172	1.10013787258126	-1.569751514270996	1.096864792079864	798953356.7082959	0	0	7978.295896489747	28265.69144901838	28267.47729265574	124.202393070522	63659878.57596757	0	0	0	0.0005109992890970277	0.1056584461634128	1.776821255588585	0.1000000706649286	1.510001067040423	172.5001218970019	0.1000000706649286	0.1000000706649286	4.920003476714489	91.18766443765244	91.18766443765244	80.38505680400287	80.38505680400287	124.202393070522	1	125.0901325921153	0	1	0	0	1	0	7978.295896489747	7978.295898888627	28267.47757408921	28265.69144944588	28269.23085516553	28267.47729265574	28265.69178993671	0.000473794438563466	0.0009312097739042447	-0.9999994541834446	-0.003273294889023031	0.9999942106252266	0.0009296540212882293	0.999994530514742	0.003272852637499415	0.0004768398197834071	1.10013787258126	-1.569751514270996	1.096864792079864	0.0005743707124154402	0.008672997757473147	0.990789478916634	0.0005743707124154402	0.0005743707124154402	0.02825903905083965	2.935028183188861e-06	0.0006068707411111021	0.01020553369234002	
225	35.45909287328777	246.2198247850778	2.71828	1.21358	1.16637e-05	0.2581069881028696	3.71839689095135	-0.132763631017867	4.952378749000896	1.642829253100163	9.765760479361596	-0.1936625602231952	-4.468564700985716	4.920003476714489	1.510001067040423	0.1000000706649286	0.0005109992890970277	0.1056584461634128	0.1000000706649286	172.5001218970019	1.776821255588585	0.1000000706649286	91.18766443765244	0	0	0	3.14159	-2781.290891454129	1415.297231109924	0	1	1	1	1	2	2.085	2.4952	0.00775795	0.1172	1.10013787258126	-1.569751514270996	1.096864792079864	798953356.7082959	0	0	7978.295896489747	28265.69144901838	28267.47729265574	124.202393070522	63659878.57596757	0	0	0	0.0005109992890970277	0.1056584461634128	1.776821255588585	0.1000000706649286	1.510001067040423	172.5001218970019	0.1000000706649286	0.1000000706649286	4.920003476714489	91.18766443765244	91.18766443765244	80.38505680400287	80.38505680400287	124.202393070522	1	125.0901325921153	0	1	0	0	1	0	7978.295896489747	7978.295898888627	28267.47757408921	28265.69144944588	28269.23085516553	28267.47729265574	28265.69178993671	0.000473794438563466	0.0009312097739042447	-0.9999994541834446	-0.003273294889023031	0.9999942106252266	0.0009296540212882293	0.999994530514742	0.003272852637499415	0.0004768398197834071	1.10013787258126	-1.569751514270996	1.096864792079864	0.0005743707124154402	0.008672997757473147	0.990789478916634	0.0005743707124154402	0.0005743707124154402	0.02825903905083965	2.935028183188861e-06	0.0006068707411111021	0.01020553369234002	
226	35.30219423225552	246.2198247850778	2.71828	1.21358	1.16637e-05	0.2581069881028696	3.71839689095135	-0.132763631017867	4.952378749000896	1.642829253100163	9.765760479361596	-0.1936625602231952	-4.468564700985716	4.920003476714489	1.510001067040423	0.1000000706649286	0.0005109992890970277	0.1056584461634128	0.1000000706649286	172.5001218970019	1.776821255588585	0.1000000706649286	91.18766443765244	0	0	0	3.14159	-2781.290891454129	1415.297231109924	0	1	1	1	1	2	2.085	2.4952	0.00775795	0.1172	1.10013787258126	-1.569751514270996	1.096864792079864	798953356.7082959	0	0	7978.295896489747	28265.69144901838	28267.47729265574	124.202393070522	63659878.57596757	0	0	0	0.0005109992890970277	0.1056584461634128	1.776821255588585	0.1000000706649286	1.510001067040423	172.5001218970019	0.1000000706649286	0.1000000706649286	4.920003476714489	91.18766443765244	91.18766443765244	80.38505680400287	80.38505680400287	124.202393070522	1	125.0901325921153	0	1	0	0	1	0	7978.295896489747	7978.295898888627	28267.47757408921	28265.69144944588	28269.23085516553	28267.47729265574	28265.69178993671	0.000473794438563466	0.0009312097739042447	-0.9999994541834446	-0.003273294889023031	0.9999942106252266	0.0009296540212882293	0.999994530514742	0.003272852637499415	0.0004768398197834071	1.10013787258126	-1.569751514270996	1.096864792079864	0.0005743707124154402	0.008672997757473147	0.990789478916634	0.0005743707124154402	0.0005743707124154402	0.02825903905083965	2.935028183188861e-06	0.0006068707411111021	0.01020553369234002	
227	35.14667795810461	246.2198247850778	2.71828	1.21358	1.16637e-05	0.2581069881028696	3.71839689095135	-0.132763631017867	4.952378749000896	1.642829253100163	9.765760479361596	-0.1936625602231952	-4.468564700985716	4.920003476714489	1.510001067040423	0.1000000706649286	0.0005109992890970277	0.1056584461634128	0.1000000706649286	172.5001218970019	1.776821255588585	0.1000000706649286	91.18766443765244	0	0	0	3.14159	-2781.290891454129	1415.297231109924	0	1	1	1	1	2	2.085	2.4952	0.00775795	0.1172	1.10013787258126	-1.569751514270996	1.096864792079864	798953356.7082959	0	0	7978.295896489747	28265.69144901838	28267.47729265574	124.202393070522	63659878.57596757	0	0	0	0.0005109992890970277	0.1056584461634128	1.776821255588585	0.1000000706649286	1.510001067040423	172.5001218970019	0.1000000706649286	0.1000000706649286	4.920003476714489	91.18766443765244	91.18766443765244	80.38505680400287	80.38505680400287	124.202393070522	1	125.0901325921153	0	1	0	0	1	0	7978.295896489747	7978.295898888627	28267.47757408921	28265.69144944588	28269.23085516553	28267.47729265574	28265.69178993671	0.000473794438563466	0.0009312097739042447	-0.9999994541834446	-0.003273294889023031	0.9999942106252266	0.0009296540212882293	0.999994530514742	0.003272852637499415	0.0004768398197834071	1.10013787258126	-1.569751514270996	1.096864792079864	0.0005743707124154402	0.008672997757473147	0.990789478916634	0.0005743707124154402	0.0005743707124154402	0.02825903905083965	2.935028183188861e-06	0.0006068707411111021	0.01020553369234002	
228	34.99252586179713	246.2198247850778	2.71828	1.21358	1.16637e-05	0.2581069881028696	3.71839689095135	-0.132763631017867	4.952378749000896	1.642829253100163	9.765760479361596	-0.1936625602231952	-4.468564700985716	4.920003476714489	1.510001067040423	0.1000000706649286	0.0005109992890970277	0.1056584461634128	0.1000000706649286	172.5001218970019	1.776821255588585	0.1000000706649286	91.18766443765244	0	0	0	3.14159	-2781.290891454129	1415.297231109924	0	1	1	1	1	2	2.085	2.4952	0.00775795	0.1172	1.10013787258126	-1.569751514270996	1.096864792079864	798953356.7082959	0	0	7978.295896489747	28265.69144901838	28267.47729265574	124.202393070522	63659878.57596757	0	0	0	0.0005109992890970277	0.1056584461634128	1.776821255588585	0.1000000706649286	1.510001067040423	172.5001218970019	0.1000000706649286	0.1000000706649286	4.920003476714489	91.18766443765244	91.18766443765244	80.38505680400287	80.38505680400287	124.202393070522	1	125.0901325921153	0	1	0	0	1	0	7978.295896489747	7978.295898888627	28267.47757408921	28265.69144944588	28269.23085516553	28267.47729265574	28265.69178993671	0.000473794438563466	0.0009312097739042447	-0.9999994541834446	-0.003273294889023031	0.9999942106252266	0.0009296540212882293	0.999994530514742	0.003272852637499415	0.0004768398197834071	1.10013787258126	-1.569751514270996	1.096864792079864	0.0005743707124154402	0.008672997757473147	0.990789478916634	0.0005743707124154402	0.0005743707124154402	0.02825903905083965	2.935028183188861e-06	0.0006068707411111021	0.01020553369234002	
229	34.83972007200763	246.2198247850778	2.71828	1.21358	1.16637e-05	0.2581069881028696	3.71839689095135	-0.132763631017867	4.952378749000896	1.642829253100163	9.765760479361596	-0.1936625602231952	-4.468564700985716	4.920003476714489	1.510001067040423	0.1000000706649286	0.0005109992890970277	0.1056584461634128	0.1000000706649286	172.5001218970019	1.776821255588585	0.1000000706649286	91.18766443765244	0	0	0	3.14159	-2781.290891454129	1415.297231109924	0	1	1	1	1	2	2.085	2.4952	0.00775795	0.1172	1.10013787258126	-1.569751514270996	1.096864792079864	798953356.7082959	0	0	7978.295896489747	28265.69144901838	28267.47729265574	124.202393070522	63659878.57596757	0	0	0	0.0005109992890970277	0.1056584461634128	1.776821255588585	0.1000000706649286	1.510001067040423	172.5001218970019	0.1000000706649286	0.1000000706649286	4.920003476714489	91.18766443765244	91.18766443765244	80.38505680400287	80.38505680400287	124.202393070522	1	125.0901325921153	0	1	0	0	1	0	7978.295896489747	7978.295898888627	28267.47757408921	28265.69144944588	28269.23085516553	28267.47729265574	28265.69178993671	0.000473794438563466	0.0009312097739042447	-0.9999994541834446	-0.003273294889023031	0.9999942106252266	0.0009296540212882293	0.999994530514742	0.003272852637499415	0.0004768398197834071	1.10013787258126	-1.569751514270996	1.096864792079864	0.0005743707124154402	0.008672997757473147	0.990789478916634	0.0005743707124154402	0.0005743707124154402	0.02825903905083965	2.935028183188861e-06	0.0006068707411111021	0.01020553369234002	
230	34.68824302821629	246.2198247850778	2.71828	1.21358	1.16637e-05	0.2581069881028696	3.71839689095135	-0.132763631017867	4.952378749000896	1.642829253100163	9.765760479361596	-0.1936625602231952	-4.468564700985716	4.920003476714489	1.510001067040423	0.1000000706649286	0.0005109992890970277	0.1056584461634128	0.1000000706649286	172.5001218970019	1.776821255588585	0.1000000706649286	91.18766443765244	0	0	0	3.14159	-2781.290891454129	1415.297231109924	0	1	1	1	1	2	2.085	2.4952	0.00775795	0.1172	1.10013787258126	-1.569751514270996	1.096864792079864	798953356.7082959	0	0	7978.295896489747	28265.69144901838	28267.47729265574	124.202393070522	63659878.57596757	0	0	0	0.0005109992890970277	0.1056584461634128	1.776821255588585	0.1000000706649286	1.510001067040423	172.5001218970019	0.1000000706649286	0.1000000706649286	4.920003476714489	91.18766443765244	91.18766443765244	80.38505680400287	80.38505680400287	124.202393070522	1	125.0901325921153	0	1	0	0	1	0	7978.295896489747	7978.295898888627	28267.47757408921	28265.69144944588	28269.23085516553	28267.47729265574	28265.69178993671	0.000473794438563466	0.0009312097739042447	-0.9999994541834446	-0.003273294889023031	0.9999942106252266	0.0009296540212882293	0.999994530514742	0.003272852637499415	0.0004768398197834071	1.10013787258126	-1.569751514270996	1.096864792079864	0.0005743707124154402	0.008672997757473147	0.990789478916634	0.0005743707124154402	0.0005743707124154402	0.02825903905083965	2.935028183188861e-06	0.0006068707411111021	0.01020553369234002	
231	34.53807747398159	246.2198247850778	2.71828	1.21358	1.16637e-05	0.2581069881028696	3.71839689095135	-0.132763631017867	4.952378749000896	1.642829253100163	9.765760479361596	-0.1936625602231952	-4.468564700985716	4.920003476714489	1.510001067040423	0.1000000706649286	0.0005109992890970277	0.1056584461634128	0.1000000706649286	172.5001218970019	1.776821255588585	0.1000000706649286	91.18766443765244	0	0	0	3.14159	-2781.290891454129	1415.297231109924	0	1	1	1	1	2	2.085	2.4952	0.00775795	0.1172	1.10013787258126	-1.569751514270996	1.096864792079864	798953356.7082959	0	0	7978.295896489747	28265.69144901838	28267.47729265574	124.202393070522	63659878.57596757	0	0	0	0.0005109992890970277	0.1056584461634128	1.776821255588585	0.1000000706649286	1.510001067040423	172.5001218970019	0.1000000706649286	0.1000000706649286	4.920003476714489	91.18766443765244	91.18766443765244	80.38505680400287	80.38505680400287	124.202393070522	1	125.0901325921153	0	1	0	0	1	0	7978.295896489747	7978.295898888627	28267.47757408921	28265.69144944588	28269.23085516553	28267.47729265574	28265.69178993671	0.000473794438563466	0.0009312097739042447	-0.9999994541834446	-0.003273294889023031	0.9999942106252266	0.0009296540212882293	0.999994530514742	0.003272852637499415	0.0004768398197834071	1.10013787258126	-1.569751514270996	1.096864792079864	0.0005743707124154402	0.008672997757473147	0.990789478916634	0.0005743707124154402	0.0005743707124154402	0.02825903905083965	2.935028183188861e-06	0.0006068707411111021	0.01020553369234002	
232	34.38920645038684	246.2198247850778	2.71828	1.21358	1.16637e-05	0.2581069881028696	3.71839689095135	-0.132763631017867	4.952378749000896	1.642829253100163	9.765760479361596	-0.1936625602231952	-4.468564700985716	4.920003476714489	1.510001067040423	0.1000000706649286	0.0005109992890970277	0.1056584461634128	0.1000000706649286	172.5001218970019	1.776821255588585	0.1000000706649286	91.18766443765244	0	0	0	3.14159	-2781.290891454129	1415.297231109924	0	1	1	1	1	2	2.085	2.4952	0.00775795	0.1172	1.10013787258126	-1.569751514270996	1.096864792079864	798953356.7082959	0	0	7978.295896489747	28265.69144901838	28267.47729265574	124.202393070522	63659878.57596757	0	0	0	0.0005109992890970277	0.1056584461634128	1.776821255588585	0.1000000706649286	1.510001067040423	172.5001218970019	0.1000000706649286	0.1000000706649286	4.920003476714489	91.18766443765244	91.18766443765244	80.38505680400287	80.38505680400287	124.202393070522	1	125.0901325921153	0	1	0	0	1	0	7978.295896489747	7978.295898888627	28267.47757408921	28265.69144944588	28269.23085516553	28267.47729265574	28265.69178993671	0.000473794438563466	0.0009312097739042447	-0.9999994541834446	-0.003273294889023031	0.9999942106252266	0.0009296540212882293	0.999994530514742	0.003272852637499415	0.0004768398197834071	1.10013787258126	-1.569751514270996	1.096864792079864	0.0005743707124154402	0.008672997757473147	0.990789478916634	0.0005743707124154402	0.0005743707124154402	0.02825903905083965	2.935028183188861e-06	0.0006068707411111021	0.01020553369234002	
233	34.24161328965557	246.2198247850778	2.71828	1.21358	1.16637e-05	0.2581069881028696	3.71839689095135	-0.132763631017867	4.952378749000896	1.642829253100163	9.765760479361596	-0.1936625602231952	-4.468564700985716	4.920003476714489	1.510001067040423	0.1000000706649286	0.0005109992890970277	0.1056584461634128	0.1000000706649286	172.5001218970019	1.776821255588585	0.1000000706649286	91.18766443765244	0	0	0	3.14159	-2781.290891454129	1415.297231109924	0	1	1	1	1	2	2.085	2.4952	0.00775795	0.1172	1.10013787258126	-1.569751514270996	1.096864792079864	798953356.7082959	0	0	7978.295896489747	28265.69144901838	28267.47729265574	124.202393070522	63659878.57596757	0	0	0	0.0005109992890970277	0.1056584461634128	1.776821255588585	0.1000000706649286	1.510001067040423	172.5001218970019	0.1000000706649286	0.1000000706649286	4.920003476714489	91.18766443765244	91.18766443765244	80.38505680400287	80.38505680400287	124.202393070522	1	125.0901325921153	0	1	0	0	1	0	7978.295896489747	7978.295898888627	28267.47757408921	28265.69144944588	28269.23085516553	28267.47729265574	28265.69178993671	0.000473794438563466	0.0009312097739042447	-0.9999994541834446	-0.003273294889023031	0.9999942106252266	0.0009296540212882293	0.999994530514742	0.003272852637499415	0.0004768398197834071	1.10013787258126	-1.569751514270996	1.096864792079864	0.0005743707124154402	0.008672997757473147	0.990789478916634	0.0005743707124154402	0.0005743707124154402	0.02825903905083965	2.935028183188861e-06	0.0006068707411111021	0.01020553369234002	
234	34.09528160893054	246.2198247850778	2.71828	1.21358	1.16637e-05	0.2581069881028696	3.71839689095135	-0.132763631017867	4.952378749000896	1.642829253100163	9.765760479361596	-0.1936625602231952	-4.468564700985716	4.920003476714489	1.510001067040423	0.1000000706649286	0.0005109992890970277	0.1056584461634128	0.1000000706649286	172.5001218970019	1.776821255588585	0.1000000706649286	91.18766443765244	0	0	0	3.14159	-2781.290891454129	1415.297231109924	0	1	1	1	1	2	2.085	2.4952	0.00775795	0.1172	1.10013787258126	-1.569751514270996	1.096864792079864	798953356.7082959	0	0	7978.295896489747	28265.69144901838	28267.47729265574	124.202393070522	63659878.57596757	0	0	0	0.0005109992890970277	0.1056584461634128	1.776821255588585	0.1000000706649286	1.510001067040423	172.5001218970019	0.1000000706649286	0.1000000706649286	4.920003476714489	91.18766443765244	91.18766443765244	80.38505680400287	80.38505680400287	124.202393070522	1	125.0901325921153	0	1	0	0	1	0	7978.295896489747	7978.295898888627	28267.47757408921	28265.69144944588	28269.23085516553	28267.47729265574	28265.69178993671	0.000473794438563466	0.0009312097739042447	-0.9999994541834446	-0.003273294889023031	0.9999942106252266	0.0009296540212882293	0.999994530514742	0.003272852637499415	0.0004768398197834071	1.10013787258126	-1.569751514270996	1.096864792079864	0.0005743707124154402	0.008672997757473147	0.990789478916634	0.0005743707124154402	0.0005743707124154402	0.02825903905083965	2.935028183188861e-06	0.0006068707411111021	0.01020553369234002	
235	33.95019530421169	246.2198247850778	2.71828	1.21358	1.16637e-05	0.2581069881028696	3.71839689095135	-0.132763631017867	4.952378749000896	1.642829253100163	9.765760479361596	-0.1936625602231952	-4.468564700985716	4.920003476714489	1.510001067040423	0.1000000706649286	0.0005109992890970277	0.1056584461634128	0.1000000706649286	172.5001218970019	1.776821255588585	0.1000000706649286	91.18766443765244	0	0	0	3.14159	-2781.290891454129	1415.297231109924	0	1	1	1	1	2	2.085	2.4952	0.00775795	0.1172	1.10013787258126	-1.569751514270996	1.096864792079864	798953356.7082959	0	0	7978.295896489747	28265.69144901838	28267.47729265574	124.202393070522	63659878.57596757	0	0	0	0.0005109992890970277	0.1056584461634128	1.776821255588585	0.1000000706649286	1.510001067040423	172.5001218970019	0.1000000706649286	0.1000000706649286	4.920003476714489	91.18766443765244	91.18766443765244	80.38505680400287	80.38505680400287	124.202393070522	1	125.0901325921153	0	1	0	0	1	0	7978.295896489747	7978.295898888627	28267.47757408921	28265.69144944588	28269.23085516553	28267.47729265574	28265.69178993671	0.000473794438563466	0.0009312097739042447	-0.9999994541834446	-0.003273294889023031	0.9999942106252266	0.0009296540212882293	0.999994530514742	0.003272852637499415	0.0004768398197834071	1.10013787258126	-1.569751514270996	1.096864792079864	0.0005743707124154402	0.008672997757473147	0.990789478916634	0.0005743707124154402	0.0005743707124154402	0.02825903905083965	2.935028183188861e-06	0.0006068707411111021	0.01020553369234002	
236	33.80633854444808	246.2198247850778	2.71828	1.21358	1.16637e-05	0.2581069881028696	3.71839689095135	-0.132763631017867	4.952378749000896	1.642829253100163	9.765760479361596	-0.1936625602231952	-4.468564700985716	4.920003476714489	1.510001067040423	0.1000000706649286	0.0005109992890970277	0.1056584461634128	0.1000000706649286	172.5001218970019	1.776821255588585	0.1000000706649286	91.18766443765244	0	0	0	3.14159	-2781.290891454129	1415.297231109924	0	1	1	1	1	2	2.085	2.4952	0.00775795	0.1172	1.10013787258126	-1.569751514270996	1.096864792079864	798953356.7082959	0	0	7978.295896489747	28265.69144901838	28267.47729265574	124.202393070522	63659878.57596757	0	0	0	0.0005109992890970277	0.1056584461634128	1.776821255588585	0.1000000706649286	1.510001067040423	172.5001218970019	0.1000000706649286	0.1000000706649286	4.920003476714489	91.18766443765244	91.18766443765244	80.38505680400287	80.38505680400287	124.202393070522	1	125.0901325921153	0	1	0	0	1	0	7978.295896489747	7978.295898888627	28267.47757408921	28265.69144944588	28269.23085516553	28267.47729265574	28265.69178993671	0.000473794438563466	0.0009312097739042447	-0.9999994541834446	-0.003273294889023031	0.9999942106252266	0.0009296540212882293	0.999994530514742	0.003272852637499415	0.0004768398197834071	1.10013787258126	-1.569751514270996	1.096864792079864	0.0005743707124154402	0.008672997757473147	0.990789478916634	0.0005743707124154402	0.0005743707124154402	0.02825903905083965	2.935028183188861e-06	0.0006068707411111021	0.01020553369234002	
237	33.66369576577952	246.2198247850778	2.71828	1.21358	1.16637e-05	0.2581069881028696	3.71839689095135	-0.132763631017867	4.952378749000896	1.642829253100163	9.765760479361596	-0.1936625602231952	-4.468564700985716	4.920003476714489	1.510001067040423	0.1000000706649286	0.0005109992890970277	0.1056584461634128	0.1000000706649286	172.5001218970019	1.776821255588585	0.1000000706649286	91.18766443765244	0	0	0	3.14159	-2781.290891454129	1415.297231109924	0	1	1	1	1	2	2.085	2.4952	0.00775795	0.1172	1.10013787258126	-1.569751514270996	1.096864792079864	798953356.7082959	0	0	7978.295896489747	28265.69144901838	28267.47729265574	124.202393070522	63659878.57596757	0	0	0	0.0005109992890970277	0.1056584461634128	1.776821255588585	0.1000000706649286	1.510001067040423	172.5001218970019	0.1000000706649286	0.1000000706649286	4.920003476714489	91.18766443765244	91.18766443765244	80.38505680400287	80.38505680400287	124.202393070522	1	125.0901325921153	0	1	0	0	1	0	7978.295896489747	7978.295898888627	28267.47757408921	28265.69144944588	28269.23085516553	28267.47729265574	28265.69178993671	0.000473794438563466	0.0009312097739042447	-0.9999994541834446	-0.003273294889023031	0.9999942106252266	0.0009296540212882293	0.999994530514742	0.003272852637499415	0.0004768398197834071	1.10013787258126	-1.569751514270996	1.096864792079864	0.0005743707124154402	0.008672997757473147	0.990789478916634	0.0005743707124154402	0.0005743707124154402	0.02825903905083965	2.935028183188861e-06	0.0006068707411111021	0.01020553369234002	
238	33.52225166592331	246.2198247850778	2.71828	1.21358	1.16637e-05	0.2581069881028696	3.71839689095135	-0.132763631017867	4.952378749000896	1.642829253100163	9.765760479361596	-0.1936625602231952	-4.468564700985716	4.920003476714489	1.510001067040423	0.1000000706649286	0.0005109992890970277	0.1056584461634128	0.1000000706649286	172.5001218970019	1.776821255588585	0.1000000706649286	91.18766443765244	0	0	0	3.14159	-2781.290891454129	1415.297231109924	0	1	1	1	1	2	2.085	2.4952	0.00775795	0.1172	1.10013787258126	-1.569751514270996	1.096864792079864	798953356.7082959	0	0	7978.295896489747	28265.69144901838	28267.47729265574	124.202393070522	63659878.57596757	0	0	0	0.0005109992890970277	0.1056584461634128	1.776821255588585	0.1000000706649286	1.510001067040423	172.5001218970019	0.1000000706649286	0.1000000706649286	4.920003476714489	91.18766443765244	91.18766443765244	80.38505680400287	80.38505680400287	124.202393070522	1	125.0901325921153	0	1	0	0	1	0	7978.295896489747	7978.295898888627	28267.47757408921	28265.69144944588	28269.23085516553	28267.47729265574	28265.69178993671	0.000473794438563466	0.0009312097739042447	-0.9999994541834446	-0.003273294889023031	0.9999942106252266	0.0009296540212882293	0.999994530514742	0.003272852637499415	0.0004768398197834071	1.10013787258126	-1.569751514270996	1.096864792079864	0.0005743707124154402	0.008672997757473147	0.990789478916634	0.0005743707124154402	0.0005743707124154402	0.02825903905083965	2.935028183188861e-06	0.0006068707411111021	0.01020553369234002	
239	33.38199119870187	246.2198247850778	2.71828	1.21358	1.16637e-05	0.2581069881028696	3.71839689095135	-0.132763631017867	4.952378749000896	1.642829253100163	9.765760479361596	-0.1936625602231952	-4.468564700985716	4.920003476714489	1.510001067040423	0.1000000706649286	0.0005109992890970277	0.1056584461634128	0.1000000706649286	172.5001218970019	1.776821255588585	0.1000000706649286	91.18766443765244	0	0	0	3.14159	-2781.290891454129	1415.297231109924	0	1	1	1	1	2	2.085	2.4952	0.00775795	0.1172	1.10013787258126	-1.569751514270996	1.096864792079864	798953356.7082959	0	0	7978.295896489747	28265.69144901838	28267.47729265574	124.202393070522	63659878.57596757	0	0	0	0.0005109992890970277	0.1056584461634128	1.776821255588585	0.1000000706649286	1.510001067040423	172.5001218970019	0.1000000706649286	0.1000000706649286	4.920003476714489	91.18766443765244	91.18766443765244	80.38505680400287	80.38505680400287	124.202393070522	1	125.0901325921153	0	1	0	0	1	0	7978.295896489747	7978.295898888627	28267.47757408921	28265.69144944588	28269.23085516553	28267.47729265574	28265.69178993671	0.000473794438563466	0.0009312097739042447	-0.9999994541834446	-0.003273294889023031	0.9999942106252266	0.0009296540212882293	0.999994530514742	0.003272852637499415	0.0004768398197834071	1.10013787258126	-1.569751514270996	1.096864792079864	0.0005743707124154402	0.008672997757473147	0.990789478916634	0.0005743707124154402	0.0005743707124154402	0.02825903905083965	2.935028183188861e-06	0.0006068707411111021	0.01020553369234002	
240	33.24289956870728	246.2198247850778	2.71828	1.21358	1.16637e-05	0.2581069881028696	3.71839689095135	-0.132763631017867	4.952378749000896	1.642829253100163	9.765760479361596	-0.1936625602231952	-4.468564700985716	4.920003476714489	1.510001067040423	0.1000000706649286	0.0005109992890970277	0.1056584461634128	0.1000000706649286	172.5001218970019	1.776821255588585	0.1000000706649286	91.18766443765244	0	0	0	3.14159	-2781.290891454129	1415.297231109924	0	1	1	1	1	2	2.085	2.4952	0.00775795	0.1172	1.10013787258126	-1.569751514270996	1.096864792079864	798953356.7082959	0	0	7978.295896489747	28265.69144901838	28267.47729265574	124.202393070522	63659878.57596757	0	0	0	0.0005109992890970277	0.1056584461634128	1.776821255588585	0.1000000706649286	1.510001067040423	172.5001218970019	0.1000000706649286	0.1000000706649286	4.920003476714489	91.18766443765244	91.18766443765244	80.38505680400287	80.38505680400287	124.202393070522	1	125.0901325921153	0	1	0	0	1	0	7978.295896489747	7978.295898888627	28267.47757408921	28265.69144944588	28269.23085516553	28267.47729265574	28265.69178993671	0.000473794438563466	0.0009312097739042447	-0.9999994541834446	-0.003273294889023031	0.9999942106252266	0.0009296540212882293	0.999994530514742	0.003272852637499415	0.0004768398197834071	1.10013787258126	-1.569751514270996	1.096864792079864	0.0005743707124154402	0.008672997757473147	0.990789478916634	0.0005743707124154402	0.0005743707124154402	0.02825903905083965	2.935028183188861e-06	0.0006068707411111021	0.01020553369234002	
241	33.10496222609854	246.2198247850778	2.71828	1.21358	1.16637e-05	0.2581069881028696	3.71839689095135	-0.132763631017867	4.952378749000896	1.642829253100163	9.765760479361596	-0.1936625602231952	-4.468564700985716	4.920003476714489	1.510001067040423	0.1000000706649286	0.0005109992890970277	0.1056584461634128	0.1000000706649286	172.5001218970019	1.776821255588585	0.1000000706649286	91.18766443765244	0	0	0	3.14159	-2781.290891454129	1415.297231109924	0	1	1	1	1	2	2.085	2.4952	0.00775795	0.1172	1.10013787258126	-1.569751514270996	1.096864792079864	798953356.7082959	0	0	7978.295896489747	28265.69144901838	28267.47729265574	124.202393070522	63659878.57596757	0	0	0	0.0005109992890970277	0.1056584461634128	1.776821255588585	0.1000000706649286	1.510001067040423	172.5001218970019	0.1000000706649286	0.1000000706649286	4.920003476714489	91.18766443765244	91.18766443765244	80.38505680400287	80.38505680400287	124.202393070522	1	125.0901325921153	0	1	0	0	1	0	7978.295896489747	7978.295898888627	28267.47757408921	28265.69144944588	28269.23085516553	28267.47729265574	28265.69178993671	0.000473794438563466	0.0009312097739042447	-0.9999994541834446	-0.003273294889023031	0.9999942106252266	0.0009296540212882293	0.999994530514742	0.003272852637499415	0.0004768398197834071	1.10013787258126	-1.569751514270996	1.096864792079864	0.0005743707124154402	0.008672997757473147	0.990789478916634	0.0005743707124154402	0.0005743707124154402	0.02825903905083965	2.935028183188861e-06	0.0006068707411111021	0.01020553369234002	
242	32.96816486152788	246.2198247850778	2.71828	1.21358	1.16637e-05	0.2581069881028696	3.71839689095135	-0.132763631017867	4.952378749000896	1.642829253100163	9.765760479361596	-0.1936625602231952	-4.468564700985716	4.920003476714489	1.510001067040423	0.1000000706649286	0.0005109992890970277	0.1056584461634128	0.1000000706649286	172.5001218970019	1.776821255588585	0.1000000706649286	91.18766443765244	0	0	0	3.14159	-2781.290891454129	1415.297231109924	0	1	1	1	1	2	2.085	2.4952	0.00775795	0.1172	1.10013787258126	-1.569751514270996	1.096864792079864	798953356.7082959	0	0	7978.295896489747	28265.69144901838	28267.47729265574	124.202393070522	63659878.57596757	0	0	0	0.0005109992890970277	0.1056584461634128	1.776821255588585	0.1000000706649286	1.510001067040423	172.5001218970019	0.1000000706649286	0.1000000706649286	4.920003476714489	91.18766443765244	91.18766443765244	80.38505680400287	80.38505680400287	124.202393070522	1	125.0901325921153	0	1	0	0	1	0	7978.295896489747	7978.295898888627	28267.47757408921	28265.69144944588	28269.23085516553	28267.47729265574	28265.69178993671	0.000473794438563466	0.0009312097739042447	-0.9999994541834446	-0.003273294889023031	0.9999942106252266	0.0009296540212882293	0.999994530514742	0.003272852637499415	0.0004768398197834071	1.10013787258126	-1.569751514270996	1.096864792079864	0.0005743707124154402	0.008672997757473147	0.990789478916634	0.0005743707124154402	0.0005743707124154402	0.02825903905083965	2.935028183188861e-06	0.0006068707411111021	0.01020553369234002	
243	32.83249340119237	246.2198247850778	2.71828	1.21358	1.16637e-05	0.2581069881028696	3.71839689095135	-0.132763631017867	4.952378749000896	1.642829253100163	9.765760479361596	-0.1936625602231952	-4.468564700985716	4.920003476714489	1.510001067040423	0.1000000706649286	0.0005109992890970277	0.1056584461634128	0.1000000706649286	172.5001218970019	1.776821255588585	0.1000000706649286	91.18766443765244	0	0	0	3.14159	-2781.290891454129	1415.297231109924	0	1	1	1	1	2	2.085	2.4952	0.00775795	0.1172	1.10013787258126	-1.569751514270996	1.096864792079864	798953356.7082959	0	0	7978.295896489747	28265.69144901838	28267.47729265574	124.202393070522	63659878.57596757	0	0	0	0.0005109992890970277	0.1056584461634128	1.776821255588585	0.1000000706649286	1.510001067040423	172.5001218970019	0.1000000706649286	0.1000000706649286	4.920003476714489	91.18766443765244	91.18766443765244	80.38505680400287	80.38505680400287	124.202393070522	1	125.0901325921153	0	1	0	0	1	0	7978.295896489747	7978.295898888627	28267.47757408921	28265.69144944588	28269.23085516553	28267.47729265574	28265.69178993671	0.000473794438563466	0.0009312097739042447	-0.9999994541834446	-0.003273294889023031	0.9999942106252266	0.0009296540212882293	0.999994530514742	0.003272852637499415	0.0004768398197834071	1.10013787258126	-1.569751514270996	1.096864792079864	0.0005743707124154402	0.008672997757473147	0.990789478916634	0.0005743707124154402	0.0005743707124154402	0.02825903905083965	2.935028183188861e-06	0.0006068707411111021	0.01020553369234002	
244	32.69793400200716	246.2198247850778	2.71828	1.21358	1.16637e-05	0.2581069881028696	3.71839689095135	-0.132763631017867	4.952378749000896	1.642829253100163	9.765760479361596	-0.1936625602231952	-4.468564700985716	4.920003476714489	1.510001067040423	0.1000000706649286	0.0005109992890970277	0.1056584461634128	0.1000000706649286	172.5001218970019	1.776821255588585	0.1000000706649286	91.18766443765244	0	0	0	3.14159	-2781.290891454129	1415.297231109924	0	1	1	1	1	2	2.085	2.4952	0.00775795	0.1172	1.10013787258126	-1.569751514270996	1.096864792079864	798953356.7082959	0	0	7978.295896489747	28265.69144901838	28267.47729265574	124.202393070522	63659878.57596757	0	0	0	0.0005109992890970277	0.1056584461634128	1.776821255588585	0.1000000706649286	1.510001067040423	172.5001218970019	0.1000000706649286	0.1000000706649286	4.920003476714489	91.18766443765244	91.18766443765244	80.38505680400287	80.38505680400287	124.202393070522	1	125.0901325921153	0	1	0	0	1	0	7978.295896489747	7978.295898888627	28267.47757408921	28265.69144944588	28269.23085516553	28267.47729265574	28265.69178993671	0.000473794438563466	0.0009312097739042447	-0.9999994541834446	-0.003273294889023031	0.9999942106252266	0.0009296540212882293	0.999994530514742	0.003272852637499415	0.0004768398197834071	1.10013787258126	-1.569751514270996	1.096864792079864	0.0005743707124154402	0.008672997757473147	0.990789478916634	0.0005743707124154402	0.0005743707124154402	0.02825903905083965	2.935028183188861e-06	0.0006068707411111021	0.01020553369234002	
245	32.56447304689693	246.2198247850778	2.71828	1.21358	1.16637e-05	0.2581069881028696	3.71839689095135	-0.132763631017867	4.952378749000896	1.642829253100163	9.765760479361596	-0.1936625602231952	-4.468564700985716	4.920003476714489	1.510001067040423	0.1000000706649286	0.0005109992890970277	0.1056584461634128	0.1000000706649286	172.5001218970019	1.776821255588585	0.1000000706649286	91.18766443765244	0	0	0	3.14159	-2781.290891454129	1415.297231109924	0	1	1	1	1	2	2.085	2.4952	0.00775795	0.1172	1.10013787258126	-1.569751514270996	1.096864792079864	798953356.7082959	0	0	7978.295896489747	28265.69144901838	28267.47729265574	124.202393070522	63659878.57596757	0	0	0	0.0005109992890970277	0.1056584461634128	1.776821255588585	0.1000000706649286	1.510001067040423	172.5001218970019	0.1000000706649286	0.1000000706649286	4.920003476714489	91.18766443765244	91.18766443765244	80.38505680400287	80.38505680400287	124.202393070522	1	125.0901325921153	0	1	0	0	1	0	7978.295896489747	7978.295898888627	28267.47757408921	28265.69144944588	28269.23085516553	28267.47729265574	28265.69178993671	0.000473794438563466	0.0009312097739042447	-0.9999994541834446	-0.003273294889023031	0.9999942106252266	0.0009296540212882293	0.999994530514742	0.003272852637499415	0.0004768398197834071	1.10013787258126	-1.569751514270996	1.096864792079864	0.0005743707124154402	0.008672997757473147	0.990789478916634	0.0005743707124154402	0.0005743707124154402	0.02825903905083965	2.935028183188861e-06	0.0006068707411111021	0.01020553369234002	
246	32.43209714020222	246.2198247850778	2.71828	1.21358	1.16637e-05	0.2581069881028696	3.71839689095135	-0.132763631017867	4.952378749000896	1.642829253100163	9.765760479361596	-0.1936625602231952	-4.468564700985716	4.920003476714489	1.510001067040423	0.1000000706649286	0.0005109992890970277	0.1056584461634128	0.1000000706649286	172.5001218970019	1.776821255588585	0.1000000706649286	91.18766443765244	0	0	0	3.14159	-2781.290891454129	1415.297231109924	0	1	1	1	1	2	2.085	2.4952	0.00775795	0.1172	1.10013787258126	-1.569751514270996	1.096864792079864	798953356.7082959	0	0	7978.295896489747	28265.69144901838	28267.47729265574	124.202393070522	63659878.57596757	0	0	0	0.0005109992890970277	0.1056584461634128	1.776821255588585	0.1000000706649286	1.510001067040423	172.5001218970019	0.1000000706649286	0.1000000706649286	4.920003476714489	91.18766443765244	91.18766443765244	80.38505680400287	80.38505680400287	124.202393070522	1	125.0901325921153	0	1	0	0	1	0	7978.295896489747	7978.295898888627	28267.47757408921	28265.69144944588	28269.23085516553	28267.47729265574	28265.69178993671	0.000473794438563466	0.0009312097739042447	-0.9999994541834446	-0.003273294889023031	0.9999942106252266	0.0009296540212882293	0.999994530514742	0.003272852637499415	0.0004768398197834071	1.10013787258126	-1.569751514270996	1.096864792079864	0.0005743707124154402	0.008672997757473147	0.990789478916634	0.0005743707124154402	0.0005743707124154402	0.02825903905083965	2.935028183188861e-06	0.0006068707411111021	0.01020553369234002	
247	32.30079310319736	246.2198247850778	2.71828	1.21358	1.16637e-05	0.2581069881028696	3.71839689095135	-0.132763631017867	4.952378749000896	1.642829253100163	9.765760479361596	-0.1936625602231952	-4.468564700985716	4.920003476714489	1.510001067040423	0.1000000706649286	0.0005109992890970277	0.1056584461634128	0.1000000706649286	172.5001218970019	1.776821255588585	0.1000000706649286	91.18766443765244	0	0	0	3.14159	-2781.290891454129	1415.297231109924	0	1	1	1	1	2	2.085	2.4952	0.00775795	0.1172	1.10013787258126	-1.569751514270996	1.096864792079864	798953356.7082959	0	0	7978.295896489747	28265.69144901838	28267.47729265574	124.202393070522	63659878.57596757	0	0	0	0.0005109992890970277	0.1056584461634128	1.776821255588585	0.1000000706649286	1.510001067040423	172.5001218970019	0.1000000706649286	0.1000000706649286	4.920003476714489	91.18766443765244	91.18766443765244	80.38505680400287	80.38505680400287	124.202393070522	1	125.0901325921153	0	1	0	0	1	0	7978.295896489747	7978.295898888627	28267.47757408921	28265.69144944588	28269.23085516553	28267.47729265574	28265.69178993671	0.000473794438563466	0.0009312097739042447	-0.9999994541834446	-0.003273294889023031	0.9999942106252266	0.0009296540212882293	0.999994530514742	0.003272852637499415	0.0004768398197834071	1.10013787258126	-1.569751514270996	1.096864792079864	0.0005743707124154402	0.008672997757473147	0.990789478916634	0.0005743707124154402	0.0005743707124154402	0.02825903905083965	2.935028183188861e-06	0.0006068707411111021	0.01020553369234002	
248	32.17054796971672	246.2198247850778	2.71828	1.21358	1.16637e-05	0.2581069881028696	3.71839689095135	-0.132763631017867	4.952378749000896	1.642829253100163	9.765760479361596	-0.1936625602231952	-4.468564700985716	4.920003476714489	1.510001067040423	0.1000000706649286	0.0005109992890970277	0.1056584461634128	0.1000000706649286	172.5001218970019	1.776821255588585	0.1000000706649286	91.18766443765244	0	0	0	3.14159	-2781.290891454129	1415.297231109924	0	1	1	1	1	2	2.085	2.4952	0.00775795	0.1172	1.10013787258126	-1.569751514270996	1.096864792079864	798953356.7082959	0	0	7978.295896489747	28265.69144901838	28267.47729265574	124.202393070522	63659878.57596757	0	0	0	0.0005109992890970277	0.1056584461634128	1.776821255588585	0.1000000706649286	1.510001067040423	172.5001218970019	0.1000000706649286	0.1000000706649286	4.920003476714489	91.18766443765244	91.18766443765244	80.38505680400287	80.38505680400287	124.202393070522	1	125.0901325921153	0	1	0	0	1	0	7978.295896489747	7978.295898888627	28267.47757408921	28265.69144944588	28269.23085516553	28267.47729265574	28265.69178993671	0.000473794438563466	0.0009312097739042447	-0.9999994541834446	-0.003273294889023031	0.9999942106252266	0.0009296540212882293	0.999994530514742	0.003272852637499415	0.0004768398197834071	1.10013787258126	-1.569751514270996	1.096864792079864	0.0005743707124154402	0.008672997757473147	0.990789478916634	0.0005743707124154402	0.0005743707124154402	0.02825903905083965	2.935028183188861e-06	0.0006068707411111021	0.01020553369234002	
249	32.04134898188654	246.2198247850778	2.71828	1.21358	1.16637e-05	0.2581069881028696	3.71839689095135	-0.132763631017867	4.952378749000896	1.642829253100163	9.765760479361596	-0.1936625602231952	-4.468564700985716	4.920003476714489	1.510001067040423	0.1000000706649286	0.0005109992890970277	0.1056584461634128	0.1000000706649286	172.5001218970019	1.776821255588585	0.1000000706649286	91.18766443765244	0	0	0	3.14159	-2781.290891454129	1415.297231109924	0	1	1	1	1	2	2.085	2.4952	0.00775795	0.1172	1.10013787258126	-1.569751514270996	1.096864792079864	798953356.7082959	0	0	7978.295896489747	28265.69144901838	28267.47729265574	124.202393070522	63659878.57596757	0	0	0	0.0005109992890970277	0.1056584461634128	1.776821255588585	0.1000000706649286	1.510001067040423	172.5001218970019	0.1000000706649286	0.1000000706649286	4.920003476714489	91.18766443765244	91.18766443765244	80.38505680400287	80.38505680400287	124.202393070522	1	125.0901325921153	0	1	0	0	1	0	7978.295896489747	7978.295898888627	28267.47757408921	28265.69144944588	28269.23085516553	28267.47729265574	28265.69178993671	0.000473794438563466	0.0009312097739042447	-0.9999994541834446	-0.003273294889023031	0.9999942106252266	0.0009296540212882293	0.999994530514742	0.003272852637499415	0.0004768398197834071	1.10013787258126	-1.569751514270996	1.096864792079864	0.0005743707124154402	0.008672997757473147	0.990789478916634	0.0005743707124154402	0.0005743707124154402	0.02825903905083965	2.935028183188861e-06	0.0006068707411111021	0.01020553369234002	
250	31.91318358595899	246.2198247850778	2.71828	1.21358	1.16637e-05	0.2581069881028696	3.71839689095135	-0.132763631017867	4.952378749000896	1.642829253100163	9.765760479361596	-0.1936625602231952	-4.468564700985716	4.920003476714489	1.510001067040423	0.1000000706649286	0.0005109992890970277	0.1056584461634128	0.1000000706649286	172.5001218970019	1.776821255588585	0.1000000706649286	91.18766443765244	0	0	0	3.14159	-2781.290891454129	1415.297231109924	0	1	1	1	1	2	2.085	2.4952	0.00775795	0.1172	1.10013787258126	-1.569751514270996	1.096864792079864	798953356.7082959	0	0	7978.295896489747	28265.69144901838	28267.47729265574	124.202393070522	63659878.57596757	0	0	0	0.0005109992890970277	0.1056584461634128	1.776821255588585	0.1000000706649286	1.510001067040423	172.5001218970019	0.1000000706649286	0.1000000706649286	4.920003476714489	91.18766443765244	91.18766443765244	80.38505680400287	80.38505680400287	124.202393070522	1	125.0901325921153	0	1	0	0	1	0	7978.295896489747	7978.295898888627	28267.47757408921	28265.69144944588	28269.23085516553	28267.47729265574	28265.69178993671	0.000473794438563466	0.0009312097739042447	-0.9999994541834446	-0.003273294889023031	0.9999942106252266	0.0009296540212882293	0.999994530514742	0.003272852637499415	0.0004768398197834071	1.10013787258126	-1.569751514270996	1.096864792079864	0.0005743707124154402	0.008672997757473147	0.990789478916634	0.0005743707124154402	0.0005743707124154402	0.02825903905083965	2.935028183188861e-06	0.0006068707411111021	0.01020553369234002	
251	31.786039428246	246.2198247850778	2.71828	1.21358	1.16637e-05	0.2581069881028696	3.71839689095135	-0.132763631017867	4.952378749000896	1.642829253100163	9.765760479361596	-0.1936625602231952	-4.468564700985716	4.920003476714489	1.510001067040423	0.1000000706649286	0.0005109992890970277	0.1056584461634128	0.1000000706649286	172.5001218970019	1.776821255588585	0.1000000706649286	91.18766443765244	0	0	0	3.14159	-2781.290891454129	1415.297231109924	0	1	1	1	1	2	2.085	2.4952	0.00775795	0.1172	1.10013787258126	-1.569751514270996	1.096864792079864	798953356.7082959	0	0	7978.295896489747	28265.69144901838	28267.47729265574	124.202393070522	63659878.57596757	0	0	0	0.0005109992890970277	0.1056584461634128	1.776821255588585	0.1000000706649286	1.510001067040423	172.5001218970019	0.1000000706649286	0.1000000706649286	4.920003476714489	91.18766443765244	91.18766443765244	80.38505680400287	80.38505680400287	124.202393070522	1	125.0901325921153	0	1	0	0	1	0	7978.295896489747	7978.295898888627	28267.47757408921	28265.69144944588	28269.23085516553	28267.47729265574	28265.69178993671	0.000473794438563466	0.0009312097739042447	-0.9999994541834446	-0.003273294889023031	0.9999942106252266	0.0009296540212882293	0.999994530514742	0.003272852637499415	0.0004768398197834071	1.10013787258126	-1.569751514270996	1.096864792079864	0.0005743707124154402	0.008672997757473147	0.990789478916634	0.0005743707124154402	0.0005743707124154402	0.02825903905083965	2.935028183188861e-06	0.0006068707411111021	0.01020553369234002	
252	31.65990435114979	246.2198247850778	2.71828	1.21358	1.16637e-05	0.2581069881028696	3.71839689095135	-0.132763631017867	4.952378749000896	1.642829253100163	9.765760479361596	-0.1936625602231952	-4.468564700985716	4.920003476714489	1.510001067040423	0.1000000706649286	0.0005109992890970277	0.1056584461634128	0.1000000706649286	172.5001218970019	1.776821255588585	0.1000000706649286	91.18766443765244	0	0	0	3.14159	-2781.290891454129	1415.297231109924	0	1	1	1	1	2	2.085	2.4952	0.00775795	0.1172	1.10013787258126	-1.569751514270996	1.096864792079864	798953356.7082959	0	0	7978.295896489747	28265.69144901838	28267.47729265574	124.202393070522	63659878.57596757	0	0	0	0.0005109992890970277	0.1056584461634128	1.776821255588585	0.1000000706649286	1.510001067040423	172.5001218970019	0.1000000706649286	0.1000000706649286	4.920003476714489	91.18766443765244	91.18766443765244	80.38505680400287	80.38505680400287	124.202393070522	1	125.0901325921153	0	1	0	0	1	0	7978.295896489747	7978.295898888627	28267.47757408921	28265.69144944588	28269.23085516553	28267.47729265574	28265.69178993671	0.000473794438563466	0.0009312097739042447	-0.9999994541834446	-0.003273294889023031	0.9999942106252266	0.0009296540212882293	0.999994530514742	0.003272852637499415	0.0004768398197834071	1.10013787258126	-1.569751514270996	1.096864792079864	0.0005743707124154402	0.008672997757473147	0.990789478916634	0.0005743707124154402	0.0005743707124154402	0.02825903905083965	2.935028183188861e-06	0.0006068707411111021	0.01020553369234002	
253	31.53476638928754	246.2198247850778	2.71828	1.21358	1.16637e-05	0.2581069881028696	3.71839689095135	-0.132763631017867	4.952378749000896	1.642829253100163	9.765760479361596	-0.1936625602231952	-4.468564700985716	4.920003476714489	1.510001067040423	0.1000000706649286	0.0005109992890970277	0.1056584461634128	0.1000000706649286	172.5001218970019	1.776821255588585	0.1000000706649286	91.18766443765244	0	0	0	3.14159	-2781.290891454129	1415.297231109924	0	1	1	1	1	2	2.085	2.4952	0.00775795	0.1172	1.10013787258126	-1.569751514270996	1.096864792079864	798953356.7082959	0	0	7978.295896489747	28265.69144901838	28267.47729265574	124.202393070522	63659878.57596757	0	0	0	0.0005109992890970277	0.1056584461634128	1.776821255588585	0.1000000706649286	1.510001067040423	172.5001218970019	0.1000000706649286	0.1000000706649286	4.920003476714489	91.18766443765244	91.18766443765244	80.38505680400287	80.38505680400287	124.202393070522	1	125.0901325921153	0	1	0	0	1	0	7978.295896489747	7978.295898888627	28267.47757408921	28265.69144944588	28269.23085516553	28267.47729265574	28265.69178993671	0.000473794438563466	0.0009312097739042447	-0.9999994541834446	-0.003273294889023031	0.9999942106252266	0.0009296540212882293	0.999994530514742	0.003272852637499415	0.0004768398197834071	1.10013787258126	-1.569751514270996	1.096864792079864	0.0005743707124154402	0.008672997757473147	0.990789478916634	0.0005743707124154402	0.0005743707124154402	0.02825903905083965	2.935028183188861e-06	0.0006068707411111021	0.01020553369234002	
254	31.41061376570767	246.2198247850778	2.71828	1.21358	1.16637e-05	0.2581069881028696	3.71839689095135	-0.132763631017867	4.952378749000896	1.642829253100163	9.765760479361596	-0.1936625602231952	-4.468564700985716	4.920003476714489	1.510001067040423	0.1000000706649286	0.0005109992890970277	0.1056584461634128	0.1000000706649286	172.5001218970019	1.776821255588585	0.1000000706649286	91.18766443765244	0	0	0	3.14159	-2781.290891454129	1415.297231109924	0	1	1	1	1	2	2.085	2.4952	0.00775795	0.1172	1.10013787258126	-1.569751514270996	1.096864792079864	798953356.7082959	0	0	7978.295896489747	28265.69144901838	28267.47729265574	124.202393070522	63659878.57596757	0	0	0	0.0005109992890970277	0.1056584461634128	1.776821255588585	0.1000000706649286	1.510001067040423	172.5001218970019	0.1000000706649286	0.1000000706649286	4.920003476714489	91.18766443765244	91.18766443765244	80.38505680400287	80.38505680400287	124.202393070522	1	125.0901325921153	0	1	0	0	1	0	7978.295896489747	7978.295898888627	28267.47757408921	28265.69144944588	28269.23085516553	28267.47729265574	28265.69178993671	0.000473794438563466	0.0009312097739042447	-0.9999994541834446	-0.003273294889023031	0.9999942106252266	0.0009296540212882293	0.999994530514742	0.003272852637499415	0.0004768398197834071	1.10013787258126	-1.569751514270996	1.096864792079864	0.0005743707124154402	0.008672997757473147	0.990789478916634	0.0005743707124154402	0.0005743707124154402	0.02825903905083965	2.935028183188861e-06	0.0006068707411111021	0.01020553369234002	
255	31.28743488819509	246.2198247850778	2.71828	1.21358	1.16637e-05	0.2581069881028696	3.71839689095135	-0.132763631017867	4.952378749000896	1.642829253100163	9.765760479361596	-0.1936625602231952	-4.468564700985716	4.920003476714489	1.510001067040423	0.1000000706649286	0.0005109992890970277	0.1056584461634128	0.1000000706649286	172.5001218970019	1.776821255588585	0.1000000706649286	91.18766443765244	0	0	0	3.14159	-2781.290891454129	1415.297231109924	0	1	1	1	1	2	2.085	2.4952	0.00775795	0.1172	1.10013787258126	-1.569751514270996	1.096864792079864	798953356.7082959	0	0	7978.295896489747	28265.69144901838	28267.47729265574	124.202393070522	63659878.57596757	0	0	0	0.0005109992890970277	0.1056584461634128	1.776821255588585	0.1000000706649286	1.510001067040423	172.5001218970019	0.1000000706649286	0.1000000706649286	4.920003476714489	91.18766443765244	91.18766443765244	80.38505680400287	80.38505680400287	124.202393070522	1	125.0901325921153	0	1	0	0	1	0	7978.295896489747	7978.295898888627	28267.47757408921	28265.69144944588	28269.23085516553	28267.47729265574	28265.69178993671	0.000473794438563466	0.0009312097739042447	-0.9999994541834446	-0.003273294889023031	0.9999942106252266	0.0009296540212882293	0.999994530514742	0.003272852637499415	0.0004768398197834071	1.10013787258126	-1.569751514270996	1.096864792079864	0.0005743707124154402	0.008672997757473147	0.990789478916634	0.0005743707124154402	0.0005743707124154402	0.02825903905083965	2.935028183188861e-06	0.0006068707411111021	0.01020553369234002	
256	31.16521834566307	246.2198247850778	2.71828	1.21358	1.16637e-05	0.2581069881028696	3.71839689095135	-0.132763631017867	4.952378749000896	1.642829253100163	9.765760479361596	-0.1936625602231952	-4.468564700985716	4.920003476714489	1.510001067040423	0.1000000706649286	0.0005109992890970277	0.1056584461634128	0.1000000706649286	172.5001218970019	1.776821255588585	0.1000000706649286	91.18766443765244	0	0	0	3.14159	-2781.290891454129	1415.297231109924	0	1	1	1	1	2	2.085	2.4952	0.00775795	0.1172	1.10013787258126	-1.569751514270996	1.096864792079864	798953356.7082959	0	0	7978.295896489747	28265.69144901838	28267.47729265574	124.202393070522	63659878.57596757	0	0	0	0.0005109992890970277	0.1056584461634128	1.776821255588585	0.1000000706649286	1.510001067040423	172.5001218970019	0.1000000706649286	0.1000000706649286	4.920003476714489	91.18766443765244	91.18766443765244	80.38505680400287	80.38505680400287	124.202393070522	1	125.0901325921153	0	1	0	0	1	0	7978.295896489747	7978.295898888627	28267.47757408921	28265.69144944588	28269.23085516553	28267.47729265574	28265.69178993671	0.000473794438563466	0.0009312097739042447	-0.9999994541834446	-0.003273294889023031	0.9999942106252266	0.0009296540212882293	0.999994530514742	0.003272852637499415	0.0004768398197834071	1.10013787258126	-1.569751514270996	1.096864792079864	0.0005743707124154402	0.008672997757473147	0.990789478916634	0.0005743707124154402	0.0005743707124154402	0.02825903905083965	2.935028183188861e-06	0.0006068707411111021	0.01020553369234002	
257	31.04395290462936	246.2198247850778	2.71828	1.21358	1.16637e-05	0.2581069881028696	3.71839689095135	-0.132763631017867	4.952378749000896	1.642829253100163	9.765760479361596	-0.1936625602231952	-4.468564700985716	4.920003476714489	1.510001067040423	0.1000000706649286	0.0005109992890970277	0.1056584461634128	0.1000000706649286	172.5001218970019	1.776821255588585	0.1000000706649286	91.18766443765244	0	0	0	3.14159	-2781.290891454129	1415.297231109924	0	1	1	1	1	2	2.085	2.4952	0.00775795	0.1172	1.10013787258126	-1.569751514270996	1.096864792079864	798953356.7082959	0	0	7978.295896489747	28265.69144901838	28267.47729265574	124.202393070522	63659878.57596757	0	0	0	0.0005109992890970277	0.1056584461634128	1.776821255588585	0.1000000706649286	1.510001067040423	172.5001218970019	0.1000000706649286	0.1000000706649286	4.920003476714489	91.18766443765244	91.18766443765244	80.38505680400287	80.38505680400287	124.202393070522	1	125.0901325921153	0	1	0	0	1	0	7978.295896489747	7978.295898888627	28267.47757408921	28265.69144944588	28269.23085516553	28267.47729265574	28265.69178993671	0.000473794438563466	0.0009312097739042447	-0.9999994541834446	-0.003273294889023031	0.9999942106252266	0.0009296540212882293	0.999994530514742	0.003272852637499415	0.0004768398197834071	1.10013787258126	-1.569751514270996	1.096864792079864	0.0005743707124154402	0.008672997757473147	0.990789478916634	0.0005743707124154402	0.0005743707124154402	0.02825903905083965	2.935028183188861e-06	0.0006068707411111021	0.01020553369234002	
258	30.92362750577421	246.2198247850778	2.71828	1.21358	1.16637e-05	0.2581069881028696	3.71839689095135	-0.132763631017867	4.952378749000896	1.642829253100163	9.765760479361596	-0.1936625602231952	-4.468564700985716	4.920003476714489	1.510001067040423	0.1000000706649286	0.0005109992890970277	0.1056584461634128	0.1000000706649286	172.5001218970019	1.776821255588585	0.1000000706649286	91.18766443765244	0	0	0	3.14159	-2781.290891454129	1415.297231109924	0	1	1	1	1	2	2.085	2.4952	0.00775795	0.1172	1.10013787258126	-1.569751514270996	1.096864792079864	798953356.7082959	0	0	7978.295896489747	28265.69144901838	28267.47729265574	124.202393070522	63659878.57596757	0	0	0	0.0005109992890970277	0.1056584461634128	1.776821255588585	0.1000000706649286	1.510001067040423	172.5001218970019	0.1000000706649286	0.1000000706649286	4.920003476714489	91.18766443765244	91.18766443765244	80.38505680400287	80.38505680400287	124.202393070522	1	125.0901325921153	0	1	0	0	1	0	7978.295896489747	7978.295898888627	28267.47757408921	28265.69144944588	28269.23085516553	28267.47729265574	28265.69178993671	0.000473794438563466	0.0009312097739042447	-0.9999994541834446	-0.003273294889023031	0.9999942106252266	0.0009296540212882293	0.999994530514742	0.003272852637499415	0.0004768398197834071	1.10013787258126	-1.569751514270996	1.096864792079864	0.0005743707124154402	0.008672997757473147	0.990789478916634	0.0005743707124154402	0.0005743707124154402	0.02825903905083965	2.935028183188861e-06	0.0006068707411111021	0.01020553369234002	
259	30.80423126057817	246.2198247850778	2.71828	1.21358	1.16637e-05	0.2581069881028696	3.71839689095135	-0.132763631017867	4.952378749000896	1.642829253100163	9.765760479361596	-0.1936625602231952	-4.468564700985716	4.920003476714489	1.510001067040423	0.1000000706649286	0.0005109992890970277	0.1056584461634128	0.1000000706649286	172.5001218970019	1.776821255588585	0.1000000706649286	91.18766443765244	0	0	0	3.14159	-2781.290891454129	1415.297231109924	0	1	1	1	1	2	2.085	2.4952	0.00775795	0.1172	1.10013787258126	-1.569751514270996	1.096864792079864	798953356.7082959	0	0	7978.295896489747	28265.69144901838	28267.47729265574	124.202393070522	63659878.57596757	0	0	0	0.0005109992890970277	0.1056584461634128	1.776821255588585	0.1000000706649286	1.510001067040423	172.5001218970019	0.1000000706649286	0.1000000706649286	4.920003476714489	91.18766443765244	91.18766443765244	80.38505680400287	80.38505680400287	124.202393070522	1	125.0901325921153	0	1	0	0	1	0	7978.295896489747	7978.295898888627	28267.47757408921	28265.69144944588	28269.23085516553	28267.47729265574	28265.69178993671	0.000473794438563466	0.0009312097739042447	-0.9999994541834446	-0.003273294889023031	0.9999942106252266	0.0009296540212882293	0.999994530514742	0.003272852637499415	0.0004768398197834071	1.10013787258126	-1.569751514270996	1.096864792079864	0.0005743707124154402	0.008672997757473147	0.990789478916634	0.0005743707124154402	0.0005743707124154402	0.02825903905083965	2.935028183188861e-06	0.0006068707411111021	0.01020553369234002	
260	30.68575344803749	246.2198247850778	2.71828	1.21358	1.16637e-05	0.2581069881028696	3.71839689095135	-0.132763631017867	4.952378749000896	1.642829253100163	9.765760479361596	-0.1936625602231952	-4.468564700985716	4.920003476714489	1.510001067040423	0.1000000706649286	0.0005109992890970277	0.1056584461634128	0.1000000706649286	172.5001218970019	1.776821255588585	0.1000000706649286	91.18766443765244	0	0	0	3.14159	-2781.290891454129	1415.297231109924	0	1	1	1	1	2	2.085	2.4952	0.00775795	0.1172	1.10013787258126	-1.569751514270996	1.096864792079864	798953356.7082959	0	0	7978.295896489747	28265.69144901838	28267.47729265574	124.202393070522	63659878.57596757	0	0	0	0.0005109992890970277	0.1056584461634128	1.776821255588585	0.1000000706649286	1.510001067040423	172.5001218970019	0.1000000706649286	0.1000000706649286	4.920003476714489	91.18766443765244	91.18766443765244	80.38505680400287	80.38505680400287	124.202393070522	1	125.0901325921153	0	1	0	0	1	0	7978.295896489747	7978.295898888627	28267.47757408921	28265.69144944588	28269.23085516553	28267.47729265574	28265.69178993671	0.000473794438563466	0.0009312097739042447	-0.9999994541834446	-0.003273294889023031	0.9999942106252266	0.0009296540212882293	0.999994530514742	0.003272852637499415	0.0004768398197834071	1.10013787258126	-1.569751514270996	1.096864792079864	0.0005743707124154402	0.008672997757473147	0.990789478916634	0.0005743707124154402	0.0005743707124154402	0.02825903905083965	2.935028183188861e-06	0.0006068707411111021	0.01020553369234002	
261	30.56818351145497	246.2198247850778	2.71828	1.21358	1.16637e-05	0.2581069881028696	3.71839689095135	-0.132763631017867	4.952378749000896	1.642829253100163	9.765760479361596	-0.1936625602231952	-4.468564700985716	4.920003476714489	1.510001067040423	0.1000000706649286	0.0005109992890970277	0.1056584461634128	0.1000000706649286	172.5001218970019	1.776821255588585	0.1000000706649286	91.18766443765244	0	0	0	3.14159	-2781.290891454129	1415.297231109924	0	1	1	1	1	2	2.085	2.4952	0.00775795	0.1172	1.10013787258126	-1.569751514270996	1.096864792079864	798953356.7082959	0	0	7978.295896489747	28265.69144901838	28267.47729265574	124.202393070522	63659878.57596757	0	0	0	0.0005109992890970277	0.1056584461634128	1.776821255588585	0.1000000706649286	1.510001067040423	172.5001218970019	0.1000000706649286	0.1000000706649286	4.920003476714489	91.18766443765244	91.18766443765244	80.38505680400287	80.38505680400287	124.202393070522	1	125.0901325921153	0	1	0	0	1	0	7978.295896489747	7978.295898888627	28267.47757408921	28265.69144944588	28269.23085516553	28267.47729265574	28265.69178993671	0.000473794438563466	0.0009312097739042447	-0.9999994541834446	-0.003273294889023031	0.9999942106252266	0.0009296540212882293	0.999994530514742	0.003272852637499415	0.0004768398197834071	1.10013787258126	-1.569751514270996	1.096864792079864	0.0005743707124154402	0.008672997757473147	0.990789478916634	0.0005743707124154402	0.0005743707124154402	0.02825903905083965	2.935028183188861e-06	0.0006068707411111021	0.01020553369234002	
262	30.45151105530438	246.2198247850778	2.71828	1.21358	1.16637e-05	0.2581069881028696	3.71839689095135	-0.132763631017867	4.952378749000896	1.642829253100163	9.765760479361596	-0.1936625602231952	-4.468564700985716	4.920003476714489	1.510001067040423	0.1000000706649286	0.0005109992890970277	0.1056584461634128	0.1000000706649286	172.5001218970019	1.776821255588585	0.1000000706649286	91.18766443765244	0	0	0	3.14159	-2781.290891454129	1415.297231109924	0	1	1	1	1	2	2.085	2.4952	0.00775795	0.1172	1.10013787258126	-1.569751514270996	1.096864792079864	798953356.7082959	0	0	7978.295896489747	28265.69144901838	28267.47729265574	124.202393070522	63659878.57596757	0	0	0	0.0005109992890970277	0.1056584461634128	1.776821255588585	0.1000000706649286	1.510001067040423	172.5001218970019	0.1000000706649286	0.1000000706649286	4.920003476714489	91.18766443765244	91.18766443765244	80.38505680400287	80.38505680400287	124.202393070522	1	125.0901325921153	0	1	0	0	1	0	7978.295896489747	7978.295898888627	28267.47757408921	28265.69144944588	28269.23085516553	28267.47729265574	28265.69178993671	0.000473794438563466	0.0009312097739042447	-0.9999994541834446	-0.003273294889023031	0.9999942106252266	0.0009296540212882293	0.999994530514742	0.003272852637499415	0.0004768398197834071	1.10013787258126	-1.569751514270996	1.096864792079864	0.0005743707124154402	0.008672997757473147	0.990789478916634	0.0005743707124154402	0.0005743707124154402	0.02825903905083965	2.935028183188861e-06	0.0006068707411111021	0.01020553369234002	
263	30.33572584216634	246.2198247850778	2.71828	1.21358	1.16637e-05	0.2581069881028696	3.71839689095135	-0.132763631017867	4.952378749000896	1.642829253100163	9.765760479361596	-0.1936625602231952	-4.468564700985716	4.920003476714489	1.510001067040423	0.1000000706649286	0.0005109992890970277	0.1056584461634128	0.1000000706649286	172.5001218970019	1.776821255588585	0.1000000706649286	91.18766443765244	0	0	0	3.14159	-2781.290891454129	1415.297231109924	0	1	1	1	1	2	2.085	2.4952	0.00775795	0.1172	1.10013787258126	-1.569751514270996	1.096864792079864	798953356.7082959	0	0	7978.295896489747	28265.69144901838	28267.47729265574	124.202393070522	63659878.57596757	0	0	0	0.0005109992890970277	0.1056584461634128	1.776821255588585	0.1000000706649286	1.510001067040423	172.5001218970019	0.1000000706649286	0.1000000706649286	4.920003476714489	91.18766443765244	91.18766443765244	80.38505680400287	80.38505680400287	124.202393070522	1	125.0901325921153	0	1	0	0	1	0	7978.295896489747	7978.295898888627	28267.47757408921	28265.69144944588	28269.23085516553	28267.47729265574	28265.69178993671	0.000473794438563466	0.0009312097739042447	-0.9999994541834446	-0.003273294889023031	0.9999942106252266	0.0009296540212882293	0.999994530514742	0.003272852637499415	0.0004768398197834071	1.10013787258126	-1.569751514270996	1.096864792079864	0.0005743707124154402	0.008672997757473147	0.990789478916634	0.0005743707124154402	0.0005743707124154402	0.02825903905083965	2.935028183188861e-06	0.0006068707411111021	0.01020553369234002	
264	30.22081778973389	246.2198247850778	2.71828	1.21358	1.16637e-05	0.2581069881028696	3.71839689095135	-0.132763631017867	4.952378749000896	1.642829253100163	9.765760479361596	-0.1936625602231952	-4.468564700985716	4.920003476714489	1.510001067040423	0.1000000706649286	0.0005109992890970277	0.1056584461634128	0.1000000706649286	172.5001218970019	1.776821255588585	0.1000000706649286	91.18766443765244	0	0	0	3.14159	-2781.290891454129	1415.297231109924	0	1	1	1	1	2	2.085	2.4952	0.00775795	0.1172	1.10013787258126	-1.569751514270996	1.096864792079864	798953356.7082959	0	0	7978.295896489747	28265.69144901838	28267.47729265574	124.202393070522	63659878.57596757	0	0	0	0.0005109992890970277	0.1056584461634128	1.776821255588585	0.1000000706649286	1.510001067040423	172.5001218970019	0.1000000706649286	0.1000000706649286	4.920003476714489	91.18766443765244	91.18766443765244	80.38505680400287	80.38505680400287	124.202393070522	1	125.0901325921153	0	1	0	0	1	0	7978.295896489747	7978.295898888627	28267.47757408921	28265.69144944588	28269.23085516553	28267.47729265574	28265.69178993671	0.000473794438563466	0.0009312097739042447	-0.9999994541834446	-0.003273294889023031	0.9999942106252266	0.0009296540212882293	0.999994530514742	0.003272852637499415	0.0004768398197834071	1.10013787258126	-1.569751514270996	1.096864792079864	0.0005743707124154402	0.008672997757473147	0.990789478916634	0.0005743707124154402	0.0005743707124154402	0.02825903905083965	2.935028183188861e-06	0.0006068707411111021	0.01020553369234002	
265	30.10677696788584	246.2198247850778	2.71828	1.21358	1.16637e-05	0.2581069881028696	3.71839689095135	-0.132763631017867	4.952378749000896	1.642829253100163	9.765760479361596	-0.1936625602231952	-4.468564700985716	4.920003476714489	1.510001067040423	0.1000000706649286	0.0005109992890970277	0.1056584461634128	0.1000000706649286	172.5001218970019	1.776821255588585	0.1000000706649286	91.18766443765244	0	0	0	3.14159	-2781.290891454129	1415.297231109924	0	1	1	1	1	2	2.085	2.4952	0.00775795	0.1172	1.10013787258126	-1.569751514270996	1.096864792079864	798953356.7082959	0	0	7978.295896489747	28265.69144901838	28267.47729265574	124.202393070522	63659878.57596757	0	0	0	0.0005109992890970277	0.1056584461634128	1.776821255588585	0.1000000706649286	1.510001067040423	172.5001218970019	0.1000000706649286	0.1000000706649286	4.920003476714489	91.18766443765244	91.18766443765244	80.38505680400287	80.38505680400287	124.202393070522	1	125.0901325921153	0	1	0	0	1	0	7978.295896489747	7978.295898888627	28267.47757408921	28265.69144944588	28269.23085516553	28267.47729265574	28265.69178993671	0.000473794438563466	0.0009312097739042447	-0.9999994541834446	-0.003273294889023031	0.9999942106252266	0.0009296540212882293	0.999994530514742	0.003272852637499415	0.0004768398197834071	1.10013787258126	-1.569751514270996	1.096864792079864	0.0005743707124154402	0.008672997757473147	0.990789478916634	0.0005743707124154402	0.0005743707124154402	0.02825903905083965	2.935028183188861e-06	0.0006068707411111021	0.01020553369234002	
266	29.99359359582612	246.2198247850778	2.71828	1.21358	1.16637e-05	0.2581069881028696	3.71839689095135	-0.132763631017867	4.952378749000896	1.642829253100163	9.765760479361596	-0.1936625602231952	-4.468564700985716	4.920003476714489	1.510001067040423	0.1000000706649286	0.0005109992890970277	0.1056584461634128	0.1000000706649286	172.5001218970019	1.776821255588585	0.1000000706649286	91.18766443765244	0	0	0	3.14159	-2781.290891454129	1415.297231109924	0	1	1	1	1	2	2.085	2.4952	0.00775795	0.1172	1.10013787258126	-1.569751514270996	1.096864792079864	798953356.7082959	0	0	7978.295896489747	28265.69144901838	28267.47729265574	124.202393070522	63659878.57596757	0	0	0	0.0005109992890970277	0.1056584461634128	1.776821255588585	0.1000000706649286	1.510001067040423	172.5001218970019	0.1000000706649286	0.1000000706649286	4.920003476714489	91.18766443765244	91.18766443765244	80.38505680400287	80.38505680400287	124.202393070522	1	125.0901325921153	0	1	0	0	1	0	7978.295896489747	7978.295898888627	28267.47757408921	28265.69144944588	28269.23085516553	28267.47729265574	28265.69178993671	0.000473794438563466	0.0009312097739042447	-0.9999994541834446	-0.003273294889023031	0.9999942106252266	0.0009296540212882293	0.999994530514742	0.003272852637499415	0.0004768398197834071	1.10013787258126	-1.569751514270996	1.096864792079864	0.0005743707124154402	0.008672997757473147	0.990789478916634	0.0005743707124154402	0.0005743707124154402	0.02825903905083965	2.935028183188861e-06	0.0006068707411111021	0.01020553369234002	
267	29.88125803928744	246.2198247850778	2.71828	1.21358	1.16637e-05	0.2581069881028696	3.71839689095135	-0.132763631017867	4.952378749000896	1.642829253100163	9.765760479361596	-0.1936625602231952	-4.468564700985716	4.920003476714489	1.510001067040423	0.1000000706649286	0.0005109992890970277	0.1056584461634128	0.1000000706649286	172.5001218970019	1.776821255588585	0.1000000706649286	91.18766443765244	0	0	0	3.14159	-2781.290891454129	1415.297231109924	0	1	1	1	1	2	2.085	2.4952	0.00775795	0.1172	1.10013787258126	-1.569751514270996	1.096864792079864	798953356.7082959	0	0	7978.295896489747	28265.69144901838	28267.47729265574	124.202393070522	63659878.57596757	0	0	0	0.0005109992890970277	0.1056584461634128	1.776821255588585	0.1000000706649286	1.510001067040423	172.5001218970019	0.1000000706649286	0.1000000706649286	4.920003476714489	91.18766443765244	91.18766443765244	80.38505680400287	80.38505680400287	124.202393070522	1	125.0901325921153	0	1	0	0	1	0	7978.295896489747	7978.295898888627	28267.47757408921	28265.69144944588	28269.23085516553	28267.47729265574	28265.69178993671	0.000473794438563466	0.0009312097739042447	-0.9999994541834446	-0.003273294889023031	0.9999942106252266	0.0009296540212882293	0.999994530514742	0.003272852637499415	0.0004768398197834071	1.10013787258126	-1.569751514270996	1.096864792079864	0.0005743707124154402	0.008672997757473147	0.990789478916634	0.0005743707124154402	0.0005743707124154402	0.02825903905083965	2.935028183188861e-06	0.0006068707411111021	0.01020553369234002	
268	29.76976080779756	246.2198247850778	2.71828	1.21358	1.16637e-05	0.2581069881028696	3.71839689095135	-0.132763631017867	4.952378749000896	1.642829253100163	9.765760479361596	-0.1936625602231952	-4.468564700985716	4.920003476714489	1.510001067040423	0.1000000706649286	0.0005109992890970277	0.1056584461634128	0.1000000706649286	172.5001218970019	1.776821255588585	0.1000000706649286	91.18766443765244	0	0	0	3.14159	-2781.290891454129	1415.297231109924	0	1	1	1	1	2	2.085	2.4952	0.00775795	0.1172	1.10013787258126	-1.569751514270996	1.096864792079864	798953356.7082959	0	0	7978.295896489747	28265.69144901838	28267.47729265574	124.202393070522	63659878.57596757	0	0	0	0.0005109992890970277	0.1056584461634128	1.776821255588585	0.1000000706649286	1.510001067040423	172.5001218970019	0.1000000706649286	0.1000000706649286	4.920003476714489	91.18766443765244	91.18766443765244	80.38505680400287	80.38505680400287	124.202393070522	1	125.0901325921153	0	1	0	0	1	0	7978.295896489747	7978.295898888627	28267.47757408921	28265.69144944588	28269.23085516553	28267.47729265574	28265.69178993671	0.000473794438563466	0.0009312097739042447	-0.9999994541834446	-0.003273294889023031	0.9999942106252266	0.0009296540212882293	0.999994530514742	0.003272852637499415	0.0004768398197834071	1.10013787258126	-1.569751514270996	1.096864792079864	0.0005743707124154402	0.008672997757473147	0.990789478916634	0.0005743707124154402	0.0005743707124154402	0.02825903905083965	2.935028183188861e-06	0.0006068707411111021	0.01020553369234002	
269	29.65909255200649	246.2198247850778	2.71828	1.21358	1.16637e-05	0.2581069881028696	3.71839689095135	-0.132763631017867	4.952378749000896	1.642829253100163	9.765760479361596	-0.1936625602231952	-4.468564700985716	4.920003476714489	1.510001067040423	0.1000000706649286	0.0005109992890970277	0.1056584461634128	0.1000000706649286	172.5001218970019	1.776821255588585	0.1000000706649286	91.18766443765244	0	0	0	3.14159	-2781.290891454129	1415.297231109924	0	1	1	1	1	2	2.085	2.4952	0.00775795	0.1172	1.10013787258126	-1.569751514270996	1.096864792079864	798953356.7082959	0	0	7978.295896489747	28265.69144901838	28267.47729265574	124.202393070522	63659878.57596757	0	0	0	0.0005109992890970277	0.1056584461634128	1.776821255588585	0.1000000706649286	1.510001067040423	172.5001218970019	0.1000000706649286	0.1000000706649286	4.920003476714489	91.18766443765244	91.18766443765244	80.38505680400287	80.38505680400287	124.202393070522	1	125.0901325921153	0	1	0	0	1	0	7978.295896489747	7978.295898888627	28267.47757408921	28265.69144944588	28269.23085516553	28267.47729265574	28265.69178993671	0.000473794438563466	0.0009312097739042447	-0.9999994541834446	-0.003273294889023031	0.9999942106252266	0.0009296540212882293	0.999994530514742	0.003272852637499415	0.0004768398197834071	1.10013787258126	-1.569751514270996	1.096864792079864	0.0005743707124154402	0.008672997757473147	0.990789478916634	0.0005743707124154402	0.0005743707124154402	0.02825903905083965	2.935028183188861e-06	0.0006068707411111021	0.01020553369234002	
270	29.54924406107314	246.2198247850778	2.71828	1.21358	1.16637e-05	0.2581069881028696	3.71839689095135	-0.132763631017867	4.952378749000896	1.642829253100163	9.765760479361596	-0.1936625602231952	-4.468564700985716	4.920003476714489	1.510001067040423	0.1000000706649286	0.0005109992890970277	0.1056584461634128	0.1000000706649286	172.5001218970019	1.776821255588585	0.1000000706649286	91.18766443765244	0	0	0	3.14159	-2781.290891454129	1415.297231109924	0	1	1	1	1	2	2.085	2.4952	0.00775795	0.1172	1.10013787258126	-1.569751514270996	1.096864792079864	798953356.7082959	0	0	7978.295896489747	28265.69144901838	28267.47729265574	124.202393070522	63659878.57596757	0	0	0	0.0005109992890970277	0.1056584461634128	1.776821255588585	0.1000000706649286	1.510001067040423	172.5001218970019	0.1000000706649286	0.1000000706649286	4.920003476714489	91.18766443765244	91.18766443765244	80.38505680400287	80.38505680400287	124.202393070522	1	125.0901325921153	0	1	0	0	1	0	7978.295896489747	7978.295898888627	28267.47757408921	28265.69144944588	28269.23085516553	28267.47729265574	28265.69178993671	0.000473794438563466	0.0009312097739042447	-0.9999994541834446	-0.003273294889023031	0.9999942106252266	0.0009296540212882293	0.999994530514742	0.003272852637499415	0.0004768398197834071	1.10013787258126	-1.569751514270996	1.096864792079864	0.0005743707124154402	0.008672997757473147	0.990789478916634	0.0005743707124154402	0.0005743707124154402	0.02825903905083965	2.935028183188861e-06	0.0006068707411111021	0.01020553369234002	
271	29.44020626010977	246.2198247850778	2.71828	1.21358	1.16637e-05	0.2581069881028696	3.71839689095135	-0.132763631017867	4.952378749000896	1.642829253100163	9.765760479361596	-0.1936625602231952	-4.468564700985716	4.920003476714489	1.510001067040423	0.1000000706649286	0.0005109992890970277	0.1056584461634128	0.1000000706649286	172.5001218970019	1.776821255588585	0.1000000706649286	91.18766443765244	0	0	0	3.14159	-2781.290891454129	1415.297231109924	0	1	1	1	1	2	2.085	2.4952	0.00775795	0.1172	1.10013787258126	-1.569751514270996	1.096864792079864	798953356.7082959	0	0	7978.295896489747	28265.69144901838	28267.47729265574	124.202393070522	63659878.57596757	0	0	0	0.0005109992890970277	0.1056584461634128	1.776821255588585	0.1000000706649286	1.510001067040423	172.5001218970019	0.1000000706649286	0.1000000706649286	4.920003476714489	91.18766443765244	91.18766443765244	80.38505680400287	80.38505680400287	124.202393070522	1	125.0901325921153	0	1	0	0	1	0	7978.295896489747	7978.295898888627	28267.47757408921	28265.69144944588	28269.23085516553	28267.47729265574	28265.69178993671	0.000473794438563466	0.0009312097739042447	-0.9999994541834446	-0.003273294889023031	0.9999942106252266	0.0009296540212882293	0.999994530514742	0.003272852637499415	0.0004768398197834071	1.10013787258126	-1.569751514270996	1.096864792079864	0.0005743707124154402	0.008672997757473147	0.990789478916634	0.0005743707124154402	0.0005743707124154402	0.02825903905083965	2.935028183188861e-06	0.0006068707411111021	0.01020553369234002	
272	29.33197020768289	246.2198247850778	2.71828	1.21358	1.16637e-05	0.2581069881028696	3.71839689095135	-0.132763631017867	4.952378749000896	1.642829253100163	9.765760479361596	-0.1936625602231952	-4.468564700985716	4.920003476714489	1.510001067040423	0.1000000706649286	0.0005109992890970277	0.1056584461634128	0.1000000706649286	172.5001218970019	1.776821255588585	0.1000000706649286	91.18766443765244	0	0	0	3.14159	-2781.290891454129	1415.297231109924	0	1	1	1	1	2	2.085	2.4952	0.00775795	0.1172	1.10013787258126	-1.569751514270996	1.096864792079864	798953356.7082959	0	0	7978.295896489747	28265.69144901838	28267.47729265574	124.202393070522	63659878.57596757	0	0	0	0.0005109992890970277	0.1056584461634128	1.776821255588585	0.1000000706649286	1.510001067040423	172.5001218970019	0.1000000706649286	0.1000000706649286	4.920003476714489	91.18766443765244	91.18766443765244	80.38505680400287	80.38505680400287	124.202393070522	1	125.0901325921153	0	1	0	0	1	0	7978.295896489747	7978.295898888627	28267.47757408921	28265.69144944588	28269.23085516553	28267.47729265574	28265.69178993671	0.000473794438563466	0.0009312097739042447	-0.9999994541834446	-0.003273294889023031	0.9999942106252266	0.0009296540212882293	0.999994530514742	0.003272852637499415	0.0004768398197834071	1.10013787258126	-1.569751514270996	1.096864792079864	0.0005743707124154402	0.008672997757473147	0.990789478916634	0.0005743707124154402	0.0005743707124154402	0.02825903905083965	2.935028183188861e-06	0.0006068707411111021	0.01020553369234002	
273	29.22452709336904	246.2198247850778	2.71828	1.21358	1.16637e-05	0.2581069881028696	3.71839689095135	-0.132763631017867	4.952378749000896	1.642829253100163	9.765760479361596	-0.1936625602231952	-4.468564700985716	4.920003476714489	1.510001067040423	0.1000000706649286	0.0005109992890970277	0.1056584461634128	0.1000000706649286	172.5001218970019	1.776821255588585	0.1000000706649286	91.18766443765244	0	0	0	3.14159	-2781.290891454129	1415.297231109924	0	1	1	1	1	2	2.085	2.4952	0.00775795	0.1172	1.10013787258126	-1.569751514270996	1.096864792079864	798953356.7082959	0	0	7978.295896489747	28265.69144901838	28267.47729265574	124.202393070522	63659878.57596757	0	0	0	0.0005109992890970277	0.1056584461634128	1.776821255588585	0.1000000706649286	1.510001067040423	172.5001218970019	0.1000000706649286	0.1000000706649286	4.920003476714489	91.18766443765244	91.18766443765244	80.38505680400287	80.38505680400287	124.202393070522	1	125.0901325921153	0	1	0	0	1	0	7978.295896489747	7978.295898888627	28267.47757408921	28265.69144944588	28269.23085516553	28267.47729265574	28265.69178993671	0.000473794438563466	0.0009312097739042447	-0.9999994541834446	-0.003273294889023031	0.9999942106252266	0.0009296540212882293	0.999994530514742	0.003272852637499415	0.0004768398197834071	1.10013787258126	-1.569751514270996	1.096864792079864	0.0005743707124154402	0.008672997757473147	0.990789478916634	0.0005743707124154402	0.0005743707124154402	0.02825903905083965	2.935028183188861e-06	0.0006068707411111021	0.01020553369234002	
274	29.11786823536404	246.2198247850778	2.71828	1.21358	1.16637e-05	0.2581069881028696	3.71839689095135	-0.132763631017867	4.952378749000896	1.642829253100163	9.765760479361596	-0.1936625602231952	-4.468564700985716	4.920003476714489	1.510001067040423	0.1000000706649286	0.0005109992890970277	0.1056584461634128	0.1000000706649286	172.5001218970019	1.776821255588585	0.1000000706649286	91.18766443765244	0	0	0	3.14159	-2781.290891454129	1415.297231109924	0	1	1	1	1	2	2.085	2.4952	0.00775795	0.1172	1.10013787258126	-1.569751514270996	1.096864792079864	798953356.7082959	0	0	7978.295896489747	28265.69144901838	28267.47729265574	124.202393070522	63659878.57596757	0	0	0	0.0005109992890970277	0.1056584461634128	1.776821255588585	0.1000000706649286	1.510001067040423	172.5001218970019	0.1000000706649286	0.1000000706649286	4.920003476714489	91.18766443765244	91.18766443765244	80.38505680400287	80.38505680400287	124.202393070522	1	125.0901325921153	0	1	0	0	1	0	7978.295896489747	7978.295898888627	28267.47757408921	28265.69144944588	28269.23085516553	28267.47729265574	28265.69178993671	0.000473794438563466	0.0009312097739042447	-0.9999994541834446	-0.003273294889023031	0.9999942106252266	0.0009296540212882293	0.999994530514742	0.003272852637499415	0.0004768398197834071	1.10013787258126	-1.569751514270996	1.096864792079864	0.0005743707124154402	0.008672997757473147	0.990789478916634	0.0005743707124154402	0.0005743707124154402	0.02825903905083965	2.935028183188861e-06	0.0006068707411111021	0.01020553369234002	
275	29.01198507814453	246.2198247850778	2.71828	1.21358	1.16637e-05	0.2581069881028696	3.71839689095135	-0.132763631017867	4.952378749000896	1.642829253100163	9.765760479361596	-0.1936625602231952	-4.468564700985716	4.920003476714489	1.510001067040423	0.1000000706649286	0.0005109992890970277	0.1056584461634128	0.1000000706649286	172.5001218970019	1.776821255588585	0.1000000706649286	91.18766443765244	0	0	0	3.14159	-2781.290891454129	1415.297231109924	0	1	1	1	1	2	2.085	2.4952	0.00775795	0.1172	1.10013787258126	-1.569751514270996	1.096864792079864	798953356.7082959	0	0	7978.295896489747	28265.69144901838	28267.47729265574	124.202393070522	63659878.57596757	0	0	0	0.0005109992890970277	0.1056584461634128	1.776821255588585	0.1000000706649286	1.510001067040423	172.5001218970019	0.1000000706649286	0.1000000706649286	4.920003476714489	91.18766443765244	91.18766443765244	80.38505680400287	80.38505680400287	124.202393070522	1	125.0901325921153	0	1	0	0	1	0	7978.295896489747	7978.295898888627	28267.47757408921	28265.69144944588	28269.23085516553	28267.47729265574	28265.69178993671	0.000473794438563466	0.0009312097739042447	-0.9999994541834446	-0.003273294889023031	0.9999942106252266	0.0009296540212882293	0.999994530514742	0.003272852637499415	0.0004768398197834071	1.10013787258126	-1.569751514270996	1.096864792079864	0.0005743707124154402	0.008672997757473147	0.990789478916634	0.0005743707124154402	0.0005743707124154402	0.02825903905083965	2.935028183188861e-06	0.0006068707411111021	0.01020553369234002	
276	28.90686919018024	246.2198247850778	2.71828	1.21358	1.16637e-05	0.2581069881028696	3.71839689095135	-0.132763631017867	4.952378749000896	1.642829253100163	9.765760479361596	-0.1936625602231952	-4.468564700985716	4.920003476714489	1.510001067040423	0.1000000706649286	0.0005109992890970277	0.1056584461634128	0.1000000706649286	172.5001218970019	1.776821255588585	0.1000000706649286	91.18766443765244	0	0	0	3.14159	-2781.290891454129	1415.297231109924	0	1	1	1	1	2	2.085	2.4952	0.00775795	0.1172	1.10013787258126	-1.569751514270996	1.096864792079864	798953356.7082959	0	0	7978.295896489747	28265.69144901838	28267.47729265574	124.202393070522	63659878.57596757	0	0	0	0.0005109992890970277	0.1056584461634128	1.776821255588585	0.1000000706649286	1.510001067040423	172.5001218970019	0.1000000706649286	0.1000000706649286	4.920003476714489	91.18766443765244	91.18766443765244	80.38505680400287	80.38505680400287	124.202393070522	1	125.0901325921153	0	1	0	0	1	0	7978.295896489747	7978.295898888627	28267.47757408921	28265.69144944588	28269.23085516553	28267.47729265574	28265.69178993671	0.000473794438563466	0.0009312097739042447	-0.9999994541834446	-0.003273294889023031	0.9999942106252266	0.0009296540212882293	0.999994530514742	0.003272852637499415	0.0004768398197834071	1.10013787258126	-1.569751514270996	1.096864792079864	0.0005743707124154402	0.008672997757473147	0.990789478916634	0.0005743707124154402	0.0005743707124154402	0.02825903905083965	2.935028183188861e-06	0.0006068707411111021	0.01020553369234002	
277	28.80251226169584	246.2198247850778	2.71828	1.21358	1.16637e-05	0.2581069881028696	3.71839689095135	-0.132763631017867	4.952378749000896	1.642829253100163	9.765760479361596	-0.1936625602231952	-4.468564700985716	4.920003476714489	1.510001067040423	0.1000000706649286	0.0005109992890970277	0.1056584461634128	0.1000000706649286	172.5001218970019	1.776821255588585	0.1000000706649286	91.18766443765244	0	0	0	3.14159	-2781.290891454129	1415.297231109924	0	1	1	1	1	2	2.085	2.4952	0.00775795	0.1172	1.10013787258126	-1.569751514270996	1.096864792079864	798953356.7082959	0	0	7978.295896489747	28265.69144901838	28267.47729265574	124.202393070522	63659878.57596757	0	0	0	0.0005109992890970277	0.1056584461634128	1.776821255588585	0.1000000706649286	1.510001067040423	172.5001218970019	0.1000000706649286	0.1000000706649286	4.920003476714489	91.18766443765244	91.18766443765244	80.38505680400287	80.38505680400287	124.202393070522	1	125.0901325921153	0	1	0	0	1	0	7978.295896489747	7978.295898888627	28267.47757408921	28265.69144944588	28269.23085516553	28267.47729265574	28265.69178993671	0.000473794438563466	0.0009312097739042447	-0.9999994541834446	-0.003273294889023031	0.9999942106252266	0.0009296540212882293	0.999994530514742	0.003272852637499415	0.0004768398197834071	1.10013787258126	-1.569751514270996	1.096864792079864	0.0005743707124154402	0.008672997757473147	0.990789478916634	0.0005743707124154402	0.0005743707124154402	0.02825903905083965	2.935028183188861e-06	0.0006068707411111021	0.01020553369234002	
278	28.6989061024811	246.2198247850778	2.71828	1.21358	1.16637e-05	0.2581069881028696	3.71839689095135	-0.132763631017867	4.952378749000896	1.642829253100163	9.765760479361596	-0.1936625602231952	-4.468564700985716	4.920003476714489	1.510001067040423	0.1000000706649286	0.0005109992890970277	0.1056584461634128	0.1000000706649286	172.5001218970019	1.776821255588585	0.1000000706649286	91.18766443765244	0	0	0	3.14159	-2781.290891454129	1415.297231109924	0	1	1	1	1	2	2.085	2.4952	0.00775795	0.1172	1.10013787258126	-1.569751514270996	1.096864792079864	798953356.7082959	0	0	7978.295896489747	28265.69144901838	28267.47729265574	124.202393070522	63659878.57596757	0	0	0	0.0005109992890970277	0.1056584461634128	1.776821255588585	0.1000000706649286	1.510001067040423	172.5001218970019	0.1000000706649286	0.1000000706649286	4.920003476714489	91.18766443765244	91.18766443765244	80.38505680400287	80.38505680400287	124.202393070522	1	125.0901325921153	0	1	0	0	1	0	7978.295896489747	7978.295898888627	28267.47757408921	28265.69144944588	28269.23085516553	28267.47729265574	28265.69178993671	0.000473794438563466	0.0009312097739042447	-0.9999994541834446	-0.003273294889023031	0.9999942106252266	0.0009296540212882293	0.999994530514742	0.003272852637499415	0.0004768398197834071	1.10013787258126	-1.569751514270996	1.096864792079864	0.0005743707124154402	0.008672997757473147	0.990789478916634	0.0005743707124154402	0.0005743707124154402	0.02825903905083965	2.935028183188861e-06	0.0006068707411111021	0.01020553369234002	
279	28.5960426397482	246.2198247850778	2.71828	1.21358	1.16637e-05	0.2581069881028696	3.71839689095135	-0.132763631017867	4.952378749000896	1.642829253100163	9.765760479361596	-0.1936625602231952	-4.468564700985716	4.920003476714489	1.510001067040423	0.1000000706649286	0.0005109992890970277	0.1056584461634128	0.1000000706649286	172.5001218970019	1.776821255588585	0.1000000706649286	91.18766443765244	0	0	0	3.14159	-2781.290891454129	1415.297231109924	0	1	1	1	1	2	2.085	2.4952	0.00775795	0.1172	1.10013787258126	-1.569751514270996	1.096864792079864	798953356.7082959	0	0	7978.295896489747	28265.69144901838	28267.47729265574	124.202393070522	63659878.57596757	0	0	0	0.0005109992890970277	0.1056584461634128	1.776821255588585	0.1000000706649286	1.510001067040423	172.5001218970019	0.1000000706649286	0.1000000706649286	4.920003476714489	91.18766443765244	91.18766443765244	80.38505680400287	80.38505680400287	124.202393070522	1	125.0901325921153	0	1	0	0	1	0	7978.295896489747	7978.295898888627	28267.47757408921	28265.69144944588	28269.23085516553	28267.47729265574	28265.69178993671	0.000473794438563466	0.0009312097739042447	-0.9999994541834446	-0.003273294889023031	0.9999942106252266	0.0009296540212882293	0.999994530514742	0.003272852637499415	0.0004768398197834071	1.10013787258126	-1.569751514270996	1.096864792079864	0.0005743707124154402	0.008672997757473147	0.990789478916634	0.0005743707124154402	0.0005743707124154402	0.02825903905083965	2.935028183188861e-06	0.0006068707411111021	0.01020553369234002	
280	28.49391391603481	246.2198247850778	2.71828	1.21358	1.16637e-05	0.2581069881028696	3.71839689095135	-0.132763631017867	4.952378749000896	1.642829253100163	9.765760479361596	-0.1936625602231952	-4.468564700985716	4.920003476714489	1.510001067040423	0.1000000706649286	0.0005109992890970277	0.1056584461634128	0.1000000706649286	172.5001218970019	1.776821255588585	0.1000000706649286	91.18766443765244	0	0	0	3.14159	-2781.290891454129	1415.297231109924	0	1	1	1	1	2	2.085	2.4952	0.00775795	0.1172	1.10013787258126	-1.569751514270996	1.096864792079864	798953356.7082959	0	0	7978.295896489747	28265.69144901838	28267.47729265574	124.202393070522	63659878.57596757	0	0	0	0.0005109992890970277	0.1056584461634128	1.776821255588585	0.1000000706649286	1.510001067040423	172.5001218970019	0.1000000706649286	0.1000000706649286	4.920003476714489	91.18766443765244	91.18766443765244	80.38505680400287	80.38505680400287	124.202393070522	1	125.0901325921153	0	1	0	0	1	0	7978.295896489747	7978.295898888627	28267.47757408921	28265.69144944588	28269.23085516553	28267.47729265574	28265.69178993671	0.000473794438563466	0.0009312097739042447	-0.9999994541834446	-0.003273294889023031	0.9999942106252266	0.0009296540212882293	0.999994530514742	0.003272852637499415	0.0004768398197834071	1.10013787258126	-1.569751514270996	1.096864792079864	0.0005743707124154402	0.008672997757473147	0.990789478916634	0.0005743707124154402	0.0005743707124154402	0.02825903905083965	2.935028183188861e-06	0.0006068707411111021	0.01020553369234002	
281	28.39251208715212	246.2198247850778	2.71828	1.21358	1.16637e-05	0.2581069881028696	3.71839689095135	-0.132763631017867	4.952378749000896	1.642829253100163	9.765760479361596	-0.1936625602231952	-4.468564700985716	4.920003476714489	1.510001067040423	0.1000000706649286	0.0005109992890970277	0.1056584461634128	0.1000000706649286	172.5001218970019	1.776821255588585	0.1000000706649286	91.18766443765244	0	0	0	3.14159	-2781.290891454129	1415.297231109924	0	1	1	1	1	2	2.085	2.4952	0.00775795	0.1172	1.10013787258126	-1.569751514270996	1.096864792079864	798953356.7082959	0	0	7978.295896489747	28265.69144901838	28267.47729265574	124.202393070522	63659878.57596757	0	0	0	0.0005109992890970277	0.1056584461634128	1.776821255588585	0.1000000706649286	1.510001067040423	172.5001218970019	0.1000000706649286	0.1000000706649286	4.920003476714489	91.18766443765244	91.18766443765244	80.38505680400287	80.38505680400287	124.202393070522	1	125.0901325921153	0	1	0	0	1	0	7978.295896489747	7978.295898888627	28267.47757408921	28265.69144944588	28269.23085516553	28267.47729265574	28265.69178993671	0.000473794438563466	0.0009312097739042447	-0.9999994541834446	-0.003273294889023031	0.9999942106252266	0.0009296540212882293	0.999994530514742	0.003272852637499415	0.0004768398197834071	1.10013787258126	-1.569751514270996	1.096864792079864	0.0005743707124154402	0.008672997757473147	0.990789478916634	0.0005743707124154402	0.0005743707124154402	0.02825903905083965	2.935028183188861e-06	0.0006068707411111021	0.01020553369234002	
282	28.29182942017641	246.2198247850778	2.71828	1.21358	1.16637e-05	0.2581069881028696	3.71839689095135	-0.132763631017867	4.952378749000896	1.642829253100163	9.765760479361596	-0.1936625602231952	-4.468564700985716	4.920003476714489	1.510001067040423	0.1000000706649286	0.0005109992890970277	0.1056584461634128	0.1000000706649286	172.5001218970019	1.776821255588585	0.1000000706649286	91.18766443765244	0	0	0	3.14159	-2781.290891454129	1415.297231109924	0	1	1	1	1	2	2.085	2.4952	0.00775795	0.1172	1.10013787258126	-1.569751514270996	1.096864792079864	798953356.7082959	0	0	7978.295896489747	28265.69144901838	28267.47729265574	124.202393070522	63659878.57596757	0	0	0	0.0005109992890970277	0.1056584461634128	1.776821255588585	0.1000000706649286	1.510001067040423	172.5001218970019	0.1000000706649286	0.1000000706649286	4.920003476714489	91.18766443765244	91.18766443765244	80.38505680400287	80.38505680400287	124.202393070522	1	125.0901325921153	0	1	0	0	1	0	7978.295896489747	7978.295898888627	28267.47757408921	28265.69144944588	28269.23085516553	28267.47729265574	28265.69178993671	0.000473794438563466	0.0009312097739042447	-0.9999994541834446	-0.003273294889023031	0.9999942106252266	0.0009296540212882293	0.999994530514742	0.003272852637499415	0.0004768398197834071	1.10013787258126	-1.569751514270996	1.096864792079864	0.0005743707124154402	0.008672997757473147	0.990789478916634	0.0005743707124154402	0.0005743707124154402	0.02825903905083965	2.935028183188861e-06	0.0006068707411111021	0.01020553369234002	
283	28.1918582914832	246.2198247850778	2.71828	1.21358	1.16637e-05	0.2581069881028696	3.71839689095135	-0.132763631017867	4.952378749000896	1.642829253100163	9.765760479361596	-0.1936625602231952	-4.468564700985716	4.920003476714489	1.510001067040423	0.1000000706649286	0.0005109992890970277	0.1056584461634128	0.1000000706649286	172.5001218970019	1.776821255588585	0.1000000706649286	91.18766443765244	0	0	0	3.14159	-2781.290891454129	1415.297231109924	0	1	1	1	1	2	2.085	2.4952	0.00775795	0.1172	1.10013787258126	-1.569751514270996	1.096864792079864	798953356.7082959	0	0	7978.295896489747	28265.69144901838	28267.47729265574	124.202393070522	63659878.57596757	0	0	0	0.0005109992890970277	0.1056584461634128	1.776821255588585	0.1000000706649286	1.510001067040423	172.5001218970019	0.1000000706649286	0.1000000706649286	4.920003476714489	91.18766443765244	91.18766443765244	80.38505680400287	80.38505680400287	124.202393070522	1	125.0901325921153	0	1	0	0	1	0	7978.295896489747	7978.295898888627	28267.47757408921	28265.69144944588	28269.23085516553	28267.47729265574	28265.69178993671	0.000473794438563466	0.0009312097739042447	-0.9999994541834446	-0.003273294889023031	0.9999942106252266	0.0009296540212882293	0.999994530514742	0.003272852637499415	0.0004768398197834071	1.10013787258126	-1.569751514270996	1.096864792079864	0.0005743707124154402	0.008672997757473147	0.990789478916634	0.0005743707124154402	0.0005743707124154402	0.02825903905083965	2.935028183188861e-06	0.0006068707411111021	0.01020553369234002	
284	28.09259118482305	246.2198247850778	2.71828	1.21358	1.16637e-05	0.2581069881028696	3.71839689095135	-0.132763631017867	4.952378749000896	1.642829253100163	9.765760479361596	-0.1936625602231952	-4.468564700985716	4.920003476714489	1.510001067040423	0.1000000706649286	0.0005109992890970277	0.1056584461634128	0.1000000706649286	172.5001218970019	1.776821255588585	0.1000000706649286	91.18766443765244	0	0	0	3.14159	-2781.290891454129	1415.297231109924	0	1	1	1	1	2	2.085	2.4952	0.00775795	0.1172	1.10013787258126	-1.569751514270996	1.096864792079864	798953356.7082959	0	0	7978.295896489747	28265.69144901838	28267.47729265574	124.202393070522	63659878.57596757	0	0	0	0.0005109992890970277	0.1056584461634128	1.776821255588585	0.1000000706649286	1.510001067040423	172.5001218970019	0.1000000706649286	0.1000000706649286	4.920003476714489	91.18766443765244	91.18766443765244	80.38505680400287	80.38505680400287	124.202393070522	1	125.0901325921153	0	1	0	0	1	0	7978.295896489747	7978.295898888627	28267.47757408921	28265.69144944588	28269.23085516553	28267.47729265574	28265.69178993671	0.000473794438563466	0.0009312097739042447	-0.9999994541834446	-0.003273294889023031	0.9999942106252266	0.0009296540212882293	0.999994530514742	0.003272852637499415	0.0004768398197834071	1.10013787258126	-1.569751514270996	1.096864792079864	0.0005743707124154402	0.008672997757473147	0.990789478916634	0.0005743707124154402	0.0005743707124154402	0.02825903905083965	2.935028183188861e-06	0.0006068707411111021	0.01020553369234002	
285	27.99402068943771	246.2198247850778	2.71828	1.21358	1.16637e-05	0.2581069881028696	3.71839689095135	-0.132763631017867	4.952378749000896	1.642829253100163	9.765760479361596	-0.1936625602231952	-4.468564700985716	4.920003476714489	1.510001067040423	0.1000000706649286	0.0005109992890970277	0.1056584461634128	0.1000000706649286	172.5001218970019	1.776821255588585	0.1000000706649286	91.18766443765244	0	0	0	3.14159	-2781.290891454129	1415.297231109924	0	1	1	1	1	2	2.085	2.4952	0.00775795	0.1172	1.10013787258126	-1.569751514270996	1.096864792079864	798953356.7082959	0	0	7978.295896489747	28265.69144901838	28267.47729265574	124.202393070522	63659878.57596757	0	0	0	0.0005109992890970277	0.1056584461634128	1.776821255588585	0.1000000706649286	1.510001067040423	172.5001218970019	0.1000000706649286	0.1000000706649286	4.920003476714489	91.18766443765244	91.18766443765244	80.38505680400287	80.38505680400287	124.202393070522	1	125.0901325921153	0	1	0	0	1	0	7978.295896489747	7978.295898888627	28267.47757408921	28265.69144944588	28269.23085516553	28267.47729265574	28265.69178993671	0.000473794438563466	0.0009312097739042447	-0.9999994541834446	-0.003273294889023031	0.9999942106252266	0.0009296540212882293	0.999994530514742	0.003272852637499415	0.0004768398197834071	1.10013787258126	-1.569751514270996	1.096864792079864	0.0005743707124154402	0.008672997757473147	0.990789478916634	0.0005743707124154402	0.0005743707124154402	0.02825903905083965	2.935028183188861e-06	0.0006068707411111021	0.01020553369234002	
286	27.8961394982159	246.2198247850778	2.71828	1.21358	1.16637e-05	0.2581069881028696	3.71839689095135	-0.132763631017867	4.952378749000896	1.642829253100163	9.765760479361596	-0.1936625602231952	-4.468564700985716	4.920003476714489	1.510001067040423	0.1000000706649286	0.0005109992890970277	0.1056584461634128	0.1000000706649286	172.5001218970019	1.776821255588585	0.1000000706649286	91.18766443765244	0	0	0	3.14159	-2781.290891454129	1415.297231109924	0	1	1	1	1	2	2.085	2.4952	0.00775795	0.1172	1.10013787258126	-1.569751514270996	1.096864792079864	798953356.7082959	0	0	7978.295896489747	28265.69144901838	28267.47729265574	124.202393070522	63659878.57596757	0	0	0	0.0005109992890970277	0.1056584461634128	1.776821255588585	0.1000000706649286	1.510001067040423	172.5001218970019	0.1000000706649286	0.1000000706649286	4.920003476714489	91.18766443765244	91.18766443765244	80.38505680400287	80.38505680400287	124.202393070522	1	125.0901325921153	0	1	0	0	1	0	7978.295896489747	7978.295898888627	28267.47757408921	28265.69144944588	28269.23085516553	28267.47729265574	28265.69178993671	0.000473794438563466	0.0009312097739042447	-0.9999994541834446	-0.003273294889023031	0.9999942106252266	0.0009296540212882293	0.999994530514742	0.003272852637499415	0.0004768398197834071	1.10013787258126	-1.569751514270996	1.096864792079864	0.0005743707124154402	0.008672997757473147	0.990789478916634	0.0005743707124154402	0.0005743707124154402	0.02825903905083965	2.935028183188861e-06	0.0006068707411111021	0.01020553369234002	
287	27.79894040588762	246.2198247850778	2.71828	1.21358	1.16637e-05	0.2581069881028696	3.71839689095135	-0.132763631017867	4.952378749000896	1.642829253100163	9.765760479361596	-0.1936625602231952	-4.468564700985716	4.920003476714489	1.510001067040423	0.1000000706649286	0.0005109992890970277	0.1056584461634128	0.1000000706649286	172.5001218970019	1.776821255588585	0.1000000706649286	91.18766443765244	0	0	0	3.14159	-2781.290891454129	1415.297231109924	0	1	1	1	1	2	2.085	2.4952	0.00775795	0.1172	1.10013787258126	-1.569751514270996	1.096864792079864	798953356.7082959	0	0	7978.295896489747	28265.69144901838	28267.47729265574	124.202393070522	63659878.57596757	0	0	0	0.0005109992890970277	0.1056584461634128	1.776821255588585	0.1000000706649286	1.510001067040423	172.5001218970019	0.1000000706649286	0.1000000706649286	4.920003476714489	91.18766443765244	91.18766443765244	80.38505680400287	80.38505680400287	124.202393070522	1	125.0901325921153	0	1	0	0	1	0	7978.295896489747	7978.295898888627	28267.47757408921	28265.69144944588	28269.23085516553	28267.47729265574	28265.69178993671	0.000473794438563466	0.0009312097739042447	-0.9999994541834446	-0.003273294889023031	0.9999942106252266	0.0009296540212882293	0.999994530514742	0.003272852637499415	0.0004768398197834071	1.10013787258126	-1.569751514270996	1.096864792079864	0.0005743707124154402	0.008672997757473147	0.990789478916634	0.0005743707124154402	0.0005743707124154402	0.02825903905083965	2.935028183188861e-06	0.0006068707411111021	0.01020553369234002	
288	27.70241630725607	246.2198247850778	2.71828	1.21358	1.16637e-05	0.2581069881028696	3.71839689095135	-0.132763631017867	4.952378749000896	1.642829253100163	9.765760479361596	-0.1936625602231952	-4.468564700985716	4.920003476714489	1.510001067040423	0.1000000706649286	0.0005109992890970277	0.1056584461634128	0.1000000706649286	172.5001218970019	1.776821255588585	0.1000000706649286	91.18766443765244	0	0	0	3.14159	-2781.290891454129	1415.297231109924	0	1	1	1	1	2	2.085	2.4952	0.00775795	0.1172	1.10013787258126	-1.569751514270996	1.096864792079864	798953356.7082959	0	0	7978.295896489747	28265.69144901838	28267.47729265574	124.202393070522	63659878.57596757	0	0	0	0.0005109992890970277	0.1056584461634128	1.776821255588585	0.1000000706649286	1.510001067040423	172.5001218970019	0.1000000706649286	0.1000000706649286	4.920003476714489	91.18766443765244	91.18766443765244	80.38505680400287	80.38505680400287	124.202393070522	1	125.0901325921153	0	1	0	0	1	0	7978.295896489747	7978.295898888627	28267.47757408921	28265.69144944588	28269.23085516553	28267.47729265574	28265.69178993671	0.000473794438563466	0.0009312097739042447	-0.9999994541834446	-0.003273294889023031	0.9999942106252266	0.0009296540212882293	0.999994530514742	0.003272852637499415	0.0004768398197834071	1.10013787258126	-1.569751514270996	1.096864792079864	0.0005743707124154402	0.008672997757473147	0.990789478916634	0.0005743707124154402	0.0005743707124154402	0.02825903905083965	2.935028183188861e-06	0.0006068707411111021	0.01020553369234002	
289	27.60656019546625	246.2198247850778	2.71828	1.21358	1.16637e-05	0.2581069881028696	3.71839689095135	-0.132763631017867	4.952378749000896	1.642829253100163	9.765760479361596	-0.1936625602231952	-4.468564700985716	4.920003476714489	1.510001067040423	0.1000000706649286	0.0005109992890970277	0.1056584461634128	0.1000000706649286	172.5001218970019	1.776821255588585	0.1000000706649286	91.18766443765244	0	0	0	3.14159	-2781.290891454129	1415.297231109924	0	1	1	1	1	2	2.085	2.4952	0.00775795	0.1172	1.10013787258126	-1.569751514270996	1.096864792079864	798953356.7082959	0	0	7978.295896489747	28265.69144901838	28267.47729265574	124.202393070522	63659878.57596757	0	0	0	0.0005109992890970277	0.1056584461634128	1.776821255588585	0.1000000706649286	1.510001067040423	172.5001218970019	0.1000000706649286	0.1000000706649286	4.920003476714489	91.18766443765244	91.18766443765244	80.38505680400287	80.38505680400287	124.202393070522	1	125.0901325921153	0	1	0	0	1	0	7978.295896489747	7978.295898888627	28267.47757408921	28265.69144944588	28269.23085516553	28267.47729265574	28265.69178993671	0.000473794438563466	0.0009312097739042447	-0.9999994541834446	-0.003273294889023031	0.9999942106252266	0.0009296540212882293	0.999994530514742	0.003272852637499415	0.0004768398197834071	1.10013787258126	-1.569751514270996	1.096864792079864	0.0005743707124154402	0.008672997757473147	0.990789478916634	0.0005743707124154402	0.0005743707124154402	0.02825903905083965	2.935028183188861e-06	0.0006068707411111021	0.01020553369234002	
290	27.51136516030947	246.2198247850778	2.71828	1.21358	1.16637e-05	0.2581069881028696	3.71839689095135	-0.132763631017867	4.952378749000896	1.642829253100163	9.765760479361596	-0.1936625602231952	-4.468564700985716	4.920003476714489	1.510001067040423	0.1000000706649286	0.0005109992890970277	0.1056584461634128	0.1000000706649286	172.5001218970019	1.776821255588585	0.1000000706649286	91.18766443765244	0	0	0	3.14159	-2781.290891454129	1415.297231109924	0	1	1	1	1	2	2.085	2.4952	0.00775795	0.1172	1.10013787258126	-1.569751514270996	1.096864792079864	798953356.7082959	0	0	7978.295896489747	28265.69144901838	28267.47729265574	124.202393070522	63659878.57596757	0	0	0	0.0005109992890970277	0.1056584461634128	1.776821255588585	0.1000000706649286	1.510001067040423	172.5001218970019	0.1000000706649286	0.1000000706649286	4.920003476714489	91.18766443765244	91.18766443765244	80.38505680400287	80.38505680400287	124.202393070522	1	125.0901325921153	0	1	0	0	1	0	7978.295896489747	7978.295898888627	28267.47757408921	28265.69144944588	28269.23085516553	28267.47729265574	28265.69178993671	0.000473794438563466	0.0009312097739042447	-0.9999994541834446	-0.003273294889023031	0.9999942106252266	0.0009296540212882293	0.999994530514742	0.003272852637499415	0.0004768398197834071	1.10013787258126	-1.569751514270996	1.096864792079864	0.0005743707124154402	0.008672997757473147	0.990789478916634	0.0005743707124154402	0.0005743707124154402	0.02825903905083965	2.935028183188861e-06	0.0006068707411111021	0.01020553369234002	
291	27.41682438656271	246.2198247850778	2.71828	1.21358	1.16637e-05	0.2581069881028696	3.71839689095135	-0.132763631017867	4.952378749000896	1.642829253100163	9.765760479361596	-0.1936625602231952	-4.468564700985716	4.920003476714489	1.510001067040423	0.1000000706649286	0.0005109992890970277	0.1056584461634128	0.1000000706649286	172.5001218970019	1.776821255588585	0.1000000706649286	91.18766443765244	0	0	0	3.14159	-2781.290891454129	1415.297231109924	0	1	1	1	1	2	2.085	2.4952	0.00775795	0.1172	1.10013787258126	-1.569751514270996	1.096864792079864	798953356.7082959	0	0	7978.295896489747	28265.69144901838	28267.47729265574	124.202393070522	63659878.57596757	0	0	0	0.0005109992890970277	0.1056584461634128	1.776821255588585	0.1000000706649286	1.510001067040423	172.5001218970019	0.1000000706649286	0.1000000706649286	4.920003476714489	91.18766443765244	91.18766443765244	80.38505680400287	80.38505680400287	124.202393070522	1	125.0901325921153	0	1	0	0	1	0	7978.295896489747	7978.295898888627	28267.47757408921	28265.69144944588	28269.23085516553	28267.47729265574	28265.69178993671	0.000473794438563466	0.0009312097739042447	-0.9999994541834446	-0.003273294889023031	0.9999942106252266	0.0009296540212882293	0.999994530514742	0.003272852637499415	0.0004768398197834071	1.10013787258126	-1.569751514270996	1.096864792079864	0.0005743707124154402	0.008672997757473147	0.990789478916634	0.0005743707124154402	0.0005743707124154402	0.02825903905083965	2.935028183188861e-06	0.0006068707411111021	0.01020553369234002	
292	27.32293115236215	246.2198247850778	2.71828	1.21358	1.16637e-05	0.2581069881028696	3.71839689095135	-0.132763631017867	4.952378749000896	1.642829253100163	9.765760479361596	-0.1936625602231952	-4.468564700985716	4.920003476714489	1.510001067040423	0.1000000706649286	0.0005109992890970277	0.1056584461634128	0.1000000706649286	172.5001218970019	1.776821255588585	0.1000000706649286	91.18766443765244	0	0	0	3.14159	-2781.290891454129	1415.297231109924	0	1	1	1	1	2	2.085	2.4952	0.00775795	0.1172	1.10013787258126	-1.569751514270996	1.096864792079864	798953356.7082959	0	0	7978.295896489747	28265.69144901838	28267.47729265574	124.202393070522	63659878.57596757	0	0	0	0.0005109992890970277	0.1056584461634128	1.776821255588585	0.1000000706649286	1.510001067040423	172.5001218970019	0.1000000706649286	0.1000000706649286	4.920003476714489	91.18766443765244	91.18766443765244	80.38505680400287	80.38505680400287	124.202393070522	1	125.0901325921153	0	1	0	0	1	0	7978.295896489747	7978.295898888627	28267.47757408921	28265.69144944588	28269.23085516553	28267.47729265574	28265.69178993671	0.000473794438563466	0.0009312097739042447	-0.9999994541834446	-0.003273294889023031	0.9999942106252266	0.0009296540212882293	0.999994530514742	0.003272852637499415	0.0004768398197834071	1.10013787258126	-1.569751514270996	1.096864792079864	0.0005743707124154402	0.008672997757473147	0.990789478916634	0.0005743707124154402	0.0005743707124154402	0.02825903905083965	2.935028183188861e-06	0.0006068707411111021	0.01020553369234002	
293	27.22967882761006	246.2198247850778	2.71828	1.21358	1.16637e-05	0.2581069881028696	3.71839689095135	-0.132763631017867	4.952378749000896	1.642829253100163	9.765760479361596	-0.1936625602231952	-4.468564700985716	4.920003476714489	1.510001067040423	0.1000000706649286	0.0005109992890970277	0.1056584461634128	0.1000000706649286	172.5001218970019	1.776821255588585	0.1000000706649286	91.18766443765244	0	0	0	3.14159	-2781.290891454129	1415.297231109924	0	1	1	1	1	2	2.085	2.4952	0.00775795	0.1172	1.10013787258126	-1.569751514270996	1.096864792079864	798953356.7082959	0	0	7978.295896489747	28265.69144901838	28267.47729265574	124.202393070522	63659878.57596757	0	0	0	0.0005109992890970277	0.1056584461634128	1.776821255588585	0.1000000706649286	1.510001067040423	172.5001218970019	0.1000000706649286	0.1000000706649286	4.920003476714489	91.18766443765244	91.18766443765244	80.38505680400287	80.38505680400287	124.202393070522	1	125.0901325921153	0	1	0	0	1	0	7978.295896489747	7978.295898888627	28267.47757408921	28265.69144944588	28269.23085516553	28267.47729265574	28265.69178993671	0.000473794438563466	0.0009312097739042447	-0.9999994541834446	-0.003273294889023031	0.9999942106252266	0.0009296540212882293	0.999994530514742	0.003272852637499415	0.0004768398197834071	1.10013787258126	-1.569751514270996	1.096864792079864	0.0005743707124154402	0.008672997757473147	0.990789478916634	0.0005743707124154402	0.0005743707124154402	0.02825903905083965	2.935028183188861e-06	0.0006068707411111021	0.01020553369234002	
294	27.13706087241411	246.2198247850778	2.71828	1.21358	1.16637e-05	0.2581069881028696	3.71839689095135	-0.132763631017867	4.952378749000896	1.642829253100163	9.765760479361596	-0.1936625602231952	-4.468564700985716	4.920003476714489	1.510001067040423	0.1000000706649286	0.0005109992890970277	0.1056584461634128	0.1000000706649286	172.5001218970019	1.776821255588585	0.1000000706649286	91.18766443765244	0	0	0	3.14159	-2781.290891454129	1415.297231109924	0	1	1	1	1	2	2.085	2.4952	0.00775795	0.1172	1.10013787258126	-1.569751514270996	1.096864792079864	798953356.7082959	0	0	7978.295896489747	28265.69144901838	28267.47729265574	124.202393070522	63659878.57596757	0	0	0	0.0005109992890970277	0.1056584461634128	1.776821255588585	0.1000000706649286	1.510001067040423	172.5001218970019	0.1000000706649286	0.1000000706649286	4.920003476714489	91.18766443765244	91.18766443765244	80.38505680400287	80.38505680400287	124.202393070522	1	125.0901325921153	0	1	0	0	1	0	7978.295896489747	7978.295898888627	28267.47757408921	28265.69144944588	28269.23085516553	28267.47729265574	28265.69178993671	0.000473794438563466	0.0009312097739042447	-0.9999994541834446	-0.003273294889023031	0.9999942106252266	0.0009296540212882293	0.999994530514742	0.003272852637499415	0.0004768398197834071	1.10013787258126	-1.569751514270996	1.096864792079864	0.0005743707124154402	0.008672997757473147	0.990789478916634	0.0005743707124154402	0.0005743707124154402	0.02825903905083965	2.935028183188861e-06	0.0006068707411111021	0.01020553369234002	
295	27.04507083555847	246.2198247850778	2.71828	1.21358	1.16637e-05	0.2581069881028696	3.71839689095135	-0.132763631017867	4.952378749000896	1.642829253100163	9.765760479361596	-0.1936625602231952	-4.468564700985716	4.920003476714489	1.510001067040423	0.1000000706649286	0.0005109992890970277	0.1056584461634128	0.1000000706649286	172.5001218970019	1.776821255588585	0.1000000706649286	91.18766443765244	0	0	0	3.14159	-2781.290891454129	1415.297231109924	0	1	1	1	1	2	2.085	2.4952	0.00775795	0.1172	1.10013787258126	-1.569751514270996	1.096864792079864	798953356.7082959	0	0	7978.295896489747	28265.69144901838	28267.47729265574	124.202393070522	63659878.57596757	0	0	0	0.0005109992890970277	0.1056584461634128	1.776821255588585	0.1000000706649286	1.510001067040423	172.5001218970019	0.1000000706649286	0.1000000706649286	4.920003476714489	91.18766443765244	91.18766443765244	80.38505680400287	80.38505680400287	124.202393070522	1	125.0901325921153	0	1	0	0	1	0	7978.295896489747	7978.295898888627	28267.47757408921	28265.69144944588	28269.23085516553	28267.47729265574	28265.69178993671	0.000473794438563466	0.0009312097739042447	-0.9999994541834446	-0.003273294889023031	0.9999942106252266	0.0009296540212882293	0.999994530514742	0.003272852637499415	0.0004768398197834071	1.10013787258126	-1.569751514270996	1.096864792079864	0.0005743707124154402	0.008672997757473147	0.990789478916634	0.0005743707124154402	0.0005743707124154402	0.02825903905083965	2.935028183188861e-06	0.0006068707411111021	0.01020553369234002	
296	26.9537023530059	246.2198247850778	2.71828	1.21358	1.16637e-05	0.2581069881028696	3.71839689095135	-0.132763631017867	4.952378749000896	1.642829253100163	9.765760479361596	-0.1936625602231952	-4.468564700985716	4.920003476714489	1.510001067040423	0.1000000706649286	0.0005109992890970277	0.1056584461634128	0.1000000706649286	172.5001218970019	1.776821255588585	0.1000000706649286	91.18766443765244	0	0	0	3.14159	-2781.290891454129	1415.297231109924	0	1	1	1	1	2	2.085	2.4952	0.00775795	0.1172	1.10013787258126	-1.569751514270996	1.096864792079864	798953356.7082959	0	0	7978.295896489747	28265.69144901838	28267.47729265574	124.202393070522	63659878.57596757	0	0	0	0.0005109992890970277	0.1056584461634128	1.776821255588585	0.1000000706649286	1.510001067040423	172.5001218970019	0.1000000706649286	0.1000000706649286	4.920003476714489	91.18766443765244	91.18766443765244	80.38505680400287	80.38505680400287	124.202393070522	1	125.0901325921153	0	1	0	0	1	0	7978.295896489747	7978.295898888627	28267.47757408921	28265.69144944588	28269.23085516553	28267.47729265574	28265.69178993671	0.000473794438563466	0.0009312097739042447	-0.9999994541834446	-0.003273294889023031	0.9999942106252266	0.0009296540212882293	0.999994530514742	0.003272852637499415	0.0004768398197834071	1.10013787258126	-1.569751514270996	1.096864792079864	0.0005743707124154402	0.008672997757473147	0.990789478916634	0.0005743707124154402	0.0005743707124154402	0.02825903905083965	2.935028183188861e-06	0.0006068707411111021	0.01020553369234002	
297	26.86294914643013	246.2198247850778	2.71828	1.21358	1.16637e-05	0.2581069881028696	3.71839689095135	-0.132763631017867	4.952378749000896	1.642829253100163	9.765760479361596	-0.1936625602231952	-4.468564700985716	4.920003476714489	1.510001067040423	0.1000000706649286	0.0005109992890970277	0.1056584461634128	0.1000000706649286	172.5001218970019	1.776821255588585	0.1000000706649286	91.18766443765244	0	0	0	3.14159	-2781.290891454129	1415.297231109924	0	1	1	1	1	2	2.085	2.4952	0.00775795	0.1172	1.10013787258126	-1.569751514270996	1.096864792079864	798953356.7082959	0	0	7978.295896489747	28265.69144901838	28267.47729265574	124.202393070522	63659878.57596757	0	0	0	0.0005109992890970277	0.1056584461634128	1.776821255588585	0.1000000706649286	1.510001067040423	172.5001218970019	0.1000000706649286	0.1000000706649286	4.920003476714489	91.18766443765244	91.18766443765244	80.38505680400287	80.38505680400287	124.202393070522	1	125.0901325921153	0	1	0	0	1	0	7978.295896489747	7978.295898888627	28267.47757408921	28265.69144944588	28269.23085516553	28267.47729265574	28265.69178993671	0.000473794438563466	0.0009312097739042447	-0.9999994541834446	-0.003273294889023031	0.9999942106252266	0.0009296540212882293	0.999994530514742	0.003272852637499415	0.0004768398197834071	1.10013787258126	-1.569751514270996	1.096864792079864	0.0005743707124154402	0.008672997757473147	0.990789478916634	0.0005743707124154402	0.0005743707124154402	0.02825903905083965	2.935028183188861e-06	0.0006068707411111021	0.01020553369234002	
298	26.77280502177767	246.2198247850778	2.71828	1.21358	1.16637e-05	0.2581069881028696	3.71839689095135	-0.132763631017867	4.952378749000896	1.642829253100163	9.765760479361596	-0.1936625602231952	-4.468564700985716	4.920003476714489	1.510001067040423	0.1000000706649286	0.0005109992890970277	0.1056584461634128	0.1000000706649286	172.5001218970019	1.776821255588585	0.1000000706649286	91.18766443765244	0	0	0	3.14159	-2781.290891454129	1415.297231109924	0	1	1	1	1	2	2.085	2.4952	0.00775795	0.1172	1.10013787258126	-1.569751514270996	1.096864792079864	798953356.7082959	0	0	7978.295896489747	28265.69144901838	28267.47729265574	124.202393070522	63659878.57596757	0	0	0	0.0005109992890970277	0.1056584461634128	1.776821255588585	0.1000000706649286	1.510001067040423	172.5001218970019	0.1000000706649286	0.1000000706649286	4.920003476714489	91.18766443765244	91.18766443765244	80.38505680400287	80.38505680400287	124.202393070522	1	125.0901325921153	0	1	0	0	1	0	7978.295896489747	7978.295898888627	28267.47757408921	28265.69144944588	28269.23085516553	28267.47729265574	28265.69178993671	0.000473794438563466	0.0009312097739042447	-0.9999994541834446	-0.003273294889023031	0.9999942106252266	0.0009296540212882293	0.999994530514742	0.003272852637499415	0.0004768398197834071	1.10013787258126	-1.569751514270996	1.096864792079864	0.0005743707124154402	0.008672997757473147	0.990789478916634	0.0005743707124154402	0.0005743707124154402	0.02825903905083965	2.935028183188861e-06	0.0006068707411111021	0.01020553369234002	
299	26.68326386785868	246.2198247850778	2.71828	1.21358	1.16637e-05	0.2581069881028696	3.71839689095135	-0.132763631017867	4.952378749000896	1.642829253100163	9.765760479361596	-0.1936625602231952	-4.468564700985716	4.920003476714489	1.510001067040423	0.1000000706649286	0.0005109992890970277	0.1056584461634128	0.1000000706649286	172.5001218970019	1.776821255588585	0.1000000706649286	91.18766443765244	0	0	0	3.14159	-2781.290891454129	1415.297231109924	0	1	1	1	1	2	2.085	2.4952	0.00775795	0.1172	1.10013787258126	-1.569751514270996	1.096864792079864	798953356.7082959	0	0	7978.295896489747	28265.69144901838	28267.47729265574	124.202393070522	63659878.57596757	0	0	0	0.0005109992890970277	0.1056584461634128	1.776821255588585	0.1000000706649286	1.510001067040423	172.5001218970019	0.1000000706649286	0.1000000706649286	4.920003476714489	91.18766443765244	91.18766443765244	80.38505680400287	80.38505680400287	124.202393070522	1	125.0901325921153	0	1	0	0	1	0	7978.295896489747	7978.295898888627	28267.47757408921	28265.69144944588	28269.23085516553	28267.47729265574	28265.69178993671	0.000473794438563466	0.0009312097739042447	-0.9999994541834446	-0.003273294889023031	0.9999942106252266	0.0009296540212882293	0.999994530514742	0.003272852637499415	0.0004768398197834071	1.10013787258126	-1.569751514270996	1.096864792079864	0.0005743707124154402	0.008672997757473147	0.990789478916634	0.0005743707124154402	0.0005743707124154402	0.02825903905083965	2.935028183188861e-06	0.0006068707411111021	0.01020553369234002	
300	26.59431965496582	246.2198247850778	2.71828	1.21358	1.16637e-05	0.2581069881028696	3.71839689095135	-0.132763631017867	4.952378749000896	1.642829253100163	9.765760479361596	-0.1936625602231952	-4.468564700985716	4.920003476714489	1.510001067040423	0.1000000706649286	0.0005109992890970277	0.1056584461634128	0.1000000706649286	172.5001218970019	1.776821255588585	0.1000000706649286	91.18766443765244	0	0	0	3.14159	-2781.290891454129	1415.297231109924	0	1	1	1	1	2	2.085	2.4952	0.00775795	0.1172	1.10013787258126	-1.569751514270996	1.096864792079864	798953356.7082959	0	0	7978.295896489747	28265.69144901838	28267.47729265574	124.202393070522	63659878.57596757	0	0	0	0.0005109992890970277	0.1056584461634128	1.776821255588585	0.1000000706649286	1.510001067040423	172.5001218970019	0.1000000706649286	0.1000000706649286	4.920003476714489	91.18766443765244	91.18766443765244	80.38505680400287	80.38505680400287	124.202393070522	1	125.0901325921153	0	1	0	0	1	0	7978.295896489747	7978.295898888627	28267.47757408921	28265.69144944588	28269.23085516553	28267.47729265574	28265.69178993671	0.000473794438563466	0.0009312097739042447	-0.9999994541834446	-0.003273294889023031	0.9999942106252266	0.0009296540212882293	0.999994530514742	0.003272852637499415	0.0004768398197834071	1.10013787258126	-1.569751514270996	1.096864792079864	0.0005743707124154402	0.008672997757473147	0.990789478916634	0.0005743707124154402	0.0005743707124154402	0.02825903905083965	2.935028183188861e-06	0.0006068707411111021	0.01020553369234002	
301	26.50596643352075	246.2198247850778	2.71828	1.21358	1.16637e-05	0.2581069881028696	3.71839689095135	-0.132763631017867	4.952378749000896	1.642829253100163	9.765760479361596	-0.1936625602231952	-4.468564700985716	4.920003476714489	1.510001067040423	0.1000000706649286	0.0005109992890970277	0.1056584461634128	0.1000000706649286	172.5001218970019	1.776821255588585	0.1000000706649286	91.18766443765244	0	0	0	3.14159	-2781.290891454129	1415.297231109924	0	1	1	1	1	2	2.085	2.4952	0.00775795	0.1172	1.10013787258126	-1.569751514270996	1.096864792079864	798953356.7082959	0	0	7978.295896489747	28265.69144901838	28267.47729265574	124.202393070522	63659878.57596757	0	0	0	0.0005109992890970277	0.1056584461634128	1.776821255588585	0.1000000706649286	1.510001067040423	172.5001218970019	0.1000000706649286	0.1000000706649286	4.920003476714489	91.18766443765244	91.18766443765244	80.38505680400287	80.38505680400287	124.202393070522	1	125.0901325921153	0	1	0	0	1	0	7978.295896489747	7978.295898888627	28267.47757408921	28265.69144944588	28269.23085516553	28267.47729265574	28265.69178993671	0.000473794438563466	0.0009312097739042447	-0.9999994541834446	-0.003273294889023031	0.9999942106252266	0.0009296540212882293	0.999994530514742	0.003272852637499415	0.0004768398197834071	1.10013787258126	-1.569751514270996	1.096864792079864	0.0005743707124154402	0.008672997757473147	0.990789478916634	0.0005743707124154402	0.0005743707124154402	0.02825903905083965	2.935028183188861e-06	0.0006068707411111021	0.01020553369234002	
302	26.41819833274751	246.2198247850778	2.71828	1.21358	1.16637e-05	0.2581069881028696	3.71839689095135	-0.132763631017867	4.952378749000896	1.642829253100163	9.765760479361596	-0.1936625602231952	-4.468564700985716	4.920003476714489	1.510001067040423	0.1000000706649286	0.0005109992890970277	0.1056584461634128	0.1000000706649286	172.5001218970019	1.776821255588585	0.1000000706649286	91.18766443765244	0	0	0	3.14159	-2781.290891454129	1415.297231109924	0	1	1	1	1	2	2.085	2.4952	0.00775795	0.1172	1.10013787258126	-1.569751514270996	1.096864792079864	798953356.7082959	0	0	7978.295896489747	28265.69144901838	28267.47729265574	124.202393070522	63659878.57596757	0	0	0	0.0005109992890970277	0.1056584461634128	1.776821255588585	0.1000000706649286	1.510001067040423	172.5001218970019	0.1000000706649286	0.1000000706649286	4.920003476714489	91.18766443765244	91.18766443765244	80.38505680400287	80.38505680400287	124.202393070522	1	125.0901325921153	0	1	0	0	1	0	7978.295896489747	7978.295898888627	28267.47757408921	28265.69144944588	28269.23085516553	28267.47729265574	28265.69178993671	0.000473794438563466	0.0009312097739042447	-0.9999994541834446	-0.003273294889023031	0.9999942106252266	0.0009296540212882293	0.999994530514742	0.003272852637499415	0.0004768398197834071	1.10013787258126	-1.569751514270996	1.096864792079864	0.0005743707124154402	0.008672997757473147	0.990789478916634	0.0005743707124154402	0.0005743707124154402	0.02825903905083965	2.935028183188861e-06	0.0006068707411111021	0.01020553369234002	
303	26.3310095593721	246.2198247850778	2.71828	1.21358	1.16637e-05	0.2581069881028696	3.71839689095135	-0.132763631017867	4.952378749000896	1.642829253100163	9.765760479361596	-0.1936625602231952	-4.468564700985716	4.920003476714489	1.510001067040423	0.1000000706649286	0.0005109992890970277	0.1056584461634128	0.1000000706649286	172.5001218970019	1.776821255588585	0.1000000706649286	91.18766443765244	0	0	0	3.14159	-2781.290891454129	1415.297231109924	0	1	1	1	1	2	2.085	2.4952	0.00775795	0.1172	1.10013787258126	-1.569751514270996	1.096864792079864	798953356.7082959	0	0	7978.295896489747	28265.69144901838	28267.47729265574	124.202393070522	63659878.57596757	0	0	0	0.0005109992890970277	0.1056584461634128	1.776821255588585	0.1000000706649286	1.510001067040423	172.5001218970019	0.1000000706649286	0.1000000706649286	4.920003476714489	91.18766443765244	91.18766443765244	80.38505680400287	80.38505680400287	124.202393070522	1	125.0901325921153	0	1	0	0	1	0	7978.295896489747	7978.295898888627	28267.47757408921	28265.69144944588	28269.23085516553	28267.47729265574	28265.69178993671	0.000473794438563466	0.0009312097739042447	-0.9999994541834446	-0.003273294889023031	0.9999942106252266	0.0009296540212882293	0.999994530514742	0.003272852637499415	0.0004768398197834071	1.10013787258126	-1.569751514270996	1.096864792079864	0.0005743707124154402	0.008672997757473147	0.990789478916634	0.0005743707124154402	0.0005743707124154402	0.02825903905083965	2.935028183188861e-06	0.0006068707411111021	0.01020553369234002	
304	26.24439439634785	246.2198247850778	2.71828	1.21358	1.16637e-05	0.2581069881028696	3.71839689095135	-0.132763631017867	4.952378749000896	1.642829253100163	9.765760479361596	-0.1936625602231952	-4.468564700985716	4.920003476714489	1.510001067040423	0.1000000706649286	0.0005109992890970277	0.1056584461634128	0.1000000706649286	172.5001218970019	1.776821255588585	0.1000000706649286	91.18766443765244	0	0	0	3.14159	-2781.290891454129	1415.297231109924	0	1	1	1	1	2	2.085	2.4952	0.00775795	0.1172	1.10013787258126	-1.569751514270996	1.096864792079864	798953356.7082959	0	0	7978.295896489747	28265.69144901838	28267.47729265574	124.202393070522	63659878.57596757	0	0	0	0.0005109992890970277	0.1056584461634128	1.776821255588585	0.1000000706649286	1.510001067040423	172.5001218970019	0.1000000706649286	0.1000000706649286	4.920003476714489	91.18766443765244	91.18766443765244	80.38505680400287	80.38505680400287	124.202393070522	1	125.0901325921153	0	1	0	0	1	0	7978.295896489747	7978.295898888627	28267.47757408921	28265.69144944588	28269.23085516553	28267.47729265574	28265.69178993671	0.000473794438563466	0.0009312097739042447	-0.9999994541834446	-0.003273294889023031	0.9999942106252266	0.0009296540212882293	0.999994530514742	0.003272852637499415	0.0004768398197834071	1.10013787258126	-1.569751514270996	1.096864792079864	0.0005743707124154402	0.008672997757473147	0.990789478916634	0.0005743707124154402	0.0005743707124154402	0.02825903905083965	2.935028183188861e-06	0.0006068707411111021	0.01020553369234002	
305	26.15834720160573	246.2198247850778	2.71828	1.21358	1.16637e-05	0.2581069881028696	3.71839689095135	-0.132763631017867	4.952378749000896	1.642829253100163	9.765760479361596	-0.1936625602231952	-4.468564700985716	4.920003476714489	1.510001067040423	0.1000000706649286	0.0005109992890970277	0.1056584461634128	0.1000000706649286	172.5001218970019	1.776821255588585	0.1000000706649286	91.18766443765244	0	0	0	3.14159	-2781.290891454129	1415.297231109924	0	1	1	1	1	2	2.085	2.4952	0.00775795	0.1172	1.10013787258126	-1.569751514270996	1.096864792079864	798953356.7082959	0	0	7978.295896489747	28265.69144901838	28267.47729265574	124.202393070522	63659878.57596757	0	0	0	0.0005109992890970277	0.1056584461634128	1.776821255588585	0.1000000706649286	1.510001067040423	172.5001218970019	0.1000000706649286	0.1000000706649286	4.920003476714489	91.18766443765244	91.18766443765244	80.38505680400287	80.38505680400287	124.202393070522	1	125.0901325921153	0	1	0	0	1	0	7978.295896489747	7978.295898888627	28267.47757408921	28265.69144944588	28269.23085516553	28267.47729265574	28265.69178993671	0.000473794438563466	0.0009312097739042447	-0.9999994541834446	-0.003273294889023031	0.9999942106252266	0.0009296540212882293	0.999994530514742	0.003272852637499415	0.0004768398197834071	1.10013787258126	-1.569751514270996	1.096864792079864	0.0005743707124154402	0.008672997757473147	0.990789478916634	0.0005743707124154402	0.0005743707124154402	0.02825903905083965	2.935028183188861e-06	0.0006068707411111021	0.01020553369234002	
306	26.07286240682924	246.2198247850778	2.71828	1.21358	1.16637e-05	0.2581069881028696	3.71839689095135	-0.132763631017867	4.952378749000896	1.642829253100163	9.765760479361596	-0.1936625602231952	-4.468564700985716	4.920003476714489	1.510001067040423	0.1000000706649286	0.0005109992890970277	0.1056584461634128	0.1000000706649286	172.5001218970019	1.776821255588585	0.1000000706649286	91.18766443765244	0	0	0	3.14159	-2781.290891454129	1415.297231109924	0	1	1	1	1	2	2.085	2.4952	0.00775795	0.1172	1.10013787258126	-1.569751514270996	1.096864792079864	798953356.7082959	0	0	7978.295896489747	28265.69144901838	28267.47729265574	124.202393070522	63659878.57596757	0	0	0	0.0005109992890970277	0.1056584461634128	1.776821255588585	0.1000000706649286	1.510001067040423	172.5001218970019	0.1000000706649286	0.1000000706649286	4.920003476714489	91.18766443765244	91.18766443765244	80.38505680400287	80.38505680400287	124.202393070522	1	125.0901325921153	0	1	0	0	1	0	7978.295896489747	7978.295898888627	28267.47757408921	28265.69144944588	28269.23085516553	28267.47729265574	28265.69178993671	0.000473794438563466	0.0009312097739042447	-0.9999994541834446	-0.003273294889023031	0.9999942106252266	0.0009296540212882293	0.999994530514742	0.003272852637499415	0.0004768398197834071	1.10013787258126	-1.569751514270996	1.096864792079864	0.0005743707124154402	0.008672997757473147	0.990789478916634	0.0005743707124154402	0.0005743707124154402	0.02825903905083965	2.935028183188861e-06	0.0006068707411111021	0.01020553369234002	
307	25.98793451625325	246.2198247850778	2.71828	1.21358	1.16637e-05	0.2581069881028696	3.71839689095135	-0.132763631017867	4.952378749000896	1.642829253100163	9.765760479361596	-0.1936625602231952	-4.468564700985716	4.920003476714489	1.510001067040423	0.1000000706649286	0.0005109992890970277	0.1056584461634128	0.1000000706649286	172.5001218970019	1.776821255588585	0.1000000706649286	91.18766443765244	0	0	0	3.14159	-2781.290891454129	1415.297231109924	0	1	1	1	1	2	2.085	2.4952	0.00775795	0.1172	1.10013787258126	-1.569751514270996	1.096864792079864	798953356.7082959	0	0	7978.295896489747	28265.69144901838	28267.47729265574	124.202393070522	63659878.57596757	0	0	0	0.0005109992890970277	0.1056584461634128	1.776821255588585	0.1000000706649286	1.510001067040423	172.5001218970019	0.1000000706649286	0.1000000706649286	4.920003476714489	91.18766443765244	91.18766443765244	80.38505680400287	80.38505680400287	124.202393070522	1	125.0901325921153	0	1	0	0	1	0	7978.295896489747	7978.295898888627	28267.47757408921	28265.69144944588	28269.23085516553	28267.47729265574	28265.69178993671	0.000473794438563466	0.0009312097739042447	-0.9999994541834446	-0.003273294889023031	0.9999942106252266	0.0009296540212882293	0.999994530514742	0.003272852637499415	0.0004768398197834071	1.10013787258126	-1.569751514270996	1.096864792079864	0.0005743707124154402	0.008672997757473147	0.990789478916634	0.0005743707124154402	0.0005743707124154402	0.02825903905083965	2.935028183188861e-06	0.0006068707411111021	0.01020553369234002	
308	25.90355810548619	246.2198247850778	2.71828	1.21358	1.16637e-05	0.2581069881028696	3.71839689095135	-0.132763631017867	4.952378749000896	1.642829253100163	9.765760479361596	-0.1936625602231952	-4.468564700985716	4.920003476714489	1.510001067040423	0.1000000706649286	0.0005109992890970277	0.1056584461634128	0.1000000706649286	172.5001218970019	1.776821255588585	0.1000000706649286	91.18766443765244	0	0	0	3.14159	-2781.290891454129	1415.297231109924	0	1	1	1	1	2	2.085	2.4952	0.00775795	0.1172	1.10013787258126	-1.569751514270996	1.096864792079864	798953356.7082959	0	0	7978.295896489747	28265.69144901838	28267.47729265574	124.202393070522	63659878.57596757	0	0	0	0.0005109992890970277	0.1056584461634128	1.776821255588585	0.1000000706649286	1.510001067040423	172.5001218970019	0.1000000706649286	0.1000000706649286	4.920003476714489	91.18766443765244	91.18766443765244	80.38505680400287	80.38505680400287	124.202393070522	1	125.0901325921153	0	1	0	0	1	0	7978.295896489747	7978.295898888627	28267.47757408921	28265.69144944588	28269.23085516553	28267.47729265574	28265.69178993671	0.000473794438563466	0.0009312097739042447	-0.9999994541834446	-0.003273294889023031	0.9999942106252266	0.0009296540212882293	0.999994530514742	0.003272852637499415	0.0004768398197834071	1.10013787258126	-1.569751514270996	1.096864792079864	0.0005743707124154402	0.008672997757473147	0.990789478916634	0.0005743707124154402	0.0005743707124154402	0.02825903905083965	2.935028183188861e-06	0.0006068707411111021	0.01020553369234002	
309	25.81972782035517	246.2198247850778	2.71828	1.21358	1.16637e-05	0.2581069881028696	3.71839689095135	-0.132763631017867	4.952378749000896	1.642829253100163	9.765760479361596	-0.1936625602231952	-4.468564700985716	4.920003476714489	1.510001067040423	0.1000000706649286	0.0005109992890970277	0.1056584461634128	0.1000000706649286	172.5001218970019	1.776821255588585	0.1000000706649286	91.18766443765244	0	0	0	3.14159	-2781.290891454129	1415.297231109924	0	1	1	1	1	2	2.085	2.4952	0.00775795	0.1172	1.10013787258126	-1.569751514270996	1.096864792079864	798953356.7082959	0	0	7978.295896489747	28265.69144901838	28267.47729265574	124.202393070522	63659878.57596757	0	0	0	0.0005109992890970277	0.1056584461634128	1.776821255588585	0.1000000706649286	1.510001067040423	172.5001218970019	0.1000000706649286	0.1000000706649286	4.920003476714489	91.18766443765244	91.18766443765244	80.38505680400287	80.38505680400287	124.202393070522	1	125.0901325921153	0	1	0	0	1	0	7978.295896489747	7978.295898888627	28267.47757408921	28265.69144944588	28269.23085516553	28267.47729265574	28265.69178993671	0.000473794438563466	0.0009312097739042447	-0.9999994541834446	-0.003273294889023031	0.9999942106252266	0.0009296540212882293	0.999994530514742	0.003272852637499415	0.0004768398197834071	1.10013787258126	-1.569751514270996	1.096864792079864	0.0005743707124154402	0.008672997757473147	0.990789478916634	0.0005743707124154402	0.0005743707124154402	0.02825903905083965	2.935028183188861e-06	0.0006068707411111021	0.01020553369234002	
310	25.73643837577338	246.2198247850778	2.71828	1.21358	1.16637e-05	0.2581069881028696	3.71839689095135	-0.132763631017867	4.952378749000896	1.642829253100163	9.765760479361596	-0.1936625602231952	-4.468564700985716	4.920003476714489	1.510001067040423	0.1000000706649286	0.0005109992890970277	0.1056584461634128	0.1000000706649286	172.5001218970019	1.776821255588585	0.1000000706649286	91.18766443765244	0	0	0	3.14159	-2781.290891454129	1415.297231109924	0	1	1	1	1	2	2.085	2.4952	0.00775795	0.1172	1.10013787258126	-1.569751514270996	1.096864792079864	798953356.7082959	0	0	7978.295896489747	28265.69144901838	28267.47729265574	124.202393070522	63659878.57596757	0	0	0	0.0005109992890970277	0.1056584461634128	1.776821255588585	0.1000000706649286	1.510001067040423	172.5001218970019	0.1000000706649286	0.1000000706649286	4.920003476714489	91.18766443765244	91.18766443765244	80.38505680400287	80.38505680400287	124.202393070522	1	125.0901325921153	0	1	0	0	1	0	7978.295896489747	7978.295898888627	28267.47757408921	28265.69144944588	28269.23085516553	28267.47729265574	28265.69178993671	0.000473794438563466	0.0009312097739042447	-0.9999994541834446	-0.003273294889023031	0.9999942106252266	0.0009296540212882293	0.999994530514742	0.003272852637499415	0.0004768398197834071	1.10013787258126	-1.569751514270996	1.096864792079864	0.0005743707124154402	0.008672997757473147	0.990789478916634	0.0005743707124154402	0.0005743707124154402	0.02825903905083965	2.935028183188861e-06	0.0006068707411111021	0.01020553369234002	
311	25.65368455462941	246.2198247850778	2.71828	1.21358	1.16637e-05	0.2581069881028696	3.71839689095135	-0.132763631017867	4.952378749000896	1.642829253100163	9.765760479361596	-0.1936625602231952	-4.468564700985716	4.920003476714489	1.510001067040423	0.1000000706649286	0.0005109992890970277	0.1056584461634128	0.1000000706649286	172.5001218970019	1.776821255588585	0.1000000706649286	91.18766443765244	0	0	0	3.14159	-2781.290891454129	1415.297231109924	0	1	1	1	1	2	2.085	2.4952	0.00775795	0.1172	1.10013787258126	-1.569751514270996	1.096864792079864	798953356.7082959	0	0	7978.295896489747	28265.69144901838	28267.47729265574	124.202393070522	63659878.57596757	0	0	0	0.0005109992890970277	0.1056584461634128	1.776821255588585	0.1000000706649286	1.510001067040423	172.5001218970019	0.1000000706649286	0.1000000706649286	4.920003476714489	91.18766443765244	91.18766443765244	80.38505680400287	80.38505680400287	124.202393070522	1	125.0901325921153	0	1	0	0	1	0	7978.295896489747	7978.295898888627	28267.47757408921	28265.69144944588	28269.23085516553	28267.47729265574	28265.69178993671	0.000473794438563466	0.0009312097739042447	-0.9999994541834446	-0.003273294889023031	0.9999942106252266	0.0009296540212882293	0.999994530514742	0.003272852637499415	0.0004768398197834071	1.10013787258126	-1.569751514270996	1.096864792079864	0.0005743707124154402	0.008672997757473147	0.990789478916634	0.0005743707124154402	0.0005743707124154402	0.02825903905083965	2.935028183188861e-06	0.0006068707411111021	0.01020553369234002	
312	25.57146120669791	246.2198247850778	2.71828	1.21358	1.16637e-05	0.2581069881028696	3.71839689095135	-0.132763631017867	4.952378749000896	1.642829253100163	9.765760479361596	-0.1936625602231952	-4.468564700985716	4.920003476714489	1.510001067040423	0.1000000706649286	0.0005109992890970277	0.1056584461634128	0.1000000706649286	172.5001218970019	1.776821255588585	0.1000000706649286	91.18766443765244	0	0	0	3.14159	-2781.290891454129	1415.297231109924	0	1	1	1	1	2	2.085	2.4952	0.00775795	0.1172	1.10013787258126	-1.569751514270996	1.096864792079864	798953356.7082959	0	0	7978.295896489747	28265.69144901838	28267.47729265574	124.202393070522	63659878.57596757	0	0	0	0.0005109992890970277	0.1056584461634128	1.776821255588585	0.1000000706649286	1.510001067040423	172.5001218970019	0.1000000706649286	0.1000000706649286	4.920003476714489	91.18766443765244	91.18766443765244	80.38505680400287	80.38505680400287	124.202393070522	1	125.0901325921153	0	1	0	0	1	0	7978.295896489747	7978.295898888627	28267.47757408921	28265.69144944588	28269.23085516553	28267.47729265574	28265.69178993671	0.000473794438563466	0.0009312097739042447	-0.9999994541834446	-0.003273294889023031	0.9999942106252266	0.0009296540212882293	0.999994530514742	0.003272852637499415	0.0004768398197834071	1.10013787258126	-1.569751514270996	1.096864792079864	0.0005743707124154402	0.008672997757473147	0.990789478916634	0.0005743707124154402	0.0005743707124154402	0.02825903905083965	2.935028183188861e-06	0.0006068707411111021	0.01020553369234002	
313	25.48976324757108	246.2198247850778	2.71828	1.21358	1.16637e-05	0.2581069881028696	3.71839689095135	-0.132763631017867	4.952378749000896	1.642829253100163	9.765760479361596	-0.1936625602231952	-4.468564700985716	4.920003476714489	1.510001067040423	0.1000000706649286	0.0005109992890970277	0.1056584461634128	0.1000000706649286	172.5001218970019	1.776821255588585	0.1000000706649286	91.18766443765244	0	0	0	3.14159	-2781.290891454129	1415.297231109924	0	1	1	1	1	2	2.085	2.4952	0.00775795	0.1172	1.10013787258126	-1.569751514270996	1.096864792079864	798953356.7082959	0	0	7978.295896489747	28265.69144901838	28267.47729265574	124.202393070522	63659878.57596757	0	0	0	0.0005109992890970277	0.1056584461634128	1.776821255588585	0.1000000706649286	1.510001067040423	172.5001218970019	0.1000000706649286	0.1000000706649286	4.920003476714489	91.18766443765244	91.18766443765244	80.38505680400287	80.38505680400287	124.202393070522	1	125.0901325921153	0	1	0	0	1	0	7978.295896489747	7978.295898888627	28267.47757408921	28265.69144944588	28269.23085516553	28267.47729265574	28265.69178993671	0.000473794438563466	0.0009312097739042447	-0.9999994541834446	-0.003273294889023031	0.9999942106252266	0.0009296540212882293	0.999994530514742	0.003272852637499415	0.0004768398197834071	1.10013787258126	-1.569751514270996	1.096864792079864	0.0005743707124154402	0.008672997757473147	0.990789478916634	0.0005743707124154402	0.0005743707124154402	0.02825903905083965	2.935028183188861e-06	0.0006068707411111021	0.01020553369234002	
314	25.40858565761066	246.2198247850778	2.71828	1.21358	1.16637e-05	0.2581069881028696	3.71839689095135	-0.132763631017867	4.952378749000896	1.642829253100163	9.765760479361596	-0.1936625602231952	-4.468564700985716	4.920003476714489	1.510001067040423	0.1000000706649286	0.0005109992890970277	0.1056584461634128	0.1000000706649286	172.5001218970019	1.776821255588585	0.1000000706649286	91.18766443765244	0	0	0	3.14159	-2781.290891454129	1415.297231109924	0	1	1	1	1	2	2.085	2.4952	0.00775795	0.1172	1.10013787258126	-1.569751514270996	1.096864792079864	798953356.7082959	0	0	7978.295896489747	28265.69144901838	28267.47729265574	124.202393070522	63659878.57596757	0	0	0	0.0005109992890970277	0.1056584461634128	1.776821255588585	0.1000000706649286	1.510001067040423	172.5001218970019	0.1000000706649286	0.1000000706649286	4.920003476714489	91.18766443765244	91.18766443765244	80.38505680400287	80.38505680400287	124.202393070522	1	125.0901325921153	0	1	0	0	1	0	7978.295896489747	7978.295898888627	28267.47757408921	28265.69144944588	28269.23085516553	28267.47729265574	28265.69178993671	0.000473794438563466	0.0009312097739042447	-0.9999994541834446	-0.003273294889023031	0.9999942106252266	0.0009296540212882293	0.999994530514742	0.003272852637499415	0.0004768398197834071	1.10013787258126	-1.569751514270996	1.096864792079864	0.0005743707124154402	0.008672997757473147	0.990789478916634	0.0005743707124154402	0.0005743707124154402	0.02825903905083965	2.935028183188861e-06	0.0006068707411111021	0.01020553369234002	
315	25.32792348091983	246.2198247850778	2.71828	1.21358	1.16637e-05	0.2581069881028696	3.71839689095135	-0.132763631017867	4.952378749000896	1.642829253100163	9.765760479361596	-0.1936625602231952	-4.468564700985716	4.920003476714489	1.510001067040423	0.1000000706649286	0.0005109992890970277	0.1056584461634128	0.1000000706649286	172.5001218970019	1.776821255588585	0.1000000706649286	91.18766443765244	0	0	0	3.14159	-2781.290891454129	1415.297231109924	0	1	1	1	1	2	2.085	2.4952	0.00775795	0.1172	1.10013787258126	-1.569751514270996	1.096864792079864	798953356.7082959	0	0	7978.295896489747	28265.69144901838	28267.47729265574	124.202393070522	63659878.57596757	0	0	0	0.0005109992890970277	0.1056584461634128	1.776821255588585	0.1000000706649286	1.510001067040423	172.5001218970019	0.1000000706649286	0.1000000706649286	4.920003476714489	91.18766443765244	91.18766443765244	80.38505680400287	80.38505680400287	124.202393070522	1	125.0901325921153	0	1	0	0	1	0	7978.295896489747	7978.295898888627	28267.47757408921	28265.69144944588	28269.23085516553	28267.47729265574	28265.69178993671	0.000473794438563466	0.0009312097739042447	-0.9999994541834446	-0.003273294889023031	0.9999942106252266	0.0009296540212882293	0.999994530514742	0.003272852637499415	0.0004768398197834071	1.10013787258126	-1.569751514270996	1.096864792079864	0.0005743707124154402	0.008672997757473147	0.990789478916634	0.0005743707124154402	0.0005743707124154402	0.02825903905083965	2.935028183188861e-06	0.0006068707411111021	0.01020553369234002	
316	25.24777182433464	246.2198247850778	2.71828	1.21358	1.16637e-05	0.2581069881028696	3.71839689095135	-0.132763631017867	4.952378749000896	1.642829253100163	9.765760479361596	-0.1936625602231952	-4.468564700985716	4.920003476714489	1.510001067040423	0.1000000706649286	0.0005109992890970277	0.1056584461634128	0.1000000706649286	172.5001218970019	1.776821255588585	0.1000000706649286	91.18766443765244	0	0	0	3.14159	-2781.290891454129	1415.297231109924	0	1	1	1	1	2	2.085	2.4952	0.00775795	0.1172	1.10013787258126	-1.569751514270996	1.096864792079864	798953356.7082959	0	0	7978.295896489747	28265.69144901838	28267.47729265574	124.202393070522	63659878.57596757	0	0	0	0.0005109992890970277	0.1056584461634128	1.776821255588585	0.1000000706649286	1.510001067040423	172.5001218970019	0.1000000706649286	0.1000000706649286	4.920003476714489	91.18766443765244	91.18766443765244	80.38505680400287	80.38505680400287	124.202393070522	1	125.0901325921153	0	1	0	0	1	0	7978.295896489747	7978.295898888627	28267.47757408921	28265.69144944588	28269.23085516553	28267.47729265574	28265.69178993671	0.000473794438563466	0.0009312097739042447	-0.9999994541834446	-0.003273294889023031	0.9999942106252266	0.0009296540212882293	0.999994530514742	0.003272852637499415	0.0004768398197834071	1.10013787258126	-1.569751514270996	1.096864792079864	0.0005743707124154402	0.008672997757473147	0.990789478916634	0.0005743707124154402	0.0005743707124154402	0.02825903905083965	2.935028183188861e-06	0.0006068707411111021	0.01020553369234002	
317	25.16812585643453	246.2198247850778	2.71828	1.21358	1.16637e-05	0.2581069881028696	3.71839689095135	-0.132763631017867	4.952378749000896	1.642829253100163	9.765760479361596	-0.1936625602231952	-4.468564700985716	4.920003476714489	1.510001067040423	0.1000000706649286	0.0005109992890970277	0.1056584461634128	0.1000000706649286	172.5001218970019	1.776821255588585	0.1000000706649286	91.18766443765244	0	0	0	3.14159	-2781.290891454129	1415.297231109924	0	1	1	1	1	2	2.085	2.4952	0.00775795	0.1172	1.10013787258126	-1.569751514270996	1.096864792079864	798953356.7082959	0	0	7978.295896489747	28265.69144901838	28267.47729265574	124.202393070522	63659878.57596757	0	0	0	0.0005109992890970277	0.1056584461634128	1.776821255588585	0.1000000706649286	1.510001067040423	172.5001218970019	0.1000000706649286	0.1000000706649286	4.920003476714489	91.18766443765244	91.18766443765244	80.38505680400287	80.38505680400287	124.202393070522	1	125.0901325921153	0	1	0	0	1	0	7978.295896489747	7978.295898888627	28267.47757408921	28265.69144944588	28269.23085516553	28267.47729265574	28265.69178993671	0.000473794438563466	0.0009312097739042447	-0.9999994541834446	-0.003273294889023031	0.9999942106252266	0.0009296540212882293	0.999994530514742	0.003272852637499415	0.0004768398197834071	1.10013787258126	-1.569751514270996	1.096864792079864	0.0005743707124154402	0.008672997757473147	0.990789478916634	0.0005743707124154402	0.0005743707124154402	0.02825903905083965	2.935028183188861e-06	0.0006068707411111021	0.01020553369234002	
318	25.08898080657153	246.2198247850778	2.71828	1.21358	1.16637e-05	0.2581069881028696	3.71839689095135	-0.132763631017867	4.952378749000896	1.642829253100163	9.765760479361596	-0.1936625602231952	-4.468564700985716	4.920003476714489	1.510001067040423	0.1000000706649286	0.0005109992890970277	0.1056584461634128	0.1000000706649286	172.5001218970019	1.776821255588585	0.1000000706649286	91.18766443765244	0	0	0	3.14159	-2781.290891454129	1415.297231109924	0	1	1	1	1	2	2.085	2.4952	0.00775795	0.1172	1.10013787258126	-1.569751514270996	1.096864792079864	798953356.7082959	0	0	7978.295896489747	28265.69144901838	28267.47729265574	124.202393070522	63659878.57596757	0	0	0	0.0005109992890970277	0.1056584461634128	1.776821255588585	0.1000000706649286	1.510001067040423	172.5001218970019	0.1000000706649286	0.1000000706649286	4.920003476714489	91.18766443765244	91.18766443765244	80.38505680400287	80.38505680400287	124.202393070522	1	125.0901325921153	0	1	0	0	1	0	7978.295896489747	7978.295898888627	28267.47757408921	28265.69144944588	28269.23085516553	28267.47729265574	28265.69178993671	0.000473794438563466	0.0009312097739042447	-0.9999994541834446	-0.003273294889023031	0.9999942106252266	0.0009296540212882293	0.999994530514742	0.003272852637499415	0.0004768398197834071	1.10013787258126	-1.569751514270996	1.096864792079864	0.0005743707124154402	0.008672997757473147	0.990789478916634	0.0005743707124154402	0.0005743707124154402	0.02825903905083965	2.935028183188861e-06	0.0006068707411111021	0.01020553369234002	
319	25.0103319639177	246.2198247850778	2.71828	1.21358	1.16637e-05	0.2581069881028696	3.71839689095135	-0.132763631017867	4.952378749000896	1.642829253100163	9.765760479361596	-0.1936625602231952	-4.468564700985716	4.920003476714489	1.510001067040423	0.1000000706649286	0.0005109992890970277	0.1056584461634128	0.1000000706649286	172.5001218970019	1.776821255588585	0.1000000706649286	91.18766443765244	0	0	0	3.14159	-2781.290891454129	1415.297231109924	0	1	1	1	1	2	2.085	2.4952	0.00775795	0.1172	1.10013787258126	-1.569751514270996	1.096864792079864	798953356.7082959	0	0	7978.295896489747	28265.69144901838	28267.47729265574	124.202393070522	63659878.57596757	0	0	0	0.0005109992890970277	0.1056584461634128	1.776821255588585	0.1000000706649286	1.510001067040423	172.5001218970019	0.1000000706649286	0.1000000706649286	4.920003476714489	91.18766443765244	91.18766443765244	80.38505680400287	80.38505680400287	124.202393070522	1	125.0901325921153	0	1	0	0	1	0	7978.295896489747	7978.295898888627	28267.47757408921	28265.69144944588	28269.23085516553	28267.47729265574	28265.69178993671	0.000473794438563466	0.0009312097739042447	-0.9999994541834446	-0.003273294889023031	0.9999942106252266	0.0009296540212882293	0.999994530514742	0.003272852637499415	0.0004768398197834071	1.10013787258126	-1.569751514270996	1.096864792079864	0.0005743707124154402	0.008672997757473147	0.990789478916634	0.0005743707124154402	0.0005743707124154402	0.02825903905083965	2.935028183188861e-06	0.0006068707411111021	0.01020553369234002	
320	24.93217467653046	246.2198247850778	2.71828	1.21358	1.16637e-05	0.2581069881028696	3.71839689095135	-0.132763631017867	4.952378749000896	1.642829253100163	9.765760479361596	-0.1936625602231952	-4.468564700985716	4.920003476714489	1.510001067040423	0.1000000706649286	0.0005109992890970277	0.1056584461634128	0.1000000706649286	172.5001218970019	1.776821255588585	0.1000000706649286	91.18766443765244	0	0	0	3.14159	-2781.290891454129	1415.297231109924	0	1	1	1	1	2	2.085	2.4952	0.00775795	0.1172	1.10013787258126	-1.569751514270996	1.096864792079864	798953356.7082959	0	0	7978.295896489747	28265.69144901838	28267.47729265574	124.202393070522	63659878.57596757	0	0	0	0.0005109992890970277	0.1056584461634128	1.776821255588585	0.1000000706649286	1.510001067040423	172.5001218970019	0.1000000706649286	0.1000000706649286	4.920003476714489	91.18766443765244	91.18766443765244	80.38505680400287	80.38505680400287	124.202393070522	1	125.0901325921153	0	1	0	0	1	0	7978.295896489747	7978.295898888627	28267.47757408921	28265.69144944588	28269.23085516553	28267.47729265574	28265.69178993671	0.000473794438563466	0.0009312097739042447	-0.9999994541834446	-0.003273294889023031	0.9999942106252266	0.0009296540212882293	0.999994530514742	0.003272852637499415	0.0004768398197834071	1.10013787258126	-1.569751514270996	1.096864792079864	0.0005743707124154402	0.008672997757473147	0.990789478916634	0.0005743707124154402	0.0005743707124154402	0.02825903905083965	2.935028183188861e-06	0.0006068707411111021	0.01020553369234002	
321	24.85450435043535	246.2198247850778	2.71828	1.21358	1.16637e-05	0.2581069881028696	3.71839689095135	-0.132763631017867	4.952378749000896	1.642829253100163	9.765760479361596	-0.1936625602231952	-4.468564700985716	4.920003476714489	1.510001067040423	0.1000000706649286	0.0005109992890970277	0.1056584461634128	0.1000000706649286	172.5001218970019	1.776821255588585	0.1000000706649286	91.18766443765244	0	0	0	3.14159	-2781.290891454129	1415.297231109924	0	1	1	1	1	2	2.085	2.4952	0.00775795	0.1172	1.10013787258126	-1.569751514270996	1.096864792079864	798953356.7082959	0	0	7978.295896489747	28265.69144901838	28267.47729265574	124.202393070522	63659878.57596757	0	0	0	0.0005109992890970277	0.1056584461634128	1.776821255588585	0.1000000706649286	1.510001067040423	172.5001218970019	0.1000000706649286	0.1000000706649286	4.920003476714489	91.18766443765244	91.18766443765244	80.38505680400287	80.38505680400287	124.202393070522	1	125.0901325921153	0	1	0	0	1	0	7978.295896489747	7978.295898888627	28267.47757408921	28265.69144944588	28269.23085516553	28267.47729265574	28265.69178993671	0.000473794438563466	0.0009312097739042447	-0.9999994541834446	-0.003273294889023031	0.9999942106252266	0.0009296540212882293	0.999994530514742	0.003272852637499415	0.0004768398197834071	1.10013787258126	-1.569751514270996	1.096864792079864	0.0005743707124154402	0.008672997757473147	0.990789478916634	0.0005743707124154402	0.0005743707124154402	0.02825903905083965	2.935028183188861e-06	0.0006068707411111021	0.01020553369234002	
322	24.77731644872592	246.2198247850778	2.71828	1.21358	1.16637e-05	0.2581069881028696	3.71839689095135	-0.132763631017867	4.952378749000896	1.642829253100163	9.765760479361596	-0.1936625602231952	-4.468564700985716	4.920003476714489	1.510001067040423	0.1000000706649286	0.0005109992890970277	0.1056584461634128	0.1000000706649286	172.5001218970019	1.776821255588585	0.1000000706649286	91.18766443765244	0	0	0	3.14159	-2781.290891454129	1415.297231109924	0	1	1	1	1	2	2.085	2.4952	0.00775795	0.1172	1.10013787258126	-1.569751514270996	1.096864792079864	798953356.7082959	0	0	7978.295896489747	28265.69144901838	28267.47729265574	124.202393070522	63659878.57596757	0	0	0	0.0005109992890970277	0.1056584461634128	1.776821255588585	0.1000000706649286	1.510001067040423	172.5001218970019	0.1000000706649286	0.1000000706649286	4.920003476714489	91.18766443765244	91.18766443765244	80.38505680400287	80.38505680400287	124.202393070522	1	125.0901325921153	0	1	0	0	1	0	7978.295896489747	7978.295898888627	28267.47757408921	28265.69144944588	28269.23085516553	28267.47729265574	28265.69178993671	0.000473794438563466	0.0009312097739042447	-0.9999994541834446	-0.003273294889023031	0.9999942106252266	0.0009296540212882293	0.999994530514742	0.003272852637499415	0.0004768398197834071	1.10013787258126	-1.569751514270996	1.096864792079864	0.0005743707124154402	0.008672997757473147	0.990789478916634	0.0005743707124154402	0.0005743707124154402	0.02825903905083965	2.935028183188861e-06	0.0006068707411111021	0.01020553369234002	
323	24.70060649068033	246.2198247850778	2.71828	1.21358	1.16637e-05	0.2581069881028696	3.71839689095135	-0.132763631017867	4.952378749000896	1.642829253100163	9.765760479361596	-0.1936625602231952	-4.468564700985716	4.920003476714489	1.510001067040423	0.1000000706649286	0.0005109992890970277	0.1056584461634128	0.1000000706649286	172.5001218970019	1.776821255588585	0.1000000706649286	91.18766443765244	0	0	0	3.14159	-2781.290891454129	1415.297231109924	0	1	1	1	1	2	2.085	2.4952	0.00775795	0.1172	1.10013787258126	-1.569751514270996	1.096864792079864	798953356.7082959	0	0	7978.295896489747	28265.69144901838	28267.47729265574	124.202393070522	63659878.57596757	0	0	0	0.0005109992890970277	0.1056584461634128	1.776821255588585	0.1000000706649286	1.510001067040423	172.5001218970019	0.1000000706649286	0.1000000706649286	4.920003476714489	91.18766443765244	91.18766443765244	80.38505680400287	80.38505680400287	124.202393070522	1	125.0901325921153	0	1	0	0	1	0	7978.295896489747	7978.295898888627	28267.47757408921	28265.69144944588	28269.23085516553	28267.47729265574	28265.69178993671	0.000473794438563466	0.0009312097739042447	-0.9999994541834446	-0.003273294889023031	0.9999942106252266	0.0009296540212882293	0.999994530514742	0.003272852637499415	0.0004768398197834071	1.10013787258126	-1.569751514270996	1.096864792079864	0.0005743707124154402	0.008672997757473147	0.990789478916634	0.0005743707124154402	0.0005743707124154402	0.02825903905083965	2.935028183188861e-06	0.0006068707411111021	0.01020553369234002	
324	24.62437005089428	246.2198247850778	2.71828	1.21358	1.16637e-05	0.2581069881028696	3.71839689095135	-0.132763631017867	4.952378749000896	1.642829253100163	9.765760479361596	-0.1936625602231952	-4.468564700985716	4.920003476714489	1.510001067040423	0.1000000706649286	0.0005109992890970277	0.1056584461634128	0.1000000706649286	172.5001218970019	1.776821255588585	0.1000000706649286	91.18766443765244	0	0	0	3.14159	-2781.290891454129	1415.297231109924	0	1	1	1	1	2	2.085	2.4952	0.00775795	0.1172	1.10013787258126	-1.569751514270996	1.096864792079864	798953356.7082959	0	0	7978.295896489747	28265.69144901838	28267.47729265574	124.202393070522	63659878.57596757	0	0	0	0.0005109992890970277	0.1056584461634128	1.776821255588585	0.1000000706649286	1.510001067040423	172.5001218970019	0.1000000706649286	0.1000000706649286	4.920003476714489	91.18766443765244	91.18766443765244	80.38505680400287	80.38505680400287	124.202393070522	1	125.0901325921153	0	1	0	0	1	0	7978.295896489747	7978.295898888627	28267.47757408921	28265.69144944588	28269.23085516553	28267.47729265574	28265.69178993671	0.000473794438563466	0.0009312097739042447	-0.9999994541834446	-0.003273294889023031	0.9999942106252266	0.0009296540212882293	0.999994530514742	0.003272852637499415	0.0004768398197834071	1.10013787258126	-1.569751514270996	1.096864792079864	0.0005743707124154402	0.008672997757473147	0.990789478916634	0.0005743707124154402	0.0005743707124154402	0.02825903905083965	2.935028183188861e-06	0.0006068707411111021	0.01020553369234002	
325	24.54860275842999	246.2198247850778	2.71828	1.21358	1.16637e-05	0.2581069881028696	3.71839689095135	-0.132763631017867	4.952378749000896	1.642829253100163	9.765760479361596	-0.1936625602231952	-4.468564700985716	4.920003476714489	1.510001067040423	0.1000000706649286	0.0005109992890970277	0.1056584461634128	0.1000000706649286	172.5001218970019	1.776821255588585	0.1000000706649286	91.18766443765244	0	0	0	3.14159	-2781.290891454129	1415.297231109924	0	1	1	1	1	2	2.085	2.4952	0.00775795	0.1172	1.10013787258126	-1.569751514270996	1.096864792079864	798953356.7082959	0	0	7978.295896489747	28265.69144901838	28267.47729265574	124.202393070522	63659878.57596757	0	0	0	0.0005109992890970277	0.1056584461634128	1.776821255588585	0.1000000706649286	1.510001067040423	172.5001218970019	0.1000000706649286	0.1000000706649286	4.920003476714489	91.18766443765244	91.18766443765244	80.38505680400287	80.38505680400287	124.202393070522	1	125.0901325921153	0	1	0	0	1	0	7978.295896489747	7978.295898888627	28267.47757408921	28265.69144944588	28269.23085516553	28267.47729265574	28265.69178993671	0.000473794438563466	0.0009312097739042447	-0.9999994541834446	-0.003273294889023031	0.9999942106252266	0.0009296540212882293	0.999994530514742	0.003272852637499415	0.0004768398197834071	1.10013787258126	-1.569751514270996	1.096864792079864	0.0005743707124154402	0.008672997757473147	0.990789478916634	0.0005743707124154402	0.0005743707124154402	0.02825903905083965	2.935028183188861e-06	0.0006068707411111021	0.01020553369234002	
326	24.47330029598082	246.2198247850778	2.71828	1.21358	1.16637e-05	0.2581069881028696	3.71839689095135	-0.132763631017867	4.952378749000896	1.642829253100163	9.765760479361596	-0.1936625602231952	-4.468564700985716	4.920003476714489	1.510001067040423	0.1000000706649286	0.0005109992890970277	0.1056584461634128	0.1000000706649286	172.5001218970019	1.776821255588585	0.1000000706649286	91.18766443765244	0	0	0	3.14159	-2781.290891454129	1415.297231109924	0	1	1	1	1	2	2.085	2.4952	0.00775795	0.1172	1.10013787258126	-1.569751514270996	1.096864792079864	798953356.7082959	0	0	7978.295896489747	28265.69144901838	28267.47729265574	124.202393070522	63659878.57596757	0	0	0	0.0005109992890970277	0.1056584461634128	1.776821255588585	0.1000000706649286	1.510001067040423	172.5001218970019	0.1000000706649286	0.1000000706649286	4.920003476714489	91.18766443765244	91.18766443765244	80.38505680400287	80.38505680400287	124.202393070522	1	125.0901325921153	0	1	0	0	1	0	7978.295896489747	7978.295898888627	28267.47757408921	28265.69144944588	28269.23085516553	28267.47729265574	28265.69178993671	0.000473794438563466	0.0009312097739042447	-0.9999994541834446	-0.003273294889023031	0.9999942106252266	0.0009296540212882293	0.999994530514742	0.003272852637499415	0.0004768398197834071	1.10013787258126	-1.569751514270996	1.096864792079864	0.0005743707124154402	0.008672997757473147	0.990789478916634	0.0005743707124154402	0.0005743707124154402	0.02825903905083965	2.935028183188861e-06	0.0006068707411111021	0.01020553369234002	
327	24.39845839905121	246.2198247850778	2.71828	1.21358	1.16637e-05	0.2581069881028696	3.71839689095135	-0.132763631017867	4.952378749000896	1.642829253100163	9.765760479361596	-0.1936625602231952	-4.468564700985716	4.920003476714489	1.510001067040423	0.1000000706649286	0.0005109992890970277	0.1056584461634128	0.1000000706649286	172.5001218970019	1.776821255588585	0.1000000706649286	91.18766443765244	0	0	0	3.14159	-2781.290891454129	1415.297231109924	0	1	1	1	1	2	2.085	2.4952	0.00775795	0.1172	1.10013787258126	-1.569751514270996	1.096864792079864	798953356.7082959	0	0	7978.295896489747	28265.69144901838	28267.47729265574	124.202393070522	63659878.57596757	0	0	0	0.0005109992890970277	0.1056584461634128	1.776821255588585	0.1000000706649286	1.510001067040423	172.5001218970019	0.1000000706649286	0.1000000706649286	4.920003476714489	91.18766443765244	91.18766443765244	80.38505680400287	80.38505680400287	124.202393070522	1	125.0901325921153	0	1	0	0	1	0	7978.295896489747	7978.295898888627	28267.47757408921	28265.69144944588	28269.23085516553	28267.47729265574	28265.69178993671	0.000473794438563466	0.0009312097739042447	-0.9999994541834446	-0.003273294889023031	0.9999942106252266	0.0009296540212882293	0.999994530514742	0.003272852637499415	0.0004768398197834071	1.10013787258126	-1.569751514270996	1.096864792079864	0.0005743707124154402	0.008672997757473147	0.990789478916634	0.0005743707124154402	0.0005743707124154402	0.02825903905083965	2.935028183188861e-06	0.0006068707411111021	0.01020553369234002	
328	24.32407285515167	246.2198247850778	2.71828	1.21358	1.16637e-05	0.2581069881028696	3.71839689095135	-0.132763631017867	4.952378749000896	1.642829253100163	9.765760479361596	-0.1936625602231952	-4.468564700985716	4.920003476714489	1.510001067040423	0.1000000706649286	0.0005109992890970277	0.1056584461634128	0.1000000706649286	172.5001218970019	1.776821255588585	0.1000000706649286	91.18766443765244	0	0	0	3.14159	-2781.290891454129	1415.297231109924	0	1	1	1	1	2	2.085	2.4952	0.00775795	0.1172	1.10013787258126	-1.569751514270996	1.096864792079864	798953356.7082959	0	0	7978.295896489747	28265.69144901838	28267.47729265574	124.202393070522	63659878.57596757	0	0	0	0.0005109992890970277	0.1056584461634128	1.776821255588585	0.1000000706649286	1.510001067040423	172.5001218970019	0.1000000706649286	0.1000000706649286	4.920003476714489	91.18766443765244	91.18766443765244	80.38505680400287	80.38505680400287	124.202393070522	1	125.0901325921153	0	1	0	0	1	0	7978.295896489747	7978.295898888627	28267.47757408921	28265.69144944588	28269.23085516553	28267.47729265574	28265.69178993671	0.000473794438563466	0.0009312097739042447	-0.9999994541834446	-0.003273294889023031	0.9999942106252266	0.0009296540212882293	0.999994530514742	0.003272852637499415	0.0004768398197834071	1.10013787258126	-1.569751514270996	1.096864792079864	0.0005743707124154402	0.008672997757473147	0.990789478916634	0.0005743707124154402	0.0005743707124154402	0.02825903905083965	2.935028183188861e-06	0.0006068707411111021	0.01020553369234002	
329	24.25013950300835	246.2198247850778	2.71828	1.21358	1.16637e-05	0.2581069881028696	3.71839689095135	-0.132763631017867	4.952378749000896	1.642829253100163	9.765760479361596	-0.1936625602231952	-4.468564700985716	4.920003476714489	1.510001067040423	0.1000000706649286	0.0005109992890970277	0.1056584461634128	0.1000000706649286	172.5001218970019	1.776821255588585	0.1000000706649286	91.18766443765244	0	0	0	3.14159	-2781.290891454129	1415.297231109924	0	1	1	1	1	2	2.085	2.4952	0.00775795	0.1172	1.10013787258126	-1.569751514270996	1.096864792079864	798953356.7082959	0	0	7978.295896489747	28265.69144901838	28267.47729265574	124.202393070522	63659878.57596757	0	0	0	0.0005109992890970277	0.1056584461634128	1.776821255588585	0.1000000706649286	1.510001067040423	172.5001218970019	0.1000000706649286	0.1000000706649286	4.920003476714489	91.18766443765244	91.18766443765244	80.38505680400287	80.38505680400287	124.202393070522	1	125.0901325921153	0	1	0	0	1	0	7978.295896489747	7978.295898888627	28267.47757408921	28265.69144944588	28269.23085516553	28267.47729265574	28265.69178993671	0.000473794438563466	0.0009312097739042447	-0.9999994541834446	-0.003273294889023031	0.9999942106252266	0.0009296540212882293	0.999994530514742	0.003272852637499415	0.0004768398197834071	1.10013787258126	-1.569751514270996	1.096864792079864	0.0005743707124154402	0.008672997757473147	0.990789478916634	0.0005743707124154402	0.0005743707124154402	0.02825903905083965	2.935028183188861e-06	0.0006068707411111021	0.01020553369234002	
330	24.17665423178711	246.2198247850778	2.71828	1.21358	1.16637e-05	0.2581069881028696	3.71839689095135	-0.132763631017867	4.952378749000896	1.642829253100163	9.765760479361596	-0.1936625602231952	-4.468564700985716	4.920003476714489	1.510001067040423	0.1000000706649286	0.0005109992890970277	0.1056584461634128	0.1000000706649286	172.5001218970019	1.776821255588585	0.1000000706649286	91.18766443765244	0	0	0	3.14159	-2781.290891454129	1415.297231109924	0	1	1	1	1	2	2.085	2.4952	0.00775795	0.1172	1.10013787258126	-1.569751514270996	1.096864792079864	798953356.7082959	0	0	7978.295896489747	28265.69144901838	28267.47729265574	124.202393070522	63659878.57596757	0	0	0	0.0005109992890970277	0.1056584461634128	1.776821255588585	0.1000000706649286	1.510001067040423	172.5001218970019	0.1000000706649286	0.1000000706649286	4.920003476714489	91.18766443765244	91.18766443765244	80.38505680400287	80.38505680400287	124.202393070522	1	125.0901325921153	0	1	0	0	1	0	7978.295896489747	7978.295898888627	28267.47757408921	28265.69144944588	28269.23085516553	28267.47729265574	28265.69178993671	0.000473794438563466	0.0009312097739042447	-0.9999994541834446	-0.003273294889023031	0.9999942106252266	0.0009296540212882293	0.999994530514742	0.003272852637499415	0.0004768398197834071	1.10013787258126	-1.569751514270996	1.096864792079864	0.0005743707124154402	0.008672997757473147	0.990789478916634	0.0005743707124154402	0.0005743707124154402	0.02825903905083965	2.935028183188861e-06	0.0006068707411111021	0.01020553369234002	
331	24.10361298033156	246.2198247850778	2.71828	1.21358	1.16637e-05	0.2581069881028696	3.71839689095135	-0.132763631017867	4.952378749000896	1.642829253100163	9.765760479361596	-0.1936625602231952	-4.468564700985716	4.920003476714489	1.510001067040423	0.1000000706649286	0.0005109992890970277	0.1056584461634128	0.1000000706649286	172.5001218970019	1.776821255588585	0.1000000706649286	91.18766443765244	0	0	0	3.14159	-2781.290891454129	1415.297231109924	0	1	1	1	1	2	2.085	2.4952	0.00775795	0.1172	1.10013787258126	-1.569751514270996	1.096864792079864	798953356.7082959	0	0	7978.295896489747	28265.69144901838	28267.47729265574	124.202393070522	63659878.57596757	0	0	0	0.0005109992890970277	0.1056584461634128	1.776821255588585	0.1000000706649286	1.510001067040423	172.5001218970019	0.1000000706649286	0.1000000706649286	4.920003476714489	91.18766443765244	91.18766443765244	80.38505680400287	80.38505680400287	124.202393070522	1	125.0901325921153	0	1	0	0	1	0	7978.295896489747	7978.295898888627	28267.47757408921	28265.69144944588	28269.23085516553	28267.47729265574	28265.69178993671	0.000473794438563466	0.0009312097739042447	-0.9999994541834446	-0.003273294889023031	0.9999942106252266	0.0009296540212882293	0.999994530514742	0.003272852637499415	0.0004768398197834071	1.10013787258126	-1.569751514270996	1.096864792079864	0.0005743707124154402	0.008672997757473147	0.990789478916634	0.0005743707124154402	0.0005743707124154402	0.02825903905083965	2.935028183188861e-06	0.0006068707411111021	0.01020553369234002	
332	24.0310117364149	246.2198247850778	2.71828	1.21358	1.16637e-05	0.2581069881028696	3.71839689095135	-0.132763631017867	4.952378749000896	1.642829253100163	9.765760479361596	-0.1936625602231952	-4.468564700985716	4.920003476714489	1.510001067040423	0.1000000706649286	0.0005109992890970277	0.1056584461634128	0.1000000706649286	172.5001218970019	1.776821255588585	0.1000000706649286	91.18766443765244	0	0	0	3.14159	-2781.290891454129	1415.297231109924	0	1	1	1	1	2	2.085	2.4952	0.00775795	0.1172	1.10013787258126	-1.569751514270996	1.096864792079864	798953356.7082959	0	0	7978.295896489747	28265.69144901838	28267.47729265574	124.202393070522	63659878.57596757	0	0	0	0.0005109992890970277	0.1056584461634128	1.776821255588585	0.1000000706649286	1.510001067040423	172.5001218970019	0.1000000706649286	0.1000000706649286	4.920003476714489	91.18766443765244	91.18766443765244	80.38505680400287	80.38505680400287	124.202393070522	1	125.0901325921153	0	1	0	0	1	0	7978.295896489747	7978.295898888627	28267.47757408921	28265.69144944588	28269.23085516553	28267.47729265574	28265.69178993671	0.000473794438563466	0.0009312097739042447	-0.9999994541834446	-0.003273294889023031	0.9999942106252266	0.0009296540212882293	0.999994530514742	0.003272852637499415	0.0004768398197834071	1.10013787258126	-1.569751514270996	1.096864792079864	0.0005743707124154402	0.008672997757473147	0.990789478916634	0.0005743707124154402	0.0005743707124154402	0.02825903905083965	2.935028183188861e-06	0.0006068707411111021	0.01020553369234002	
333	23.95884653600525	246.2198247850778	2.71828	1.21358	1.16637e-05	0.2581069881028696	3.71839689095135	-0.132763631017867	4.952378749000896	1.642829253100163	9.765760479361596	-0.1936625602231952	-4.468564700985716	4.920003476714489	1.510001067040423	0.1000000706649286	0.0005109992890970277	0.1056584461634128	0.1000000706649286	172.5001218970019	1.776821255588585	0.1000000706649286	91.18766443765244	0	0	0	3.14159	-2781.290891454129	1415.297231109924	0	1	1	1	1	2	2.085	2.4952	0.00775795	0.1172	1.10013787258126	-1.569751514270996	1.096864792079864	798953356.7082959	0	0	7978.295896489747	28265.69144901838	28267.47729265574	124.202393070522	63659878.57596757	0	0	0	0.0005109992890970277	0.1056584461634128	1.776821255588585	0.1000000706649286	1.510001067040423	172.5001218970019	0.1000000706649286	0.1000000706649286	4.920003476714489	91.18766443765244	91.18766443765244	80.38505680400287	80.38505680400287	124.202393070522	1	125.0901325921153	0	1	0	0	1	0	7978.295896489747	7978.295898888627	28267.47757408921	28265.69144944588	28269.23085516553	28267.47729265574	28265.69178993671	0.000473794438563466	0.0009312097739042447	-0.9999994541834446	-0.003273294889023031	0.9999942106252266	0.0009296540212882293	0.999994530514742	0.003272852637499415	0.0004768398197834071	1.10013787258126	-1.569751514270996	1.096864792079864	0.0005743707124154402	0.008672997757473147	0.990789478916634	0.0005743707124154402	0.0005743707124154402	0.02825903905083965	2.935028183188861e-06	0.0006068707411111021	0.01020553369234002	
334	23.88711346254415	246.2198247850778	2.71828	1.21358	1.16637e-05	0.2581069881028696	3.71839689095135	-0.132763631017867	4.952378749000896	1.642829253100163	9.765760479361596	-0.1936625602231952	-4.468564700985716	4.920003476714489	1.510001067040423	0.1000000706649286	0.0005109992890970277	0.1056584461634128	0.1000000706649286	172.5001218970019	1.776821255588585	0.1000000706649286	91.18766443765244	0	0	0	3.14159	-2781.290891454129	1415.297231109924	0	1	1	1	1	2	2.085	2.4952	0.00775795	0.1172	1.10013787258126	-1.569751514270996	1.096864792079864	798953356.7082959	0	0	7978.295896489747	28265.69144901838	28267.47729265574	124.202393070522	63659878.57596757	0	0	0	0.0005109992890970277	0.1056584461634128	1.776821255588585	0.1000000706649286	1.510001067040423	172.5001218970019	0.1000000706649286	0.1000000706649286	4.920003476714489	91.18766443765244	91.18766443765244	80.38505680400287	80.38505680400287	124.202393070522	1	125.0901325921153	0	1	0	0	1	0	7978.295896489747	7978.295898888627	28267.47757408921	28265.69144944588	28269.23085516553	28267.47729265574	28265.69178993671	0.000473794438563466	0.0009312097739042447	-0.9999994541834446	-0.003273294889023031	0.9999942106252266	0.0009296540212882293	0.999994530514742	0.003272852637499415	0.0004768398197834071	1.10013787258126	-1.569751514270996	1.096864792079864	0.0005743707124154402	0.008672997757473147	0.990789478916634	0.0005743707124154402	0.0005743707124154402	0.02825903905083965	2.935028183188861e-06	0.0006068707411111021	0.01020553369234002	
335	23.81580864623805	246.2198247850778	2.71828	1.21358	1.16637e-05	0.2581069881028696	3.71839689095135	-0.132763631017867	4.952378749000896	1.642829253100163	9.765760479361596	-0.1936625602231952	-4.468564700985716	4.920003476714489	1.510001067040423	0.1000000706649286	0.0005109992890970277	0.1056584461634128	0.1000000706649286	172.5001218970019	1.776821255588585	0.1000000706649286	91.18766443765244	0	0	0	3.14159	-2781.290891454129	1415.297231109924	0	1	1	1	1	2	2.085	2.4952	0.00775795	0.1172	1.10013787258126	-1.569751514270996	1.096864792079864	798953356.7082959	0	0	7978.295896489747	28265.69144901838	28267.47729265574	124.202393070522	63659878.57596757	0	0	0	0.0005109992890970277	0.1056584461634128	1.776821255588585	0.1000000706649286	1.510001067040423	172.5001218970019	0.1000000706649286	0.1000000706649286	4.920003476714489	91.18766443765244	91.18766443765244	80.38505680400287	80.38505680400287	124.202393070522	1	125.0901325921153	0	1	0	0	1	0	7978.295896489747	7978.295898888627	28267.47757408921	28265.69144944588	28269.23085516553	28267.47729265574	28265.69178993671	0.000473794438563466	0.0009312097739042447	-0.9999994541834446	-0.003273294889023031	0.9999942106252266	0.0009296540212882293	0.999994530514742	0.003272852637499415	0.0004768398197834071	1.10013787258126	-1.569751514270996	1.096864792079864	0.0005743707124154402	0.008672997757473147	0.990789478916634	0.0005743707124154402	0.0005743707124154402	0.02825903905083965	2.935028183188861e-06	0.0006068707411111021	0.01020553369234002	
336	23.74492826336234	246.2198247850778	2.71828	1.21358	1.16637e-05	0.2581069881028696	3.71839689095135	-0.132763631017867	4.952378749000896	1.642829253100163	9.765760479361596	-0.1936625602231952	-4.468564700985716	4.920003476714489	1.510001067040423	0.1000000706649286	0.0005109992890970277	0.1056584461634128	0.1000000706649286	172.5001218970019	1.776821255588585	0.1000000706649286	91.18766443765244	0	0	0	3.14159	-2781.290891454129	1415.297231109924	0	1	1	1	1	2	2.085	2.4952	0.00775795	0.1172	1.10013787258126	-1.569751514270996	1.096864792079864	798953356.7082959	0	0	7978.295896489747	28265.69144901838	28267.47729265574	124.202393070522	63659878.57596757	0	0	0	0.0005109992890970277	0.1056584461634128	1.776821255588585	0.1000000706649286	1.510001067040423	172.5001218970019	0.1000000706649286	0.1000000706649286	4.920003476714489	91.18766443765244	91.18766443765244	80.38505680400287	80.38505680400287	124.202393070522	1	125.0901325921153	0	1	0	0	1	0	7978.295896489747	7978.295898888627	28267.47757408921	28265.69144944588	28269.23085516553	28267.47729265574	28265.69178993671	0.000473794438563466	0.0009312097739042447	-0.9999994541834446	-0.003273294889023031	0.9999942106252266	0.0009296540212882293	0.999994530514742	0.003272852637499415	0.0004768398197834071	1.10013787258126	-1.569751514270996	1.096864792079864	0.0005743707124154402	0.008672997757473147	0.990789478916634	0.0005743707124154402	0.0005743707124154402	0.02825903905083965	2.935028183188861e-06	0.0006068707411111021	0.01020553369234002	
337	23.67446853557788	246.2198247850778	2.71828	1.21358	1.16637e-05	0.2581069881028696	3.71839689095135	-0.132763631017867	4.952378749000896	1.642829253100163	9.765760479361596	-0.1936625602231952	-4.468564700985716	4.920003476714489	1.510001067040423	0.1000000706649286	0.0005109992890970277	0.1056584461634128	0.1000000706649286	172.5001218970019	1.776821255588585	0.1000000706649286	91.18766443765244	0	0	0	3.14159	-2781.290891454129	1415.297231109924	0	1	1	1	1	2	2.085	2.4952	0.00775795	0.1172	1.10013787258126	-1.569751514270996	1.096864792079864	798953356.7082959	0	0	7978.295896489747	28265.69144901838	28267.47729265574	124.202393070522	63659878.57596757	0	0	0	0.0005109992890970277	0.1056584461634128	1.776821255588585	0.1000000706649286	1.510001067040423	172.5001218970019	0.1000000706649286	0.1000000706649286	4.920003476714489	91.18766443765244	91.18766443765244	80.38505680400287	80.38505680400287	124.202393070522	1	125.0901325921153	0	1	0	0	1	0	7978.295896489747	7978.295898888627	28267.47757408921	28265.69144944588	28269.23085516553	28267.47729265574	28265.69178993671	0.000473794438563466	0.0009312097739042447	-0.9999994541834446	-0.003273294889023031	0.9999942106252266	0.0009296540212882293	0.999994530514742	0.003272852637499415	0.0004768398197834071	1.10013787258126	-1.569751514270996	1.096864792079864	0.0005743707124154402	0.008672997757473147	0.990789478916634	0.0005743707124154402	0.0005743707124154402	0.02825903905083965	2.935028183188861e-06	0.0006068707411111021	0.01020553369234002	
338	23.60442572925961	246.2198247850778	2.71828	1.21358	1.16637e-05	0.2581069881028696	3.71839689095135	-0.132763631017867	4.952378749000896	1.642829253100163	9.765760479361596	-0.1936625602231952	-4.468564700985716	4.920003476714489	1.510001067040423	0.1000000706649286	0.0005109992890970277	0.1056584461634128	0.1000000706649286	172.5001218970019	1.776821255588585	0.1000000706649286	91.18766443765244	0	0	0	3.14159	-2781.290891454129	1415.297231109924	0	1	1	1	1	2	2.085	2.4952	0.00775795	0.1172	1.10013787258126	-1.569751514270996	1.096864792079864	798953356.7082959	0	0	7978.295896489747	28265.69144901838	28267.47729265574	124.202393070522	63659878.57596757	0	0	0	0.0005109992890970277	0.1056584461634128	1.776821255588585	0.1000000706649286	1.510001067040423	172.5001218970019	0.1000000706649286	0.1000000706649286	4.920003476714489	91.18766443765244	91.18766443765244	80.38505680400287	80.38505680400287	124.202393070522	1	125.0901325921153	0	1	0	0	1	0	7978.295896489747	7978.295898888627	28267.47757408921	28265.69144944588	28269.23085516553	28267.47729265574	28265.69178993671	0.000473794438563466	0.0009312097739042447	-0.9999994541834446	-0.003273294889023031	0.9999942106252266	0.0009296540212882293	0.999994530514742	0.003272852637499415	0.0004768398197834071	1.10013787258126	-1.569751514270996	1.096864792079864	0.0005743707124154402	0.008672997757473147	0.990789478916634	0.0005743707124154402	0.0005743707124154402	0.02825903905083965	2.935028183188861e-06	0.0006068707411111021	0.01020553369234002	
339	23.53479615483701	246.2198247850778	2.71828	1.21358	1.16637e-05	0.2581069881028696	3.71839689095135	-0.132763631017867	4.952378749000896	1.642829253100163	9.765760479361596	-0.1936625602231952	-4.468564700985716	4.920003476714489	1.510001067040423	0.1000000706649286	0.0005109992890970277	0.1056584461634128	0.1000000706649286	172.5001218970019	1.776821255588585	0.1000000706649286	91.18766443765244	0	0	0	3.14159	-2781.290891454129	1415.297231109924	0	1	1	1	1	2	2.085	2.4952	0.00775795	0.1172	1.10013787258126	-1.569751514270996	1.096864792079864	798953356.7082959	0	0	7978.295896489747	28265.69144901838	28267.47729265574	124.202393070522	63659878.57596757	0	0	0	0.0005109992890970277	0.1056584461634128	1.776821255588585	0.1000000706649286	1.510001067040423	172.5001218970019	0.1000000706649286	0.1000000706649286	4.920003476714489	91.18766443765244	91.18766443765244	80.38505680400287	80.38505680400287	124.202393070522	1	125.0901325921153	0	1	0	0	1	0	7978.295896489747	7978.295898888627	28267.47757408921	28265.69144944588	28269.23085516553	28267.47729265574	28265.69178993671	0.000473794438563466	0.0009312097739042447	-0.9999994541834446	-0.003273294889023031	0.9999942106252266	0.0009296540212882293	0.999994530514742	0.003272852637499415	0.0004768398197834071	1.10013787258126	-1.569751514270996	1.096864792079864	0.0005743707124154402	0.008672997757473147	0.990789478916634	0.0005743707124154402	0.0005743707124154402	0.02825903905083965	2.935028183188861e-06	0.0006068707411111021	0.01020553369234002	
340	23.46557616614631	246.2198247850778	2.71828	1.21358	1.16637e-05	0.2581069881028696	3.71839689095135	-0.132763631017867	4.952378749000896	1.642829253100163	9.765760479361596	-0.1936625602231952	-4.468564700985716	4.920003476714489	1.510001067040423	0.1000000706649286	0.0005109992890970277	0.1056584461634128	0.1000000706649286	172.5001218970019	1.776821255588585	0.1000000706649286	91.18766443765244	0	0	0	3.14159	-2781.290891454129	1415.297231109924	0	1	1	1	1	2	2.085	2.4952	0.00775795	0.1172	1.10013787258126	-1.569751514270996	1.096864792079864	798953356.7082959	0	0	7978.295896489747	28265.69144901838	28267.47729265574	124.202393070522	63659878.57596757	0	0	0	0.0005109992890970277	0.1056584461634128	1.776821255588585	0.1000000706649286	1.510001067040423	172.5001218970019	0.1000000706649286	0.1000000706649286	4.920003476714489	91.18766443765244	91.18766443765244	80.38505680400287	80.38505680400287	124.202393070522	1	125.0901325921153	0	1	0	0	1	0	7978.295896489747	7978.295898888627	28267.47757408921	28265.69144944588	28269.23085516553	28267.47729265574	28265.69178993671	0.000473794438563466	0.0009312097739042447	-0.9999994541834446	-0.003273294889023031	0.9999942106252266	0.0009296540212882293	0.999994530514742	0.003272852637499415	0.0004768398197834071	1.10013787258126	-1.569751514270996	1.096864792079864	0.0005743707124154402	0.008672997757473147	0.990789478916634	0.0005743707124154402	0.0005743707124154402	0.02825903905083965	2.935028183188861e-06	0.0006068707411111021	0.01020553369234002	
341	23.39676215979398	246.2198247850778	2.71828	1.21358	1.16637e-05	0.2581069881028696	3.71839689095135	-0.132763631017867	4.952378749000896	1.642829253100163	9.765760479361596	-0.1936625602231952	-4.468564700985716	4.920003476714489	1.510001067040423	0.1000000706649286	0.0005109992890970277	0.1056584461634128	0.1000000706649286	172.5001218970019	1.776821255588585	0.1000000706649286	91.18766443765244	0	0	0	3.14159	-2781.290891454129	1415.297231109924	0	1	1	1	1	2	2.085	2.4952	0.00775795	0.1172	1.10013787258126	-1.569751514270996	1.096864792079864	798953356.7082959	0	0	7978.295896489747	28265.69144901838	28267.47729265574	124.202393070522	63659878.57596757	0	0	0	0.0005109992890970277	0.1056584461634128	1.776821255588585	0.1000000706649286	1.510001067040423	172.5001218970019	0.1000000706649286	0.1000000706649286	4.920003476714489	91.18766443765244	91.18766443765244	80.38505680400287	80.38505680400287	124.202393070522	1	125.0901325921153	0	1	0	0	1	0	7978.295896489747	7978.295898888627	28267.47757408921	28265.69144944588	28269.23085516553	28267.47729265574	28265.69178993671	0.000473794438563466	0.0009312097739042447	-0.9999994541834446	-0.003273294889023031	0.9999942106252266	0.0009296540212882293	0.999994530514742	0.003272852637499415	0.0004768398197834071	1.10013787258126	-1.569751514270996	1.096864792079864	0.0005743707124154402	0.008672997757473147	0.990789478916634	0.0005743707124154402	0.0005743707124154402	0.02825903905083965	2.935028183188861e-06	0.0006068707411111021	0.01020553369234002	
342	23.32835057453142	246.2198247850778	2.71828	1.21358	1.16637e-05	0.2581069881028696	3.71839689095135	-0.132763631017867	4.952378749000896	1.642829253100163	9.765760479361596	-0.1936625602231952	-4.468564700985716	4.920003476714489	1.510001067040423	0.1000000706649286	0.0005109992890970277	0.1056584461634128	0.1000000706649286	172.5001218970019	1.776821255588585	0.1000000706649286	91.18766443765244	0	0	0	3.14159	-2781.290891454129	1415.297231109924	0	1	1	1	1	2	2.085	2.4952	0.00775795	0.1172	1.10013787258126	-1.569751514270996	1.096864792079864	798953356.7082959	0	0	7978.295896489747	28265.69144901838	28267.47729265574	124.202393070522	63659878.57596757	0	0	0	0.0005109992890970277	0.1056584461634128	1.776821255588585	0.1000000706649286	1.510001067040423	172.5001218970019	0.1000000706649286	0.1000000706649286	4.920003476714489	91.18766443765244	91.18766443765244	80.38505680400287	80.38505680400287	124.202393070522	1	125.0901325921153	0	1	0	0	1	0	7978.295896489747	7978.295898888627	28267.47757408921	28265.69144944588	28269.23085516553	28267.47729265574	28265.69178993671	0.000473794438563466	0.0009312097739042447	-0.9999994541834446	-0.003273294889023031	0.9999942106252266	0.0009296540212882293	0.999994530514742	0.003272852637499415	0.0004768398197834071	1.10013787258126	-1.569751514270996	1.096864792079864	0.0005743707124154402	0.008672997757473147	0.990789478916634	0.0005743707124154402	0.0005743707124154402	0.02825903905083965	2.935028183188861e-06	0.0006068707411111021	0.01020553369234002	
343	23.26033789064066	246.2198247850778	2.71828	1.21358	1.16637e-05	0.2581069881028696	3.71839689095135	-0.132763631017867	4.952378749000896	1.642829253100163	9.765760479361596	-0.1936625602231952	-4.468564700985716	4.920003476714489	1.510001067040423	0.1000000706649286	0.0005109992890970277	0.1056584461634128	0.1000000706649286	172.5001218970019	1.776821255588585	0.1000000706649286	91.18766443765244	0	0	0	3.14159	-2781.290891454129	1415.297231109924	0	1	1	1	1	2	2.085	2.4952	0.00775795	0.1172	1.10013787258126	-1.569751514270996	1.096864792079864	798953356.7082959	0	0	7978.295896489747	28265.69144901838	28267.47729265574	124.202393070522	63659878.57596757	0	0	0	0.0005109992890970277	0.1056584461634128	1.776821255588585	0.1000000706649286	1.510001067040423	172.5001218970019	0.1000000706649286	0.1000000706649286	4.920003476714489	91.18766443765244	91.18766443765244	80.38505680400287	80.38505680400287	124.202393070522	1	125.0901325921153	0	1	0	0	1	0	7978.295896489747	7978.295898888627	28267.47757408921	28265.69144944588	28269.23085516553	28267.47729265574	28265.69178993671	0.000473794438563466	0.0009312097739042447	-0.9999994541834446	-0.003273294889023031	0.9999942106252266	0.0009296540212882293	0.999994530514742	0.003272852637499415	0.0004768398197834071	1.10013787258126	-1.569751514270996	1.096864792079864	0.0005743707124154402	0.008672997757473147	0.990789478916634	0.0005743707124154402	0.0005743707124154402	0.02825903905083965	2.935028183188861e-06	0.0006068707411111021	0.01020553369234002	
344	23.19272062933066	246.2198247850778	2.71828	1.21358	1.16637e-05	0.2581069881028696	3.71839689095135	-0.132763631017867	4.952378749000896	1.642829253100163	9.765760479361596	-0.1936625602231952	-4.468564700985716	4.920003476714489	1.510001067040423	0.1000000706649286	0.0005109992890970277	0.1056584461634128	0.1000000706649286	172.5001218970019	1.776821255588585	0.1000000706649286	91.18766443765244	0	0	0	3.14159	-2781.290891454129	1415.297231109924	0	1	1	1	1	2	2.085	2.4952	0.00775795	0.1172	1.10013787258126	-1.569751514270996	1.096864792079864	798953356.7082959	0	0	7978.295896489747	28265.69144901838	28267.47729265574	124.202393070522	63659878.57596757	0	0	0	0.0005109992890970277	0.1056584461634128	1.776821255588585	0.1000000706649286	1.510001067040423	172.5001218970019	0.1000000706649286	0.1000000706649286	4.920003476714489	91.18766443765244	91.18766443765244	80.38505680400287	80.38505680400287	124.202393070522	1	125.0901325921153	0	1	0	0	1	0	7978.295896489747	7978.295898888627	28267.47757408921	28265.69144944588	28269.23085516553	28267.47729265574	28265.69178993671	0.000473794438563466	0.0009312097739042447	-0.9999994541834446	-0.003273294889023031	0.9999942106252266	0.0009296540212882293	0.999994530514742	0.003272852637499415	0.0004768398197834071	1.10013787258126	-1.569751514270996	1.096864792079864	0.0005743707124154402	0.008672997757473147	0.990789478916634	0.0005743707124154402	0.0005743707124154402	0.02825903905083965	2.935028183188861e-06	0.0006068707411111021	0.01020553369234002	
345	23.1254953521442	246.2198247850778	2.71828	1.21358	1.16637e-05	0.2581069881028696	3.71839689095135	-0.132763631017867	4.952378749000896	1.642829253100163	9.765760479361596	-0.1936625602231952	-4.468564700985716	4.920003476714489	1.510001067040423	0.1000000706649286	0.0005109992890970277	0.1056584461634128	0.1000000706649286	172.5001218970019	1.776821255588585	0.1000000706649286	91.18766443765244	0	0	0	3.14159	-2781.290891454129	1415.297231109924	0	1	1	1	1	2	2.085	2.4952	0.00775795	0.1172	1.10013787258126	-1.569751514270996	1.096864792079864	798953356.7082959	0	0	7978.295896489747	28265.69144901838	28267.47729265574	124.202393070522	63659878.57596757	0	0	0	0.0005109992890970277	0.1056584461634128	1.776821255588585	0.1000000706649286	1.510001067040423	172.5001218970019	0.1000000706649286	0.1000000706649286	4.920003476714489	91.18766443765244	91.18766443765244	80.38505680400287	80.38505680400287	124.202393070522	1	125.0901325921153	0	1	0	0	1	0	7978.295896489747	7978.295898888627	28267.47757408921	28265.69144944588	28269.23085516553	28267.47729265574	28265.69178993671	0.000473794438563466	0.0009312097739042447	-0.9999994541834446	-0.003273294889023031	0.9999942106252266	0.0009296540212882293	0.999994530514742	0.003272852637499415	0.0004768398197834071	1.10013787258126	-1.569751514270996	1.096864792079864	0.0005743707124154402	0.008672997757473147	0.990789478916634	0.0005743707124154402	0.0005743707124154402	0.02825903905083965	2.935028183188861e-06	0.0006068707411111021	0.01020553369234002	
346	23.05865866037499	246.2198247850778	2.71828	1.21358	1.16637e-05	0.2581069881028696	3.71839689095135	-0.132763631017867	4.952378749000896	1.642829253100163	9.765760479361596	-0.1936625602231952	-4.468564700985716	4.920003476714489	1.510001067040423	0.1000000706649286	0.0005109992890970277	0.1056584461634128	0.1000000706649286	172.5001218970019	1.776821255588585	0.1000000706649286	91.18766443765244	0	0	0	3.14159	-2781.290891454129	1415.297231109924	0	1	1	1	1	2	2.085	2.4952	0.00775795	0.1172	1.10013787258126	-1.569751514270996	1.096864792079864	798953356.7082959	0	0	7978.295896489747	28265.69144901838	28267.47729265574	124.202393070522	63659878.57596757	0	0	0	0.0005109992890970277	0.1056584461634128	1.776821255588585	0.1000000706649286	1.510001067040423	172.5001218970019	0.1000000706649286	0.1000000706649286	4.920003476714489	91.18766443765244	91.18766443765244	80.38505680400287	80.38505680400287	124.202393070522	1	125.0901325921153	0	1	0	0	1	0	7978.295896489747	7978.295898888627	28267.47757408921	28265.69144944588	28269.23085516553	28267.47729265574	28265.69178993671	0.000473794438563466	0.0009312097739042447	-0.9999994541834446	-0.003273294889023031	0.9999942106252266	0.0009296540212882293	0.999994530514742	0.003272852637499415	0.0004768398197834071	1.10013787258126	-1.569751514270996	1.096864792079864	0.0005743707124154402	0.008672997757473147	0.990789478916634	0.0005743707124154402	0.0005743707124154402	0.02825903905083965	2.935028183188861e-06	0.0006068707411111021	0.01020553369234002	
347	22.99220719449495	246.2198247850778	2.71828	1.21358	1.16637e-05	0.2581069881028696	3.71839689095135	-0.132763631017867	4.952378749000896	1.642829253100163	9.765760479361596	-0.1936625602231952	-4.468564700985716	4.920003476714489	1.510001067040423	0.1000000706649286	0.0005109992890970277	0.1056584461634128	0.1000000706649286	172.5001218970019	1.776821255588585	0.1000000706649286	91.18766443765244	0	0	0	3.14159	-2781.290891454129	1415.297231109924	0	1	1	1	1	2	2.085	2.4952	0.00775795	0.1172	1.10013787258126	-1.569751514270996	1.096864792079864	798953356.7082959	0	0	7978.295896489747	28265.69144901838	28267.47729265574	124.202393070522	63659878.57596757	0	0	0	0.0005109992890970277	0.1056584461634128	1.776821255588585	0.1000000706649286	1.510001067040423	172.5001218970019	0.1000000706649286	0.1000000706649286	4.920003476714489	91.18766443765244	91.18766443765244	80.38505680400287	80.38505680400287	124.202393070522	1	125.0901325921153	0	1	0	0	1	0	7978.295896489747	7978.295898888627	28267.47757408921	28265.69144944588	28269.23085516553	28267.47729265574	28265.69178993671	0.000473794438563466	0.0009312097739042447	-0.9999994541834446	-0.003273294889023031	0.9999942106252266	0.0009296540212882293	0.999994530514742	0.003272852637499415	0.0004768398197834071	1.10013787258126	-1.569751514270996	1.096864792079864	0.0005743707124154402	0.008672997757473147	0.990789478916634	0.0005743707124154402	0.0005743707124154402	0.02825903905083965	2.935028183188861e-06	0.0006068707411111021	0.01020553369234002	
348	22.92613763359123	246.2198247850778	2.71828	1.21358	1.16637e-05	0.2581069881028696	3.71839689095135	-0.132763631017867	4.952378749000896	1.642829253100163	9.765760479361596	-0.1936625602231952	-4.468564700985716	4.920003476714489	1.510001067040423	0.1000000706649286	0.0005109992890970277	0.1056584461634128	0.1000000706649286	172.5001218970019	1.776821255588585	0.1000000706649286	91.18766443765244	0	0	0	3.14159	-2781.290891454129	1415.297231109924	0	1	1	1	1	2	2.085	2.4952	0.00775795	0.1172	1.10013787258126	-1.569751514270996	1.096864792079864	798953356.7082959	0	0	7978.295896489747	28265.69144901838	28267.47729265574	124.202393070522	63659878.57596757	0	0	0	0.0005109992890970277	0.1056584461634128	1.776821255588585	0.1000000706649286	1.510001067040423	172.5001218970019	0.1000000706649286	0.1000000706649286	4.920003476714489	91.18766443765244	91.18766443765244	80.38505680400287	80.38505680400287	124.202393070522	1	125.0901325921153	0	1	0	0	1	0	7978.295896489747	7978.295898888627	28267.47757408921	28265.69144944588	28269.23085516553	28267.47729265574	28265.69178993671	0.000473794438563466	0.0009312097739042447	-0.9999994541834446	-0.003273294889023031	0.9999942106252266	0.0009296540212882293	0.999994530514742	0.003272852637499415	0.0004768398197834071	1.10013787258126	-1.569751514270996	1.096864792079864	0.0005743707124154402	0.008672997757473147	0.990789478916634	0.0005743707124154402	0.0005743707124154402	0.02825903905083965	2.935028183188861e-06	0.0006068707411111021	0.01020553369234002	
349	22.86044669481303	246.2198247850778	2.71828	1.21358	1.16637e-05	0.2581069881028696	3.71839689095135	-0.132763631017867	4.952378749000896	1.642829253100163	9.765760479361596	-0.1936625602231952	-4.468564700985716	4.920003476714489	1.510001067040423	0.1000000706649286	0.0005109992890970277	0.1056584461634128	0.1000000706649286	172.5001218970019	1.776821255588585	0.1000000706649286	91.18766443765244	0	0	0	3.14159	-2781.290891454129	1415.297231109924	0	1	1	1	1	2	2.085	2.4952	0.00775795	0.1172	1.10013787258126	-1.569751514270996	1.096864792079864	798953356.7082959	0	0	7978.295896489747	28265.69144901838	28267.47729265574	124.202393070522	63659878.57596757	0	0	0	0.0005109992890970277	0.1056584461634128	1.776821255588585	0.1000000706649286	1.510001067040423	172.5001218970019	0.1000000706649286	0.1000000706649286	4.920003476714489	91.18766443765244	91.18766443765244	80.38505680400287	80.38505680400287	124.202393070522	1	125.0901325921153	0	1	0	0	1	0	7978.295896489747	7978.295898888627	28267.47757408921	28265.69144944588	28269.23085516553	28267.47729265574	28265.69178993671	0.000473794438563466	0.0009312097739042447	-0.9999994541834446	-0.003273294889023031	0.9999942106252266	0.0009296540212882293	0.999994530514742	0.003272852637499415	0.0004768398197834071	1.10013787258126	-1.569751514270996	1.096864792079864	0.0005743707124154402	0.008672997757473147	0.990789478916634	0.0005743707124154402	0.0005743707124154402	0.02825903905083965	2.935028183188861e-06	0.0006068707411111021	0.01020553369234002	
350	22.79513113282785	246.2198247850778	2.71828	1.21358	1.16637e-05	0.2581069881028696	3.71839689095135	-0.132763631017867	4.952378749000896	1.642829253100163	9.765760479361596	-0.1936625602231952	-4.468564700985716	4.920003476714489	1.510001067040423	0.1000000706649286	0.0005109992890970277	0.1056584461634128	0.1000000706649286	172.5001218970019	1.776821255588585	0.1000000706649286	91.18766443765244	0	0	0	3.14159	-2781.290891454129	1415.297231109924	0	1	1	1	1	2	2.085	2.4952	0.00775795	0.1172	1.10013787258126	-1.569751514270996	1.096864792079864	798953356.7082959	0	0	7978.295896489747	28265.69144901838	28267.47729265574	124.202393070522	63659878.57596757	0	0	0	0.0005109992890970277	0.1056584461634128	1.776821255588585	0.1000000706649286	1.510001067040423	172.5001218970019	0.1000000706649286	0.1000000706649286	4.920003476714489	91.18766443765244	91.18766443765244	80.38505680400287	80.38505680400287	124.202393070522	1	125.0901325921153	0	1	0	0	1	0	7978.295896489747	7978.295898888627	28267.47757408921	28265.69144944588	28269.23085516553	28267.47729265574	28265.69178993671	0.000473794438563466	0.0009312097739042447	-0.9999994541834446	-0.003273294889023031	0.9999942106252266	0.0009296540212882293	0.999994530514742	0.003272852637499415	0.0004768398197834071	1.10013787258126	-1.569751514270996	1.096864792079864	0.0005743707124154402	0.008672997757473147	0.990789478916634	0.0005743707124154402	0.0005743707124154402	0.02825903905083965	2.935028183188861e-06	0.0006068707411111021	0.01020553369234002	
351	22.73018773928703	246.2198247850778	2.71828	1.21358	1.16637e-05	0.2581069881028696	3.71839689095135	-0.132763631017867	4.952378749000896	1.642829253100163	9.765760479361596	-0.1936625602231952	-4.468564700985716	4.920003476714489	1.510001067040423	0.1000000706649286	0.0005109992890970277	0.1056584461634128	0.1000000706649286	172.5001218970019	1.776821255588585	0.1000000706649286	91.18766443765244	0	0	0	3.14159	-2781.290891454129	1415.297231109924	0	1	1	1	1	2	2.085	2.4952	0.00775795	0.1172	1.10013787258126	-1.569751514270996	1.096864792079864	798953356.7082959	0	0	7978.295896489747	28265.69144901838	28267.47729265574	124.202393070522	63659878.57596757	0	0	0	0.0005109992890970277	0.1056584461634128	1.776821255588585	0.1000000706649286	1.510001067040423	172.5001218970019	0.1000000706649286	0.1000000706649286	4.920003476714489	91.18766443765244	91.18766443765244	80.38505680400287	80.38505680400287	124.202393070522	1	125.0901325921153	0	1	0	0	1	0	7978.295896489747	7978.295898888627	28267.47757408921	28265.69144944588	28269.23085516553	28267.47729265574	28265.69178993671	0.000473794438563466	0.0009312097739042447	-0.9999994541834446	-0.003273294889023031	0.9999942106252266	0.0009296540212882293	0.999994530514742	0.003272852637499415	0.0004768398197834071	1.10013787258126	-1.569751514270996	1.096864792079864	0.0005743707124154402	0.008672997757473147	0.990789478916634	0.0005743707124154402	0.0005743707124154402	0.02825903905083965	2.935028183188861e-06	0.0006068707411111021	0.01020553369234002	
352	22.66561334230042	246.2198247850778	2.71828	1.21358	1.16637e-05	0.2581069881028696	3.71839689095135	-0.132763631017867	4.952378749000896	1.642829253100163	9.765760479361596	-0.1936625602231952	-4.468564700985716	4.920003476714489	1.510001067040423	0.1000000706649286	0.0005109992890970277	0.1056584461634128	0.1000000706649286	172.5001218970019	1.776821255588585	0.1000000706649286	91.18766443765244	0	0	0	3.14159	-2781.290891454129	1415.297231109924	0	1	1	1	1	2	2.085	2.4952	0.00775795	0.1172	1.10013787258126	-1.569751514270996	1.096864792079864	798953356.7082959	0	0	7978.295896489747	28265.69144901838	28267.47729265574	124.202393070522	63659878.57596757	0	0	0	0.0005109992890970277	0.1056584461634128	1.776821255588585	0.1000000706649286	1.510001067040423	172.5001218970019	0.1000000706649286	0.1000000706649286	4.920003476714489	91.18766443765244	91.18766443765244	80.38505680400287	80.38505680400287	124.202393070522	1	125.0901325921153	0	1	0	0	1	0	7978.295896489747	7978.295898888627	28267.47757408921	28265.69144944588	28269.23085516553	28267.47729265574	28265.69178993671	0.000473794438563466	0.0009312097739042447	-0.9999994541834446	-0.003273294889023031	0.9999942106252266	0.0009296540212882293	0.999994530514742	0.003272852637499415	0.0004768398197834071	1.10013787258126	-1.569751514270996	1.096864792079864	0.0005743707124154402	0.008672997757473147	0.990789478916634	0.0005743707124154402	0.0005743707124154402	0.02825903905083965	2.935028183188861e-06	0.0006068707411111021	0.01020553369234002	
353	22.60140480591996	246.2198247850778	2.71828	1.21358	1.16637e-05	0.2581069881028696	3.71839689095135	-0.132763631017867	4.952378749000896	1.642829253100163	9.765760479361596	-0.1936625602231952	-4.468564700985716	4.920003476714489	1.510001067040423	0.1000000706649286	0.0005109992890970277	0.1056584461634128	0.1000000706649286	172.5001218970019	1.776821255588585	0.1000000706649286	91.18766443765244	0	0	0	3.14159	-2781.290891454129	1415.297231109924	0	1	1	1	1	2	2.085	2.4952	0.00775795	0.1172	1.10013787258126	-1.569751514270996	1.096864792079864	798953356.7082959	0	0	7978.295896489747	28265.69144901838	28267.47729265574	124.202393070522	63659878.57596757	0	0	0	0.0005109992890970277	0.1056584461634128	1.776821255588585	0.1000000706649286	1.510001067040423	172.5001218970019	0.1000000706649286	0.1000000706649286	4.920003476714489	91.18766443765244	91.18766443765244	80.38505680400287	80.38505680400287	124.202393070522	1	125.0901325921153	0	1	0	0	1	0	7978.295896489747	7978.295898888627	28267.47757408921	28265.69144944588	28269.23085516553	28267.47729265574	28265.69178993671	0.000473794438563466	0.0009312097739042447	-0.9999994541834446	-0.003273294889023031	0.9999942106252266	0.0009296540212882293	0.999994530514742	0.003272852637499415	0.0004768398197834071	1.10013787258126	-1.569751514270996	1.096864792079864	0.0005743707124154402	0.008672997757473147	0.990789478916634	0.0005743707124154402	0.0005743707124154402	0.02825903905083965	2.935028183188861e-06	0.0006068707411111021	0.01020553369234002	
354	22.53755902963205	246.2198247850778	2.71828	1.21358	1.16637e-05	0.2581069881028696	3.71839689095135	-0.132763631017867	4.952378749000896	1.642829253100163	9.765760479361596	-0.1936625602231952	-4.468564700985716	4.920003476714489	1.510001067040423	0.1000000706649286	0.0005109992890970277	0.1056584461634128	0.1000000706649286	172.5001218970019	1.776821255588585	0.1000000706649286	91.18766443765244	0	0	0	3.14159	-2781.290891454129	1415.297231109924	0	1	1	1	1	2	2.085	2.4952	0.00775795	0.1172	1.10013787258126	-1.569751514270996	1.096864792079864	798953356.7082959	0	0	7978.295896489747	28265.69144901838	28267.47729265574	124.202393070522	63659878.57596757	0	0	0	0.0005109992890970277	0.1056584461634128	1.776821255588585	0.1000000706649286	1.510001067040423	172.5001218970019	0.1000000706649286	0.1000000706649286	4.920003476714489	91.18766443765244	91.18766443765244	80.38505680400287	80.38505680400287	124.202393070522	1	125.0901325921153	0	1	0	0	1	0	7978.295896489747	7978.295898888627	28267.47757408921	28265.69144944588	28269.23085516553	28267.47729265574	28265.69178993671	0.000473794438563466	0.0009312097739042447	-0.9999994541834446	-0.003273294889023031	0.9999942106252266	0.0009296540212882293	0.999994530514742	0.003272852637499415	0.0004768398197834071	1.10013787258126	-1.569751514270996	1.096864792079864	0.0005743707124154402	0.008672997757473147	0.990789478916634	0.0005743707124154402	0.0005743707124154402	0.02825903905083965	2.935028183188861e-06	0.0006068707411111021	0.01020553369234002	
355	22.47407294785844	246.2198247850778	2.71828	1.21358	1.16637e-05	0.2581069881028696	3.71839689095135	-0.132763631017867	4.952378749000896	1.642829253100163	9.765760479361596	-0.1936625602231952	-4.468564700985716	4.920003476714489	1.510001067040423	0.1000000706649286	0.0005109992890970277	0.1056584461634128	0.1000000706649286	172.5001218970019	1.776821255588585	0.1000000706649286	91.18766443765244	0	0	0	3.14159	-2781.290891454129	1415.297231109924	0	1	1	1	1	2	2.085	2.4952	0.00775795	0.1172	1.10013787258126	-1.569751514270996	1.096864792079864	798953356.7082959	0	0	7978.295896489747	28265.69144901838	28267.47729265574	124.202393070522	63659878.57596757	0	0	0	0.0005109992890970277	0.1056584461634128	1.776821255588585	0.1000000706649286	1.510001067040423	172.5001218970019	0.1000000706649286	0.1000000706649286	4.920003476714489	91.18766443765244	91.18766443765244	80.38505680400287	80.38505680400287	124.202393070522	1	125.0901325921153	0	1	0	0	1	0	7978.295896489747	7978.295898888627	28267.47757408921	28265.69144944588	28269.23085516553	28267.47729265574	28265.69178993671	0.000473794438563466	0.0009312097739042447	-0.9999994541834446	-0.003273294889023031	0.9999942106252266	0.0009296540212882293	0.999994530514742	0.003272852637499415	0.0004768398197834071	1.10013787258126	-1.569751514270996	1.096864792079864	0.0005743707124154402	0.008672997757473147	0.990789478916634	0.0005743707124154402	0.0005743707124154402	0.02825903905083965	2.935028183188861e-06	0.0006068707411111021	0.01020553369234002	
356	22.41094352946558	246.2198247850778	2.71828	1.21358	1.16637e-05	0.2581069881028696	3.71839689095135	-0.132763631017867	4.952378749000896	1.642829253100163	9.765760479361596	-0.1936625602231952	-4.468564700985716	4.920003476714489	1.510001067040423	0.1000000706649286	0.0005109992890970277	0.1056584461634128	0.1000000706649286	172.5001218970019	1.776821255588585	0.1000000706649286	91.18766443765244	0	0	0	3.14159	-2781.290891454129	1415.297231109924	0	1	1	1	1	2	2.085	2.4952	0.00775795	0.1172	1.10013787258126	-1.569751514270996	1.096864792079864	798953356.7082959	0	0	7978.295896489747	28265.69144901838	28267.47729265574	124.202393070522	63659878.57596757	0	0	0	0.0005109992890970277	0.1056584461634128	1.776821255588585	0.1000000706649286	1.510001067040423	172.5001218970019	0.1000000706649286	0.1000000706649286	4.920003476714489	91.18766443765244	91.18766443765244	80.38505680400287	80.38505680400287	124.202393070522	1	125.0901325921153	0	1	0	0	1	0	7978.295896489747	7978.295898888627	28267.47757408921	28265.69144944588	28269.23085516553	28267.47729265574	28265.69178993671	0.000473794438563466	0.0009312097739042447	-0.9999994541834446	-0.003273294889023031	0.9999942106252266	0.0009296540212882293	0.999994530514742	0.003272852637499415	0.0004768398197834071	1.10013787258126	-1.569751514270996	1.096864792079864	0.0005743707124154402	0.008672997757473147	0.990789478916634	0.0005743707124154402	0.0005743707124154402	0.02825903905083965	2.935028183188861e-06	0.0006068707411111021	0.01020553369234002	
357	22.3481677772822	246.2198247850778	2.71828	1.21358	1.16637e-05	0.2581069881028696	3.71839689095135	-0.132763631017867	4.952378749000896	1.642829253100163	9.765760479361596	-0.1936625602231952	-4.468564700985716	4.920003476714489	1.510001067040423	0.1000000706649286	0.0005109992890970277	0.1056584461634128	0.1000000706649286	172.5001218970019	1.776821255588585	0.1000000706649286	91.18766443765244	0	0	0	3.14159	-2781.290891454129	1415.297231109924	0	1	1	1	1	2	2.085	2.4952	0.00775795	0.1172	1.10013787258126	-1.569751514270996	1.096864792079864	798953356.7082959	0	0	7978.295896489747	28265.69144901838	28267.47729265574	124.202393070522	63659878.57596757	0	0	0	0.0005109992890970277	0.1056584461634128	1.776821255588585	0.1000000706649286	1.510001067040423	172.5001218970019	0.1000000706649286	0.1000000706649286	4.920003476714489	91.18766443765244	91.18766443765244	80.38505680400287	80.38505680400287	124.202393070522	1	125.0901325921153	0	1	0	0	1	0	7978.295896489747	7978.295898888627	28267.47757408921	28265.69144944588	28269.23085516553	28267.47729265574	28265.69178993671	0.000473794438563466	0.0009312097739042447	-0.9999994541834446	-0.003273294889023031	0.9999942106252266	0.0009296540212882293	0.999994530514742	0.003272852637499415	0.0004768398197834071	1.10013787258126	-1.569751514270996	1.096864792079864	0.0005743707124154402	0.008672997757473147	0.990789478916634	0.0005743707124154402	0.0005743707124154402	0.02825903905083965	2.935028183188861e-06	0.0006068707411111021	0.01020553369234002	
358	22.28574272762499	246.2198247850778	2.71828	1.21358	1.16637e-05	0.2581069881028696	3.71839689095135	-0.132763631017867	4.952378749000896	1.642829253100163	9.765760479361596	-0.1936625602231952	-4.468564700985716	4.920003476714489	1.510001067040423	0.1000000706649286	0.0005109992890970277	0.1056584461634128	0.1000000706649286	172.5001218970019	1.776821255588585	0.1000000706649286	91.18766443765244	0	0	0	3.14159	-2781.290891454129	1415.297231109924	0	1	1	1	1	2	2.085	2.4952	0.00775795	0.1172	1.10013787258126	-1.569751514270996	1.096864792079864	798953356.7082959	0	0	7978.295896489747	28265.69144901838	28267.47729265574	124.202393070522	63659878.57596757	0	0	0	0.0005109992890970277	0.1056584461634128	1.776821255588585	0.1000000706649286	1.510001067040423	172.5001218970019	0.1000000706649286	0.1000000706649286	4.920003476714489	91.18766443765244	91.18766443765244	80.38505680400287	80.38505680400287	124.202393070522	1	125.0901325921153	0	1	0	0	1	0	7978.295896489747	7978.295898888627	28267.47757408921	28265.69144944588	28269.23085516553	28267.47729265574	28265.69178993671	0.000473794438563466	0.0009312097739042447	-0.9999994541834446	-0.003273294889023031	0.9999942106252266	0.0009296540212882293	0.999994530514742	0.003272852637499415	0.0004768398197834071	1.10013787258126	-1.569751514270996	1.096864792079864	0.0005743707124154402	0.008672997757473147	0.990789478916634	0.0005743707124154402	0.0005743707124154402	0.02825903905083965	2.935028183188861e-06	0.0006068707411111021	0.01020553369234002	
359	22.22366544983216	246.2198247850778	2.71828	1.21358	1.16637e-05	0.2581069881028696	3.71839689095135	-0.132763631017867	4.952378749000896	1.642829253100163	9.765760479361596	-0.1936625602231952	-4.468564700985716	4.920003476714489	1.510001067040423	0.1000000706649286	0.0005109992890970277	0.1056584461634128	0.1000000706649286	172.5001218970019	1.776821255588585	0.1000000706649286	91.18766443765244	0	0	0	3.14159	-2781.290891454129	1415.297231109924	0	1	1	1	1	2	2.085	2.4952	0.00775795	0.1172	1.10013787258126	-1.569751514270996	1.096864792079864	798953356.7082959	0	0	7978.295896489747	28265.69144901838	28267.47729265574	124.202393070522	63659878.57596757	0	0	0	0.0005109992890970277	0.1056584461634128	1.776821255588585	0.1000000706649286	1.510001067040423	172.5001218970019	0.1000000706649286	0.1000000706649286	4.920003476714489	91.18766443765244	91.18766443765244	80.38505680400287	80.38505680400287	124.202393070522	1	125.0901325921153	0	1	0	0	1	0	7978.295896489747	7978.295898888627	28267.47757408921	28265.69144944588	28269.23085516553	28267.47729265574	28265.69178993671	0.000473794438563466	0.0009312097739042447	-0.9999994541834446	-0.003273294889023031	0.9999942106252266	0.0009296540212882293	0.999994530514742	0.003272852637499415	0.0004768398197834071	1.10013787258126	-1.569751514270996	1.096864792079864	0.0005743707124154402	0.008672997757473147	0.990789478916634	0.0005743707124154402	0.0005743707124154402	0.02825903905083965	2.935028183188861e-06	0.0006068707411111021	0.01020553369234002	
360	22.16193304580485	246.2198247850778	2.71828	1.21358	1.16637e-05	0.2581069881028696	3.71839689095135	-0.132763631017867	4.952378749000896	1.642829253100163	9.765760479361596	-0.1936625602231952	-4.468564700985716	4.920003476714489	1.510001067040423	0.1000000706649286	0.0005109992890970277	0.1056584461634128	0.1000000706649286	172.5001218970019	1.776821255588585	0.1000000706649286	91.18766443765244	0	0	0	3.14159	-2781.290891454129	1415.297231109924	0	1	1	1	1	2	2.085	2.4952	0.00775795	0.1172	1.10013787258126	-1.569751514270996	1.096864792079864	798953356.7082959	0	0	7978.295896489747	28265.69144901838	28267.47729265574	124.202393070522	63659878.57596757	0	0	0	0.0005109992890970277	0.1056584461634128	1.776821255588585	0.1000000706649286	1.510001067040423	172.5001218970019	0.1000000706649286	0.1000000706649286	4.920003476714489	91.18766443765244	91.18766443765244	80.38505680400287	80.38505680400287	124.202393070522	1	125.0901325921153	0	1	0	0	1	0	7978.295896489747	7978.295898888627	28267.47757408921	28265.69144944588	28269.23085516553	28267.47729265574	28265.69178993671	0.000473794438563466	0.0009312097739042447	-0.9999994541834446	-0.003273294889023031	0.9999942106252266	0.0009296540212882293	0.999994530514742	0.003272852637499415	0.0004768398197834071	1.10013787258126	-1.569751514270996	1.096864792079864	0.0005743707124154402	0.008672997757473147	0.990789478916634	0.0005743707124154402	0.0005743707124154402	0.02825903905083965	2.935028183188861e-06	0.0006068707411111021	0.01020553369234002	
361	22.10054264955609	246.2198247850778	2.71828	1.21358	1.16637e-05	0.2581069881028696	3.71839689095135	-0.132763631017867	4.952378749000896	1.642829253100163	9.765760479361596	-0.1936625602231952	-4.468564700985716	4.920003476714489	1.510001067040423	0.1000000706649286	0.0005109992890970277	0.1056584461634128	0.1000000706649286	172.5001218970019	1.776821255588585	0.1000000706649286	91.18766443765244	0	0	0	3.14159	-2781.290891454129	1415.297231109924	0	1	1	1	1	2	2.085	2.4952	0.00775795	0.1172	1.10013787258126	-1.569751514270996	1.096864792079864	798953356.7082959	0	0	7978.295896489747	28265.69144901838	28267.47729265574	124.202393070522	63659878.57596757	0	0	0	0.0005109992890970277	0.1056584461634128	1.776821255588585	0.1000000706649286	1.510001067040423	172.5001218970019	0.1000000706649286	0.1000000706649286	4.920003476714489	91.18766443765244	91.18766443765244	80.38505680400287	80.38505680400287	124.202393070522	1	125.0901325921153	0	1	0	0	1	0	7978.295896489747	7978.295898888627	28267.47757408921	28265.69144944588	28269.23085516553	28267.47729265574	28265.69178993671	0.000473794438563466	0.0009312097739042447	-0.9999994541834446	-0.003273294889023031	0.9999942106252266	0.0009296540212882293	0.999994530514742	0.003272852637499415	0.0004768398197834071	1.10013787258126	-1.569751514270996	1.096864792079864	0.0005743707124154402	0.008672997757473147	0.990789478916634	0.0005743707124154402	0.0005743707124154402	0.02825903905083965	2.935028183188861e-06	0.0006068707411111021	0.01020553369234002	
362	22.03949142676726	246.2198247850778	2.71828	1.21358	1.16637e-05	0.2581069881028696	3.71839689095135	-0.132763631017867	4.952378749000896	1.642829253100163	9.765760479361596	-0.1936625602231952	-4.468564700985716	4.920003476714489	1.510001067040423	0.1000000706649286	0.0005109992890970277	0.1056584461634128	0.1000000706649286	172.5001218970019	1.776821255588585	0.1000000706649286	91.18766443765244	0	0	0	3.14159	-2781.290891454129	1415.297231109924	0	1	1	1	1	2	2.085	2.4952	0.00775795	0.1172	1.10013787258126	-1.569751514270996	1.096864792079864	798953356.7082959	0	0	7978.295896489747	28265.69144901838	28267.47729265574	124.202393070522	63659878.57596757	0	0	0	0.0005109992890970277	0.1056584461634128	1.776821255588585	0.1000000706649286	1.510001067040423	172.5001218970019	0.1000000706649286	0.1000000706649286	4.920003476714489	91.18766443765244	91.18766443765244	80.38505680400287	80.38505680400287	124.202393070522	1	125.0901325921153	0	1	0	0	1	0	7978.295896489747	7978.295898888627	28267.47757408921	28265.69144944588	28269.23085516553	28267.47729265574	28265.69178993671	0.000473794438563466	0.0009312097739042447	-0.9999994541834446	-0.003273294889023031	0.9999942106252266	0.0009296540212882293	0.999994530514742	0.003272852637499415	0.0004768398197834071	1.10013787258126	-1.569751514270996	1.096864792079864	0.0005743707124154402	0.008672997757473147	0.990789478916634	0.0005743707124154402	0.0005743707124154402	0.02825903905083965	2.935028183188861e-06	0.0006068707411111021	0.01020553369234002	
363	21.97877657435192	246.2198247850778	2.71828	1.21358	1.16637e-05	0.2581069881028696	3.71839689095135	-0.132763631017867	4.952378749000896	1.642829253100163	9.765760479361596	-0.1936625602231952	-4.468564700985716	4.920003476714489	1.510001067040423	0.1000000706649286	0.0005109992890970277	0.1056584461634128	0.1000000706649286	172.5001218970019	1.776821255588585	0.1000000706649286	91.18766443765244	0	0	0	3.14159	-2781.290891454129	1415.297231109924	0	1	1	1	1	2	2.085	2.4952	0.00775795	0.1172	1.10013787258126	-1.569751514270996	1.096864792079864	798953356.7082959	0	0	7978.295896489747	28265.69144901838	28267.47729265574	124.202393070522	63659878.57596757	0	0	0	0.0005109992890970277	0.1056584461634128	1.776821255588585	0.1000000706649286	1.510001067040423	172.5001218970019	0.1000000706649286	0.1000000706649286	4.920003476714489	91.18766443765244	91.18766443765244	80.38505680400287	80.38505680400287	124.202393070522	1	125.0901325921153	0	1	0	0	1	0	7978.295896489747	7978.295898888627	28267.47757408921	28265.69144944588	28269.23085516553	28267.47729265574	28265.69178993671	0.000473794438563466	0.0009312097739042447	-0.9999994541834446	-0.003273294889023031	0.9999942106252266	0.0009296540212882293	0.999994530514742	0.003272852637499415	0.0004768398197834071	1.10013787258126	-1.569751514270996	1.096864792079864	0.0005743707124154402	0.008672997757473147	0.990789478916634	0.0005743707124154402	0.0005743707124154402	0.02825903905083965	2.935028183188861e-06	0.0006068707411111021	0.01020553369234002	
364	21.91839532002678	246.2198247850778	2.71828	1.21358	1.16637e-05	0.2581069881028696	3.71839689095135	-0.132763631017867	4.952378749000896	1.642829253100163	9.765760479361596	-0.1936625602231952	-4.468564700985716	4.920003476714489	1.510001067040423	0.1000000706649286	0.0005109992890970277	0.1056584461634128	0.1000000706649286	172.5001218970019	1.776821255588585	0.1000000706649286	91.18766443765244	0	0	0	3.14159	-2781.290891454129	1415.297231109924	0	1	1	1	1	2	2.085	2.4952	0.00775795	0.1172	1.10013787258126	-1.569751514270996	1.096864792079864	798953356.7082959	0	0	7978.295896489747	28265.69144901838	28267.47729265574	124.202393070522	63659878.57596757	0	0	0	0.0005109992890970277	0.1056584461634128	1.776821255588585	0.1000000706649286	1.510001067040423	172.5001218970019	0.1000000706649286	0.1000000706649286	4.920003476714489	91.18766443765244	91.18766443765244	80.38505680400287	80.38505680400287	124.202393070522	1	125.0901325921153	0	1	0	0	1	0	7978.295896489747	7978.295898888627	28267.47757408921	28265.69144944588	28269.23085516553	28267.47729265574	28265.69178993671	0.000473794438563466	0.0009312097739042447	-0.9999994541834446	-0.003273294889023031	0.9999942106252266	0.0009296540212882293	0.999994530514742	0.003272852637499415	0.0004768398197834071	1.10013787258126	-1.569751514270996	1.096864792079864	0.0005743707124154402	0.008672997757473147	0.990789478916634	0.0005743707124154402	0.0005743707124154402	0.02825903905083965	2.935028183188861e-06	0.0006068707411111021	0.01020553369234002	
365	21.85834492188972	246.2198247850778	2.71828	1.21358	1.16637e-05	0.2581069881028696	3.71839689095135	-0.132763631017867	4.952378749000896	1.642829253100163	9.765760479361596	-0.1936625602231952	-4.468564700985716	4.920003476714489	1.510001067040423	0.1000000706649286	0.0005109992890970277	0.1056584461634128	0.1000000706649286	172.5001218970019	1.776821255588585	0.1000000706649286	91.18766443765244	0	0	0	3.14159	-2781.290891454129	1415.297231109924	0	1	1	1	1	2	2.085	2.4952	0.00775795	0.1172	1.10013787258126	-1.569751514270996	1.096864792079864	798953356.7082959	0	0	7978.295896489747	28265.69144901838	28267.47729265574	124.202393070522	63659878.57596757	0	0	0	0.0005109992890970277	0.1056584461634128	1.776821255588585	0.1000000706649286	1.510001067040423	172.5001218970019	0.1000000706649286	0.1000000706649286	4.920003476714489	91.18766443765244	91.18766443765244	80.38505680400287	80.38505680400287	124.202393070522	1	125.0901325921153	0	1	0	0	1	0	7978.295896489747	7978.295898888627	28267.47757408921	28265.69144944588	28269.23085516553	28267.47729265574	28265.69178993671	0.000473794438563466	0.0009312097739042447	-0.9999994541834446	-0.003273294889023031	0.9999942106252266	0.0009296540212882293	0.999994530514742	0.003272852637499415	0.0004768398197834071	1.10013787258126	-1.569751514270996	1.096864792079864	0.0005743707124154402	0.008672997757473147	0.990789478916634	0.0005743707124154402	0.0005743707124154402	0.02825903905083965	2.935028183188861e-06	0.0006068707411111021	0.01020553369234002	
366	21.79862266800477	246.2198247850778	2.71828	1.21358	1.16637e-05	0.2581069881028696	3.71839689095135	-0.132763631017867	4.952378749000896	1.642829253100163	9.765760479361596	-0.1936625602231952	-4.468564700985716	4.920003476714489	1.510001067040423	0.1000000706649286	0.0005109992890970277	0.1056584461634128	0.1000000706649286	172.5001218970019	1.776821255588585	0.1000000706649286	91.18766443765244	0	0	0	3.14159	-2781.290891454129	1415.297231109924	0	1	1	1	1	2	2.085	2.4952	0.00775795	0.1172	1.10013787258126	-1.569751514270996	1.096864792079864	798953356.7082959	0	0	7978.295896489747	28265.69144901838	28267.47729265574	124.202393070522	63659878.57596757	0	0	0	0.0005109992890970277	0.1056584461634128	1.776821255588585	0.1000000706649286	1.510001067040423	172.5001218970019	0.1000000706649286	0.1000000706649286	4.920003476714489	91.18766443765244	91.18766443765244	80.38505680400287	80.38505680400287	124.202393070522	1	125.0901325921153	0	1	0	0	1	0	7978.295896489747	7978.295898888627	28267.47757408921	28265.69144944588	28269.23085516553	28267.47729265574	28265.69178993671	0.000473794438563466	0.0009312097739042447	-0.9999994541834446	-0.003273294889023031	0.9999942106252266	0.0009296540212882293	0.999994530514742	0.003272852637499415	0.0004768398197834071	1.10013787258126	-1.569751514270996	1.096864792079864	0.0005743707124154402	0.008672997757473147	0.990789478916634	0.0005743707124154402	0.0005743707124154402	0.02825903905083965	2.935028183188861e-06	0.0006068707411111021	0.01020553369234002	
367	21.73922587599386	246.2198247850778	2.71828	1.21358	1.16637e-05	0.2581069881028696	3.71839689095135	-0.132763631017867	4.952378749000896	1.642829253100163	9.765760479361596	-0.1936625602231952	-4.468564700985716	4.920003476714489	1.510001067040423	0.1000000706649286	0.0005109992890970277	0.1056584461634128	0.1000000706649286	172.5001218970019	1.776821255588585	0.1000000706649286	91.18766443765244	0	0	0	3.14159	-2781.290891454129	1415.297231109924	0	1	1	1	1	2	2.085	2.4952	0.00775795	0.1172	1.10013787258126	-1.569751514270996	1.096864792079864	798953356.7082959	0	0	7978.295896489747	28265.69144901838	28267.47729265574	124.202393070522	63659878.57596757	0	0	0	0.0005109992890970277	0.1056584461634128	1.776821255588585	0.1000000706649286	1.510001067040423	172.5001218970019	0.1000000706649286	0.1000000706649286	4.920003476714489	91.18766443765244	91.18766443765244	80.38505680400287	80.38505680400287	124.202393070522	1	125.0901325921153	0	1	0	0	1	0	7978.295896489747	7978.295898888627	28267.47757408921	28265.69144944588	28269.23085516553	28267.47729265574	28265.69178993671	0.000473794438563466	0.0009312097739042447	-0.9999994541834446	-0.003273294889023031	0.9999942106252266	0.0009296540212882293	0.999994530514742	0.003272852637499415	0.0004768398197834071	1.10013787258126	-1.569751514270996	1.096864792079864	0.0005743707124154402	0.008672997757473147	0.990789478916634	0.0005743707124154402	0.0005743707124154402	0.02825903905083965	2.935028183188861e-06	0.0006068707411111021	0.01020553369234002	
368	21.68015189263518	246.2198247850778	2.71828	1.21358	1.16637e-05	0.2581069881028696	3.71839689095135	-0.132763631017867	4.952378749000896	1.642829253100163	9.765760479361596	-0.1936625602231952	-4.468564700985716	4.920003476714489	1.510001067040423	0.1000000706649286	0.0005109992890970277	0.1056584461634128	0.1000000706649286	172.5001218970019	1.776821255588585	0.1000000706649286	91.18766443765244	0	0	0	3.14159	-2781.290891454129	1415.297231109924	0	1	1	1	1	2	2.085	2.4952	0.00775795	0.1172	1.10013787258126	-1.569751514270996	1.096864792079864	798953356.7082959	0	0	7978.295896489747	28265.69144901838	28267.47729265574	124.202393070522	63659878.57596757	0	0	0	0.0005109992890970277	0.1056584461634128	1.776821255588585	0.1000000706649286	1.510001067040423	172.5001218970019	0.1000000706649286	0.1000000706649286	4.920003476714489	91.18766443765244	91.18766443765244	80.38505680400287	80.38505680400287	124.202393070522	1	125.0901325921153	0	1	0	0	1	0	7978.295896489747	7978.295898888627	28267.47757408921	28265.69144944588	28269.23085516553	28267.47729265574	28265.69178993671	0.000473794438563466	0.0009312097739042447	-0.9999994541834446	-0.003273294889023031	0.9999942106252266	0.0009296540212882293	0.999994530514742	0.003272852637499415	0.0004768398197834071	1.10013787258126	-1.569751514270996	1.096864792079864	0.0005743707124154402	0.008672997757473147	0.990789478916634	0.0005743707124154402	0.0005743707124154402	0.02825903905083965	2.935028183188861e-06	0.0006068707411111021	0.01020553369234002	
369	21.62139809346815	246.2198247850778	2.71828	1.21358	1.16637e-05	0.2581069881028696	3.71839689095135	-0.132763631017867	4.952378749000896	1.642829253100163	9.765760479361596	-0.1936625602231952	-4.468564700985716	4.920003476714489	1.510001067040423	0.1000000706649286	0.0005109992890970277	0.1056584461634128	0.1000000706649286	172.5001218970019	1.776821255588585	0.1000000706649286	91.18766443765244	0	0	0	3.14159	-2781.290891454129	1415.297231109924	0	1	1	1	1	2	2.085	2.4952	0.00775795	0.1172	1.10013787258126	-1.569751514270996	1.096864792079864	798953356.7082959	0	0	7978.295896489747	28265.69144901838	28267.47729265574	124.202393070522	63659878.57596757	0	0	0	0.0005109992890970277	0.1056584461634128	1.776821255588585	0.1000000706649286	1.510001067040423	172.5001218970019	0.1000000706649286	0.1000000706649286	4.920003476714489	91.18766443765244	91.18766443765244	80.38505680400287	80.38505680400287	124.202393070522	1	125.0901325921153	0	1	0	0	1	0	7978.295896489747	7978.295898888627	28267.47757408921	28265.69144944588	28269.23085516553	28267.47729265574	28265.69178993671	0.000473794438563466	0.0009312097739042447	-0.9999994541834446	-0.003273294889023031	0.9999942106252266	0.0009296540212882293	0.999994530514742	0.003272852637499415	0.0004768398197834071	1.10013787258126	-1.569751514270996	1.096864792079864	0.0005743707124154402	0.008672997757473147	0.990789478916634	0.0005743707124154402	0.0005743707124154402	0.02825903905083965	2.935028183188861e-06	0.0006068707411111021	0.01020553369234002	
370	21.56296188240472	246.2198247850778	2.71828	1.21358	1.16637e-05	0.2581069881028696	3.71839689095135	-0.132763631017867	4.952378749000896	1.642829253100163	9.765760479361596	-0.1936625602231952	-4.468564700985716	4.920003476714489	1.510001067040423	0.1000000706649286	0.0005109992890970277	0.1056584461634128	0.1000000706649286	172.5001218970019	1.776821255588585	0.1000000706649286	91.18766443765244	0	0	0	3.14159	-2781.290891454129	1415.297231109924	0	1	1	1	1	2	2.085	2.4952	0.00775795	0.1172	1.10013787258126	-1.569751514270996	1.096864792079864	798953356.7082959	0	0	7978.295896489747	28265.69144901838	28267.47729265574	124.202393070522	63659878.57596757	0	0	0	0.0005109992890970277	0.1056584461634128	1.776821255588585	0.1000000706649286	1.510001067040423	172.5001218970019	0.1000000706649286	0.1000000706649286	4.920003476714489	91.18766443765244	91.18766443765244	80.38505680400287	80.38505680400287	124.202393070522	1	125.0901325921153	0	1	0	0	1	0	7978.295896489747	7978.295898888627	28267.47757408921	28265.69144944588	28269.23085516553	28267.47729265574	28265.69178993671	0.000473794438563466	0.0009312097739042447	-0.9999994541834446	-0.003273294889023031	0.9999942106252266	0.0009296540212882293	0.999994530514742	0.003272852637499415	0.0004768398197834071	1.10013787258126	-1.569751514270996	1.096864792079864	0.0005743707124154402	0.008672997757473147	0.990789478916634	0.0005743707124154402	0.0005743707124154402	0.02825903905083965	2.935028183188861e-06	0.0006068707411111021	0.01020553369234002	
371	21.50484069134703	246.2198247850778	2.71828	1.21358	1.16637e-05	0.2581069881028696	3.71839689095135	-0.132763631017867	4.952378749000896	1.642829253100163	9.765760479361596	-0.1936625602231952	-4.468564700985716	4.920003476714489	1.510001067040423	0.1000000706649286	0.0005109992890970277	0.1056584461634128	0.1000000706649286	172.5001218970019	1.776821255588585	0.1000000706649286	91.18766443765244	0	0	0	3.14159	-2781.290891454129	1415.297231109924	0	1	1	1	1	2	2.085	2.4952	0.00775795	0.1172	1.10013787258126	-1.569751514270996	1.096864792079864	798953356.7082959	0	0	7978.295896489747	28265.69144901838	28267.47729265574	124.202393070522	63659878.57596757	0	0	0	0.0005109992890970277	0.1056584461634128	1.776821255588585	0.1000000706649286	1.510001067040423	172.5001218970019	0.1000000706649286	0.1000000706649286	4.920003476714489	91.18766443765244	91.18766443765244	80.38505680400287	80.38505680400287	124.202393070522	1	125.0901325921153	0	1	0	0	1	0	7978.295896489747	7978.295898888627	28267.47757408921	28265.69144944588	28269.23085516553	28267.47729265574	28265.69178993671	0.000473794438563466	0.0009312097739042447	-0.9999994541834446	-0.003273294889023031	0.9999942106252266	0.0009296540212882293	0.999994530514742	0.003272852637499415	0.0004768398197834071	1.10013787258126	-1.569751514270996	1.096864792079864	0.0005743707124154402	0.008672997757473147	0.990789478916634	0.0005743707124154402	0.0005743707124154402	0.02825903905083965	2.935028183188861e-06	0.0006068707411111021	0.01020553369234002	
372	21.44703197981115	246.2198247850778	2.71828	1.21358	1.16637e-05	0.2581069881028696	3.71839689095135	-0.132763631017867	4.952378749000896	1.642829253100163	9.765760479361596	-0.1936625602231952	-4.468564700985716	4.920003476714489	1.510001067040423	0.1000000706649286	0.0005109992890970277	0.1056584461634128	0.1000000706649286	172.5001218970019	1.776821255588585	0.1000000706649286	91.18766443765244	0	0	0	3.14159	-2781.290891454129	1415.297231109924	0	1	1	1	1	2	2.085	2.4952	0.00775795	0.1172	1.10013787258126	-1.569751514270996	1.096864792079864	798953356.7082959	0	0	7978.295896489747	28265.69144901838	28267.47729265574	124.202393070522	63659878.57596757	0	0	0	0.0005109992890970277	0.1056584461634128	1.776821255588585	0.1000000706649286	1.510001067040423	172.5001218970019	0.1000000706649286	0.1000000706649286	4.920003476714489	91.18766443765244	91.18766443765244	80.38505680400287	80.38505680400287	124.202393070522	1	125.0901325921153	0	1	0	0	1	0	7978.295896489747	7978.295898888627	28267.47757408921	28265.69144944588	28269.23085516553	28267.47729265574	28265.69178993671	0.000473794438563466	0.0009312097739042447	-0.9999994541834446	-0.003273294889023031	0.9999942106252266	0.0009296540212882293	0.999994530514742	0.003272852637499415	0.0004768398197834071	1.10013787258126	-1.569751514270996	1.096864792079864	0.0005743707124154402	0.008672997757473147	0.990789478916634	0.0005743707124154402	0.0005743707124154402	0.02825903905083965	2.935028183188861e-06	0.0006068707411111021	0.01020553369234002	
373	21.38953323455696	246.2198247850778	2.71828	1.21358	1.16637e-05	0.2581069881028696	3.71839689095135	-0.132763631017867	4.952378749000896	1.642829253100163	9.765760479361596	-0.1936625602231952	-4.468564700985716	4.920003476714489	1.510001067040423	0.1000000706649286	0.0005109992890970277	0.1056584461634128	0.1000000706649286	172.5001218970019	1.776821255588585	0.1000000706649286	91.18766443765244	0	0	0	3.14159	-2781.290891454129	1415.297231109924	0	1	1	1	1	2	2.085	2.4952	0.00775795	0.1172	1.10013787258126	-1.569751514270996	1.096864792079864	798953356.7082959	0	0	7978.295896489747	28265.69144901838	28267.47729265574	124.202393070522	63659878.57596757	0	0	0	0.0005109992890970277	0.1056584461634128	1.776821255588585	0.1000000706649286	1.510001067040423	172.5001218970019	0.1000000706649286	0.1000000706649286	4.920003476714489	91.18766443765244	91.18766443765244	80.38505680400287	80.38505680400287	124.202393070522	1	125.0901325921153	0	1	0	0	1	0	7978.295896489747	7978.295898888627	28267.47757408921	28265.69144944588	28269.23085516553	28267.47729265574	28265.69178993671	0.000473794438563466	0.0009312097739042447	-0.9999994541834446	-0.003273294889023031	0.9999942106252266	0.0009296540212882293	0.999994530514742	0.003272852637499415	0.0004768398197834071	1.10013787258126	-1.569751514270996	1.096864792079864	0.0005743707124154402	0.008672997757473147	0.990789478916634	0.0005743707124154402	0.0005743707124154402	0.02825903905083965	2.935028183188861e-06	0.0006068707411111021	0.01020553369234002	
374	21.33234196922392	246.2198247850778	2.71828	1.21358	1.16637e-05	0.2581069881028696	3.71839689095135	-0.132763631017867	4.952378749000896	1.642829253100163	9.765760479361596	-0.1936625602231952	-4.468564700985716	4.920003476714489	1.510001067040423	0.1000000706649286	0.0005109992890970277	0.1056584461634128	0.1000000706649286	172.5001218970019	1.776821255588585	0.1000000706649286	91.18766443765244	0	0	0	3.14159	-2781.290891454129	1415.297231109924	0	1	1	1	1	2	2.085	2.4952	0.00775795	0.1172	1.10013787258126	-1.569751514270996	1.096864792079864	798953356.7082959	0	0	7978.295896489747	28265.69144901838	28267.47729265574	124.202393070522	63659878.57596757	0	0	0	0.0005109992890970277	0.1056584461634128	1.776821255588585	0.1000000706649286	1.510001067040423	172.5001218970019	0.1000000706649286	0.1000000706649286	4.920003476714489	91.18766443765244	91.18766443765244	80.38505680400287	80.38505680400287	124.202393070522	1	125.0901325921153	0	1	0	0	1	0	7978.295896489747	7978.295898888627	28267.47757408921	28265.69144944588	28269.23085516553	28267.47729265574	28265.69178993671	0.000473794438563466	0.0009312097739042447	-0.9999994541834446	-0.003273294889023031	0.9999942106252266	0.0009296540212882293	0.999994530514742	0.003272852637499415	0.0004768398197834071	1.10013787258126	-1.569751514270996	1.096864792079864	0.0005743707124154402	0.008672997757473147	0.990789478916634	0.0005743707124154402	0.0005743707124154402	0.02825903905083965	2.935028183188861e-06	0.0006068707411111021	0.01020553369234002	
375	21.27545572397266	246.2198247850778	2.71828	1.21358	1.16637e-05	0.2581069881028696	3.71839689095135	-0.132763631017867	4.952378749000896	1.642829253100163	9.765760479361596	-0.1936625602231952	-4.468564700985716	4.920003476714489	1.510001067040423	0.1000000706649286	0.0005109992890970277	0.1056584461634128	0.1000000706649286	172.5001218970019	1.776821255588585	0.1000000706649286	91.18766443765244	0	0	0	3.14159	-2781.290891454129	1415.297231109924	0	1	1	1	1	2	2.085	2.4952	0.00775795	0.1172	1.10013787258126	-1.569751514270996	1.096864792079864	798953356.7082959	0	0	7978.295896489747	28265.69144901838	28267.47729265574	124.202393070522	63659878.57596757	0	0	0	0.0005109992890970277	0.1056584461634128	1.776821255588585	0.1000000706649286	1.510001067040423	172.5001218970019	0.1000000706649286	0.1000000706649286	4.920003476714489	91.18766443765244	91.18766443765244	80.38505680400287	80.38505680400287	124.202393070522	1	125.0901325921153	0	1	0	0	1	0	7978.295896489747	7978.295898888627	28267.47757408921	28265.69144944588	28269.23085516553	28267.47729265574	28265.69178993671	0.000473794438563466	0.0009312097739042447	-0.9999994541834446	-0.003273294889023031	0.9999942106252266	0.0009296540212882293	0.999994530514742	0.003272852637499415	0.0004768398197834071	1.10013787258126	-1.569751514270996	1.096864792079864	0.0005743707124154402	0.008672997757473147	0.990789478916634	0.0005743707124154402	0.0005743707124154402	0.02825903905083965	2.935028183188861e-06	0.0006068707411111021	0.01020553369234002	
376	21.21887206513231	246.2198247850778	2.71828	1.21358	1.16637e-05	0.2581069881028696	3.71839689095135	-0.132763631017867	4.952378749000896	1.642829253100163	9.765760479361596	-0.1936625602231952	-4.468564700985716	4.920003476714489	1.510001067040423	0.1000000706649286	0.0005109992890970277	0.1056584461634128	0.1000000706649286	172.5001218970019	1.776821255588585	0.1000000706649286	91.18766443765244	0	0	0	3.14159	-2781.290891454129	1415.297231109924	0	1	1	1	1	2	2.085	2.4952	0.00775795	0.1172	1.10013787258126	-1.569751514270996	1.096864792079864	798953356.7082959	0	0	7978.295896489747	28265.69144901838	28267.47729265574	124.202393070522	63659878.57596757	0	0	0	0.0005109992890970277	0.1056584461634128	1.776821255588585	0.1000000706649286	1.510001067040423	172.5001218970019	0.1000000706649286	0.1000000706649286	4.920003476714489	91.18766443765244	91.18766443765244	80.38505680400287	80.38505680400287	124.202393070522	1	125.0901325921153	0	1	0	0	1	0	7978.295896489747	7978.295898888627	28267.47757408921	28265.69144944588	28269.23085516553	28267.47729265574	28265.69178993671	0.000473794438563466	0.0009312097739042447	-0.9999994541834446	-0.003273294889023031	0.9999942106252266	0.0009296540212882293	0.999994530514742	0.003272852637499415	0.0004768398197834071	1.10013787258126	-1.569751514270996	1.096864792079864	0.0005743707124154402	0.008672997757473147	0.990789478916634	0.0005743707124154402	0.0005743707124154402	0.02825903905083965	2.935028183188861e-06	0.0006068707411111021	0.01020553369234002	
377	21.16258858485344	246.2198247850778	2.71828	1.21358	1.16637e-05	0.2581069881028696	3.71839689095135	-0.132763631017867	4.952378749000896	1.642829253100163	9.765760479361596	-0.1936625602231952	-4.468564700985716	4.920003476714489	1.510001067040423	0.1000000706649286	0.0005109992890970277	0.1056584461634128	0.1000000706649286	172.5001218970019	1.776821255588585	0.1000000706649286	91.18766443765244	0	0	0	3.14159	-2781.290891454129	1415.297231109924	0	1	1	1	1	2	2.085	2.4952	0.00775795	0.1172	1.10013787258126	-1.569751514270996	1.096864792079864	798953356.7082959	0	0	7978.295896489747	28265.69144901838	28267.47729265574	124.202393070522	63659878.57596757	0	0	0	0.0005109992890970277	0.1056584461634128	1.776821255588585	0.1000000706649286	1.510001067040423	172.5001218970019	0.1000000706649286	0.1000000706649286	4.920003476714489	91.18766443765244	91.18766443765244	80.38505680400287	80.38505680400287	124.202393070522	1	125.0901325921153	0	1	0	0	1	0	7978.295896489747	7978.295898888627	28267.47757408921	28265.69144944588	28269.23085516553	28267.47729265574	28265.69178993671	0.000473794438563466	0.0009312097739042447	-0.9999994541834446	-0.003273294889023031	0.9999942106252266	0.0009296540212882293	0.999994530514742	0.003272852637499415	0.0004768398197834071	1.10013787258126	-1.569751514270996	1.096864792079864	0.0005743707124154402	0.008672997757473147	0.990789478916634	0.0005743707124154402	0.0005743707124154402	0.02825903905083965	2.935028183188861e-06	0.0006068707411111021	0.01020553369234002	
378	21.10660290076653	246.2198247850778	2.71828	1.21358	1.16637e-05	0.2581069881028696	3.71839689095135	-0.132763631017867	4.952378749000896	1.642829253100163	9.765760479361596	-0.1936625602231952	-4.468564700985716	4.920003476714489	1.510001067040423	0.1000000706649286	0.0005109992890970277	0.1056584461634128	0.1000000706649286	172.5001218970019	1.776821255588585	0.1000000706649286	91.18766443765244	0	0	0	3.14159	-2781.290891454129	1415.297231109924	0	1	1	1	1	2	2.085	2.4952	0.00775795	0.1172	1.10013787258126	-1.569751514270996	1.096864792079864	798953356.7082959	0	0	7978.295896489747	28265.69144901838	28267.47729265574	124.202393070522	63659878.57596757	0	0	0	0.0005109992890970277	0.1056584461634128	1.776821255588585	0.1000000706649286	1.510001067040423	172.5001218970019	0.1000000706649286	0.1000000706649286	4.920003476714489	91.18766443765244	91.18766443765244	80.38505680400287	80.38505680400287	124.202393070522	1	125.0901325921153	0	1	0	0	1	0	7978.295896489747	7978.295898888627	28267.47757408921	28265.69144944588	28269.23085516553	28267.47729265574	28265.69178993671	0.000473794438563466	0.0009312097739042447	-0.9999994541834446	-0.003273294889023031	0.9999942106252266	0.0009296540212882293	0.999994530514742	0.003272852637499415	0.0004768398197834071	1.10013787258126	-1.569751514270996	1.096864792079864	0.0005743707124154402	0.008672997757473147	0.990789478916634	0.0005743707124154402	0.0005743707124154402	0.02825903905083965	2.935028183188861e-06	0.0006068707411111021	0.01020553369234002	
379	21.05091265564577	246.2198247850778	2.71828	1.21358	1.16637e-05	0.2581069881028696	3.71839689095135	-0.132763631017867	4.952378749000896	1.642829253100163	9.765760479361596	-0.1936625602231952	-4.468564700985716	4.920003476714489	1.510001067040423	0.1000000706649286	0.0005109992890970277	0.1056584461634128	0.1000000706649286	172.5001218970019	1.776821255588585	0.1000000706649286	91.18766443765244	0	0	0	3.14159	-2781.290891454129	1415.297231109924	0	1	1	1	1	2	2.085	2.4952	0.00775795	0.1172	1.10013787258126	-1.569751514270996	1.096864792079864	798953356.7082959	0	0	7978.295896489747	28265.69144901838	28267.47729265574	124.202393070522	63659878.57596757	0	0	0	0.0005109992890970277	0.1056584461634128	1.776821255588585	0.1000000706649286	1.510001067040423	172.5001218970019	0.1000000706649286	0.1000000706649286	4.920003476714489	91.18766443765244	91.18766443765244	80.38505680400287	80.38505680400287	124.202393070522	1	125.0901325921153	0	1	0	0	1	0	7978.295896489747	7978.295898888627	28267.47757408921	28265.69144944588	28269.23085516553	28267.47729265574	28265.69178993671	0.000473794438563466	0.0009312097739042447	-0.9999994541834446	-0.003273294889023031	0.9999942106252266	0.0009296540212882293	0.999994530514742	0.003272852637499415	0.0004768398197834071	1.10013787258126	-1.569751514270996	1.096864792079864	0.0005743707124154402	0.008672997757473147	0.990789478916634	0.0005743707124154402	0.0005743707124154402	0.02825903905083965	2.935028183188861e-06	0.0006068707411111021	0.01020553369234002	
380	20.99551551707828	246.2198247850778	2.71828	1.21358	1.16637e-05	0.2581069881028696	3.71839689095135	-0.132763631017867	4.952378749000896	1.642829253100163	9.765760479361596	-0.1936625602231952	-4.468564700985716	4.920003476714489	1.510001067040423	0.1000000706649286	0.0005109992890970277	0.1056584461634128	0.1000000706649286	172.5001218970019	1.776821255588585	0.1000000706649286	91.18766443765244	0	0	0	3.14159	-2781.290891454129	1415.297231109924	0	1	1	1	1	2	2.085	2.4952	0.00775795	0.1172	1.10013787258126	-1.569751514270996	1.096864792079864	798953356.7082959	0	0	7978.295896489747	28265.69144901838	28267.47729265574	124.202393070522	63659878.57596757	0	0	0	0.0005109992890970277	0.1056584461634128	1.776821255588585	0.1000000706649286	1.510001067040423	172.5001218970019	0.1000000706649286	0.1000000706649286	4.920003476714489	91.18766443765244	91.18766443765244	80.38505680400287	80.38505680400287	124.202393070522	1	125.0901325921153	0	1	0	0	1	0	7978.295896489747	7978.295898888627	28267.47757408921	28265.69144944588	28269.23085516553	28267.47729265574	28265.69178993671	0.000473794438563466	0.0009312097739042447	-0.9999994541834446	-0.003273294889023031	0.9999942106252266	0.0009296540212882293	0.999994530514742	0.003272852637499415	0.0004768398197834071	1.10013787258126	-1.569751514270996	1.096864792079864	0.0005743707124154402	0.008672997757473147	0.990789478916634	0.0005743707124154402	0.0005743707124154402	0.02825903905083965	2.935028183188861e-06	0.0006068707411111021	0.01020553369234002	
381	20.94040917713845	246.2198247850778	2.71828	1.21358	1.16637e-05	0.2581069881028696	3.71839689095135	-0.132763631017867	4.952378749000896	1.642829253100163	9.765760479361596	-0.1936625602231952	-4.468564700985716	4.920003476714489	1.510001067040423	0.1000000706649286	0.0005109992890970277	0.1056584461634128	0.1000000706649286	172.5001218970019	1.776821255588585	0.1000000706649286	91.18766443765244	0	0	0	3.14159	-2781.290891454129	1415.297231109924	0	1	1	1	1	2	2.085	2.4952	0.00775795	0.1172	1.10013787258126	-1.569751514270996	1.096864792079864	798953356.7082959	0	0	7978.295896489747	28265.69144901838	28267.47729265574	124.202393070522	63659878.57596757	0	0	0	0.0005109992890970277	0.1056584461634128	1.776821255588585	0.1000000706649286	1.510001067040423	172.5001218970019	0.1000000706649286	0.1000000706649286	4.920003476714489	91.18766443765244	91.18766443765244	80.38505680400287	80.38505680400287	124.202393070522	1	125.0901325921153	0	1	0	0	1	0	7978.295896489747	7978.295898888627	28267.47757408921	28265.69144944588	28269.23085516553	28267.47729265574	28265.69178993671	0.000473794438563466	0.0009312097739042447	-0.9999994541834446	-0.003273294889023031	0.9999942106252266	0.0009296540212882293	0.999994530514742	0.003272852637499415	0.0004768398197834071	1.10013787258126	-1.569751514270996	1.096864792079864	0.0005743707124154402	0.008672997757473147	0.990789478916634	0.0005743707124154402	0.0005743707124154402	0.02825903905083965	2.935028183188861e-06	0.0006068707411111021	0.01020553369234002	
382	20.8855913520674	246.2198247850778	2.71828	1.21358	1.16637e-05	0.2581069881028696	3.71839689095135	-0.132763631017867	4.952378749000896	1.642829253100163	9.765760479361596	-0.1936625602231952	-4.468564700985716	4.920003476714489	1.510001067040423	0.1000000706649286	0.0005109992890970277	0.1056584461634128	0.1000000706649286	172.5001218970019	1.776821255588585	0.1000000706649286	91.18766443765244	0	0	0	3.14159	-2781.290891454129	1415.297231109924	0	1	1	1	1	2	2.085	2.4952	0.00775795	0.1172	1.10013787258126	-1.569751514270996	1.096864792079864	798953356.7082959	0	0	7978.295896489747	28265.69144901838	28267.47729265574	124.202393070522	63659878.57596757	0	0	0	0.0005109992890970277	0.1056584461634128	1.776821255588585	0.1000000706649286	1.510001067040423	172.5001218970019	0.1000000706649286	0.1000000706649286	4.920003476714489	91.18766443765244	91.18766443765244	80.38505680400287	80.38505680400287	124.202393070522	1	125.0901325921153	0	1	0	0	1	0	7978.295896489747	7978.295898888627	28267.47757408921	28265.69144944588	28269.23085516553	28267.47729265574	28265.69178993671	0.000473794438563466	0.0009312097739042447	-0.9999994541834446	-0.003273294889023031	0.9999942106252266	0.0009296540212882293	0.999994530514742	0.003272852637499415	0.0004768398197834071	1.10013787258126	-1.569751514270996	1.096864792079864	0.0005743707124154402	0.008672997757473147	0.990789478916634	0.0005743707124154402	0.0005743707124154402	0.02825903905083965	2.935028183188861e-06	0.0006068707411111021	0.01020553369234002	
383	20.83105978195756	246.2198247850778	2.71828	1.21358	1.16637e-05	0.2581069881028696	3.71839689095135	-0.132763631017867	4.952378749000896	1.642829253100163	9.765760479361596	-0.1936625602231952	-4.468564700985716	4.920003476714489	1.510001067040423	0.1000000706649286	0.0005109992890970277	0.1056584461634128	0.1000000706649286	172.5001218970019	1.776821255588585	0.1000000706649286	91.18766443765244	0	0	0	3.14159	-2781.290891454129	1415.297231109924	0	1	1	1	1	2	2.085	2.4952	0.00775795	0.1172	1.10013787258126	-1.569751514270996	1.096864792079864	798953356.7082959	0	0	7978.295896489747	28265.69144901838	28267.47729265574	124.202393070522	63659878.57596757	0	0	0	0.0005109992890970277	0.1056584461634128	1.776821255588585	0.1000000706649286	1.510001067040423	172.5001218970019	0.1000000706649286	0.1000000706649286	4.920003476714489	91.18766443765244	91.18766443765244	80.38505680400287	80.38505680400287	124.202393070522	1	125.0901325921153	0	1	0	0	1	0	7978.295896489747	7978.295898888627	28267.47757408921	28265.69144944588	28269.23085516553	28267.47729265574	28265.69178993671	0.000473794438563466	0.0009312097739042447	-0.9999994541834446	-0.003273294889023031	0.9999942106252266	0.0009296540212882293	0.999994530514742	0.003272852637499415	0.0004768398197834071	1.10013787258126	-1.569751514270996	1.096864792079864	0.0005743707124154402	0.008672997757473147	0.990789478916634	0.0005743707124154402	0.0005743707124154402	0.02825903905083965	2.935028183188861e-06	0.0006068707411111021	0.01020553369234002	
384	20.77681223044205	246.2198247850778	2.71828	1.21358	1.16637e-05	0.2581069881028696	3.71839689095135	-0.132763631017867	4.952378749000896	1.642829253100163	9.765760479361596	-0.1936625602231952	-4.468564700985716	4.920003476714489	1.510001067040423	0.1000000706649286	0.0005109992890970277	0.1056584461634128	0.1000000706649286	172.5001218970019	1.776821255588585	0.1000000706649286	91.18766443765244	0	0	0	3.14159	-2781.290891454129	1415.297231109924	0	1	1	1	1	2	2.085	2.4952	0.00775795	0.1172	1.10013787258126	-1.569751514270996	1.096864792079864	798953356.7082959	0	0	7978.295896489747	28265.69144901838	28267.47729265574	124.202393070522	63659878.57596757	0	0	0	0.0005109992890970277	0.1056584461634128	1.776821255588585	0.1000000706649286	1.510001067040423	172.5001218970019	0.1000000706649286	0.1000000706649286	4.920003476714489	91.18766443765244	91.18766443765244	80.38505680400287	80.38505680400287	124.202393070522	1	125.0901325921153	0	1	0	0	1	0	7978.295896489747	7978.295898888627	28267.47757408921	28265.69144944588	28269.23085516553	28267.47729265574	28265.69178993671	0.000473794438563466	0.0009312097739042447	-0.9999994541834446	-0.003273294889023031	0.9999942106252266	0.0009296540212882293	0.999994530514742	0.003272852637499415	0.0004768398197834071	1.10013787258126	-1.569751514270996	1.096864792079864	0.0005743707124154402	0.008672997757473147	0.990789478916634	0.0005743707124154402	0.0005743707124154402	0.02825903905083965	2.935028183188861e-06	0.0006068707411111021	0.01020553369234002	
385	20.72284648438895	246.2198247850778	2.71828	1.21358	1.16637e-05	0.2581069881028696	3.71839689095135	-0.132763631017867	4.952378749000896	1.642829253100163	9.765760479361596	-0.1936625602231952	-4.468564700985716	4.920003476714489	1.510001067040423	0.1000000706649286	0.0005109992890970277	0.1056584461634128	0.1000000706649286	172.5001218970019	1.776821255588585	0.1000000706649286	91.18766443765244	0	0	0	3.14159	-2781.290891454129	1415.297231109924	0	1	1	1	1	2	2.085	2.4952	0.00775795	0.1172	1.10013787258126	-1.569751514270996	1.096864792079864	798953356.7082959	0	0	7978.295896489747	28265.69144901838	28267.47729265574	124.202393070522	63659878.57596757	0	0	0	0.0005109992890970277	0.1056584461634128	1.776821255588585	0.1000000706649286	1.510001067040423	172.5001218970019	0.1000000706649286	0.1000000706649286	4.920003476714489	91.18766443765244	91.18766443765244	80.38505680400287	80.38505680400287	124.202393070522	1	125.0901325921153	0	1	0	0	1	0	7978.295896489747	7978.295898888627	28267.47757408921	28265.69144944588	28269.23085516553	28267.47729265574	28265.69178993671	0.000473794438563466	0.0009312097739042447	-0.9999994541834446	-0.003273294889023031	0.9999942106252266	0.0009296540212882293	0.999994530514742	0.003272852637499415	0.0004768398197834071	1.10013787258126	-1.569751514270996	1.096864792079864	0.0005743707124154402	0.008672997757473147	0.990789478916634	0.0005743707124154402	0.0005743707124154402	0.02825903905083965	2.935028183188861e-06	0.0006068707411111021	0.01020553369234002	
386	20.66916035360038	246.2198247850778	2.71828	1.21358	1.16637e-05	0.2581069881028696	3.71839689095135	-0.132763631017867	4.952378749000896	1.642829253100163	9.765760479361596	-0.1936625602231952	-4.468564700985716	4.920003476714489	1.510001067040423	0.1000000706649286	0.0005109992890970277	0.1056584461634128	0.1000000706649286	172.5001218970019	1.776821255588585	0.1000000706649286	91.18766443765244	0	0	0	3.14159	-2781.290891454129	1415.297231109924	0	1	1	1	1	2	2.085	2.4952	0.00775795	0.1172	1.10013787258126	-1.569751514270996	1.096864792079864	798953356.7082959	0	0	7978.295896489747	28265.69144901838	28267.47729265574	124.202393070522	63659878.57596757	0	0	0	0.0005109992890970277	0.1056584461634128	1.776821255588585	0.1000000706649286	1.510001067040423	172.5001218970019	0.1000000706649286	0.1000000706649286	4.920003476714489	91.18766443765244	91.18766443765244	80.38505680400287	80.38505680400287	124.202393070522	1	125.0901325921153	0	1	0	0	1	0	7978.295896489747	7978.295898888627	28267.47757408921	28265.69144944588	28269.23085516553	28267.47729265574	28265.69178993671	0.000473794438563466	0.0009312097739042447	-0.9999994541834446	-0.003273294889023031	0.9999942106252266	0.0009296540212882293	0.999994530514742	0.003272852637499415	0.0004768398197834071	1.10013787258126	-1.569751514270996	1.096864792079864	0.0005743707124154402	0.008672997757473147	0.990789478916634	0.0005743707124154402	0.0005743707124154402	0.02825903905083965	2.935028183188861e-06	0.0006068707411111021	0.01020553369234002	
387	20.61575167051614	246.2198247850778	2.71828	1.21358	1.16637e-05	0.2581069881028696	3.71839689095135	-0.132763631017867	4.952378749000896	1.642829253100163	9.765760479361596	-0.1936625602231952	-4.468564700985716	4.920003476714489	1.510001067040423	0.1000000706649286	0.0005109992890970277	0.1056584461634128	0.1000000706649286	172.5001218970019	1.776821255588585	0.1000000706649286	91.18766443765244	0	0	0	3.14159	-2781.290891454129	1415.297231109924	0	1	1	1	1	2	2.085	2.4952	0.00775795	0.1172	1.10013787258126	-1.569751514270996	1.096864792079864	798953356.7082959	0	0	7978.295896489747	28265.69144901838	28267.47729265574	124.202393070522	63659878.57596757	0	0	0	0.0005109992890970277	0.1056584461634128	1.776821255588585	0.1000000706649286	1.510001067040423	172.5001218970019	0.1000000706649286	0.1000000706649286	4.920003476714489	91.18766443765244	91.18766443765244	80.38505680400287	80.38505680400287	124.202393070522	1	125.0901325921153	0	1	0	0	1	0	7978.295896489747	7978.295898888627	28267.47757408921	28265.69144944588	28269.23085516553	28267.47729265574	28265.69178993671	0.000473794438563466	0.0009312097739042447	-0.9999994541834446	-0.003273294889023031	0.9999942106252266	0.0009296540212882293	0.999994530514742	0.003272852637499415	0.0004768398197834071	1.10013787258126	-1.569751514270996	1.096864792079864	0.0005743707124154402	0.008672997757473147	0.990789478916634	0.0005743707124154402	0.0005743707124154402	0.02825903905083965	2.935028183188861e-06	0.0006068707411111021	0.01020553369234002	
388	20.56261828992203	246.2198247850778	2.71828	1.21358	1.16637e-05	0.2581069881028696	3.71839689095135	-0.132763631017867	4.952378749000896	1.642829253100163	9.765760479361596	-0.1936625602231952	-4.468564700985716	4.920003476714489	1.510001067040423	0.1000000706649286	0.0005109992890970277	0.1056584461634128	0.1000000706649286	172.5001218970019	1.776821255588585	0.1000000706649286	91.18766443765244	0	0	0	3.14159	-2781.290891454129	1415.297231109924	0	1	1	1	1	2	2.085	2.4952	0.00775795	0.1172	1.10013787258126	-1.569751514270996	1.096864792079864	798953356.7082959	0	0	7978.295896489747	28265.69144901838	28267.47729265574	124.202393070522	63659878.57596757	0	0	0	0.0005109992890970277	0.1056584461634128	1.776821255588585	0.1000000706649286	1.510001067040423	172.5001218970019	0.1000000706649286	0.1000000706649286	4.920003476714489	91.18766443765244	91.18766443765244	80.38505680400287	80.38505680400287	124.202393070522	1	125.0901325921153	0	1	0	0	1	0	7978.295896489747	7978.295898888627	28267.47757408921	28265.69144944588	28269.23085516553	28267.47729265574	28265.69178993671	0.000473794438563466	0.0009312097739042447	-0.9999994541834446	-0.003273294889023031	0.9999942106252266	0.0009296540212882293	0.999994530514742	0.003272852637499415	0.0004768398197834071	1.10013787258126	-1.569751514270996	1.096864792079864	0.0005743707124154402	0.008672997757473147	0.990789478916634	0.0005743707124154402	0.0005743707124154402	0.02825903905083965	2.935028183188861e-06	0.0006068707411111021	0.01020553369234002	
389	20.50975808866259	246.2198247850778	2.71828	1.21358	1.16637e-05	0.2581069881028696	3.71839689095135	-0.132763631017867	4.952378749000896	1.642829253100163	9.765760479361596	-0.1936625602231952	-4.468564700985716	4.920003476714489	1.510001067040423	0.1000000706649286	0.0005109992890970277	0.1056584461634128	0.1000000706649286	172.5001218970019	1.776821255588585	0.1000000706649286	91.18766443765244	0	0	0	3.14159	-2781.290891454129	1415.297231109924	0	1	1	1	1	2	2.085	2.4952	0.00775795	0.1172	1.10013787258126	-1.569751514270996	1.096864792079864	798953356.7082959	0	0	7978.295896489747	28265.69144901838	28267.47729265574	124.202393070522	63659878.57596757	0	0	0	0.0005109992890970277	0.1056584461634128	1.776821255588585	0.1000000706649286	1.510001067040423	172.5001218970019	0.1000000706649286	0.1000000706649286	4.920003476714489	91.18766443765244	91.18766443765244	80.38505680400287	80.38505680400287	124.202393070522	1	125.0901325921153	0	1	0	0	1	0	7978.295896489747	7978.295898888627	28267.47757408921	28265.69144944588	28269.23085516553	28267.47729265574	28265.69178993671	0.000473794438563466	0.0009312097739042447	-0.9999994541834446	-0.003273294889023031	0.9999942106252266	0.0009296540212882293	0.999994530514742	0.003272852637499415	0.0004768398197834071	1.10013787258126	-1.569751514270996	1.096864792079864	0.0005743707124154402	0.008672997757473147	0.990789478916634	0.0005743707124154402	0.0005743707124154402	0.02825903905083965	2.935028183188861e-06	0.0006068707411111021	0.01020553369234002	
390	20.45716896535832	246.2198247850778	2.71828	1.21358	1.16637e-05	0.2581069881028696	3.71839689095135	-0.132763631017867	4.952378749000896	1.642829253100163	9.765760479361596	-0.1936625602231952	-4.468564700985716	4.920003476714489	1.510001067040423	0.1000000706649286	0.0005109992890970277	0.1056584461634128	0.1000000706649286	172.5001218970019	1.776821255588585	0.1000000706649286	91.18766443765244	0	0	0	3.14159	-2781.290891454129	1415.297231109924	0	1	1	1	1	2	2.085	2.4952	0.00775795	0.1172	1.10013787258126	-1.569751514270996	1.096864792079864	798953356.7082959	0	0	7978.295896489747	28265.69144901838	28267.47729265574	124.202393070522	63659878.57596757	0	0	0	0.0005109992890970277	0.1056584461634128	1.776821255588585	0.1000000706649286	1.510001067040423	172.5001218970019	0.1000000706649286	0.1000000706649286	4.920003476714489	91.18766443765244	91.18766443765244	80.38505680400287	80.38505680400287	124.202393070522	1	125.0901325921153	0	1	0	0	1	0	7978.295896489747	7978.295898888627	28267.47757408921	28265.69144944588	28269.23085516553	28267.47729265574	28265.69178993671	0.000473794438563466	0.0009312097739042447	-0.9999994541834446	-0.003273294889023031	0.9999942106252266	0.0009296540212882293	0.999994530514742	0.003272852637499415	0.0004768398197834071	1.10013787258126	-1.569751514270996	1.096864792079864	0.0005743707124154402	0.008672997757473147	0.990789478916634	0.0005743707124154402	0.0005743707124154402	0.02825903905083965	2.935028183188861e-06	0.0006068707411111021	0.01020553369234002	
391	20.40484884012723	246.2198247850778	2.71828	1.21358	1.16637e-05	0.2581069881028696	3.71839689095135	-0.132763631017867	4.952378749000896	1.642829253100163	9.765760479361596	-0.1936625602231952	-4.468564700985716	4.920003476714489	1.510001067040423	0.1000000706649286	0.0005109992890970277	0.1056584461634128	0.1000000706649286	172.5001218970019	1.776821255588585	0.1000000706649286	91.18766443765244	0	0	0	3.14159	-2781.290891454129	1415.297231109924	0	1	1	1	1	2	2.085	2.4952	0.00775795	0.1172	1.10013787258126	-1.569751514270996	1.096864792079864	798953356.7082959	0	0	7978.295896489747	28265.69144901838	28267.47729265574	124.202393070522	63659878.57596757	0	0	0	0.0005109992890970277	0.1056584461634128	1.776821255588585	0.1000000706649286	1.510001067040423	172.5001218970019	0.1000000706649286	0.1000000706649286	4.920003476714489	91.18766443765244	91.18766443765244	80.38505680400287	80.38505680400287	124.202393070522	1	125.0901325921153	0	1	0	0	1	0	7978.295896489747	7978.295898888627	28267.47757408921	28265.69144944588	28269.23085516553	28267.47729265574	28265.69178993671	0.000473794438563466	0.0009312097739042447	-0.9999994541834446	-0.003273294889023031	0.9999942106252266	0.0009296540212882293	0.999994530514742	0.003272852637499415	0.0004768398197834071	1.10013787258126	-1.569751514270996	1.096864792079864	0.0005743707124154402	0.008672997757473147	0.990789478916634	0.0005743707124154402	0.0005743707124154402	0.02825903905083965	2.935028183188861e-06	0.0006068707411111021	0.01020553369234002	
392	20.35279565431058	246.2198247850778	2.71828	1.21358	1.16637e-05	0.2581069881028696	3.71839689095135	-0.132763631017867	4.952378749000896	1.642829253100163	9.765760479361596	-0.1936625602231952	-4.468564700985716	4.920003476714489	1.510001067040423	0.1000000706649286	0.0005109992890970277	0.1056584461634128	0.1000000706649286	172.5001218970019	1.776821255588585	0.1000000706649286	91.18766443765244	0	0	0	3.14159	-2781.290891454129	1415.297231109924	0	1	1	1	1	2	2.085	2.4952	0.00775795	0.1172	1.10013787258126	-1.569751514270996	1.096864792079864	798953356.7082959	0	0	7978.295896489747	28265.69144901838	28267.47729265574	124.202393070522	63659878.57596757	0	0	0	0.0005109992890970277	0.1056584461634128	1.776821255588585	0.1000000706649286	1.510001067040423	172.5001218970019	0.1000000706649286	0.1000000706649286	4.920003476714489	91.18766443765244	91.18766443765244	80.38505680400287	80.38505680400287	124.202393070522	1	125.0901325921153	0	1	0	0	1	0	7978.295896489747	7978.295898888627	28267.47757408921	28265.69144944588	28269.23085516553	28267.47729265574	28265.69178993671	0.000473794438563466	0.0009312097739042447	-0.9999994541834446	-0.003273294889023031	0.9999942106252266	0.0009296540212882293	0.999994530514742	0.003272852637499415	0.0004768398197834071	1.10013787258126	-1.569751514270996	1.096864792079864	0.0005743707124154402	0.008672997757473147	0.990789478916634	0.0005743707124154402	0.0005743707124154402	0.02825903905083965	2.935028183188861e-06	0.0006068707411111021	0.01020553369234002	
393	20.30100737020292	246.2198247850778	2.71828	1.21358	1.16637e-05	0.2581069881028696	3.71839689095135	-0.132763631017867	4.952378749000896	1.642829253100163	9.765760479361596	-0.1936625602231952	-4.468564700985716	4.920003476714489	1.510001067040423	0.1000000706649286	0.0005109992890970277	0.1056584461634128	0.1000000706649286	172.5001218970019	1.776821255588585	0.1000000706649286	91.18766443765244	0	0	0	3.14159	-2781.290891454129	1415.297231109924	0	1	1	1	1	2	2.085	2.4952	0.00775795	0.1172	1.10013787258126	-1.569751514270996	1.096864792079864	798953356.7082959	0	0	7978.295896489747	28265.69144901838	28267.47729265574	124.202393070522	63659878.57596757	0	0	0	0.0005109992890970277	0.1056584461634128	1.776821255588585	0.1000000706649286	1.510001067040423	172.5001218970019	0.1000000706649286	0.1000000706649286	4.920003476714489	91.18766443765244	91.18766443765244	80.38505680400287	80.38505680400287	124.202393070522	1	125.0901325921153	0	1	0	0	1	0	7978.295896489747	7978.295898888627	28267.47757408921	28265.69144944588	28269.23085516553	28267.47729265574	28265.69178993671	0.000473794438563466	0.0009312097739042447	-0.9999994541834446	-0.003273294889023031	0.9999942106252266	0.0009296540212882293	0.999994530514742	0.003272852637499415	0.0004768398197834071	1.10013787258126	-1.569751514270996	1.096864792079864	0.0005743707124154402	0.008672997757473147	0.990789478916634	0.0005743707124154402	0.0005743707124154402	0.02825903905083965	2.935028183188861e-06	0.0006068707411111021	0.01020553369234002	
394	20.24948197078616	246.2198247850778	2.71828	1.21358	1.16637e-05	0.2581069881028696	3.71839689095135	-0.132763631017867	4.952378749000896	1.642829253100163	9.765760479361596	-0.1936625602231952	-4.468564700985716	4.920003476714489	1.510001067040423	0.1000000706649286	0.0005109992890970277	0.1056584461634128	0.1000000706649286	172.5001218970019	1.776821255588585	0.1000000706649286	91.18766443765244	0	0	0	3.14159	-2781.290891454129	1415.297231109924	0	1	1	1	1	2	2.085	2.4952	0.00775795	0.1172	1.10013787258126	-1.569751514270996	1.096864792079864	798953356.7082959	0	0	7978.295896489747	28265.69144901838	28267.47729265574	124.202393070522	63659878.57596757	0	0	0	0.0005109992890970277	0.1056584461634128	1.776821255588585	0.1000000706649286	1.510001067040423	172.5001218970019	0.1000000706649286	0.1000000706649286	4.920003476714489	91.18766443765244	91.18766443765244	80.38505680400287	80.38505680400287	124.202393070522	1	125.0901325921153	0	1	0	0	1	0	7978.295896489747	7978.295898888627	28267.47757408921	28265.69144944588	28269.23085516553	28267.47729265574	28265.69178993671	0.000473794438563466	0.0009312097739042447	-0.9999994541834446	-0.003273294889023031	0.9999942106252266	0.0009296540212882293	0.999994530514742	0.003272852637499415	0.0004768398197834071	1.10013787258126	-1.569751514270996	1.096864792079864	0.0005743707124154402	0.008672997757473147	0.990789478916634	0.0005743707124154402	0.0005743707124154402	0.02825903905083965	2.935028183188861e-06	0.0006068707411111021	0.01020553369234002	
395	20.19821745946771	246.2198247850778	2.71828	1.21358	1.16637e-05	0.2581069881028696	3.71839689095135	-0.132763631017867	4.952378749000896	1.642829253100163	9.765760479361596	-0.1936625602231952	-4.468564700985716	4.920003476714489	1.510001067040423	0.1000000706649286	0.0005109992890970277	0.1056584461634128	0.1000000706649286	172.5001218970019	1.776821255588585	0.1000000706649286	91.18766443765244	0	0	0	3.14159	-2781.290891454129	1415.297231109924	0	1	1	1	1	2	2.085	2.4952	0.00775795	0.1172	1.10013787258126	-1.569751514270996	1.096864792079864	798953356.7082959	0	0	7978.295896489747	28265.69144901838	28267.47729265574	124.202393070522	63659878.57596757	0	0	0	0.0005109992890970277	0.1056584461634128	1.776821255588585	0.1000000706649286	1.510001067040423	172.5001218970019	0.1000000706649286	0.1000000706649286	4.920003476714489	91.18766443765244	91.18766443765244	80.38505680400287	80.38505680400287	124.202393070522	1	125.0901325921153	0	1	0	0	1	0	7978.295896489747	7978.295898888627	28267.47757408921	28265.69144944588	28269.23085516553	28267.47729265574	28265.69178993671	0.000473794438563466	0.0009312097739042447	-0.9999994541834446	-0.003273294889023031	0.9999942106252266	0.0009296540212882293	0.999994530514742	0.003272852637499415	0.0004768398197834071	1.10013787258126	-1.569751514270996	1.096864792079864	0.0005743707124154402	0.008672997757473147	0.990789478916634	0.0005743707124154402	0.0005743707124154402	0.02825903905083965	2.935028183188861e-06	0.0006068707411111021	0.01020553369234002	
396	20.14721185982259	246.2198247850778	2.71828	1.21358	1.16637e-05	0.2581069881028696	3.71839689095135	-0.132763631017867	4.952378749000896	1.642829253100163	9.765760479361596	-0.1936625602231952	-4.468564700985716	4.920003476714489	1.510001067040423	0.1000000706649286	0.0005109992890970277	0.1056584461634128	0.1000000706649286	172.5001218970019	1.776821255588585	0.1000000706649286	91.18766443765244	0	0	0	3.14159	-2781.290891454129	1415.297231109924	0	1	1	1	1	2	2.085	2.4952	0.00775795	0.1172	1.10013787258126	-1.569751514270996	1.096864792079864	798953356.7082959	0	0	7978.295896489747	28265.69144901838	28267.47729265574	124.202393070522	63659878.57596757	0	0	0	0.0005109992890970277	0.1056584461634128	1.776821255588585	0.1000000706649286	1.510001067040423	172.5001218970019	0.1000000706649286	0.1000000706649286	4.920003476714489	91.18766443765244	91.18766443765244	80.38505680400287	80.38505680400287	124.202393070522	1	125.0901325921153	0	1	0	0	1	0	7978.295896489747	7978.295898888627	28267.47757408921	28265.69144944588	28269.23085516553	28267.47729265574	28265.69178993671	0.000473794438563466	0.0009312097739042447	-0.9999994541834446	-0.003273294889023031	0.9999942106252266	0.0009296540212882293	0.999994530514742	0.003272852637499415	0.0004768398197834071	1.10013787258126	-1.569751514270996	1.096864792079864	0.0005743707124154402	0.008672997757473147	0.990789478916634	0.0005743707124154402	0.0005743707124154402	0.02825903905083965	2.935028183188861e-06	0.0006068707411111021	0.01020553369234002	
397	20.09646321533941	246.2198247850778	2.71828	1.21358	1.16637e-05	0.2581069881028696	3.71839689095135	-0.132763631017867	4.952378749000896	1.642829253100163	9.765760479361596	-0.1936625602231952	-4.468564700985716	4.920003476714489	1.510001067040423	0.1000000706649286	0.0005109992890970277	0.1056584461634128	0.1000000706649286	172.5001218970019	1.776821255588585	0.1000000706649286	91.18766443765244	0	0	0	3.14159	-2781.290891454129	1415.297231109924	0	1	1	1	1	2	2.085	2.4952	0.00775795	0.1172	1.10013787258126	-1.569751514270996	1.096864792079864	798953356.7082959	0	0	7978.295896489747	28265.69144901838	28267.47729265574	124.202393070522	63659878.57596757	0	0	0	0.0005109992890970277	0.1056584461634128	1.776821255588585	0.1000000706649286	1.510001067040423	172.5001218970019	0.1000000706649286	0.1000000706649286	4.920003476714489	91.18766443765244	91.18766443765244	80.38505680400287	80.38505680400287	124.202393070522	1	125.0901325921153	0	1	0	0	1	0	7978.295896489747	7978.295898888627	28267.47757408921	28265.69144944588	28269.23085516553	28267.47729265574	28265.69178993671	0.000473794438563466	0.0009312097739042447	-0.9999994541834446	-0.003273294889023031	0.9999942106252266	0.0009296540212882293	0.999994530514742	0.003272852637499415	0.0004768398197834071	1.10013787258126	-1.569751514270996	1.096864792079864	0.0005743707124154402	0.008672997757473147	0.990789478916634	0.0005743707124154402	0.0005743707124154402	0.02825903905083965	2.935028183188861e-06	0.0006068707411111021	0.01020553369234002	
398	20.04596958917022	246.2198247850778	2.71828	1.21358	1.16637e-05	0.2581069881028696	3.71839689095135	-0.132763631017867	4.952378749000896	1.642829253100163	9.765760479361596	-0.1936625602231952	-4.468564700985716	4.920003476714489	1.510001067040423	0.1000000706649286	0.0005109992890970277	0.1056584461634128	0.1000000706649286	172.5001218970019	1.776821255588585	0.1000000706649286	91.18766443765244	0	0	0	3.14159	-2781.290891454129	1415.297231109924	0	1	1	1	1	2	2.085	2.4952	0.00775795	0.1172	1.10013787258126	-1.569751514270996	1.096864792079864	798953356.7082959	0	0	7978.295896489747	28265.69144901838	28267.47729265574	124.202393070522	63659878.57596757	0	0	0	0.0005109992890970277	0.1056584461634128	1.776821255588585	0.1000000706649286	1.510001067040423	172.5001218970019	0.1000000706649286	0.1000000706649286	4.920003476714489	91.18766443765244	91.18766443765244	80.38505680400287	80.38505680400287	124.202393070522	1	125.0901325921153	0	1	0	0	1	0	7978.295896489747	7978.295898888627	28267.47757408921	28265.69144944588	28269.23085516553	28267.47729265574	28265.69178993671	0.000473794438563466	0.0009312097739042447	-0.9999994541834446	-0.003273294889023031	0.9999942106252266	0.0009296540212882293	0.999994530514742	0.003272852637499415	0.0004768398197834071	1.10013787258126	-1.569751514270996	1.096864792079864	0.0005743707124154402	0.008672997757473147	0.990789478916634	0.0005743707124154402	0.0005743707124154402	0.02825903905083965	2.935028183188861e-06	0.0006068707411111021	0.01020553369234002	
399	19.99572906388408	246.2198247850778	2.71828	1.21358	1.16637e-05	0.2581069881028696	3.71839689095135	-0.132763631017867	4.952378749000896	1.642829253100163	9.765760479361596	-0.1936625602231952	-4.468564700985716	4.920003476714489	1.510001067040423	0.1000000706649286	0.0005109992890970277	0.1056584461634128	0.1000000706649286	172.5001218970019	1.776821255588585	0.1000000706649286	91.18766443765244	0	0	0	3.14159	-2781.290891454129	1415.297231109924	0	1	1	1	1	2	2.085	2.4952	0.00775795	0.1172	1.10013787258126	-1.569751514270996	1.096864792079864	798953356.7082959	0	0	7978.295896489747	28265.69144901838	28267.47729265574	124.202393070522	63659878.57596757	0	0	0	0.0005109992890970277	0.1056584461634128	1.776821255588585	0.1000000706649286	1.510001067040423	172.5001218970019	0.1000000706649286	0.1000000706649286	4.920003476714489	91.18766443765244	91.18766443765244	80.38505680400287	80.38505680400287	124.202393070522	1	125.0901325921153	0	1	0	0	1	0	7978.295896489747	7978.295898888627	28267.47757408921	28265.69144944588	28269.23085516553	28267.47729265574	28265.69178993671	0.000473794438563466	0.0009312097739042447	-0.9999994541834446	-0.003273294889023031	0.9999942106252266	0.0009296540212882293	0.999994530514742	0.003272852637499415	0.0004768398197834071	1.10013787258126	-1.569751514270996	1.096864792079864	0.0005743707124154402	0.008672997757473147	0.990789478916634	0.0005743707124154402	0.0005743707124154402	0.02825903905083965	2.935028183188861e-06	0.0006068707411111021	0.01020553369234002	
