Temp	x_i	v	E	GG	Gf	L1	L2	L3	L4	L5	L6	L7	L8	MB	MC	MD	ME	MM	MS	MT	MTA	MU	MZ	Mnue	Mnum	Mnut	Pi	Tcrit	Ti	Tr	WH1	WH2	WH3	WHc	WHsm	WT	WW	WZ	aEWM1	aS	alph1	alph2	alph3	m22sq	mG0	mGch	mH1	mH2	mHc	mHsm	mssq	v	m11sq	Mnue	Mnum	Mnut	Me	MM	MTA	MU	MC	MT	MD	MS	MB	MZ	THMZ	MW	THMW	mHsm	sign_mHsmsq	THmHsm	mG0	sign_mG0sq	THmG0	mGch	sign_mGchsq	THmGch	mH1	THmH1	mH2	THmH2	mH3	THmH3	mHc	THmHc	mHm	RR1x1	RR1x2	RR1x3	RR2x1	RR2x2	RR2x3	RR3x1	RR3x2	RR3x3	alph1	alph2	alph3	yu1	yu2	yu3	yd1	yd2	yd3	yl1	yl2	yl3	
0	inf	246.2196507927577	2.71828	1.21358	1.16637e-05	0.2581069881028696	5.993044534209371	1.263861621190769	-1.238046052351134	-0.9302829541215486	13.23779961450413	4.615253460456734	-3.160756367224863	4.919999999972433	1.509999999991539	0.09999999999943968	0	0.105658371499408	0.09999999999943968	172.4999999990334	1.776819999990044	0.09999999999943968	91.18759999948904	0	0	0	3.14159	165.3220665983416	-4855.856771584628	-1861.268724098851	0	0	0	0	0	2	2.085	2.4952	0.00775795	0.1172	-0.02270338090567357	0.001080242661145966	-0.002637775252085845	29674106.26123359	0	0	5444.831795377658	5449.764345461759	5450.909577382348	124.201969813508	478761428.3863776	246.2196507927577	-7823.75405	0	0	0	0	0.105658371499408	1.776819999990044	0.09999999999943968	1.509999999991539	172.4999999990334	0.09999999999943968	0.09999999999943968	4.919999999972433	91.18759999948904	91.18759999948904	80.38499999954958	80.38499999954958	124.201969813508	1	124.201969813508	0	1	0	0	1	0	5444.831795377658	5444.831795377658	5449.764345461759	5449.764345461759	21883.89742787219	21883.89742787219	5450.909577382348	5450.909577382348	5450.909576006431	0.9997417060059373	-0.02270141732547895	0.001080242451052426	0.02270420029344941	0.9997387466008362	-0.002637770654169216	-0.001020079101610956	0.00266161537482571	0.9999959376128602	-0.02270338090567357	0.001080242661145966	-0.002637775252085845	0.0005743707124154401	0.008672997757473143	0.9907894789166339	0.0005743707124154401	0.0005743707124154401	0.02825903905083965	0	0.0006068707411111023	0.01020553369234002	
1	5444.831795377658	246.2196507927577	2.71828	1.21358	1.16637e-05	0.2581069881028696	5.993044534209371	1.263861621190769	-1.238046052351134	-0.9302829541215486	13.23779961450413	4.615253460456734	-3.160756367224863	4.919999999972433	1.509999999991539	0.09999999999943968	0	0.105658371499408	0.09999999999943968	172.4999999990334	1.776819999990044	0.09999999999943968	91.18759999948904	0	0	0	3.14159	165.3220665983416	-4855.856771584628	-1861.268724098851	0	0	0	0	0	2	2.085	2.4952	0.00775795	0.1172	-0.02270338090567357	0.001080242661145966	-0.002637775252085845	29674106.26123359	0	0	5444.831795377658	5449.764345461759	5450.909577382348	124.201969813508	478761428.3863776	246.2196507927577	-7823.75405	0	0	0	0	0.105658371499408	1.776819999990044	0.09999999999943968	1.509999999991539	172.4999999990334	0.09999999999943968	0.09999999999943968	4.919999999972433	91.18759999948904	91.18759999948904	80.38499999954958	80.38499999954958	124.201969813508	1	124.201969813508	0	1	0	0	1	0	5444.831795377658	5444.831795377658	5449.764345461759	5449.764345461759	21883.89742787219	21883.89742787219	5450.909577382348	5450.909577382348	5450.909576006431	0.9997417060059373	-0.02270141732547895	0.001080242451052426	0.02270420029344941	0.9997387466008362	-0.002637770654169216	-0.001020079101610956	0.00266161537482571	0.9999959376128602	-0.02270338090567357	0.001080242661145966	-0.002637775252085845	0.0005743707124154401	0.008672997757473143	0.9907894789166339	0.0005743707124154401	0.0005743707124154401	0.02825903905083965	0	0.0006068707411111023	0.01020553369234002	
2	2722.415897688829	246.2196507927577	2.71828	1.21358	1.16637e-05	0.2581069881028696	5.993044534209371	1.263861621190769	-1.238046052351134	-0.9302829541215486	13.23779961450413	4.615253460456734	-3.160756367224863	4.919999999972433	1.509999999991539	0.09999999999943968	0	0.105658371499408	0.09999999999943968	172.4999999990334	1.776819999990044	0.09999999999943968	91.18759999948904	0	0	0	3.14159	165.3220665983416	-4855.856771584628	-1861.268724098851	0	0	0	0	0	2	2.085	2.4952	0.00775795	0.1172	-0.02270338090567357	0.001080242661145966	-0.002637775252085845	29674106.26123359	0	0	5444.831795377658	5449.764345461759	5450.909577382348	124.201969813508	478761428.3863776	246.2196507927577	-7823.75405	0	0	0	0	0.105658371499408	1.776819999990044	0.09999999999943968	1.509999999991539	172.4999999990334	0.09999999999943968	0.09999999999943968	4.919999999972433	91.18759999948904	91.18759999948904	80.38499999954958	80.38499999954958	124.201969813508	1	124.201969813508	0	1	0	0	1	0	5444.831795377658	5444.831795377658	5449.764345461759	5449.764345461759	21883.89742787219	21883.89742787219	5450.909577382348	5450.909577382348	5450.909576006431	0.9997417060059373	-0.02270141732547895	0.001080242451052426	0.02270420029344941	0.9997387466008362	-0.002637770654169216	-0.001020079101610956	0.00266161537482571	0.9999959376128602	-0.02270338090567357	0.001080242661145966	-0.002637775252085845	0.0005743707124154401	0.008672997757473143	0.9907894789166339	0.0005743707124154401	0.0005743707124154401	0.02825903905083965	0	0.0006068707411111023	0.01020553369234002	
3	1814.943931792553	246.2196507927577	2.71828	1.21358	1.16637e-05	0.2581069881028696	5.993044534209371	1.263861621190769	-1.238046052351134	-0.9302829541215486	13.23779961450413	4.615253460456734	-3.160756367224863	4.919999999972433	1.509999999991539	0.09999999999943968	0	0.105658371499408	0.09999999999943968	172.4999999990334	1.776819999990044	0.09999999999943968	91.18759999948904	0	0	0	3.14159	165.3220665983416	-4855.856771584628	-1861.268724098851	0	0	0	0	0	2	2.085	2.4952	0.00775795	0.1172	-0.02270338090567357	0.001080242661145966	-0.002637775252085845	29674106.26123359	0	0	5444.831795377658	5449.764345461759	5450.909577382348	124.201969813508	478761428.3863776	246.2196507927577	-7823.75405	0	0	0	0	0.105658371499408	1.776819999990044	0.09999999999943968	1.509999999991539	172.4999999990334	0.09999999999943968	0.09999999999943968	4.919999999972433	91.18759999948904	91.18759999948904	80.38499999954958	80.38499999954958	124.201969813508	1	124.201969813508	0	1	0	0	1	0	5444.831795377658	5444.831795377658	5449.764345461759	5449.764345461759	21883.89742787219	21883.89742787219	5450.909577382348	5450.909577382348	5450.909576006431	0.9997417060059373	-0.02270141732547895	0.001080242451052426	0.02270420029344941	0.9997387466008362	-0.002637770654169216	-0.001020079101610956	0.00266161537482571	0.9999959376128602	-0.02270338090567357	0.001080242661145966	-0.002637775252085845	0.0005743707124154401	0.008672997757473143	0.9907894789166339	0.0005743707124154401	0.0005743707124154401	0.02825903905083965	0	0.0006068707411111023	0.01020553369234002	
4	1361.207948844414	246.2196507927577	2.71828	1.21358	1.16637e-05	0.2581069881028696	5.993044534209371	1.263861621190769	-1.238046052351134	-0.9302829541215486	13.23779961450413	4.615253460456734	-3.160756367224863	4.919999999972433	1.509999999991539	0.09999999999943968	0	0.105658371499408	0.09999999999943968	172.4999999990334	1.776819999990044	0.09999999999943968	91.18759999948904	0	0	0	3.14159	165.3220665983416	-4855.856771584628	-1861.268724098851	0	0	0	0	0	2	2.085	2.4952	0.00775795	0.1172	-0.02270338090567357	0.001080242661145966	-0.002637775252085845	29674106.26123359	0	0	5444.831795377658	5449.764345461759	5450.909577382348	124.201969813508	478761428.3863776	246.2196507927577	-7823.75405	0	0	0	0	0.105658371499408	1.776819999990044	0.09999999999943968	1.509999999991539	172.4999999990334	0.09999999999943968	0.09999999999943968	4.919999999972433	91.18759999948904	91.18759999948904	80.38499999954958	80.38499999954958	124.201969813508	1	124.201969813508	0	1	0	0	1	0	5444.831795377658	5444.831795377658	5449.764345461759	5449.764345461759	21883.89742787219	21883.89742787219	5450.909577382348	5450.909577382348	5450.909576006431	0.9997417060059373	-0.02270141732547895	0.001080242451052426	0.02270420029344941	0.9997387466008362	-0.002637770654169216	-0.001020079101610956	0.00266161537482571	0.9999959376128602	-0.02270338090567357	0.001080242661145966	-0.002637775252085845	0.0005743707124154401	0.008672997757473143	0.9907894789166339	0.0005743707124154401	0.0005743707124154401	0.02825903905083965	0	0.0006068707411111023	0.01020553369234002	
5	1088.966359075531	246.2196507927577	2.71828	1.21358	1.16637e-05	0.2581069881028696	5.993044534209371	1.263861621190769	-1.238046052351134	-0.9302829541215486	13.23779961450413	4.615253460456734	-3.160756367224863	4.919999999972433	1.509999999991539	0.09999999999943968	0	0.105658371499408	0.09999999999943968	172.4999999990334	1.776819999990044	0.09999999999943968	91.18759999948904	0	0	0	3.14159	165.3220665983416	-4855.856771584628	-1861.268724098851	0	0	0	0	0	2	2.085	2.4952	0.00775795	0.1172	-0.02270338090567357	0.001080242661145966	-0.002637775252085845	29674106.26123359	0	0	5444.831795377658	5449.764345461759	5450.909577382348	124.201969813508	478761428.3863776	246.2196507927577	-7823.75405	0	0	0	0	0.105658371499408	1.776819999990044	0.09999999999943968	1.509999999991539	172.4999999990334	0.09999999999943968	0.09999999999943968	4.919999999972433	91.18759999948904	91.18759999948904	80.38499999954958	80.38499999954958	124.201969813508	1	124.201969813508	0	1	0	0	1	0	5444.831795377658	5444.831795377658	5449.764345461759	5449.764345461759	21883.89742787219	21883.89742787219	5450.909577382348	5450.909577382348	5450.909576006431	0.9997417060059373	-0.02270141732547895	0.001080242451052426	0.02270420029344941	0.9997387466008362	-0.002637770654169216	-0.001020079101610956	0.00266161537482571	0.9999959376128602	-0.02270338090567357	0.001080242661145966	-0.002637775252085845	0.0005743707124154401	0.008672997757473143	0.9907894789166339	0.0005743707124154401	0.0005743707124154401	0.02825903905083965	0	0.0006068707411111023	0.01020553369234002	
6	907.4719658962763	246.2196507927577	2.71828	1.21358	1.16637e-05	0.2581069881028696	5.993044534209371	1.263861621190769	-1.238046052351134	-0.9302829541215486	13.23779961450413	4.615253460456734	-3.160756367224863	4.919999999972433	1.509999999991539	0.09999999999943968	0	0.105658371499408	0.09999999999943968	172.4999999990334	1.776819999990044	0.09999999999943968	91.18759999948904	0	0	0	3.14159	165.3220665983416	-4855.856771584628	-1861.268724098851	0	0	0	0	0	2	2.085	2.4952	0.00775795	0.1172	-0.02270338090567357	0.001080242661145966	-0.002637775252085845	29674106.26123359	0	0	5444.831795377658	5449.764345461759	5450.909577382348	124.201969813508	478761428.3863776	246.2196507927577	-7823.75405	0	0	0	0	0.105658371499408	1.776819999990044	0.09999999999943968	1.509999999991539	172.4999999990334	0.09999999999943968	0.09999999999943968	4.919999999972433	91.18759999948904	91.18759999948904	80.38499999954958	80.38499999954958	124.201969813508	1	124.201969813508	0	1	0	0	1	0	5444.831795377658	5444.831795377658	5449.764345461759	5449.764345461759	21883.89742787219	21883.89742787219	5450.909577382348	5450.909577382348	5450.909576006431	0.9997417060059373	-0.02270141732547895	0.001080242451052426	0.02270420029344941	0.9997387466008362	-0.002637770654169216	-0.001020079101610956	0.00266161537482571	0.9999959376128602	-0.02270338090567357	0.001080242661145966	-0.002637775252085845	0.0005743707124154401	0.008672997757473143	0.9907894789166339	0.0005743707124154401	0.0005743707124154401	0.02825903905083965	0	0.0006068707411111023	0.01020553369234002	
7	777.8331136253797	246.2196507927577	2.71828	1.21358	1.16637e-05	0.2581069881028696	5.993044534209371	1.263861621190769	-1.238046052351134	-0.9302829541215486	13.23779961450413	4.615253460456734	-3.160756367224863	4.919999999972433	1.509999999991539	0.09999999999943968	0	0.105658371499408	0.09999999999943968	172.4999999990334	1.776819999990044	0.09999999999943968	91.18759999948904	0	0	0	3.14159	165.3220665983416	-4855.856771584628	-1861.268724098851	0	0	0	0	0	2	2.085	2.4952	0.00775795	0.1172	-0.02270338090567357	0.001080242661145966	-0.002637775252085845	29674106.26123359	0	0	5444.831795377658	5449.764345461759	5450.909577382348	124.201969813508	478761428.3863776	246.2196507927577	-7823.75405	0	0	0	0	0.105658371499408	1.776819999990044	0.09999999999943968	1.509999999991539	172.4999999990334	0.09999999999943968	0.09999999999943968	4.919999999972433	91.18759999948904	91.18759999948904	80.38499999954958	80.38499999954958	124.201969813508	1	124.201969813508	0	1	0	0	1	0	5444.831795377658	5444.831795377658	5449.764345461759	5449.764345461759	21883.89742787219	21883.89742787219	5450.909577382348	5450.909577382348	5450.909576006431	0.9997417060059373	-0.02270141732547895	0.001080242451052426	0.02270420029344941	0.9997387466008362	-0.002637770654169216	-0.001020079101610956	0.00266161537482571	0.9999959376128602	-0.02270338090567357	0.001080242661145966	-0.002637775252085845	0.0005743707124154401	0.008672997757473143	0.9907894789166339	0.0005743707124154401	0.0005743707124154401	0.02825903905083965	0	0.0006068707411111023	0.01020553369234002	
8	680.6039744222072	246.2196507927577	2.71828	1.21358	1.16637e-05	0.2581069881028696	5.993044534209371	1.263861621190769	-1.238046052351134	-0.9302829541215486	13.23779961450413	4.615253460456734	-3.160756367224863	4.919999999972433	1.509999999991539	0.09999999999943968	0	0.105658371499408	0.09999999999943968	172.4999999990334	1.776819999990044	0.09999999999943968	91.18759999948904	0	0	0	3.14159	165.3220665983416	-4855.856771584628	-1861.268724098851	0	0	0	0	0	2	2.085	2.4952	0.00775795	0.1172	-0.02270338090567357	0.001080242661145966	-0.002637775252085845	29674106.26123359	0	0	5444.831795377658	5449.764345461759	5450.909577382348	124.201969813508	478761428.3863776	246.2196507927577	-7823.75405	0	0	0	0	0.105658371499408	1.776819999990044	0.09999999999943968	1.509999999991539	172.4999999990334	0.09999999999943968	0.09999999999943968	4.919999999972433	91.18759999948904	91.18759999948904	80.38499999954958	80.38499999954958	124.201969813508	1	124.201969813508	0	1	0	0	1	0	5444.831795377658	5444.831795377658	5449.764345461759	5449.764345461759	21883.89742787219	21883.89742787219	5450.909577382348	5450.909577382348	5450.909576006431	0.9997417060059373	-0.02270141732547895	0.001080242451052426	0.02270420029344941	0.9997387466008362	-0.002637770654169216	-0.001020079101610956	0.00266161537482571	0.9999959376128602	-0.02270338090567357	0.001080242661145966	-0.002637775252085845	0.0005743707124154401	0.008672997757473143	0.9907894789166339	0.0005743707124154401	0.0005743707124154401	0.02825903905083965	0	0.0006068707411111023	0.01020553369234002	
9	604.9813105975176	246.2196507927577	2.71828	1.21358	1.16637e-05	0.2581069881028696	5.993044534209371	1.263861621190769	-1.238046052351134	-0.9302829541215486	13.23779961450413	4.615253460456734	-3.160756367224863	4.919999999972433	1.509999999991539	0.09999999999943968	0	0.105658371499408	0.09999999999943968	172.4999999990334	1.776819999990044	0.09999999999943968	91.18759999948904	0	0	0	3.14159	165.3220665983416	-4855.856771584628	-1861.268724098851	0	0	0	0	0	2	2.085	2.4952	0.00775795	0.1172	-0.02270338090567357	0.001080242661145966	-0.002637775252085845	29674106.26123359	0	0	5444.831795377658	5449.764345461759	5450.909577382348	124.201969813508	478761428.3863776	246.2196507927577	-7823.75405	0	0	0	0	0.105658371499408	1.776819999990044	0.09999999999943968	1.509999999991539	172.4999999990334	0.09999999999943968	0.09999999999943968	4.919999999972433	91.18759999948904	91.18759999948904	80.38499999954958	80.38499999954958	124.201969813508	1	124.201969813508	0	1	0	0	1	0	5444.831795377658	5444.831795377658	5449.764345461759	5449.764345461759	21883.89742787219	21883.89742787219	5450.909577382348	5450.909577382348	5450.909576006431	0.9997417060059373	-0.02270141732547895	0.001080242451052426	0.02270420029344941	0.9997387466008362	-0.002637770654169216	-0.001020079101610956	0.00266161537482571	0.9999959376128602	-0.02270338090567357	0.001080242661145966	-0.002637775252085845	0.0005743707124154401	0.008672997757473143	0.9907894789166339	0.0005743707124154401	0.0005743707124154401	0.02825903905083965	0	0.0006068707411111023	0.01020553369234002	
10	544.4831795377657	246.2196507927577	2.71828	1.21358	1.16637e-05	0.2581069881028696	5.993044534209371	1.263861621190769	-1.238046052351134	-0.9302829541215486	13.23779961450413	4.615253460456734	-3.160756367224863	4.919999999972433	1.509999999991539	0.09999999999943968	0	0.105658371499408	0.09999999999943968	172.4999999990334	1.776819999990044	0.09999999999943968	91.18759999948904	0	0	0	3.14159	165.3220665983416	-4855.856771584628	-1861.268724098851	0	0	0	0	0	2	2.085	2.4952	0.00775795	0.1172	-0.02270338090567357	0.001080242661145966	-0.002637775252085845	29674106.26123359	0	0	5444.831795377658	5449.764345461759	5450.909577382348	124.201969813508	478761428.3863776	246.2196507927577	-7823.75405	0	0	0	0	0.105658371499408	1.776819999990044	0.09999999999943968	1.509999999991539	172.4999999990334	0.09999999999943968	0.09999999999943968	4.919999999972433	91.18759999948904	91.18759999948904	80.38499999954958	80.38499999954958	124.201969813508	1	124.201969813508	0	1	0	0	1	0	5444.831795377658	5444.831795377658	5449.764345461759	5449.764345461759	21883.89742787219	21883.89742787219	5450.909577382348	5450.909577382348	5450.909576006431	0.9997417060059373	-0.02270141732547895	0.001080242451052426	0.02270420029344941	0.9997387466008362	-0.002637770654169216	-0.001020079101610956	0.00266161537482571	0.9999959376128602	-0.02270338090567357	0.001080242661145966	-0.002637775252085845	0.0005743707124154401	0.008672997757473143	0.9907894789166339	0.0005743707124154401	0.0005743707124154401	0.02825903905083965	0	0.0006068707411111023	0.01020553369234002	
11	494.9847086706961	246.2196507927577	2.71828	1.21358	1.16637e-05	0.2581069881028696	5.993044534209371	1.263861621190769	-1.238046052351134	-0.9302829541215486	13.23779961450413	4.615253460456734	-3.160756367224863	4.919999999972433	1.509999999991539	0.09999999999943968	0	0.105658371499408	0.09999999999943968	172.4999999990334	1.776819999990044	0.09999999999943968	91.18759999948904	0	0	0	3.14159	165.3220665983416	-4855.856771584628	-1861.268724098851	0	0	0	0	0	2	2.085	2.4952	0.00775795	0.1172	-0.02270338090567357	0.001080242661145966	-0.002637775252085845	29674106.26123359	0	0	5444.831795377658	5449.764345461759	5450.909577382348	124.201969813508	478761428.3863776	246.2196507927577	-7823.75405	0	0	0	0	0.105658371499408	1.776819999990044	0.09999999999943968	1.509999999991539	172.4999999990334	0.09999999999943968	0.09999999999943968	4.919999999972433	91.18759999948904	91.18759999948904	80.38499999954958	80.38499999954958	124.201969813508	1	124.201969813508	0	1	0	0	1	0	5444.831795377658	5444.831795377658	5449.764345461759	5449.764345461759	21883.89742787219	21883.89742787219	5450.909577382348	5450.909577382348	5450.909576006431	0.9997417060059373	-0.02270141732547895	0.001080242451052426	0.02270420029344941	0.9997387466008362	-0.002637770654169216	-0.001020079101610956	0.00266161537482571	0.9999959376128602	-0.02270338090567357	0.001080242661145966	-0.002637775252085845	0.0005743707124154401	0.008672997757473143	0.9907894789166339	0.0005743707124154401	0.0005743707124154401	0.02825903905083965	0	0.0006068707411111023	0.01020553369234002	
12	453.7359829481381	246.2196507927577	2.71828	1.21358	1.16637e-05	0.2581069881028696	5.993044534209371	1.263861621190769	-1.238046052351134	-0.9302829541215486	13.23779961450413	4.615253460456734	-3.160756367224863	4.919999999972433	1.509999999991539	0.09999999999943968	0	0.105658371499408	0.09999999999943968	172.4999999990334	1.776819999990044	0.09999999999943968	91.18759999948904	0	0	0	3.14159	165.3220665983416	-4855.856771584628	-1861.268724098851	0	0	0	0	0	2	2.085	2.4952	0.00775795	0.1172	-0.02270338090567357	0.001080242661145966	-0.002637775252085845	29674106.26123359	0	0	5444.831795377658	5449.764345461759	5450.909577382348	124.201969813508	478761428.3863776	246.2196507927577	-7823.75405	0	0	0	0	0.105658371499408	1.776819999990044	0.09999999999943968	1.509999999991539	172.4999999990334	0.09999999999943968	0.09999999999943968	4.919999999972433	91.18759999948904	91.18759999948904	80.38499999954958	80.38499999954958	124.201969813508	1	124.201969813508	0	1	0	0	1	0	5444.831795377658	5444.831795377658	5449.764345461759	5449.764345461759	21883.89742787219	21883.89742787219	5450.909577382348	5450.909577382348	5450.909576006431	0.9997417060059373	-0.02270141732547895	0.001080242451052426	0.02270420029344941	0.9997387466008362	-0.002637770654169216	-0.001020079101610956	0.00266161537482571	0.9999959376128602	-0.02270338090567357	0.001080242661145966	-0.002637775252085845	0.0005743707124154401	0.008672997757473143	0.9907894789166339	0.0005743707124154401	0.0005743707124154401	0.02825903905083965	0	0.0006068707411111023	0.01020553369234002	
13	418.8332150290506	246.2196507927577	2.71828	1.21358	1.16637e-05	0.2581069881028696	5.993044534209371	1.263861621190769	-1.238046052351134	-0.9302829541215486	13.23779961450413	4.615253460456734	-3.160756367224863	4.919999999972433	1.509999999991539	0.09999999999943968	0	0.105658371499408	0.09999999999943968	172.4999999990334	1.776819999990044	0.09999999999943968	91.18759999948904	0	0	0	3.14159	165.3220665983416	-4855.856771584628	-1861.268724098851	0	0	0	0	0	2	2.085	2.4952	0.00775795	0.1172	-0.02270338090567357	0.001080242661145966	-0.002637775252085845	29674106.26123359	0	0	5444.831795377658	5449.764345461759	5450.909577382348	124.201969813508	478761428.3863776	246.2196507927577	-7823.75405	0	0	0	0	0.105658371499408	1.776819999990044	0.09999999999943968	1.509999999991539	172.4999999990334	0.09999999999943968	0.09999999999943968	4.919999999972433	91.18759999948904	91.18759999948904	80.38499999954958	80.38499999954958	124.201969813508	1	124.201969813508	0	1	0	0	1	0	5444.831795377658	5444.831795377658	5449.764345461759	5449.764345461759	21883.89742787219	21883.89742787219	5450.909577382348	5450.909577382348	5450.909576006431	0.9997417060059373	-0.02270141732547895	0.001080242451052426	0.02270420029344941	0.9997387466008362	-0.002637770654169216	-0.001020079101610956	0.00266161537482571	0.9999959376128602	-0.02270338090567357	0.001080242661145966	-0.002637775252085845	0.0005743707124154401	0.008672997757473143	0.9907894789166339	0.0005743707124154401	0.0005743707124154401	0.02825903905083965	0	0.0006068707411111023	0.01020553369234002	
14	388.9165568126899	246.2196507927577	2.71828	1.21358	1.16637e-05	0.2581069881028696	5.993044534209371	1.263861621190769	-1.238046052351134	-0.9302829541215486	13.23779961450413	4.615253460456734	-3.160756367224863	4.919999999972433	1.509999999991539	0.09999999999943968	0	0.105658371499408	0.09999999999943968	172.4999999990334	1.776819999990044	0.09999999999943968	91.18759999948904	0	0	0	3.14159	165.3220665983416	-4855.856771584628	-1861.268724098851	0	0	0	0	0	2	2.085	2.4952	0.00775795	0.1172	-0.02270338090567357	0.001080242661145966	-0.002637775252085845	29674106.26123359	0	0	5444.831795377658	5449.764345461759	5450.909577382348	124.201969813508	478761428.3863776	246.2196507927577	-7823.75405	0	0	0	0	0.105658371499408	1.776819999990044	0.09999999999943968	1.509999999991539	172.4999999990334	0.09999999999943968	0.09999999999943968	4.919999999972433	91.18759999948904	91.18759999948904	80.38499999954958	80.38499999954958	124.201969813508	1	124.201969813508	0	1	0	0	1	0	5444.831795377658	5444.831795377658	5449.764345461759	5449.764345461759	21883.89742787219	21883.89742787219	5450.909577382348	5450.909577382348	5450.909576006431	0.9997417060059373	-0.02270141732547895	0.001080242451052426	0.02270420029344941	0.9997387466008362	-0.002637770654169216	-0.001020079101610956	0.00266161537482571	0.9999959376128602	-0.02270338090567357	0.001080242661145966	-0.002637775252085845	0.0005743707124154401	0.008672997757473143	0.9907894789166339	0.0005743707124154401	0.0005743707124154401	0.02825903905083965	0	0.0006068707411111023	0.01020553369234002	
15	362.9887863585105	246.2196507927577	2.71828	1.21358	1.16637e-05	0.2581069881028696	5.993044534209371	1.263861621190769	-1.238046052351134	-0.9302829541215486	13.23779961450413	4.615253460456734	-3.160756367224863	4.919999999972433	1.509999999991539	0.09999999999943968	0	0.105658371499408	0.09999999999943968	172.4999999990334	1.776819999990044	0.09999999999943968	91.18759999948904	0	0	0	3.14159	165.3220665983416	-4855.856771584628	-1861.268724098851	0	0	0	0	0	2	2.085	2.4952	0.00775795	0.1172	-0.02270338090567357	0.001080242661145966	-0.002637775252085845	29674106.26123359	0	0	5444.831795377658	5449.764345461759	5450.909577382348	124.201969813508	478761428.3863776	246.2196507927577	-7823.75405	0	0	0	0	0.105658371499408	1.776819999990044	0.09999999999943968	1.509999999991539	172.4999999990334	0.09999999999943968	0.09999999999943968	4.919999999972433	91.18759999948904	91.18759999948904	80.38499999954958	80.38499999954958	124.201969813508	1	124.201969813508	0	1	0	0	1	0	5444.831795377658	5444.831795377658	5449.764345461759	5449.764345461759	21883.89742787219	21883.89742787219	5450.909577382348	5450.909577382348	5450.909576006431	0.9997417060059373	-0.02270141732547895	0.001080242451052426	0.02270420029344941	0.9997387466008362	-0.002637770654169216	-0.001020079101610956	0.00266161537482571	0.9999959376128602	-0.02270338090567357	0.001080242661145966	-0.002637775252085845	0.0005743707124154401	0.008672997757473143	0.9907894789166339	0.0005743707124154401	0.0005743707124154401	0.02825903905083965	0	0.0006068707411111023	0.01020553369234002	
16	340.3019872111036	246.2196507927577	2.71828	1.21358	1.16637e-05	0.2581069881028696	5.993044534209371	1.263861621190769	-1.238046052351134	-0.9302829541215486	13.23779961450413	4.615253460456734	-3.160756367224863	4.919999999972433	1.509999999991539	0.09999999999943968	0	0.105658371499408	0.09999999999943968	172.4999999990334	1.776819999990044	0.09999999999943968	91.18759999948904	0	0	0	3.14159	165.3220665983416	-4855.856771584628	-1861.268724098851	0	0	0	0	0	2	2.085	2.4952	0.00775795	0.1172	-0.02270338090567357	0.001080242661145966	-0.002637775252085845	29674106.26123359	0	0	5444.831795377658	5449.764345461759	5450.909577382348	124.201969813508	478761428.3863776	246.2196507927577	-7823.75405	0	0	0	0	0.105658371499408	1.776819999990044	0.09999999999943968	1.509999999991539	172.4999999990334	0.09999999999943968	0.09999999999943968	4.919999999972433	91.18759999948904	91.18759999948904	80.38499999954958	80.38499999954958	124.201969813508	1	124.201969813508	0	1	0	0	1	0	5444.831795377658	5444.831795377658	5449.764345461759	5449.764345461759	21883.89742787219	21883.89742787219	5450.909577382348	5450.909577382348	5450.909576006431	0.9997417060059373	-0.02270141732547895	0.001080242451052426	0.02270420029344941	0.9997387466008362	-0.002637770654169216	-0.001020079101610956	0.00266161537482571	0.9999959376128602	-0.02270338090567357	0.001080242661145966	-0.002637775252085845	0.0005743707124154401	0.008672997757473143	0.9907894789166339	0.0005743707124154401	0.0005743707124154401	0.02825903905083965	0	0.0006068707411111023	0.01020553369234002	
17	320.2842232575093	246.2196507927577	2.71828	1.21358	1.16637e-05	0.2581069881028696	5.993044534209371	1.263861621190769	-1.238046052351134	-0.9302829541215486	13.23779961450413	4.615253460456734	-3.160756367224863	4.919999999972433	1.509999999991539	0.09999999999943968	0	0.105658371499408	0.09999999999943968	172.4999999990334	1.776819999990044	0.09999999999943968	91.18759999948904	0	0	0	3.14159	165.3220665983416	-4855.856771584628	-1861.268724098851	0	0	0	0	0	2	2.085	2.4952	0.00775795	0.1172	-0.02270338090567357	0.001080242661145966	-0.002637775252085845	29674106.26123359	0	0	5444.831795377658	5449.764345461759	5450.909577382348	124.201969813508	478761428.3863776	246.2196507927577	-7823.75405	0	0	0	0	0.105658371499408	1.776819999990044	0.09999999999943968	1.509999999991539	172.4999999990334	0.09999999999943968	0.09999999999943968	4.919999999972433	91.18759999948904	91.18759999948904	80.38499999954958	80.38499999954958	124.201969813508	1	124.201969813508	0	1	0	0	1	0	5444.831795377658	5444.831795377658	5449.764345461759	5449.764345461759	21883.89742787219	21883.89742787219	5450.909577382348	5450.909577382348	5450.909576006431	0.9997417060059373	-0.02270141732547895	0.001080242451052426	0.02270420029344941	0.9997387466008362	-0.002637770654169216	-0.001020079101610956	0.00266161537482571	0.9999959376128602	-0.02270338090567357	0.001080242661145966	-0.002637775252085845	0.0005743707124154401	0.008672997757473143	0.9907894789166339	0.0005743707124154401	0.0005743707124154401	0.02825903905083965	0	0.0006068707411111023	0.01020553369234002	
18	302.4906552987588	246.2196507927577	2.71828	1.21358	1.16637e-05	0.2581069881028696	5.993044534209371	1.263861621190769	-1.238046052351134	-0.9302829541215486	13.23779961450413	4.615253460456734	-3.160756367224863	4.919999999972433	1.509999999991539	0.09999999999943968	0	0.105658371499408	0.09999999999943968	172.4999999990334	1.776819999990044	0.09999999999943968	91.18759999948904	0	0	0	3.14159	165.3220665983416	-4855.856771584628	-1861.268724098851	0	0	0	0	0	2	2.085	2.4952	0.00775795	0.1172	-0.02270338090567357	0.001080242661145966	-0.002637775252085845	29674106.26123359	0	0	5444.831795377658	5449.764345461759	5450.909577382348	124.201969813508	478761428.3863776	246.2196507927577	-7823.75405	0	0	0	0	0.105658371499408	1.776819999990044	0.09999999999943968	1.509999999991539	172.4999999990334	0.09999999999943968	0.09999999999943968	4.919999999972433	91.18759999948904	91.18759999948904	80.38499999954958	80.38499999954958	124.201969813508	1	124.201969813508	0	1	0	0	1	0	5444.831795377658	5444.831795377658	5449.764345461759	5449.764345461759	21883.89742787219	21883.89742787219	5450.909577382348	5450.909577382348	5450.909576006431	0.9997417060059373	-0.02270141732547895	0.001080242451052426	0.02270420029344941	0.9997387466008362	-0.002637770654169216	-0.001020079101610956	0.00266161537482571	0.9999959376128602	-0.02270338090567357	0.001080242661145966	-0.002637775252085845	0.0005743707124154401	0.008672997757473143	0.9907894789166339	0.0005743707124154401	0.0005743707124154401	0.02825903905083965	0	0.0006068707411111023	0.01020553369234002	
19	286.5700944935609	246.2196507927577	2.71828	1.21358	1.16637e-05	0.2581069881028696	5.993044534209371	1.263861621190769	-1.238046052351134	-0.9302829541215486	13.23779961450413	4.615253460456734	-3.160756367224863	4.919999999972433	1.509999999991539	0.09999999999943968	0	0.105658371499408	0.09999999999943968	172.4999999990334	1.776819999990044	0.09999999999943968	91.18759999948904	0	0	0	3.14159	165.3220665983416	-4855.856771584628	-1861.268724098851	0	0	0	0	0	2	2.085	2.4952	0.00775795	0.1172	-0.02270338090567357	0.001080242661145966	-0.002637775252085845	29674106.26123359	0	0	5444.831795377658	5449.764345461759	5450.909577382348	124.201969813508	478761428.3863776	246.2196507927577	-7823.75405	0	0	0	0	0.105658371499408	1.776819999990044	0.09999999999943968	1.509999999991539	172.4999999990334	0.09999999999943968	0.09999999999943968	4.919999999972433	91.18759999948904	91.18759999948904	80.38499999954958	80.38499999954958	124.201969813508	1	124.201969813508	0	1	0	0	1	0	5444.831795377658	5444.831795377658	5449.764345461759	5449.764345461759	21883.89742787219	21883.89742787219	5450.909577382348	5450.909577382348	5450.909576006431	0.9997417060059373	-0.02270141732547895	0.001080242451052426	0.02270420029344941	0.9997387466008362	-0.002637770654169216	-0.001020079101610956	0.00266161537482571	0.9999959376128602	-0.02270338090567357	0.001080242661145966	-0.002637775252085845	0.0005743707124154401	0.008672997757473143	0.9907894789166339	0.0005743707124154401	0.0005743707124154401	0.02825903905083965	0	0.0006068707411111023	0.01020553369234002	
20	272.2415897688829	246.2196507927577	2.71828	1.21358	1.16637e-05	0.2581069881028696	5.993044534209371	1.263861621190769	-1.238046052351134	-0.9302829541215486	13.23779961450413	4.615253460456734	-3.160756367224863	4.919999999972433	1.509999999991539	0.09999999999943968	0	0.105658371499408	0.09999999999943968	172.4999999990334	1.776819999990044	0.09999999999943968	91.18759999948904	0	0	0	3.14159	165.3220665983416	-4855.856771584628	-1861.268724098851	0	0	0	0	0	2	2.085	2.4952	0.00775795	0.1172	-0.02270338090567357	0.001080242661145966	-0.002637775252085845	29674106.26123359	0	0	5444.831795377658	5449.764345461759	5450.909577382348	124.201969813508	478761428.3863776	246.2196507927577	-7823.75405	0	0	0	0	0.105658371499408	1.776819999990044	0.09999999999943968	1.509999999991539	172.4999999990334	0.09999999999943968	0.09999999999943968	4.919999999972433	91.18759999948904	91.18759999948904	80.38499999954958	80.38499999954958	124.201969813508	1	124.201969813508	0	1	0	0	1	0	5444.831795377658	5444.831795377658	5449.764345461759	5449.764345461759	21883.89742787219	21883.89742787219	5450.909577382348	5450.909577382348	5450.909576006431	0.9997417060059373	-0.02270141732547895	0.001080242451052426	0.02270420029344941	0.9997387466008362	-0.002637770654169216	-0.001020079101610956	0.00266161537482571	0.9999959376128602	-0.02270338090567357	0.001080242661145966	-0.002637775252085845	0.0005743707124154401	0.008672997757473143	0.9907894789166339	0.0005743707124154401	0.0005743707124154401	0.02825903905083965	0	0.0006068707411111023	0.01020553369234002	
21	259.2777045417932	246.2196507927577	2.71828	1.21358	1.16637e-05	0.2581069881028696	5.993044534209371	1.263861621190769	-1.238046052351134	-0.9302829541215486	13.23779961450413	4.615253460456734	-3.160756367224863	4.919999999972433	1.509999999991539	0.09999999999943968	0	0.105658371499408	0.09999999999943968	172.4999999990334	1.776819999990044	0.09999999999943968	91.18759999948904	0	0	0	3.14159	165.3220665983416	-4855.856771584628	-1861.268724098851	0	0	0	0	0	2	2.085	2.4952	0.00775795	0.1172	-0.02270338090567357	0.001080242661145966	-0.002637775252085845	29674106.26123359	0	0	5444.831795377658	5449.764345461759	5450.909577382348	124.201969813508	478761428.3863776	246.2196507927577	-7823.75405	0	0	0	0	0.105658371499408	1.776819999990044	0.09999999999943968	1.509999999991539	172.4999999990334	0.09999999999943968	0.09999999999943968	4.919999999972433	91.18759999948904	91.18759999948904	80.38499999954958	80.38499999954958	124.201969813508	1	124.201969813508	0	1	0	0	1	0	5444.831795377658	5444.831795377658	5449.764345461759	5449.764345461759	21883.89742787219	21883.89742787219	5450.909577382348	5450.909577382348	5450.909576006431	0.9997417060059373	-0.02270141732547895	0.001080242451052426	0.02270420029344941	0.9997387466008362	-0.002637770654169216	-0.001020079101610956	0.00266161537482571	0.9999959376128602	-0.02270338090567357	0.001080242661145966	-0.002637775252085845	0.0005743707124154401	0.008672997757473143	0.9907894789166339	0.0005743707124154401	0.0005743707124154401	0.02825903905083965	0	0.0006068707411111023	0.01020553369234002	
22	247.4923543353481	246.2196507927577	2.71828	1.21358	1.16637e-05	0.2581069881028696	5.993044534209371	1.263861621190769	-1.238046052351134	-0.9302829541215486	13.23779961450413	4.615253460456734	-3.160756367224863	4.919999999972433	1.509999999991539	0.09999999999943968	0	0.105658371499408	0.09999999999943968	172.4999999990334	1.776819999990044	0.09999999999943968	91.18759999948904	0	0	0	3.14159	165.3220665983416	-4855.856771584628	-1861.268724098851	0	0	0	0	0	2	2.085	2.4952	0.00775795	0.1172	-0.02270338090567357	0.001080242661145966	-0.002637775252085845	29674106.26123359	0	0	5444.831795377658	5449.764345461759	5450.909577382348	124.201969813508	478761428.3863776	246.2196507927577	-7823.75405	0	0	0	0	0.105658371499408	1.776819999990044	0.09999999999943968	1.509999999991539	172.4999999990334	0.09999999999943968	0.09999999999943968	4.919999999972433	91.18759999948904	91.18759999948904	80.38499999954958	80.38499999954958	124.201969813508	1	124.201969813508	0	1	0	0	1	0	5444.831795377658	5444.831795377658	5449.764345461759	5449.764345461759	21883.89742787219	21883.89742787219	5450.909577382348	5450.909577382348	5450.909576006431	0.9997417060059373	-0.02270141732547895	0.001080242451052426	0.02270420029344941	0.9997387466008362	-0.002637770654169216	-0.001020079101610956	0.00266161537482571	0.9999959376128602	-0.02270338090567357	0.001080242661145966	-0.002637775252085845	0.0005743707124154401	0.008672997757473143	0.9907894789166339	0.0005743707124154401	0.0005743707124154401	0.02825903905083965	0	0.0006068707411111023	0.01020553369234002	
23	236.7318171903329	246.2196507927577	2.71828	1.21358	1.16637e-05	0.2581069881028696	5.993044534209371	1.263861621190769	-1.238046052351134	-0.9302829541215486	13.23779961450413	4.615253460456734	-3.160756367224863	4.919999999972433	1.509999999991539	0.09999999999943968	0	0.105658371499408	0.09999999999943968	172.4999999990334	1.776819999990044	0.09999999999943968	91.18759999948904	0	0	0	3.14159	165.3220665983416	-4855.856771584628	-1861.268724098851	0	0	0	0	0	2	2.085	2.4952	0.00775795	0.1172	-0.02270338090567357	0.001080242661145966	-0.002637775252085845	29674106.26123359	0	0	5444.831795377658	5449.764345461759	5450.909577382348	124.201969813508	478761428.3863776	246.2196507927577	-7823.75405	0	0	0	0	0.105658371499408	1.776819999990044	0.09999999999943968	1.509999999991539	172.4999999990334	0.09999999999943968	0.09999999999943968	4.919999999972433	91.18759999948904	91.18759999948904	80.38499999954958	80.38499999954958	124.201969813508	1	124.201969813508	0	1	0	0	1	0	5444.831795377658	5444.831795377658	5449.764345461759	5449.764345461759	21883.89742787219	21883.89742787219	5450.909577382348	5450.909577382348	5450.909576006431	0.9997417060059373	-0.02270141732547895	0.001080242451052426	0.02270420029344941	0.9997387466008362	-0.002637770654169216	-0.001020079101610956	0.00266161537482571	0.9999959376128602	-0.02270338090567357	0.001080242661145966	-0.002637775252085845	0.0005743707124154401	0.008672997757473143	0.9907894789166339	0.0005743707124154401	0.0005743707124154401	0.02825903905083965	0	0.0006068707411111023	0.01020553369234002	
24	226.8679914740691	246.2196507927577	2.71828	1.21358	1.16637e-05	0.2581069881028696	5.993044534209371	1.263861621190769	-1.238046052351134	-0.9302829541215486	13.23779961450413	4.615253460456734	-3.160756367224863	4.919999999972433	1.509999999991539	0.09999999999943968	0	0.105658371499408	0.09999999999943968	172.4999999990334	1.776819999990044	0.09999999999943968	91.18759999948904	0	0	0	3.14159	165.3220665983416	-4855.856771584628	-1861.268724098851	0	0	0	0	0	2	2.085	2.4952	0.00775795	0.1172	-0.02270338090567357	0.001080242661145966	-0.002637775252085845	29674106.26123359	0	0	5444.831795377658	5449.764345461759	5450.909577382348	124.201969813508	478761428.3863776	246.2196507927577	-7823.75405	0	0	0	0	0.105658371499408	1.776819999990044	0.09999999999943968	1.509999999991539	172.4999999990334	0.09999999999943968	0.09999999999943968	4.919999999972433	91.18759999948904	91.18759999948904	80.38499999954958	80.38499999954958	124.201969813508	1	124.201969813508	0	1	0	0	1	0	5444.831795377658	5444.831795377658	5449.764345461759	5449.764345461759	21883.89742787219	21883.89742787219	5450.909577382348	5450.909577382348	5450.909576006431	0.9997417060059373	-0.02270141732547895	0.001080242451052426	0.02270420029344941	0.9997387466008362	-0.002637770654169216	-0.001020079101610956	0.00266161537482571	0.9999959376128602	-0.02270338090567357	0.001080242661145966	-0.002637775252085845	0.0005743707124154401	0.008672997757473143	0.9907894789166339	0.0005743707124154401	0.0005743707124154401	0.02825903905083965	0	0.0006068707411111023	0.01020553369234002	
25	217.7932718151063	246.2196507927577	2.71828	1.21358	1.16637e-05	0.2581069881028696	5.993044534209371	1.263861621190769	-1.238046052351134	-0.9302829541215486	13.23779961450413	4.615253460456734	-3.160756367224863	4.919999999972433	1.509999999991539	0.09999999999943968	0	0.105658371499408	0.09999999999943968	172.4999999990334	1.776819999990044	0.09999999999943968	91.18759999948904	0	0	0	3.14159	165.3220665983416	-4855.856771584628	-1861.268724098851	0	0	0	0	0	2	2.085	2.4952	0.00775795	0.1172	-0.02270338090567357	0.001080242661145966	-0.002637775252085845	29674106.26123359	0	0	5444.831795377658	5449.764345461759	5450.909577382348	124.201969813508	478761428.3863776	246.2196507927577	-7823.75405	0	0	0	0	0.105658371499408	1.776819999990044	0.09999999999943968	1.509999999991539	172.4999999990334	0.09999999999943968	0.09999999999943968	4.919999999972433	91.18759999948904	91.18759999948904	80.38499999954958	80.38499999954958	124.201969813508	1	124.201969813508	0	1	0	0	1	0	5444.831795377658	5444.831795377658	5449.764345461759	5449.764345461759	21883.89742787219	21883.89742787219	5450.909577382348	5450.909577382348	5450.909576006431	0.9997417060059373	-0.02270141732547895	0.001080242451052426	0.02270420029344941	0.9997387466008362	-0.002637770654169216	-0.001020079101610956	0.00266161537482571	0.9999959376128602	-0.02270338090567357	0.001080242661145966	-0.002637775252085845	0.0005743707124154401	0.008672997757473143	0.9907894789166339	0.0005743707124154401	0.0005743707124154401	0.02825903905083965	0	0.0006068707411111023	0.01020553369234002	
26	209.4166075145253	246.2196507927577	2.71828	1.21358	1.16637e-05	0.2581069881028696	5.993044534209371	1.263861621190769	-1.238046052351134	-0.9302829541215486	13.23779961450413	4.615253460456734	-3.160756367224863	4.919999999972433	1.509999999991539	0.09999999999943968	0	0.105658371499408	0.09999999999943968	172.4999999990334	1.776819999990044	0.09999999999943968	91.18759999948904	0	0	0	3.14159	165.3220665983416	-4855.856771584628	-1861.268724098851	0	0	0	0	0	2	2.085	2.4952	0.00775795	0.1172	-0.02270338090567357	0.001080242661145966	-0.002637775252085845	29674106.26123359	0	0	5444.831795377658	5449.764345461759	5450.909577382348	124.201969813508	478761428.3863776	246.2196507927577	-7823.75405	0	0	0	0	0.105658371499408	1.776819999990044	0.09999999999943968	1.509999999991539	172.4999999990334	0.09999999999943968	0.09999999999943968	4.919999999972433	91.18759999948904	91.18759999948904	80.38499999954958	80.38499999954958	124.201969813508	1	124.201969813508	0	1	0	0	1	0	5444.831795377658	5444.831795377658	5449.764345461759	5449.764345461759	21883.89742787219	21883.89742787219	5450.909577382348	5450.909577382348	5450.909576006431	0.9997417060059373	-0.02270141732547895	0.001080242451052426	0.02270420029344941	0.9997387466008362	-0.002637770654169216	-0.001020079101610956	0.00266161537482571	0.9999959376128602	-0.02270338090567357	0.001080242661145966	-0.002637775252085845	0.0005743707124154401	0.008672997757473143	0.9907894789166339	0.0005743707124154401	0.0005743707124154401	0.02825903905083965	0	0.0006068707411111023	0.01020553369234002	
27	201.6604368658392	246.2196507927577	2.71828	1.21358	1.16637e-05	0.2581069881028696	5.993044534209371	1.263861621190769	-1.238046052351134	-0.9302829541215486	13.23779961450413	4.615253460456734	-3.160756367224863	4.919999999972433	1.509999999991539	0.09999999999943968	0	0.105658371499408	0.09999999999943968	172.4999999990334	1.776819999990044	0.09999999999943968	91.18759999948904	0	0	0	3.14159	165.3220665983416	-4855.856771584628	-1861.268724098851	0	0	0	0	0	2	2.085	2.4952	0.00775795	0.1172	-0.02270338090567357	0.001080242661145966	-0.002637775252085845	29674106.26123359	0	0	5444.831795377658	5449.764345461759	5450.909577382348	124.201969813508	478761428.3863776	246.2196507927577	-7823.75405	0	0	0	0	0.105658371499408	1.776819999990044	0.09999999999943968	1.509999999991539	172.4999999990334	0.09999999999943968	0.09999999999943968	4.919999999972433	91.18759999948904	91.18759999948904	80.38499999954958	80.38499999954958	124.201969813508	1	124.201969813508	0	1	0	0	1	0	5444.831795377658	5444.831795377658	5449.764345461759	5449.764345461759	21883.89742787219	21883.89742787219	5450.909577382348	5450.909577382348	5450.909576006431	0.9997417060059373	-0.02270141732547895	0.001080242451052426	0.02270420029344941	0.9997387466008362	-0.002637770654169216	-0.001020079101610956	0.00266161537482571	0.9999959376128602	-0.02270338090567357	0.001080242661145966	-0.002637775252085845	0.0005743707124154401	0.008672997757473143	0.9907894789166339	0.0005743707124154401	0.0005743707124154401	0.02825903905083965	0	0.0006068707411111023	0.01020553369234002	
28	194.4582784063449	246.2196507927577	2.71828	1.21358	1.16637e-05	0.2581069881028696	5.993044534209371	1.263861621190769	-1.238046052351134	-0.9302829541215486	13.23779961450413	4.615253460456734	-3.160756367224863	4.919999999972433	1.509999999991539	0.09999999999943968	0	0.105658371499408	0.09999999999943968	172.4999999990334	1.776819999990044	0.09999999999943968	91.18759999948904	0	0	0	3.14159	165.3220665983416	-4855.856771584628	-1861.268724098851	0	0	0	0	0	2	2.085	2.4952	0.00775795	0.1172	-0.02270338090567357	0.001080242661145966	-0.002637775252085845	29674106.26123359	0	0	5444.831795377658	5449.764345461759	5450.909577382348	124.201969813508	478761428.3863776	246.2196507927577	-7823.75405	0	0	0	0	0.105658371499408	1.776819999990044	0.09999999999943968	1.509999999991539	172.4999999990334	0.09999999999943968	0.09999999999943968	4.919999999972433	91.18759999948904	91.18759999948904	80.38499999954958	80.38499999954958	124.201969813508	1	124.201969813508	0	1	0	0	1	0	5444.831795377658	5444.831795377658	5449.764345461759	5449.764345461759	21883.89742787219	21883.89742787219	5450.909577382348	5450.909577382348	5450.909576006431	0.9997417060059373	-0.02270141732547895	0.001080242451052426	0.02270420029344941	0.9997387466008362	-0.002637770654169216	-0.001020079101610956	0.00266161537482571	0.9999959376128602	-0.02270338090567357	0.001080242661145966	-0.002637775252085845	0.0005743707124154401	0.008672997757473143	0.9907894789166339	0.0005743707124154401	0.0005743707124154401	0.02825903905083965	0	0.0006068707411111023	0.01020553369234002	
29	187.752820530264	246.2196507927577	2.71828	1.21358	1.16637e-05	0.2581069881028696	5.993044534209371	1.263861621190769	-1.238046052351134	-0.9302829541215486	13.23779961450413	4.615253460456734	-3.160756367224863	4.919999999972433	1.509999999991539	0.09999999999943968	0	0.105658371499408	0.09999999999943968	172.4999999990334	1.776819999990044	0.09999999999943968	91.18759999948904	0	0	0	3.14159	165.3220665983416	-4855.856771584628	-1861.268724098851	0	0	0	0	0	2	2.085	2.4952	0.00775795	0.1172	-0.02270338090567357	0.001080242661145966	-0.002637775252085845	29674106.26123359	0	0	5444.831795377658	5449.764345461759	5450.909577382348	124.201969813508	478761428.3863776	246.2196507927577	-7823.75405	0	0	0	0	0.105658371499408	1.776819999990044	0.09999999999943968	1.509999999991539	172.4999999990334	0.09999999999943968	0.09999999999943968	4.919999999972433	91.18759999948904	91.18759999948904	80.38499999954958	80.38499999954958	124.201969813508	1	124.201969813508	0	1	0	0	1	0	5444.831795377658	5444.831795377658	5449.764345461759	5449.764345461759	21883.89742787219	21883.89742787219	5450.909577382348	5450.909577382348	5450.909576006431	0.9997417060059373	-0.02270141732547895	0.001080242451052426	0.02270420029344941	0.9997387466008362	-0.002637770654169216	-0.001020079101610956	0.00266161537482571	0.9999959376128602	-0.02270338090567357	0.001080242661145966	-0.002637775252085845	0.0005743707124154401	0.008672997757473143	0.9907894789166339	0.0005743707124154401	0.0005743707124154401	0.02825903905083965	0	0.0006068707411111023	0.01020553369234002	
30	181.4943931792553	246.2196507927577	2.71828	1.21358	1.16637e-05	0.2581069881028696	5.993044534209371	1.263861621190769	-1.238046052351134	-0.9302829541215486	13.23779961450413	4.615253460456734	-3.160756367224863	4.919999999972433	1.509999999991539	0.09999999999943968	0	0.105658371499408	0.09999999999943968	172.4999999990334	1.776819999990044	0.09999999999943968	91.18759999948904	0	0	0	3.14159	165.3220665983416	-4855.856771584628	-1861.268724098851	0	0	0	0	0	2	2.085	2.4952	0.00775795	0.1172	-0.02270338090567357	0.001080242661145966	-0.002637775252085845	29674106.26123359	0	0	5444.831795377658	5449.764345461759	5450.909577382348	124.201969813508	478761428.3863776	246.2196507927577	-7823.75405	0	0	0	0	0.105658371499408	1.776819999990044	0.09999999999943968	1.509999999991539	172.4999999990334	0.09999999999943968	0.09999999999943968	4.919999999972433	91.18759999948904	91.18759999948904	80.38499999954958	80.38499999954958	124.201969813508	1	124.201969813508	0	1	0	0	1	0	5444.831795377658	5444.831795377658	5449.764345461759	5449.764345461759	21883.89742787219	21883.89742787219	5450.909577382348	5450.909577382348	5450.909576006431	0.9997417060059373	-0.02270141732547895	0.001080242451052426	0.02270420029344941	0.9997387466008362	-0.002637770654169216	-0.001020079101610956	0.00266161537482571	0.9999959376128602	-0.02270338090567357	0.001080242661145966	-0.002637775252085845	0.0005743707124154401	0.008672997757473143	0.9907894789166339	0.0005743707124154401	0.0005743707124154401	0.02825903905083965	0	0.0006068707411111023	0.01020553369234002	
31	175.6397353347631	246.2196507927577	2.71828	1.21358	1.16637e-05	0.2581069881028696	5.993044534209371	1.263861621190769	-1.238046052351134	-0.9302829541215486	13.23779961450413	4.615253460456734	-3.160756367224863	4.919999999972433	1.509999999991539	0.09999999999943968	0	0.105658371499408	0.09999999999943968	172.4999999990334	1.776819999990044	0.09999999999943968	91.18759999948904	0	0	0	3.14159	165.3220665983416	-4855.856771584628	-1861.268724098851	0	0	0	0	0	2	2.085	2.4952	0.00775795	0.1172	-0.02270338090567357	0.001080242661145966	-0.002637775252085845	29674106.26123359	0	0	5444.831795377658	5449.764345461759	5450.909577382348	124.201969813508	478761428.3863776	246.2196507927577	-7823.75405	0	0	0	0	0.105658371499408	1.776819999990044	0.09999999999943968	1.509999999991539	172.4999999990334	0.09999999999943968	0.09999999999943968	4.919999999972433	91.18759999948904	91.18759999948904	80.38499999954958	80.38499999954958	124.201969813508	1	124.201969813508	0	1	0	0	1	0	5444.831795377658	5444.831795377658	5449.764345461759	5449.764345461759	21883.89742787219	21883.89742787219	5450.909577382348	5450.909577382348	5450.909576006431	0.9997417060059373	-0.02270141732547895	0.001080242451052426	0.02270420029344941	0.9997387466008362	-0.002637770654169216	-0.001020079101610956	0.00266161537482571	0.9999959376128602	-0.02270338090567357	0.001080242661145966	-0.002637775252085845	0.0005743707124154401	0.008672997757473143	0.9907894789166339	0.0005743707124154401	0.0005743707124154401	0.02825903905083965	0	0.0006068707411111023	0.01020553369234002	
32	170.1509936055518	246.2196507927577	2.71828	1.21358	1.16637e-05	0.2581069881028696	5.993044534209371	1.263861621190769	-1.238046052351134	-0.9302829541215486	13.23779961450413	4.615253460456734	-3.160756367224863	4.919999999972433	1.509999999991539	0.09999999999943968	0	0.105658371499408	0.09999999999943968	172.4999999990334	1.776819999990044	0.09999999999943968	91.18759999948904	0	0	0	3.14159	165.3220665983416	-4855.856771584628	-1861.268724098851	0	0	0	0	0	2	2.085	2.4952	0.00775795	0.1172	-0.02270338090567357	0.001080242661145966	-0.002637775252085845	29674106.26123359	0	0	5444.831795377658	5449.764345461759	5450.909577382348	124.201969813508	478761428.3863776	246.2196507927577	-7823.75405	0	0	0	0	0.105658371499408	1.776819999990044	0.09999999999943968	1.509999999991539	172.4999999990334	0.09999999999943968	0.09999999999943968	4.919999999972433	91.18759999948904	91.18759999948904	80.38499999954958	80.38499999954958	124.201969813508	1	124.201969813508	0	1	0	0	1	0	5444.831795377658	5444.831795377658	5449.764345461759	5449.764345461759	21883.89742787219	21883.89742787219	5450.909577382348	5450.909577382348	5450.909576006431	0.9997417060059373	-0.02270141732547895	0.001080242451052426	0.02270420029344941	0.9997387466008362	-0.002637770654169216	-0.001020079101610956	0.00266161537482571	0.9999959376128602	-0.02270338090567357	0.001080242661145966	-0.002637775252085845	0.0005743707124154401	0.008672997757473143	0.9907894789166339	0.0005743707124154401	0.0005743707124154401	0.02825903905083965	0	0.0006068707411111023	0.01020553369234002	
33	164.9949028902321	246.2196507927577	2.71828	1.21358	1.16637e-05	0.2581069881028696	5.993044534209371	1.263861621190769	-1.238046052351134	-0.9302829541215486	13.23779961450413	4.615253460456734	-3.160756367224863	4.919999999972433	1.509999999991539	0.09999999999943968	0	0.105658371499408	0.09999999999943968	172.4999999990334	1.776819999990044	0.09999999999943968	91.18759999948904	0	0	0	3.14159	165.3220665983416	-4855.856771584628	-1861.268724098851	0	0	0	0	0	2	2.085	2.4952	0.00775795	0.1172	-0.02270338090567357	0.001080242661145966	-0.002637775252085845	29674106.26123359	0	0	5444.831795377658	5449.764345461759	5450.909577382348	124.201969813508	478761428.3863776	246.2196507927577	-7823.75405	0	0	0	0	0.105658371499408	1.776819999990044	0.09999999999943968	1.509999999991539	172.4999999990334	0.09999999999943968	0.09999999999943968	4.919999999972433	91.18759999948904	91.18759999948904	80.38499999954958	80.38499999954958	124.201969813508	1	124.201969813508	0	1	0	0	1	0	5444.831795377658	5444.831795377658	5449.764345461759	5449.764345461759	21883.89742787219	21883.89742787219	5450.909577382348	5450.909577382348	5450.909576006431	0.9997417060059373	-0.02270141732547895	0.001080242451052426	0.02270420029344941	0.9997387466008362	-0.002637770654169216	-0.001020079101610956	0.00266161537482571	0.9999959376128602	-0.02270338090567357	0.001080242661145966	-0.002637775252085845	0.0005743707124154401	0.008672997757473143	0.9907894789166339	0.0005743707124154401	0.0005743707124154401	0.02825903905083965	0	0.0006068707411111023	0.01020553369234002	
34	160.1421116287546	246.2196507927577	2.71828	1.21358	1.16637e-05	0.2581069881028696	5.993044534209371	1.263861621190769	-1.238046052351134	-0.9302829541215486	13.23779961450413	4.615253460456734	-3.160756367224863	4.919999999972433	1.509999999991539	0.09999999999943968	0	0.105658371499408	0.09999999999943968	172.4999999990334	1.776819999990044	0.09999999999943968	91.18759999948904	0	0	0	3.14159	165.3220665983416	-4855.856771584628	-1861.268724098851	0	0	0	0	0	2	2.085	2.4952	0.00775795	0.1172	-0.02270338090567357	0.001080242661145966	-0.002637775252085845	29674106.26123359	0	0	5444.831795377658	5449.764345461759	5450.909577382348	124.201969813508	478761428.3863776	246.2196507927577	-7823.75405	0	0	0	0	0.105658371499408	1.776819999990044	0.09999999999943968	1.509999999991539	172.4999999990334	0.09999999999943968	0.09999999999943968	4.919999999972433	91.18759999948904	91.18759999948904	80.38499999954958	80.38499999954958	124.201969813508	1	124.201969813508	0	1	0	0	1	0	5444.831795377658	5444.831795377658	5449.764345461759	5449.764345461759	21883.89742787219	21883.89742787219	5450.909577382348	5450.909577382348	5450.909576006431	0.9997417060059373	-0.02270141732547895	0.001080242451052426	0.02270420029344941	0.9997387466008362	-0.002637770654169216	-0.001020079101610956	0.00266161537482571	0.9999959376128602	-0.02270338090567357	0.001080242661145966	-0.002637775252085845	0.0005743707124154401	0.008672997757473143	0.9907894789166339	0.0005743707124154401	0.0005743707124154401	0.02825903905083965	0	0.0006068707411111023	0.01020553369234002	
35	155.5666227250759	246.2196507927577	2.71828	1.21358	1.16637e-05	0.2581069881028696	5.993044534209371	1.263861621190769	-1.238046052351134	-0.9302829541215486	13.23779961450413	4.615253460456734	-3.160756367224863	4.919999999972433	1.509999999991539	0.09999999999943968	0	0.105658371499408	0.09999999999943968	172.4999999990334	1.776819999990044	0.09999999999943968	91.18759999948904	0	0	0	3.14159	165.3220665983416	-4855.856771584628	-1861.268724098851	0	0	0	0	0	2	2.085	2.4952	0.00775795	0.1172	-0.02270338090567357	0.001080242661145966	-0.002637775252085845	29674106.26123359	0	0	5444.831795377658	5449.764345461759	5450.909577382348	124.201969813508	478761428.3863776	246.2196507927577	-7823.75405	0	0	0	0	0.105658371499408	1.776819999990044	0.09999999999943968	1.509999999991539	172.4999999990334	0.09999999999943968	0.09999999999943968	4.919999999972433	91.18759999948904	91.18759999948904	80.38499999954958	80.38499999954958	124.201969813508	1	124.201969813508	0	1	0	0	1	0	5444.831795377658	5444.831795377658	5449.764345461759	5449.764345461759	21883.89742787219	21883.89742787219	5450.909577382348	5450.909577382348	5450.909576006431	0.9997417060059373	-0.02270141732547895	0.001080242451052426	0.02270420029344941	0.9997387466008362	-0.002637770654169216	-0.001020079101610956	0.00266161537482571	0.9999959376128602	-0.02270338090567357	0.001080242661145966	-0.002637775252085845	0.0005743707124154401	0.008672997757473143	0.9907894789166339	0.0005743707124154401	0.0005743707124154401	0.02825903905083965	0	0.0006068707411111023	0.01020553369234002	
36	151.2453276493794	246.2196507927577	2.71828	1.21358	1.16637e-05	0.2581069881028696	5.993044534209371	1.263861621190769	-1.238046052351134	-0.9302829541215486	13.23779961450413	4.615253460456734	-3.160756367224863	4.919999999972433	1.509999999991539	0.09999999999943968	0	0.105658371499408	0.09999999999943968	172.4999999990334	1.776819999990044	0.09999999999943968	91.18759999948904	0	0	0	3.14159	165.3220665983416	-4855.856771584628	-1861.268724098851	0	0	0	0	0	2	2.085	2.4952	0.00775795	0.1172	-0.02270338090567357	0.001080242661145966	-0.002637775252085845	29674106.26123359	0	0	5444.831795377658	5449.764345461759	5450.909577382348	124.201969813508	478761428.3863776	246.2196507927577	-7823.75405	0	0	0	0	0.105658371499408	1.776819999990044	0.09999999999943968	1.509999999991539	172.4999999990334	0.09999999999943968	0.09999999999943968	4.919999999972433	91.18759999948904	91.18759999948904	80.38499999954958	80.38499999954958	124.201969813508	1	124.201969813508	0	1	0	0	1	0	5444.831795377658	5444.831795377658	5449.764345461759	5449.764345461759	21883.89742787219	21883.89742787219	5450.909577382348	5450.909577382348	5450.909576006431	0.9997417060059373	-0.02270141732547895	0.001080242451052426	0.02270420029344941	0.9997387466008362	-0.002637770654169216	-0.001020079101610956	0.00266161537482571	0.9999959376128602	-0.02270338090567357	0.001080242661145966	-0.002637775252085845	0.0005743707124154401	0.008672997757473143	0.9907894789166339	0.0005743707124154401	0.0005743707124154401	0.02825903905083965	0	0.0006068707411111023	0.01020553369234002	
37	147.157616091288	246.2196507927577	2.71828	1.21358	1.16637e-05	0.2581069881028696	5.993044534209371	1.263861621190769	-1.238046052351134	-0.9302829541215486	13.23779961450413	4.615253460456734	-3.160756367224863	4.919999999972433	1.509999999991539	0.09999999999943968	0	0.105658371499408	0.09999999999943968	172.4999999990334	1.776819999990044	0.09999999999943968	91.18759999948904	0	0	0	3.14159	165.3220665983416	-4855.856771584628	-1861.268724098851	0	0	0	0	0	2	2.085	2.4952	0.00775795	0.1172	-0.02270338090567357	0.001080242661145966	-0.002637775252085845	29674106.26123359	0	0	5444.831795377658	5449.764345461759	5450.909577382348	124.201969813508	478761428.3863776	246.2196507927577	-7823.75405	0	0	0	0	0.105658371499408	1.776819999990044	0.09999999999943968	1.509999999991539	172.4999999990334	0.09999999999943968	0.09999999999943968	4.919999999972433	91.18759999948904	91.18759999948904	80.38499999954958	80.38499999954958	124.201969813508	1	124.201969813508	0	1	0	0	1	0	5444.831795377658	5444.831795377658	5449.764345461759	5449.764345461759	21883.89742787219	21883.89742787219	5450.909577382348	5450.909577382348	5450.909576006431	0.9997417060059373	-0.02270141732547895	0.001080242451052426	0.02270420029344941	0.9997387466008362	-0.002637770654169216	-0.001020079101610956	0.00266161537482571	0.9999959376128602	-0.02270338090567357	0.001080242661145966	-0.002637775252085845	0.0005743707124154401	0.008672997757473143	0.9907894789166339	0.0005743707124154401	0.0005743707124154401	0.02825903905083965	0	0.0006068707411111023	0.01020553369234002	
38	143.2850472467805	246.2196507927577	2.71828	1.21358	1.16637e-05	0.2581069881028696	5.993044534209371	1.263861621190769	-1.238046052351134	-0.9302829541215486	13.23779961450413	4.615253460456734	-3.160756367224863	4.919999999972433	1.509999999991539	0.09999999999943968	0	0.105658371499408	0.09999999999943968	172.4999999990334	1.776819999990044	0.09999999999943968	91.18759999948904	0	0	0	3.14159	165.3220665983416	-4855.856771584628	-1861.268724098851	0	0	0	0	0	2	2.085	2.4952	0.00775795	0.1172	-0.02270338090567357	0.001080242661145966	-0.002637775252085845	29674106.26123359	0	0	5444.831795377658	5449.764345461759	5450.909577382348	124.201969813508	478761428.3863776	246.2196507927577	-7823.75405	0	0	0	0	0.105658371499408	1.776819999990044	0.09999999999943968	1.509999999991539	172.4999999990334	0.09999999999943968	0.09999999999943968	4.919999999972433	91.18759999948904	91.18759999948904	80.38499999954958	80.38499999954958	124.201969813508	1	124.201969813508	0	1	0	0	1	0	5444.831795377658	5444.831795377658	5449.764345461759	5449.764345461759	21883.89742787219	21883.89742787219	5450.909577382348	5450.909577382348	5450.909576006431	0.9997417060059373	-0.02270141732547895	0.001080242451052426	0.02270420029344941	0.9997387466008362	-0.002637770654169216	-0.001020079101610956	0.00266161537482571	0.9999959376128602	-0.02270338090567357	0.001080242661145966	-0.002637775252085845	0.0005743707124154401	0.008672997757473143	0.9907894789166339	0.0005743707124154401	0.0005743707124154401	0.02825903905083965	0	0.0006068707411111023	0.01020553369234002	
39	139.6110716763502	246.2196507927577	2.71828	1.21358	1.16637e-05	0.2581069881028696	5.993044534209371	1.263861621190769	-1.238046052351134	-0.9302829541215486	13.23779961450413	4.615253460456734	-3.160756367224863	4.919999999972433	1.509999999991539	0.09999999999943968	0	0.105658371499408	0.09999999999943968	172.4999999990334	1.776819999990044	0.09999999999943968	91.18759999948904	0	0	0	3.14159	165.3220665983416	-4855.856771584628	-1861.268724098851	0	0	0	0	0	2	2.085	2.4952	0.00775795	0.1172	-0.02270338090567357	0.001080242661145966	-0.002637775252085845	29674106.26123359	0	0	5444.831795377658	5449.764345461759	5450.909577382348	124.201969813508	478761428.3863776	246.2196507927577	-7823.75405	0	0	0	0	0.105658371499408	1.776819999990044	0.09999999999943968	1.509999999991539	172.4999999990334	0.09999999999943968	0.09999999999943968	4.919999999972433	91.18759999948904	91.18759999948904	80.38499999954958	80.38499999954958	124.201969813508	1	124.201969813508	0	1	0	0	1	0	5444.831795377658	5444.831795377658	5449.764345461759	5449.764345461759	21883.89742787219	21883.89742787219	5450.909577382348	5450.909577382348	5450.909576006431	0.9997417060059373	-0.02270141732547895	0.001080242451052426	0.02270420029344941	0.9997387466008362	-0.002637770654169216	-0.001020079101610956	0.00266161537482571	0.9999959376128602	-0.02270338090567357	0.001080242661145966	-0.002637775252085845	0.0005743707124154401	0.008672997757473143	0.9907894789166339	0.0005743707124154401	0.0005743707124154401	0.02825903905083965	0	0.0006068707411111023	0.01020553369234002	
40	136.1207948844414	246.2196507927577	2.71828	1.21358	1.16637e-05	0.2581069881028696	5.993044534209371	1.263861621190769	-1.238046052351134	-0.9302829541215486	13.23779961450413	4.615253460456734	-3.160756367224863	4.919999999972433	1.509999999991539	0.09999999999943968	0	0.105658371499408	0.09999999999943968	172.4999999990334	1.776819999990044	0.09999999999943968	91.18759999948904	0	0	0	3.14159	165.3220665983416	-4855.856771584628	-1861.268724098851	0	0	0	0	0	2	2.085	2.4952	0.00775795	0.1172	-0.02270338090567357	0.001080242661145966	-0.002637775252085845	29674106.26123359	0	0	5444.831795377658	5449.764345461759	5450.909577382348	124.201969813508	478761428.3863776	246.2196507927577	-7823.75405	0	0	0	0	0.105658371499408	1.776819999990044	0.09999999999943968	1.509999999991539	172.4999999990334	0.09999999999943968	0.09999999999943968	4.919999999972433	91.18759999948904	91.18759999948904	80.38499999954958	80.38499999954958	124.201969813508	1	124.201969813508	0	1	0	0	1	0	5444.831795377658	5444.831795377658	5449.764345461759	5449.764345461759	21883.89742787219	21883.89742787219	5450.909577382348	5450.909577382348	5450.909576006431	0.9997417060059373	-0.02270141732547895	0.001080242451052426	0.02270420029344941	0.9997387466008362	-0.002637770654169216	-0.001020079101610956	0.00266161537482571	0.9999959376128602	-0.02270338090567357	0.001080242661145966	-0.002637775252085845	0.0005743707124154401	0.008672997757473143	0.9907894789166339	0.0005743707124154401	0.0005743707124154401	0.02825903905083965	0	0.0006068707411111023	0.01020553369234002	
41	132.800775497016	246.2196507927577	2.71828	1.21358	1.16637e-05	0.2581069881028696	5.993044534209371	1.263861621190769	-1.238046052351134	-0.9302829541215486	13.23779961450413	4.615253460456734	-3.160756367224863	4.919999999972433	1.509999999991539	0.09999999999943968	0	0.105658371499408	0.09999999999943968	172.4999999990334	1.776819999990044	0.09999999999943968	91.18759999948904	0	0	0	3.14159	165.3220665983416	-4855.856771584628	-1861.268724098851	0	0	0	0	0	2	2.085	2.4952	0.00775795	0.1172	-0.02270338090567357	0.001080242661145966	-0.002637775252085845	29674106.26123359	0	0	5444.831795377658	5449.764345461759	5450.909577382348	124.201969813508	478761428.3863776	246.2196507927577	-7823.75405	0	0	0	0	0.105658371499408	1.776819999990044	0.09999999999943968	1.509999999991539	172.4999999990334	0.09999999999943968	0.09999999999943968	4.919999999972433	91.18759999948904	91.18759999948904	80.38499999954958	80.38499999954958	124.201969813508	1	124.201969813508	0	1	0	0	1	0	5444.831795377658	5444.831795377658	5449.764345461759	5449.764345461759	21883.89742787219	21883.89742787219	5450.909577382348	5450.909577382348	5450.909576006431	0.9997417060059373	-0.02270141732547895	0.001080242451052426	0.02270420029344941	0.9997387466008362	-0.002637770654169216	-0.001020079101610956	0.00266161537482571	0.9999959376128602	-0.02270338090567357	0.001080242661145966	-0.002637775252085845	0.0005743707124154401	0.008672997757473143	0.9907894789166339	0.0005743707124154401	0.0005743707124154401	0.02825903905083965	0	0.0006068707411111023	0.01020553369234002	
42	129.6388522708966	246.2196507927577	2.71828	1.21358	1.16637e-05	0.2581069881028696	5.993044534209371	1.263861621190769	-1.238046052351134	-0.9302829541215486	13.23779961450413	4.615253460456734	-3.160756367224863	4.919999999972433	1.509999999991539	0.09999999999943968	0	0.105658371499408	0.09999999999943968	172.4999999990334	1.776819999990044	0.09999999999943968	91.18759999948904	0	0	0	3.14159	165.3220665983416	-4855.856771584628	-1861.268724098851	0	0	0	0	0	2	2.085	2.4952	0.00775795	0.1172	-0.02270338090567357	0.001080242661145966	-0.002637775252085845	29674106.26123359	0	0	5444.831795377658	5449.764345461759	5450.909577382348	124.201969813508	478761428.3863776	246.2196507927577	-7823.75405	0	0	0	0	0.105658371499408	1.776819999990044	0.09999999999943968	1.509999999991539	172.4999999990334	0.09999999999943968	0.09999999999943968	4.919999999972433	91.18759999948904	91.18759999948904	80.38499999954958	80.38499999954958	124.201969813508	1	124.201969813508	0	1	0	0	1	0	5444.831795377658	5444.831795377658	5449.764345461759	5449.764345461759	21883.89742787219	21883.89742787219	5450.909577382348	5450.909577382348	5450.909576006431	0.9997417060059373	-0.02270141732547895	0.001080242451052426	0.02270420029344941	0.9997387466008362	-0.002637770654169216	-0.001020079101610956	0.00266161537482571	0.9999959376128602	-0.02270338090567357	0.001080242661145966	-0.002637775252085845	0.0005743707124154401	0.008672997757473143	0.9907894789166339	0.0005743707124154401	0.0005743707124154401	0.02825903905083965	0	0.0006068707411111023	0.01020553369234002	
43	126.6239952413409	246.2196507927577	2.71828	1.21358	1.16637e-05	0.2581069881028696	5.993044534209371	1.263861621190769	-1.238046052351134	-0.9302829541215486	13.23779961450413	4.615253460456734	-3.160756367224863	4.919999999972433	1.509999999991539	0.09999999999943968	0	0.105658371499408	0.09999999999943968	172.4999999990334	1.776819999990044	0.09999999999943968	91.18759999948904	0	0	0	3.14159	165.3220665983416	-4855.856771584628	-1861.268724098851	0	0	0	0	0	2	2.085	2.4952	0.00775795	0.1172	-0.02270338090567357	0.001080242661145966	-0.002637775252085845	29674106.26123359	0	0	5444.831795377658	5449.764345461759	5450.909577382348	124.201969813508	478761428.3863776	246.2196507927577	-7823.75405	0	0	0	0	0.105658371499408	1.776819999990044	0.09999999999943968	1.509999999991539	172.4999999990334	0.09999999999943968	0.09999999999943968	4.919999999972433	91.18759999948904	91.18759999948904	80.38499999954958	80.38499999954958	124.201969813508	1	124.201969813508	0	1	0	0	1	0	5444.831795377658	5444.831795377658	5449.764345461759	5449.764345461759	21883.89742787219	21883.89742787219	5450.909577382348	5450.909577382348	5450.909576006431	0.9997417060059373	-0.02270141732547895	0.001080242451052426	0.02270420029344941	0.9997387466008362	-0.002637770654169216	-0.001020079101610956	0.00266161537482571	0.9999959376128602	-0.02270338090567357	0.001080242661145966	-0.002637775252085845	0.0005743707124154401	0.008672997757473143	0.9907894789166339	0.0005743707124154401	0.0005743707124154401	0.02825903905083965	0	0.0006068707411111023	0.01020553369234002	
44	123.746177167674	246.2196507927577	2.71828	1.21358	1.16637e-05	0.2581069881028696	5.993044534209371	1.263861621190769	-1.238046052351134	-0.9302829541215486	13.23779961450413	4.615253460456734	-3.160756367224863	4.919999999972433	1.509999999991539	0.09999999999943968	0	0.105658371499408	0.09999999999943968	172.4999999990334	1.776819999990044	0.09999999999943968	91.18759999948904	0	0	0	3.14159	165.3220665983416	-4855.856771584628	-1861.268724098851	0	0	0	0	0	2	2.085	2.4952	0.00775795	0.1172	-0.02270338090567357	0.001080242661145966	-0.002637775252085845	29674106.26123359	0	0	5444.831795377658	5449.764345461759	5450.909577382348	124.201969813508	478761428.3863776	246.2196507927577	-7823.75405	0	0	0	0	0.105658371499408	1.776819999990044	0.09999999999943968	1.509999999991539	172.4999999990334	0.09999999999943968	0.09999999999943968	4.919999999972433	91.18759999948904	91.18759999948904	80.38499999954958	80.38499999954958	124.201969813508	1	124.201969813508	0	1	0	0	1	0	5444.831795377658	5444.831795377658	5449.764345461759	5449.764345461759	21883.89742787219	21883.89742787219	5450.909577382348	5450.909577382348	5450.909576006431	0.9997417060059373	-0.02270141732547895	0.001080242451052426	0.02270420029344941	0.9997387466008362	-0.002637770654169216	-0.001020079101610956	0.00266161537482571	0.9999959376128602	-0.02270338090567357	0.001080242661145966	-0.002637775252085845	0.0005743707124154401	0.008672997757473143	0.9907894789166339	0.0005743707124154401	0.0005743707124154401	0.02825903905083965	0	0.0006068707411111023	0.01020553369234002	
45	120.9962621195035	246.2196507927577	2.71828	1.21358	1.16637e-05	0.2581069881028696	5.993044534209371	1.263861621190769	-1.238046052351134	-0.9302829541215486	13.23779961450413	4.615253460456734	-3.160756367224863	4.919999999972433	1.509999999991539	0.09999999999943968	0	0.105658371499408	0.09999999999943968	172.4999999990334	1.776819999990044	0.09999999999943968	91.18759999948904	0	0	0	3.14159	165.3220665983416	-4855.856771584628	-1861.268724098851	0	0	0	0	0	2	2.085	2.4952	0.00775795	0.1172	-0.02270338090567357	0.001080242661145966	-0.002637775252085845	29674106.26123359	0	0	5444.831795377658	5449.764345461759	5450.909577382348	124.201969813508	478761428.3863776	246.2196507927577	-7823.75405	0	0	0	0	0.105658371499408	1.776819999990044	0.09999999999943968	1.509999999991539	172.4999999990334	0.09999999999943968	0.09999999999943968	4.919999999972433	91.18759999948904	91.18759999948904	80.38499999954958	80.38499999954958	124.201969813508	1	124.201969813508	0	1	0	0	1	0	5444.831795377658	5444.831795377658	5449.764345461759	5449.764345461759	21883.89742787219	21883.89742787219	5450.909577382348	5450.909577382348	5450.909576006431	0.9997417060059373	-0.02270141732547895	0.001080242451052426	0.02270420029344941	0.9997387466008362	-0.002637770654169216	-0.001020079101610956	0.00266161537482571	0.9999959376128602	-0.02270338090567357	0.001080242661145966	-0.002637775252085845	0.0005743707124154401	0.008672997757473143	0.9907894789166339	0.0005743707124154401	0.0005743707124154401	0.02825903905083965	0	0.0006068707411111023	0.01020553369234002	
46	118.3659085951665	246.2196507927577	2.71828	1.21358	1.16637e-05	0.2581069881028696	5.993044534209371	1.263861621190769	-1.238046052351134	-0.9302829541215486	13.23779961450413	4.615253460456734	-3.160756367224863	4.919999999972433	1.509999999991539	0.09999999999943968	0	0.105658371499408	0.09999999999943968	172.4999999990334	1.776819999990044	0.09999999999943968	91.18759999948904	0	0	0	3.14159	165.3220665983416	-4855.856771584628	-1861.268724098851	0	0	0	0	0	2	2.085	2.4952	0.00775795	0.1172	-0.02270338090567357	0.001080242661145966	-0.002637775252085845	29674106.26123359	0	0	5444.831795377658	5449.764345461759	5450.909577382348	124.201969813508	478761428.3863776	246.2196507927577	-7823.75405	0	0	0	0	0.105658371499408	1.776819999990044	0.09999999999943968	1.509999999991539	172.4999999990334	0.09999999999943968	0.09999999999943968	4.919999999972433	91.18759999948904	91.18759999948904	80.38499999954958	80.38499999954958	124.201969813508	1	124.201969813508	0	1	0	0	1	0	5444.831795377658	5444.831795377658	5449.764345461759	5449.764345461759	21883.89742787219	21883.89742787219	5450.909577382348	5450.909577382348	5450.909576006431	0.9997417060059373	-0.02270141732547895	0.001080242451052426	0.02270420029344941	0.9997387466008362	-0.002637770654169216	-0.001020079101610956	0.00266161537482571	0.9999959376128602	-0.02270338090567357	0.001080242661145966	-0.002637775252085845	0.0005743707124154401	0.008672997757473143	0.9907894789166339	0.0005743707124154401	0.0005743707124154401	0.02825903905083965	0	0.0006068707411111023	0.01020553369234002	
47	115.8474850080353	246.2196507927577	2.71828	1.21358	1.16637e-05	0.2581069881028696	5.993044534209371	1.263861621190769	-1.238046052351134	-0.9302829541215486	13.23779961450413	4.615253460456734	-3.160756367224863	4.919999999972433	1.509999999991539	0.09999999999943968	0	0.105658371499408	0.09999999999943968	172.4999999990334	1.776819999990044	0.09999999999943968	91.18759999948904	0	0	0	3.14159	165.3220665983416	-4855.856771584628	-1861.268724098851	0	0	0	0	0	2	2.085	2.4952	0.00775795	0.1172	-0.02270338090567357	0.001080242661145966	-0.002637775252085845	29674106.26123359	0	0	5444.831795377658	5449.764345461759	5450.909577382348	124.201969813508	478761428.3863776	246.2196507927577	-7823.75405	0	0	0	0	0.105658371499408	1.776819999990044	0.09999999999943968	1.509999999991539	172.4999999990334	0.09999999999943968	0.09999999999943968	4.919999999972433	91.18759999948904	91.18759999948904	80.38499999954958	80.38499999954958	124.201969813508	1	124.201969813508	0	1	0	0	1	0	5444.831795377658	5444.831795377658	5449.764345461759	5449.764345461759	21883.89742787219	21883.89742787219	5450.909577382348	5450.909577382348	5450.909576006431	0.9997417060059373	-0.02270141732547895	0.001080242451052426	0.02270420029344941	0.9997387466008362	-0.002637770654169216	-0.001020079101610956	0.00266161537482571	0.9999959376128602	-0.02270338090567357	0.001080242661145966	-0.002637775252085845	0.0005743707124154401	0.008672997757473143	0.9907894789166339	0.0005743707124154401	0.0005743707124154401	0.02825903905083965	0	0.0006068707411111023	0.01020553369234002	
48	113.4339957370345	246.2196507927577	2.71828	1.21358	1.16637e-05	0.2581069881028696	5.993044534209371	1.263861621190769	-1.238046052351134	-0.9302829541215486	13.23779961450413	4.615253460456734	-3.160756367224863	4.919999999972433	1.509999999991539	0.09999999999943968	0	0.105658371499408	0.09999999999943968	172.4999999990334	1.776819999990044	0.09999999999943968	91.18759999948904	0	0	0	3.14159	165.3220665983416	-4855.856771584628	-1861.268724098851	0	0	0	0	0	2	2.085	2.4952	0.00775795	0.1172	-0.02270338090567357	0.001080242661145966	-0.002637775252085845	29674106.26123359	0	0	5444.831795377658	5449.764345461759	5450.909577382348	124.201969813508	478761428.3863776	246.2196507927577	-7823.75405	0	0	0	0	0.105658371499408	1.776819999990044	0.09999999999943968	1.509999999991539	172.4999999990334	0.09999999999943968	0.09999999999943968	4.919999999972433	91.18759999948904	91.18759999948904	80.38499999954958	80.38499999954958	124.201969813508	1	124.201969813508	0	1	0	0	1	0	5444.831795377658	5444.831795377658	5449.764345461759	5449.764345461759	21883.89742787219	21883.89742787219	5450.909577382348	5450.909577382348	5450.909576006431	0.9997417060059373	-0.02270141732547895	0.001080242451052426	0.02270420029344941	0.9997387466008362	-0.002637770654169216	-0.001020079101610956	0.00266161537482571	0.9999959376128602	-0.02270338090567357	0.001080242661145966	-0.002637775252085845	0.0005743707124154401	0.008672997757473143	0.9907894789166339	0.0005743707124154401	0.0005743707124154401	0.02825903905083965	0	0.0006068707411111023	0.01020553369234002	
49	111.1190162321971	246.2196507927577	2.71828	1.21358	1.16637e-05	0.2581069881028696	5.993044534209371	1.263861621190769	-1.238046052351134	-0.9302829541215486	13.23779961450413	4.615253460456734	-3.160756367224863	4.919999999972433	1.509999999991539	0.09999999999943968	0	0.105658371499408	0.09999999999943968	172.4999999990334	1.776819999990044	0.09999999999943968	91.18759999948904	0	0	0	3.14159	165.3220665983416	-4855.856771584628	-1861.268724098851	0	0	0	0	0	2	2.085	2.4952	0.00775795	0.1172	-0.02270338090567357	0.001080242661145966	-0.002637775252085845	29674106.26123359	0	0	5444.831795377658	5449.764345461759	5450.909577382348	124.201969813508	478761428.3863776	246.2196507927577	-7823.75405	0	0	0	0	0.105658371499408	1.776819999990044	0.09999999999943968	1.509999999991539	172.4999999990334	0.09999999999943968	0.09999999999943968	4.919999999972433	91.18759999948904	91.18759999948904	80.38499999954958	80.38499999954958	124.201969813508	1	124.201969813508	0	1	0	0	1	0	5444.831795377658	5444.831795377658	5449.764345461759	5449.764345461759	21883.89742787219	21883.89742787219	5450.909577382348	5450.909577382348	5450.909576006431	0.9997417060059373	-0.02270141732547895	0.001080242451052426	0.02270420029344941	0.9997387466008362	-0.002637770654169216	-0.001020079101610956	0.00266161537482571	0.9999959376128602	-0.02270338090567357	0.001080242661145966	-0.002637775252085845	0.0005743707124154401	0.008672997757473143	0.9907894789166339	0.0005743707124154401	0.0005743707124154401	0.02825903905083965	0	0.0006068707411111023	0.01020553369234002	
50	108.8966359075532	246.2196507927577	2.71828	1.21358	1.16637e-05	0.2581069881028696	5.993044534209371	1.263861621190769	-1.238046052351134	-0.9302829541215486	13.23779961450413	4.615253460456734	-3.160756367224863	4.919999999972433	1.509999999991539	0.09999999999943968	0	0.105658371499408	0.09999999999943968	172.4999999990334	1.776819999990044	0.09999999999943968	91.18759999948904	0	0	0	3.14159	165.3220665983416	-4855.856771584628	-1861.268724098851	0	0	0	0	0	2	2.085	2.4952	0.00775795	0.1172	-0.02270338090567357	0.001080242661145966	-0.002637775252085845	29674106.26123359	0	0	5444.831795377658	5449.764345461759	5450.909577382348	124.201969813508	478761428.3863776	246.2196507927577	-7823.75405	0	0	0	0	0.105658371499408	1.776819999990044	0.09999999999943968	1.509999999991539	172.4999999990334	0.09999999999943968	0.09999999999943968	4.919999999972433	91.18759999948904	91.18759999948904	80.38499999954958	80.38499999954958	124.201969813508	1	124.201969813508	0	1	0	0	1	0	5444.831795377658	5444.831795377658	5449.764345461759	5449.764345461759	21883.89742787219	21883.89742787219	5450.909577382348	5450.909577382348	5450.909576006431	0.9997417060059373	-0.02270141732547895	0.001080242451052426	0.02270420029344941	0.9997387466008362	-0.002637770654169216	-0.001020079101610956	0.00266161537482571	0.9999959376128602	-0.02270338090567357	0.001080242661145966	-0.002637775252085845	0.0005743707124154401	0.008672997757473143	0.9907894789166339	0.0005743707124154401	0.0005743707124154401	0.02825903905083965	0	0.0006068707411111023	0.01020553369234002	
51	106.7614077525031	246.2196507927577	2.71828	1.21358	1.16637e-05	0.2581069881028696	5.993044534209371	1.263861621190769	-1.238046052351134	-0.9302829541215486	13.23779961450413	4.615253460456734	-3.160756367224863	4.919999999972433	1.509999999991539	0.09999999999943968	0	0.105658371499408	0.09999999999943968	172.4999999990334	1.776819999990044	0.09999999999943968	91.18759999948904	0	0	0	3.14159	165.3220665983416	-4855.856771584628	-1861.268724098851	0	0	0	0	0	2	2.085	2.4952	0.00775795	0.1172	-0.02270338090567357	0.001080242661145966	-0.002637775252085845	29674106.26123359	0	0	5444.831795377658	5449.764345461759	5450.909577382348	124.201969813508	478761428.3863776	246.2196507927577	-7823.75405	0	0	0	0	0.105658371499408	1.776819999990044	0.09999999999943968	1.509999999991539	172.4999999990334	0.09999999999943968	0.09999999999943968	4.919999999972433	91.18759999948904	91.18759999948904	80.38499999954958	80.38499999954958	124.201969813508	1	124.201969813508	0	1	0	0	1	0	5444.831795377658	5444.831795377658	5449.764345461759	5449.764345461759	21883.89742787219	21883.89742787219	5450.909577382348	5450.909577382348	5450.909576006431	0.9997417060059373	-0.02270141732547895	0.001080242451052426	0.02270420029344941	0.9997387466008362	-0.002637770654169216	-0.001020079101610956	0.00266161537482571	0.9999959376128602	-0.02270338090567357	0.001080242661145966	-0.002637775252085845	0.0005743707124154401	0.008672997757473143	0.9907894789166339	0.0005743707124154401	0.0005743707124154401	0.02825903905083965	0	0.0006068707411111023	0.01020553369234002	
52	104.7083037572627	246.2196507927577	2.71828	1.21358	1.16637e-05	0.2581069881028696	5.993044534209371	1.263861621190769	-1.238046052351134	-0.9302829541215486	13.23779961450413	4.615253460456734	-3.160756367224863	4.919999999972433	1.509999999991539	0.09999999999943968	0	0.105658371499408	0.09999999999943968	172.4999999990334	1.776819999990044	0.09999999999943968	91.18759999948904	0	0	0	3.14159	165.3220665983416	-4855.856771584628	-1861.268724098851	0	0	0	0	0	2	2.085	2.4952	0.00775795	0.1172	-0.02270338090567357	0.001080242661145966	-0.002637775252085845	29674106.26123359	0	0	5444.831795377658	5449.764345461759	5450.909577382348	124.201969813508	478761428.3863776	246.2196507927577	-7823.75405	0	0	0	0	0.105658371499408	1.776819999990044	0.09999999999943968	1.509999999991539	172.4999999990334	0.09999999999943968	0.09999999999943968	4.919999999972433	91.18759999948904	91.18759999948904	80.38499999954958	80.38499999954958	124.201969813508	1	124.201969813508	0	1	0	0	1	0	5444.831795377658	5444.831795377658	5449.764345461759	5449.764345461759	21883.89742787219	21883.89742787219	5450.909577382348	5450.909577382348	5450.909576006431	0.9997417060059373	-0.02270141732547895	0.001080242451052426	0.02270420029344941	0.9997387466008362	-0.002637770654169216	-0.001020079101610956	0.00266161537482571	0.9999959376128602	-0.02270338090567357	0.001080242661145966	-0.002637775252085845	0.0005743707124154401	0.008672997757473143	0.9907894789166339	0.0005743707124154401	0.0005743707124154401	0.02825903905083965	0	0.0006068707411111023	0.01020553369234002	
53	102.7326753844841	246.2196507927577	2.71828	1.21358	1.16637e-05	0.2581069881028696	5.993044534209371	1.263861621190769	-1.238046052351134	-0.9302829541215486	13.23779961450413	4.615253460456734	-3.160756367224863	4.919999999972433	1.509999999991539	0.09999999999943968	0	0.105658371499408	0.09999999999943968	172.4999999990334	1.776819999990044	0.09999999999943968	91.18759999948904	0	0	0	3.14159	165.3220665983416	-4855.856771584628	-1861.268724098851	0	0	0	0	0	2	2.085	2.4952	0.00775795	0.1172	-0.02270338090567357	0.001080242661145966	-0.002637775252085845	29674106.26123359	0	0	5444.831795377658	5449.764345461759	5450.909577382348	124.201969813508	478761428.3863776	246.2196507927577	-7823.75405	0	0	0	0	0.105658371499408	1.776819999990044	0.09999999999943968	1.509999999991539	172.4999999990334	0.09999999999943968	0.09999999999943968	4.919999999972433	91.18759999948904	91.18759999948904	80.38499999954958	80.38499999954958	124.201969813508	1	124.201969813508	0	1	0	0	1	0	5444.831795377658	5444.831795377658	5449.764345461759	5449.764345461759	21883.89742787219	21883.89742787219	5450.909577382348	5450.909577382348	5450.909576006431	0.9997417060059373	-0.02270141732547895	0.001080242451052426	0.02270420029344941	0.9997387466008362	-0.002637770654169216	-0.001020079101610956	0.00266161537482571	0.9999959376128602	-0.02270338090567357	0.001080242661145966	-0.002637775252085845	0.0005743707124154401	0.008672997757473143	0.9907894789166339	0.0005743707124154401	0.0005743707124154401	0.02825903905083965	0	0.0006068707411111023	0.01020553369234002	
54	100.8302184329196	246.2196507927577	2.71828	1.21358	1.16637e-05	0.2581069881028696	5.993044534209371	1.263861621190769	-1.238046052351134	-0.9302829541215486	13.23779961450413	4.615253460456734	-3.160756367224863	4.919999999972433	1.509999999991539	0.09999999999943968	0	0.105658371499408	0.09999999999943968	172.4999999990334	1.776819999990044	0.09999999999943968	91.18759999948904	0	0	0	3.14159	165.3220665983416	-4855.856771584628	-1861.268724098851	0	0	0	0	0	2	2.085	2.4952	0.00775795	0.1172	-0.02270338090567357	0.001080242661145966	-0.002637775252085845	29674106.26123359	0	0	5444.831795377658	5449.764345461759	5450.909577382348	124.201969813508	478761428.3863776	246.2196507927577	-7823.75405	0	0	0	0	0.105658371499408	1.776819999990044	0.09999999999943968	1.509999999991539	172.4999999990334	0.09999999999943968	0.09999999999943968	4.919999999972433	91.18759999948904	91.18759999948904	80.38499999954958	80.38499999954958	124.201969813508	1	124.201969813508	0	1	0	0	1	0	5444.831795377658	5444.831795377658	5449.764345461759	5449.764345461759	21883.89742787219	21883.89742787219	5450.909577382348	5450.909577382348	5450.909576006431	0.9997417060059373	-0.02270141732547895	0.001080242451052426	0.02270420029344941	0.9997387466008362	-0.002637770654169216	-0.001020079101610956	0.00266161537482571	0.9999959376128602	-0.02270338090567357	0.001080242661145966	-0.002637775252085845	0.0005743707124154401	0.008672997757473143	0.9907894789166339	0.0005743707124154401	0.0005743707124154401	0.02825903905083965	0	0.0006068707411111023	0.01020553369234002	
55	98.99694173413923	246.2196507927577	2.71828	1.21358	1.16637e-05	0.2581069881028696	5.993044534209371	1.263861621190769	-1.238046052351134	-0.9302829541215486	13.23779961450413	4.615253460456734	-3.160756367224863	4.919999999972433	1.509999999991539	0.09999999999943968	0	0.105658371499408	0.09999999999943968	172.4999999990334	1.776819999990044	0.09999999999943968	91.18759999948904	0	0	0	3.14159	165.3220665983416	-4855.856771584628	-1861.268724098851	0	0	0	0	0	2	2.085	2.4952	0.00775795	0.1172	-0.02270338090567357	0.001080242661145966	-0.002637775252085845	29674106.26123359	0	0	5444.831795377658	5449.764345461759	5450.909577382348	124.201969813508	478761428.3863776	246.2196507927577	-7823.75405	0	0	0	0	0.105658371499408	1.776819999990044	0.09999999999943968	1.509999999991539	172.4999999990334	0.09999999999943968	0.09999999999943968	4.919999999972433	91.18759999948904	91.18759999948904	80.38499999954958	80.38499999954958	124.201969813508	1	124.201969813508	0	1	0	0	1	0	5444.831795377658	5444.831795377658	5449.764345461759	5449.764345461759	21883.89742787219	21883.89742787219	5450.909577382348	5450.909577382348	5450.909576006431	0.9997417060059373	-0.02270141732547895	0.001080242451052426	0.02270420029344941	0.9997387466008362	-0.002637770654169216	-0.001020079101610956	0.00266161537482571	0.9999959376128602	-0.02270338090567357	0.001080242661145966	-0.002637775252085845	0.0005743707124154401	0.008672997757473143	0.9907894789166339	0.0005743707124154401	0.0005743707124154401	0.02825903905083965	0	0.0006068707411111023	0.01020553369234002	
56	97.22913920317247	246.2196507927577	2.71828	1.21358	1.16637e-05	0.2581069881028696	5.993044534209371	1.263861621190769	-1.238046052351134	-0.9302829541215486	13.23779961450413	4.615253460456734	-3.160756367224863	4.919999999972433	1.509999999991539	0.09999999999943968	0	0.105658371499408	0.09999999999943968	172.4999999990334	1.776819999990044	0.09999999999943968	91.18759999948904	0	0	0	3.14159	165.3220665983416	-4855.856771584628	-1861.268724098851	0	0	0	0	0	2	2.085	2.4952	0.00775795	0.1172	-0.02270338090567357	0.001080242661145966	-0.002637775252085845	29674106.26123359	0	0	5444.831795377658	5449.764345461759	5450.909577382348	124.201969813508	478761428.3863776	246.2196507927577	-7823.75405	0	0	0	0	0.105658371499408	1.776819999990044	0.09999999999943968	1.509999999991539	172.4999999990334	0.09999999999943968	0.09999999999943968	4.919999999972433	91.18759999948904	91.18759999948904	80.38499999954958	80.38499999954958	124.201969813508	1	124.201969813508	0	1	0	0	1	0	5444.831795377658	5444.831795377658	5449.764345461759	5449.764345461759	21883.89742787219	21883.89742787219	5450.909577382348	5450.909577382348	5450.909576006431	0.9997417060059373	-0.02270141732547895	0.001080242451052426	0.02270420029344941	0.9997387466008362	-0.002637770654169216	-0.001020079101610956	0.00266161537482571	0.9999959376128602	-0.02270338090567357	0.001080242661145966	-0.002637775252085845	0.0005743707124154401	0.008672997757473143	0.9907894789166339	0.0005743707124154401	0.0005743707124154401	0.02825903905083965	0	0.0006068707411111023	0.01020553369234002	
57	95.52336483118698	246.2196507927577	2.71828	1.21358	1.16637e-05	0.2581069881028696	5.993044534209371	1.263861621190769	-1.238046052351134	-0.9302829541215486	13.23779961450413	4.615253460456734	-3.160756367224863	4.919999999972433	1.509999999991539	0.09999999999943968	0	0.105658371499408	0.09999999999943968	172.4999999990334	1.776819999990044	0.09999999999943968	91.18759999948904	0	0	0	3.14159	165.3220665983416	-4855.856771584628	-1861.268724098851	0	0	0	0	0	2	2.085	2.4952	0.00775795	0.1172	-0.02270338090567357	0.001080242661145966	-0.002637775252085845	29674106.26123359	0	0	5444.831795377658	5449.764345461759	5450.909577382348	124.201969813508	478761428.3863776	246.2196507927577	-7823.75405	0	0	0	0	0.105658371499408	1.776819999990044	0.09999999999943968	1.509999999991539	172.4999999990334	0.09999999999943968	0.09999999999943968	4.919999999972433	91.18759999948904	91.18759999948904	80.38499999954958	80.38499999954958	124.201969813508	1	124.201969813508	0	1	0	0	1	0	5444.831795377658	5444.831795377658	5449.764345461759	5449.764345461759	21883.89742787219	21883.89742787219	5450.909577382348	5450.909577382348	5450.909576006431	0.9997417060059373	-0.02270141732547895	0.001080242451052426	0.02270420029344941	0.9997387466008362	-0.002637770654169216	-0.001020079101610956	0.00266161537482571	0.9999959376128602	-0.02270338090567357	0.001080242661145966	-0.002637775252085845	0.0005743707124154401	0.008672997757473143	0.9907894789166339	0.0005743707124154401	0.0005743707124154401	0.02825903905083965	0	0.0006068707411111023	0.01020553369234002	
58	93.87641026513202	246.2196507927577	2.71828	1.21358	1.16637e-05	0.2581069881028696	5.993044534209371	1.263861621190769	-1.238046052351134	-0.9302829541215486	13.23779961450413	4.615253460456734	-3.160756367224863	4.919999999972433	1.509999999991539	0.09999999999943968	0	0.105658371499408	0.09999999999943968	172.4999999990334	1.776819999990044	0.09999999999943968	91.18759999948904	0	0	0	3.14159	165.3220665983416	-4855.856771584628	-1861.268724098851	0	0	0	0	0	2	2.085	2.4952	0.00775795	0.1172	-0.02270338090567357	0.001080242661145966	-0.002637775252085845	29674106.26123359	0	0	5444.831795377658	5449.764345461759	5450.909577382348	124.201969813508	478761428.3863776	246.2196507927577	-7823.75405	0	0	0	0	0.105658371499408	1.776819999990044	0.09999999999943968	1.509999999991539	172.4999999990334	0.09999999999943968	0.09999999999943968	4.919999999972433	91.18759999948904	91.18759999948904	80.38499999954958	80.38499999954958	124.201969813508	1	124.201969813508	0	1	0	0	1	0	5444.831795377658	5444.831795377658	5449.764345461759	5449.764345461759	21883.89742787219	21883.89742787219	5450.909577382348	5450.909577382348	5450.909576006431	0.9997417060059373	-0.02270141732547895	0.001080242451052426	0.02270420029344941	0.9997387466008362	-0.002637770654169216	-0.001020079101610956	0.00266161537482571	0.9999959376128602	-0.02270338090567357	0.001080242661145966	-0.002637775252085845	0.0005743707124154401	0.008672997757473143	0.9907894789166339	0.0005743707124154401	0.0005743707124154401	0.02825903905083965	0	0.0006068707411111023	0.01020553369234002	
59	92.28528466741793	246.2196507927577	2.71828	1.21358	1.16637e-05	0.2581069881028696	5.993044534209371	1.263861621190769	-1.238046052351134	-0.9302829541215486	13.23779961450413	4.615253460456734	-3.160756367224863	4.919999999972433	1.509999999991539	0.09999999999943968	0	0.105658371499408	0.09999999999943968	172.4999999990334	1.776819999990044	0.09999999999943968	91.18759999948904	0	0	0	3.14159	165.3220665983416	-4855.856771584628	-1861.268724098851	0	0	0	0	0	2	2.085	2.4952	0.00775795	0.1172	-0.02270338090567357	0.001080242661145966	-0.002637775252085845	29674106.26123359	0	0	5444.831795377658	5449.764345461759	5450.909577382348	124.201969813508	478761428.3863776	246.2196507927577	-7823.75405	0	0	0	0	0.105658371499408	1.776819999990044	0.09999999999943968	1.509999999991539	172.4999999990334	0.09999999999943968	0.09999999999943968	4.919999999972433	91.18759999948904	91.18759999948904	80.38499999954958	80.38499999954958	124.201969813508	1	124.201969813508	0	1	0	0	1	0	5444.831795377658	5444.831795377658	5449.764345461759	5449.764345461759	21883.89742787219	21883.89742787219	5450.909577382348	5450.909577382348	5450.909576006431	0.9997417060059373	-0.02270141732547895	0.001080242451052426	0.02270420029344941	0.9997387466008362	-0.002637770654169216	-0.001020079101610956	0.00266161537482571	0.9999959376128602	-0.02270338090567357	0.001080242661145966	-0.002637775252085845	0.0005743707124154401	0.008672997757473143	0.9907894789166339	0.0005743707124154401	0.0005743707124154401	0.02825903905083965	0	0.0006068707411111023	0.01020553369234002	
60	90.74719658962763	246.2196507927577	2.71828	1.21358	1.16637e-05	0.2581069881028696	5.993044534209371	1.263861621190769	-1.238046052351134	-0.9302829541215486	13.23779961450413	4.615253460456734	-3.160756367224863	4.919999999972433	1.509999999991539	0.09999999999943968	0	0.105658371499408	0.09999999999943968	172.4999999990334	1.776819999990044	0.09999999999943968	91.18759999948904	0	0	0	3.14159	165.3220665983416	-4855.856771584628	-1861.268724098851	0	0	0	0	0	2	2.085	2.4952	0.00775795	0.1172	-0.02270338090567357	0.001080242661145966	-0.002637775252085845	29674106.26123359	0	0	5444.831795377658	5449.764345461759	5450.909577382348	124.201969813508	478761428.3863776	246.2196507927577	-7823.75405	0	0	0	0	0.105658371499408	1.776819999990044	0.09999999999943968	1.509999999991539	172.4999999990334	0.09999999999943968	0.09999999999943968	4.919999999972433	91.18759999948904	91.18759999948904	80.38499999954958	80.38499999954958	124.201969813508	1	124.201969813508	0	1	0	0	1	0	5444.831795377658	5444.831795377658	5449.764345461759	5449.764345461759	21883.89742787219	21883.89742787219	5450.909577382348	5450.909577382348	5450.909576006431	0.9997417060059373	-0.02270141732547895	0.001080242451052426	0.02270420029344941	0.9997387466008362	-0.002637770654169216	-0.001020079101610956	0.00266161537482571	0.9999959376128602	-0.02270338090567357	0.001080242661145966	-0.002637775252085845	0.0005743707124154401	0.008672997757473143	0.9907894789166339	0.0005743707124154401	0.0005743707124154401	0.02825903905083965	0	0.0006068707411111023	0.01020553369234002	
61	89.25953762914193	246.2196507927577	2.71828	1.21358	1.16637e-05	0.2581069881028696	5.993044534209371	1.263861621190769	-1.238046052351134	-0.9302829541215486	13.23779961450413	4.615253460456734	-3.160756367224863	4.919999999972433	1.509999999991539	0.09999999999943968	0	0.105658371499408	0.09999999999943968	172.4999999990334	1.776819999990044	0.09999999999943968	91.18759999948904	0	0	0	3.14159	165.3220665983416	-4855.856771584628	-1861.268724098851	0	0	0	0	0	2	2.085	2.4952	0.00775795	0.1172	-0.02270338090567357	0.001080242661145966	-0.002637775252085845	29674106.26123359	0	0	5444.831795377658	5449.764345461759	5450.909577382348	124.201969813508	478761428.3863776	246.2196507927577	-7823.75405	0	0	0	0	0.105658371499408	1.776819999990044	0.09999999999943968	1.509999999991539	172.4999999990334	0.09999999999943968	0.09999999999943968	4.919999999972433	91.18759999948904	91.18759999948904	80.38499999954958	80.38499999954958	124.201969813508	1	124.201969813508	0	1	0	0	1	0	5444.831795377658	5444.831795377658	5449.764345461759	5449.764345461759	21883.89742787219	21883.89742787219	5450.909577382348	5450.909577382348	5450.909576006431	0.9997417060059373	-0.02270141732547895	0.001080242451052426	0.02270420029344941	0.9997387466008362	-0.002637770654169216	-0.001020079101610956	0.00266161537482571	0.9999959376128602	-0.02270338090567357	0.001080242661145966	-0.002637775252085845	0.0005743707124154401	0.008672997757473143	0.9907894789166339	0.0005743707124154401	0.0005743707124154401	0.02825903905083965	0	0.0006068707411111023	0.01020553369234002	
62	87.81986766738157	246.2196507927577	2.71828	1.21358	1.16637e-05	0.2581069881028696	5.993044534209371	1.263861621190769	-1.238046052351134	-0.9302829541215486	13.23779961450413	4.615253460456734	-3.160756367224863	4.919999999972433	1.509999999991539	0.09999999999943968	0	0.105658371499408	0.09999999999943968	172.4999999990334	1.776819999990044	0.09999999999943968	91.18759999948904	0	0	0	3.14159	165.3220665983416	-4855.856771584628	-1861.268724098851	0	0	0	0	0	2	2.085	2.4952	0.00775795	0.1172	-0.02270338090567357	0.001080242661145966	-0.002637775252085845	29674106.26123359	0	0	5444.831795377658	5449.764345461759	5450.909577382348	124.201969813508	478761428.3863776	246.2196507927577	-7823.75405	0	0	0	0	0.105658371499408	1.776819999990044	0.09999999999943968	1.509999999991539	172.4999999990334	0.09999999999943968	0.09999999999943968	4.919999999972433	91.18759999948904	91.18759999948904	80.38499999954958	80.38499999954958	124.201969813508	1	124.201969813508	0	1	0	0	1	0	5444.831795377658	5444.831795377658	5449.764345461759	5449.764345461759	21883.89742787219	21883.89742787219	5450.909577382348	5450.909577382348	5450.909576006431	0.9997417060059373	-0.02270141732547895	0.001080242451052426	0.02270420029344941	0.9997387466008362	-0.002637770654169216	-0.001020079101610956	0.00266161537482571	0.9999959376128602	-0.02270338090567357	0.001080242661145966	-0.002637775252085845	0.0005743707124154401	0.008672997757473143	0.9907894789166339	0.0005743707124154401	0.0005743707124154401	0.02825903905083965	0	0.0006068707411111023	0.01020553369234002	
63	86.42590151393108	246.2196507927577	2.71828	1.21358	1.16637e-05	0.2581069881028696	5.993044534209371	1.263861621190769	-1.238046052351134	-0.9302829541215486	13.23779961450413	4.615253460456734	-3.160756367224863	4.919999999972433	1.509999999991539	0.09999999999943968	0	0.105658371499408	0.09999999999943968	172.4999999990334	1.776819999990044	0.09999999999943968	91.18759999948904	0	0	0	3.14159	165.3220665983416	-4855.856771584628	-1861.268724098851	0	0	0	0	0	2	2.085	2.4952	0.00775795	0.1172	-0.02270338090567357	0.001080242661145966	-0.002637775252085845	29674106.26123359	0	0	5444.831795377658	5449.764345461759	5450.909577382348	124.201969813508	478761428.3863776	246.2196507927577	-7823.75405	0	0	0	0	0.105658371499408	1.776819999990044	0.09999999999943968	1.509999999991539	172.4999999990334	0.09999999999943968	0.09999999999943968	4.919999999972433	91.18759999948904	91.18759999948904	80.38499999954958	80.38499999954958	124.201969813508	1	124.201969813508	0	1	0	0	1	0	5444.831795377658	5444.831795377658	5449.764345461759	5449.764345461759	21883.89742787219	21883.89742787219	5450.909577382348	5450.909577382348	5450.909576006431	0.9997417060059373	-0.02270141732547895	0.001080242451052426	0.02270420029344941	0.9997387466008362	-0.002637770654169216	-0.001020079101610956	0.00266161537482571	0.9999959376128602	-0.02270338090567357	0.001080242661145966	-0.002637775252085845	0.0005743707124154401	0.008672997757473143	0.9907894789166339	0.0005743707124154401	0.0005743707124154401	0.02825903905083965	0	0.0006068707411111023	0.01020553369234002	
64	85.0754968027759	246.2196507927577	2.71828	1.21358	1.16637e-05	0.2581069881028696	5.993044534209371	1.263861621190769	-1.238046052351134	-0.9302829541215486	13.23779961450413	4.615253460456734	-3.160756367224863	4.919999999972433	1.509999999991539	0.09999999999943968	0	0.105658371499408	0.09999999999943968	172.4999999990334	1.776819999990044	0.09999999999943968	91.18759999948904	0	0	0	3.14159	165.3220665983416	-4855.856771584628	-1861.268724098851	0	0	0	0	0	2	2.085	2.4952	0.00775795	0.1172	-0.02270338090567357	0.001080242661145966	-0.002637775252085845	29674106.26123359	0	0	5444.831795377658	5449.764345461759	5450.909577382348	124.201969813508	478761428.3863776	246.2196507927577	-7823.75405	0	0	0	0	0.105658371499408	1.776819999990044	0.09999999999943968	1.509999999991539	172.4999999990334	0.09999999999943968	0.09999999999943968	4.919999999972433	91.18759999948904	91.18759999948904	80.38499999954958	80.38499999954958	124.201969813508	1	124.201969813508	0	1	0	0	1	0	5444.831795377658	5444.831795377658	5449.764345461759	5449.764345461759	21883.89742787219	21883.89742787219	5450.909577382348	5450.909577382348	5450.909576006431	0.9997417060059373	-0.02270141732547895	0.001080242451052426	0.02270420029344941	0.9997387466008362	-0.002637770654169216	-0.001020079101610956	0.00266161537482571	0.9999959376128602	-0.02270338090567357	0.001080242661145966	-0.002637775252085845	0.0005743707124154401	0.008672997757473143	0.9907894789166339	0.0005743707124154401	0.0005743707124154401	0.02825903905083965	0	0.0006068707411111023	0.01020553369234002	
65	83.76664300581012	246.2196507927577	2.71828	1.21358	1.16637e-05	0.2581069881028696	5.993044534209371	1.263861621190769	-1.238046052351134	-0.9302829541215486	13.23779961450413	4.615253460456734	-3.160756367224863	4.919999999972433	1.509999999991539	0.09999999999943968	0	0.105658371499408	0.09999999999943968	172.4999999990334	1.776819999990044	0.09999999999943968	91.18759999948904	0	0	0	3.14159	165.3220665983416	-4855.856771584628	-1861.268724098851	0	0	0	0	0	2	2.085	2.4952	0.00775795	0.1172	-0.02270338090567357	0.001080242661145966	-0.002637775252085845	29674106.26123359	0	0	5444.831795377658	5449.764345461759	5450.909577382348	124.201969813508	478761428.3863776	246.2196507927577	-7823.75405	0	0	0	0	0.105658371499408	1.776819999990044	0.09999999999943968	1.509999999991539	172.4999999990334	0.09999999999943968	0.09999999999943968	4.919999999972433	91.18759999948904	91.18759999948904	80.38499999954958	80.38499999954958	124.201969813508	1	124.201969813508	0	1	0	0	1	0	5444.831795377658	5444.831795377658	5449.764345461759	5449.764345461759	21883.89742787219	21883.89742787219	5450.909577382348	5450.909577382348	5450.909576006431	0.9997417060059373	-0.02270141732547895	0.001080242451052426	0.02270420029344941	0.9997387466008362	-0.002637770654169216	-0.001020079101610956	0.00266161537482571	0.9999959376128602	-0.02270338090567357	0.001080242661145966	-0.002637775252085845	0.0005743707124154401	0.008672997757473143	0.9907894789166339	0.0005743707124154401	0.0005743707124154401	0.02825903905083965	0	0.0006068707411111023	0.01020553369234002	
66	82.49745144511603	246.2196507927577	2.71828	1.21358	1.16637e-05	0.2581069881028696	5.993044534209371	1.263861621190769	-1.238046052351134	-0.9302829541215486	13.23779961450413	4.615253460456734	-3.160756367224863	4.919999999972433	1.509999999991539	0.09999999999943968	0	0.105658371499408	0.09999999999943968	172.4999999990334	1.776819999990044	0.09999999999943968	91.18759999948904	0	0	0	3.14159	165.3220665983416	-4855.856771584628	-1861.268724098851	0	0	0	0	0	2	2.085	2.4952	0.00775795	0.1172	-0.02270338090567357	0.001080242661145966	-0.002637775252085845	29674106.26123359	0	0	5444.831795377658	5449.764345461759	5450.909577382348	124.201969813508	478761428.3863776	246.2196507927577	-7823.75405	0	0	0	0	0.105658371499408	1.776819999990044	0.09999999999943968	1.509999999991539	172.4999999990334	0.09999999999943968	0.09999999999943968	4.919999999972433	91.18759999948904	91.18759999948904	80.38499999954958	80.38499999954958	124.201969813508	1	124.201969813508	0	1	0	0	1	0	5444.831795377658	5444.831795377658	5449.764345461759	5449.764345461759	21883.89742787219	21883.89742787219	5450.909577382348	5450.909577382348	5450.909576006431	0.9997417060059373	-0.02270141732547895	0.001080242451052426	0.02270420029344941	0.9997387466008362	-0.002637770654169216	-0.001020079101610956	0.00266161537482571	0.9999959376128602	-0.02270338090567357	0.001080242661145966	-0.002637775252085845	0.0005743707124154401	0.008672997757473143	0.9907894789166339	0.0005743707124154401	0.0005743707124154401	0.02825903905083965	0	0.0006068707411111023	0.01020553369234002	
67	81.26614619966654	246.2196507927577	2.71828	1.21358	1.16637e-05	0.2581069881028696	5.993044534209371	1.263861621190769	-1.238046052351134	-0.9302829541215486	13.23779961450413	4.615253460456734	-3.160756367224863	4.919999999972433	1.509999999991539	0.09999999999943968	0	0.105658371499408	0.09999999999943968	172.4999999990334	1.776819999990044	0.09999999999943968	91.18759999948904	0	0	0	3.14159	165.3220665983416	-4855.856771584628	-1861.268724098851	0	0	0	0	0	2	2.085	2.4952	0.00775795	0.1172	-0.02270338090567357	0.001080242661145966	-0.002637775252085845	29674106.26123359	0	0	5444.831795377658	5449.764345461759	5450.909577382348	124.201969813508	478761428.3863776	246.2196507927577	-7823.75405	0	0	0	0	0.105658371499408	1.776819999990044	0.09999999999943968	1.509999999991539	172.4999999990334	0.09999999999943968	0.09999999999943968	4.919999999972433	91.18759999948904	91.18759999948904	80.38499999954958	80.38499999954958	124.201969813508	1	124.201969813508	0	1	0	0	1	0	5444.831795377658	5444.831795377658	5449.764345461759	5449.764345461759	21883.89742787219	21883.89742787219	5450.909577382348	5450.909577382348	5450.909576006431	0.9997417060059373	-0.02270141732547895	0.001080242451052426	0.02270420029344941	0.9997387466008362	-0.002637770654169216	-0.001020079101610956	0.00266161537482571	0.9999959376128602	-0.02270338090567357	0.001080242661145966	-0.002637775252085845	0.0005743707124154401	0.008672997757473143	0.9907894789166339	0.0005743707124154401	0.0005743707124154401	0.02825903905083965	0	0.0006068707411111023	0.01020553369234002	
68	80.07105581437732	246.2196507927577	2.71828	1.21358	1.16637e-05	0.2581069881028696	5.993044534209371	1.263861621190769	-1.238046052351134	-0.9302829541215486	13.23779961450413	4.615253460456734	-3.160756367224863	4.919999999972433	1.509999999991539	0.09999999999943968	0	0.105658371499408	0.09999999999943968	172.4999999990334	1.776819999990044	0.09999999999943968	91.18759999948904	0	0	0	3.14159	165.3220665983416	-4855.856771584628	-1861.268724098851	0	0	0	0	0	2	2.085	2.4952	0.00775795	0.1172	-0.02270338090567357	0.001080242661145966	-0.002637775252085845	29674106.26123359	0	0	5444.831795377658	5449.764345461759	5450.909577382348	124.201969813508	478761428.3863776	246.2196507927577	-7823.75405	0	0	0	0	0.105658371499408	1.776819999990044	0.09999999999943968	1.509999999991539	172.4999999990334	0.09999999999943968	0.09999999999943968	4.919999999972433	91.18759999948904	91.18759999948904	80.38499999954958	80.38499999954958	124.201969813508	1	124.201969813508	0	1	0	0	1	0	5444.831795377658	5444.831795377658	5449.764345461759	5449.764345461759	21883.89742787219	21883.89742787219	5450.909577382348	5450.909577382348	5450.909576006431	0.9997417060059373	-0.02270141732547895	0.001080242451052426	0.02270420029344941	0.9997387466008362	-0.002637770654169216	-0.001020079101610956	0.00266161537482571	0.9999959376128602	-0.02270338090567357	0.001080242661145966	-0.002637775252085845	0.0005743707124154401	0.008672997757473143	0.9907894789166339	0.0005743707124154401	0.0005743707124154401	0.02825903905083965	0	0.0006068707411111023	0.01020553369234002	
69	78.91060573011099	246.2196507927577	2.71828	1.21358	1.16637e-05	0.2581069881028696	5.993044534209371	1.263861621190769	-1.238046052351134	-0.9302829541215486	13.23779961450413	4.615253460456734	-3.160756367224863	4.919999999972433	1.509999999991539	0.09999999999943968	0	0.105658371499408	0.09999999999943968	172.4999999990334	1.776819999990044	0.09999999999943968	91.18759999948904	0	0	0	3.14159	165.3220665983416	-4855.856771584628	-1861.268724098851	0	0	0	0	0	2	2.085	2.4952	0.00775795	0.1172	-0.02270338090567357	0.001080242661145966	-0.002637775252085845	29674106.26123359	0	0	5444.831795377658	5449.764345461759	5450.909577382348	124.201969813508	478761428.3863776	246.2196507927577	-7823.75405	0	0	0	0	0.105658371499408	1.776819999990044	0.09999999999943968	1.509999999991539	172.4999999990334	0.09999999999943968	0.09999999999943968	4.919999999972433	91.18759999948904	91.18759999948904	80.38499999954958	80.38499999954958	124.201969813508	1	124.201969813508	0	1	0	0	1	0	5444.831795377658	5444.831795377658	5449.764345461759	5449.764345461759	21883.89742787219	21883.89742787219	5450.909577382348	5450.909577382348	5450.909576006431	0.9997417060059373	-0.02270141732547895	0.001080242451052426	0.02270420029344941	0.9997387466008362	-0.002637770654169216	-0.001020079101610956	0.00266161537482571	0.9999959376128602	-0.02270338090567357	0.001080242661145966	-0.002637775252085845	0.0005743707124154401	0.008672997757473143	0.9907894789166339	0.0005743707124154401	0.0005743707124154401	0.02825903905083965	0	0.0006068707411111023	0.01020553369234002	
70	77.78331136253797	246.2196507927577	2.71828	1.21358	1.16637e-05	0.2581069881028696	5.993044534209371	1.263861621190769	-1.238046052351134	-0.9302829541215486	13.23779961450413	4.615253460456734	-3.160756367224863	4.919999999972433	1.509999999991539	0.09999999999943968	0	0.105658371499408	0.09999999999943968	172.4999999990334	1.776819999990044	0.09999999999943968	91.18759999948904	0	0	0	3.14159	165.3220665983416	-4855.856771584628	-1861.268724098851	0	0	0	0	0	2	2.085	2.4952	0.00775795	0.1172	-0.02270338090567357	0.001080242661145966	-0.002637775252085845	29674106.26123359	0	0	5444.831795377658	5449.764345461759	5450.909577382348	124.201969813508	478761428.3863776	246.2196507927577	-7823.75405	0	0	0	0	0.105658371499408	1.776819999990044	0.09999999999943968	1.509999999991539	172.4999999990334	0.09999999999943968	0.09999999999943968	4.919999999972433	91.18759999948904	91.18759999948904	80.38499999954958	80.38499999954958	124.201969813508	1	124.201969813508	0	1	0	0	1	0	5444.831795377658	5444.831795377658	5449.764345461759	5449.764345461759	21883.89742787219	21883.89742787219	5450.909577382348	5450.909577382348	5450.909576006431	0.9997417060059373	-0.02270141732547895	0.001080242451052426	0.02270420029344941	0.9997387466008362	-0.002637770654169216	-0.001020079101610956	0.00266161537482571	0.9999959376128602	-0.02270338090567357	0.001080242661145966	-0.002637775252085845	0.0005743707124154401	0.008672997757473143	0.9907894789166339	0.0005743707124154401	0.0005743707124154401	0.02825903905083965	0	0.0006068707411111023	0.01020553369234002	
71	76.6877717658825	246.2196507927577	2.71828	1.21358	1.16637e-05	0.2581069881028696	5.993044534209371	1.263861621190769	-1.238046052351134	-0.9302829541215486	13.23779961450413	4.615253460456734	-3.160756367224863	4.919999999972433	1.509999999991539	0.09999999999943968	0	0.105658371499408	0.09999999999943968	172.4999999990334	1.776819999990044	0.09999999999943968	91.18759999948904	0	0	0	3.14159	165.3220665983416	-4855.856771584628	-1861.268724098851	0	0	0	0	0	2	2.085	2.4952	0.00775795	0.1172	-0.02270338090567357	0.001080242661145966	-0.002637775252085845	29674106.26123359	0	0	5444.831795377658	5449.764345461759	5450.909577382348	124.201969813508	478761428.3863776	246.2196507927577	-7823.75405	0	0	0	0	0.105658371499408	1.776819999990044	0.09999999999943968	1.509999999991539	172.4999999990334	0.09999999999943968	0.09999999999943968	4.919999999972433	91.18759999948904	91.18759999948904	80.38499999954958	80.38499999954958	124.201969813508	1	124.201969813508	0	1	0	0	1	0	5444.831795377658	5444.831795377658	5449.764345461759	5449.764345461759	21883.89742787219	21883.89742787219	5450.909577382348	5450.909577382348	5450.909576006431	0.9997417060059373	-0.02270141732547895	0.001080242451052426	0.02270420029344941	0.9997387466008362	-0.002637770654169216	-0.001020079101610956	0.00266161537482571	0.9999959376128602	-0.02270338090567357	0.001080242661145966	-0.002637775252085845	0.0005743707124154401	0.008672997757473143	0.9907894789166339	0.0005743707124154401	0.0005743707124154401	0.02825903905083965	0	0.0006068707411111023	0.01020553369234002	
72	75.6226638246897	246.2196507927577	2.71828	1.21358	1.16637e-05	0.2581069881028696	5.993044534209371	1.263861621190769	-1.238046052351134	-0.9302829541215486	13.23779961450413	4.615253460456734	-3.160756367224863	4.919999999972433	1.509999999991539	0.09999999999943968	0	0.105658371499408	0.09999999999943968	172.4999999990334	1.776819999990044	0.09999999999943968	91.18759999948904	0	0	0	3.14159	165.3220665983416	-4855.856771584628	-1861.268724098851	0	0	0	0	0	2	2.085	2.4952	0.00775795	0.1172	-0.02270338090567357	0.001080242661145966	-0.002637775252085845	29674106.26123359	0	0	5444.831795377658	5449.764345461759	5450.909577382348	124.201969813508	478761428.3863776	246.2196507927577	-7823.75405	0	0	0	0	0.105658371499408	1.776819999990044	0.09999999999943968	1.509999999991539	172.4999999990334	0.09999999999943968	0.09999999999943968	4.919999999972433	91.18759999948904	91.18759999948904	80.38499999954958	80.38499999954958	124.201969813508	1	124.201969813508	0	1	0	0	1	0	5444.831795377658	5444.831795377658	5449.764345461759	5449.764345461759	21883.89742787219	21883.89742787219	5450.909577382348	5450.909577382348	5450.909576006431	0.9997417060059373	-0.02270141732547895	0.001080242451052426	0.02270420029344941	0.9997387466008362	-0.002637770654169216	-0.001020079101610956	0.00266161537482571	0.9999959376128602	-0.02270338090567357	0.001080242661145966	-0.002637775252085845	0.0005743707124154401	0.008672997757473143	0.9907894789166339	0.0005743707124154401	0.0005743707124154401	0.02825903905083965	0	0.0006068707411111023	0.01020553369234002	
73	74.58673692298161	246.2196507927577	2.71828	1.21358	1.16637e-05	0.2581069881028696	5.993044534209371	1.263861621190769	-1.238046052351134	-0.9302829541215486	13.23779961450413	4.615253460456734	-3.160756367224863	4.919999999972433	1.509999999991539	0.09999999999943968	0	0.105658371499408	0.09999999999943968	172.4999999990334	1.776819999990044	0.09999999999943968	91.18759999948904	0	0	0	3.14159	165.3220665983416	-4855.856771584628	-1861.268724098851	0	0	0	0	0	2	2.085	2.4952	0.00775795	0.1172	-0.02270338090567357	0.001080242661145966	-0.002637775252085845	29674106.26123359	0	0	5444.831795377658	5449.764345461759	5450.909577382348	124.201969813508	478761428.3863776	246.2196507927577	-7823.75405	0	0	0	0	0.105658371499408	1.776819999990044	0.09999999999943968	1.509999999991539	172.4999999990334	0.09999999999943968	0.09999999999943968	4.919999999972433	91.18759999948904	91.18759999948904	80.38499999954958	80.38499999954958	124.201969813508	1	124.201969813508	0	1	0	0	1	0	5444.831795377658	5444.831795377658	5449.764345461759	5449.764345461759	21883.89742787219	21883.89742787219	5450.909577382348	5450.909577382348	5450.909576006431	0.9997417060059373	-0.02270141732547895	0.001080242451052426	0.02270420029344941	0.9997387466008362	-0.002637770654169216	-0.001020079101610956	0.00266161537482571	0.9999959376128602	-0.02270338090567357	0.001080242661145966	-0.002637775252085845	0.0005743707124154401	0.008672997757473143	0.9907894789166339	0.0005743707124154401	0.0005743707124154401	0.02825903905083965	0	0.0006068707411111023	0.01020553369234002	
74	73.57880804564402	246.2196507927577	2.71828	1.21358	1.16637e-05	0.2581069881028696	5.993044534209371	1.263861621190769	-1.238046052351134	-0.9302829541215486	13.23779961450413	4.615253460456734	-3.160756367224863	4.919999999972433	1.509999999991539	0.09999999999943968	0	0.105658371499408	0.09999999999943968	172.4999999990334	1.776819999990044	0.09999999999943968	91.18759999948904	0	0	0	3.14159	165.3220665983416	-4855.856771584628	-1861.268724098851	0	0	0	0	0	2	2.085	2.4952	0.00775795	0.1172	-0.02270338090567357	0.001080242661145966	-0.002637775252085845	29674106.26123359	0	0	5444.831795377658	5449.764345461759	5450.909577382348	124.201969813508	478761428.3863776	246.2196507927577	-7823.75405	0	0	0	0	0.105658371499408	1.776819999990044	0.09999999999943968	1.509999999991539	172.4999999990334	0.09999999999943968	0.09999999999943968	4.919999999972433	91.18759999948904	91.18759999948904	80.38499999954958	80.38499999954958	124.201969813508	1	124.201969813508	0	1	0	0	1	0	5444.831795377658	5444.831795377658	5449.764345461759	5449.764345461759	21883.89742787219	21883.89742787219	5450.909577382348	5450.909577382348	5450.909576006431	0.9997417060059373	-0.02270141732547895	0.001080242451052426	0.02270420029344941	0.9997387466008362	-0.002637770654169216	-0.001020079101610956	0.00266161537482571	0.9999959376128602	-0.02270338090567357	0.001080242661145966	-0.002637775252085845	0.0005743707124154401	0.008672997757473143	0.9907894789166339	0.0005743707124154401	0.0005743707124154401	0.02825903905083965	0	0.0006068707411111023	0.01020553369234002	
75	72.59775727170211	246.2196507927577	2.71828	1.21358	1.16637e-05	0.2581069881028696	5.993044534209371	1.263861621190769	-1.238046052351134	-0.9302829541215486	13.23779961450413	4.615253460456734	-3.160756367224863	4.919999999972433	1.509999999991539	0.09999999999943968	0	0.105658371499408	0.09999999999943968	172.4999999990334	1.776819999990044	0.09999999999943968	91.18759999948904	0	0	0	3.14159	165.3220665983416	-4855.856771584628	-1861.268724098851	0	0	0	0	0	2	2.085	2.4952	0.00775795	0.1172	-0.02270338090567357	0.001080242661145966	-0.002637775252085845	29674106.26123359	0	0	5444.831795377658	5449.764345461759	5450.909577382348	124.201969813508	478761428.3863776	246.2196507927577	-7823.75405	0	0	0	0	0.105658371499408	1.776819999990044	0.09999999999943968	1.509999999991539	172.4999999990334	0.09999999999943968	0.09999999999943968	4.919999999972433	91.18759999948904	91.18759999948904	80.38499999954958	80.38499999954958	124.201969813508	1	124.201969813508	0	1	0	0	1	0	5444.831795377658	5444.831795377658	5449.764345461759	5449.764345461759	21883.89742787219	21883.89742787219	5450.909577382348	5450.909577382348	5450.909576006431	0.9997417060059373	-0.02270141732547895	0.001080242451052426	0.02270420029344941	0.9997387466008362	-0.002637770654169216	-0.001020079101610956	0.00266161537482571	0.9999959376128602	-0.02270338090567357	0.001080242661145966	-0.002637775252085845	0.0005743707124154401	0.008672997757473143	0.9907894789166339	0.0005743707124154401	0.0005743707124154401	0.02825903905083965	0	0.0006068707411111023	0.01020553369234002	
76	71.64252362339023	246.2196507927577	2.71828	1.21358	1.16637e-05	0.2581069881028696	5.993044534209371	1.263861621190769	-1.238046052351134	-0.9302829541215486	13.23779961450413	4.615253460456734	-3.160756367224863	4.919999999972433	1.509999999991539	0.09999999999943968	0	0.105658371499408	0.09999999999943968	172.4999999990334	1.776819999990044	0.09999999999943968	91.18759999948904	0	0	0	3.14159	165.3220665983416	-4855.856771584628	-1861.268724098851	0	0	0	0	0	2	2.085	2.4952	0.00775795	0.1172	-0.02270338090567357	0.001080242661145966	-0.002637775252085845	29674106.26123359	0	0	5444.831795377658	5449.764345461759	5450.909577382348	124.201969813508	478761428.3863776	246.2196507927577	-7823.75405	0	0	0	0	0.105658371499408	1.776819999990044	0.09999999999943968	1.509999999991539	172.4999999990334	0.09999999999943968	0.09999999999943968	4.919999999972433	91.18759999948904	91.18759999948904	80.38499999954958	80.38499999954958	124.201969813508	1	124.201969813508	0	1	0	0	1	0	5444.831795377658	5444.831795377658	5449.764345461759	5449.764345461759	21883.89742787219	21883.89742787219	5450.909577382348	5450.909577382348	5450.909576006431	0.9997417060059373	-0.02270141732547895	0.001080242451052426	0.02270420029344941	0.9997387466008362	-0.002637770654169216	-0.001020079101610956	0.00266161537482571	0.9999959376128602	-0.02270338090567357	0.001080242661145966	-0.002637775252085845	0.0005743707124154401	0.008672997757473143	0.9907894789166339	0.0005743707124154401	0.0005743707124154401	0.02825903905083965	0	0.0006068707411111023	0.01020553369234002	
77	70.71210123867088	246.2196507927577	2.71828	1.21358	1.16637e-05	0.2581069881028696	5.993044534209371	1.263861621190769	-1.238046052351134	-0.9302829541215486	13.23779961450413	4.615253460456734	-3.160756367224863	4.919999999972433	1.509999999991539	0.09999999999943968	0	0.105658371499408	0.09999999999943968	172.4999999990334	1.776819999990044	0.09999999999943968	91.18759999948904	0	0	0	3.14159	165.3220665983416	-4855.856771584628	-1861.268724098851	0	0	0	0	0	2	2.085	2.4952	0.00775795	0.1172	-0.02270338090567357	0.001080242661145966	-0.002637775252085845	29674106.26123359	0	0	5444.831795377658	5449.764345461759	5450.909577382348	124.201969813508	478761428.3863776	246.2196507927577	-7823.75405	0	0	0	0	0.105658371499408	1.776819999990044	0.09999999999943968	1.509999999991539	172.4999999990334	0.09999999999943968	0.09999999999943968	4.919999999972433	91.18759999948904	91.18759999948904	80.38499999954958	80.38499999954958	124.201969813508	1	124.201969813508	0	1	0	0	1	0	5444.831795377658	5444.831795377658	5449.764345461759	5449.764345461759	21883.89742787219	21883.89742787219	5450.909577382348	5450.909577382348	5450.909576006431	0.9997417060059373	-0.02270141732547895	0.001080242451052426	0.02270420029344941	0.9997387466008362	-0.002637770654169216	-0.001020079101610956	0.00266161537482571	0.9999959376128602	-0.02270338090567357	0.001080242661145966	-0.002637775252085845	0.0005743707124154401	0.008672997757473143	0.9907894789166339	0.0005743707124154401	0.0005743707124154401	0.02825903905083965	0	0.0006068707411111023	0.01020553369234002	
78	69.8055358381751	246.2196507927577	2.71828	1.21358	1.16637e-05	0.2581069881028696	5.993044534209371	1.263861621190769	-1.238046052351134	-0.9302829541215486	13.23779961450413	4.615253460456734	-3.160756367224863	4.919999999972433	1.509999999991539	0.09999999999943968	0	0.105658371499408	0.09999999999943968	172.4999999990334	1.776819999990044	0.09999999999943968	91.18759999948904	0	0	0	3.14159	165.3220665983416	-4855.856771584628	-1861.268724098851	0	0	0	0	0	2	2.085	2.4952	0.00775795	0.1172	-0.02270338090567357	0.001080242661145966	-0.002637775252085845	29674106.26123359	0	0	5444.831795377658	5449.764345461759	5450.909577382348	124.201969813508	478761428.3863776	246.2196507927577	-7823.75405	0	0	0	0	0.105658371499408	1.776819999990044	0.09999999999943968	1.509999999991539	172.4999999990334	0.09999999999943968	0.09999999999943968	4.919999999972433	91.18759999948904	91.18759999948904	80.38499999954958	80.38499999954958	124.201969813508	1	124.201969813508	0	1	0	0	1	0	5444.831795377658	5444.831795377658	5449.764345461759	5449.764345461759	21883.89742787219	21883.89742787219	5450.909577382348	5450.909577382348	5450.909576006431	0.9997417060059373	-0.02270141732547895	0.001080242451052426	0.02270420029344941	0.9997387466008362	-0.002637770654169216	-0.001020079101610956	0.00266161537482571	0.9999959376128602	-0.02270338090567357	0.001080242661145966	-0.002637775252085845	0.0005743707124154401	0.008672997757473143	0.9907894789166339	0.0005743707124154401	0.0005743707124154401	0.02825903905083965	0	0.0006068707411111023	0.01020553369234002	
79	68.92192146047668	246.2196507927577	2.71828	1.21358	1.16637e-05	0.2581069881028696	5.993044534209371	1.263861621190769	-1.238046052351134	-0.9302829541215486	13.23779961450413	4.615253460456734	-3.160756367224863	4.919999999972433	1.509999999991539	0.09999999999943968	0	0.105658371499408	0.09999999999943968	172.4999999990334	1.776819999990044	0.09999999999943968	91.18759999948904	0	0	0	3.14159	165.3220665983416	-4855.856771584628	-1861.268724098851	0	0	0	0	0	2	2.085	2.4952	0.00775795	0.1172	-0.02270338090567357	0.001080242661145966	-0.002637775252085845	29674106.26123359	0	0	5444.831795377658	5449.764345461759	5450.909577382348	124.201969813508	478761428.3863776	246.2196507927577	-7823.75405	0	0	0	0	0.105658371499408	1.776819999990044	0.09999999999943968	1.509999999991539	172.4999999990334	0.09999999999943968	0.09999999999943968	4.919999999972433	91.18759999948904	91.18759999948904	80.38499999954958	80.38499999954958	124.201969813508	1	124.201969813508	0	1	0	0	1	0	5444.831795377658	5444.831795377658	5449.764345461759	5449.764345461759	21883.89742787219	21883.89742787219	5450.909577382348	5450.909577382348	5450.909576006431	0.9997417060059373	-0.02270141732547895	0.001080242451052426	0.02270420029344941	0.9997387466008362	-0.002637770654169216	-0.001020079101610956	0.00266161537482571	0.9999959376128602	-0.02270338090567357	0.001080242661145966	-0.002637775252085845	0.0005743707124154401	0.008672997757473143	0.9907894789166339	0.0005743707124154401	0.0005743707124154401	0.02825903905083965	0	0.0006068707411111023	0.01020553369234002	
80	68.06039744222072	246.2196507927577	2.71828	1.21358	1.16637e-05	0.2581069881028696	5.993044534209371	1.263861621190769	-1.238046052351134	-0.9302829541215486	13.23779961450413	4.615253460456734	-3.160756367224863	4.919999999972433	1.509999999991539	0.09999999999943968	0	0.105658371499408	0.09999999999943968	172.4999999990334	1.776819999990044	0.09999999999943968	91.18759999948904	0	0	0	3.14159	165.3220665983416	-4855.856771584628	-1861.268724098851	0	0	0	0	0	2	2.085	2.4952	0.00775795	0.1172	-0.02270338090567357	0.001080242661145966	-0.002637775252085845	29674106.26123359	0	0	5444.831795377658	5449.764345461759	5450.909577382348	124.201969813508	478761428.3863776	246.2196507927577	-7823.75405	0	0	0	0	0.105658371499408	1.776819999990044	0.09999999999943968	1.509999999991539	172.4999999990334	0.09999999999943968	0.09999999999943968	4.919999999972433	91.18759999948904	91.18759999948904	80.38499999954958	80.38499999954958	124.201969813508	1	124.201969813508	0	1	0	0	1	0	5444.831795377658	5444.831795377658	5449.764345461759	5449.764345461759	21883.89742787219	21883.89742787219	5450.909577382348	5450.909577382348	5450.909576006431	0.9997417060059373	-0.02270141732547895	0.001080242451052426	0.02270420029344941	0.9997387466008362	-0.002637770654169216	-0.001020079101610956	0.00266161537482571	0.9999959376128602	-0.02270338090567357	0.001080242661145966	-0.002637775252085845	0.0005743707124154401	0.008672997757473143	0.9907894789166339	0.0005743707124154401	0.0005743707124154401	0.02825903905083965	0	0.0006068707411111023	0.01020553369234002	
81	67.22014562194639	246.2196507927577	2.71828	1.21358	1.16637e-05	0.2581069881028696	5.993044534209371	1.263861621190769	-1.238046052351134	-0.9302829541215486	13.23779961450413	4.615253460456734	-3.160756367224863	4.919999999972433	1.509999999991539	0.09999999999943968	0	0.105658371499408	0.09999999999943968	172.4999999990334	1.776819999990044	0.09999999999943968	91.18759999948904	0	0	0	3.14159	165.3220665983416	-4855.856771584628	-1861.268724098851	0	0	0	0	0	2	2.085	2.4952	0.00775795	0.1172	-0.02270338090567357	0.001080242661145966	-0.002637775252085845	29674106.26123359	0	0	5444.831795377658	5449.764345461759	5450.909577382348	124.201969813508	478761428.3863776	246.2196507927577	-7823.75405	0	0	0	0	0.105658371499408	1.776819999990044	0.09999999999943968	1.509999999991539	172.4999999990334	0.09999999999943968	0.09999999999943968	4.919999999972433	91.18759999948904	91.18759999948904	80.38499999954958	80.38499999954958	124.201969813508	1	124.201969813508	0	1	0	0	1	0	5444.831795377658	5444.831795377658	5449.764345461759	5449.764345461759	21883.89742787219	21883.89742787219	5450.909577382348	5450.909577382348	5450.909576006431	0.9997417060059373	-0.02270141732547895	0.001080242451052426	0.02270420029344941	0.9997387466008362	-0.002637770654169216	-0.001020079101610956	0.00266161537482571	0.9999959376128602	-0.02270338090567357	0.001080242661145966	-0.002637775252085845	0.0005743707124154401	0.008672997757473143	0.9907894789166339	0.0005743707124154401	0.0005743707124154401	0.02825903905083965	0	0.0006068707411111023	0.01020553369234002	
82	66.40038774850802	246.2196507927577	2.71828	1.21358	1.16637e-05	0.2581069881028696	5.993044534209371	1.263861621190769	-1.238046052351134	-0.9302829541215486	13.23779961450413	4.615253460456734	-3.160756367224863	4.919999999972433	1.509999999991539	0.09999999999943968	0	0.105658371499408	0.09999999999943968	172.4999999990334	1.776819999990044	0.09999999999943968	91.18759999948904	0	0	0	3.14159	165.3220665983416	-4855.856771584628	-1861.268724098851	0	0	0	0	0	2	2.085	2.4952	0.00775795	0.1172	-0.02270338090567357	0.001080242661145966	-0.002637775252085845	29674106.26123359	0	0	5444.831795377658	5449.764345461759	5450.909577382348	124.201969813508	478761428.3863776	246.2196507927577	-7823.75405	0	0	0	0	0.105658371499408	1.776819999990044	0.09999999999943968	1.509999999991539	172.4999999990334	0.09999999999943968	0.09999999999943968	4.919999999972433	91.18759999948904	91.18759999948904	80.38499999954958	80.38499999954958	124.201969813508	1	124.201969813508	0	1	0	0	1	0	5444.831795377658	5444.831795377658	5449.764345461759	5449.764345461759	21883.89742787219	21883.89742787219	5450.909577382348	5450.909577382348	5450.909576006431	0.9997417060059373	-0.02270141732547895	0.001080242451052426	0.02270420029344941	0.9997387466008362	-0.002637770654169216	-0.001020079101610956	0.00266161537482571	0.9999959376128602	-0.02270338090567357	0.001080242661145966	-0.002637775252085845	0.0005743707124154401	0.008672997757473143	0.9907894789166339	0.0005743707124154401	0.0005743707124154401	0.02825903905083965	0	0.0006068707411111023	0.01020553369234002	
83	65.60038307683925	246.2196507927577	2.71828	1.21358	1.16637e-05	0.2581069881028696	5.993044534209371	1.263861621190769	-1.238046052351134	-0.9302829541215486	13.23779961450413	4.615253460456734	-3.160756367224863	4.919999999972433	1.509999999991539	0.09999999999943968	0	0.105658371499408	0.09999999999943968	172.4999999990334	1.776819999990044	0.09999999999943968	91.18759999948904	0	0	0	3.14159	165.3220665983416	-4855.856771584628	-1861.268724098851	0	0	0	0	0	2	2.085	2.4952	0.00775795	0.1172	-0.02270338090567357	0.001080242661145966	-0.002637775252085845	29674106.26123359	0	0	5444.831795377658	5449.764345461759	5450.909577382348	124.201969813508	478761428.3863776	246.2196507927577	-7823.75405	0	0	0	0	0.105658371499408	1.776819999990044	0.09999999999943968	1.509999999991539	172.4999999990334	0.09999999999943968	0.09999999999943968	4.919999999972433	91.18759999948904	91.18759999948904	80.38499999954958	80.38499999954958	124.201969813508	1	124.201969813508	0	1	0	0	1	0	5444.831795377658	5444.831795377658	5449.764345461759	5449.764345461759	21883.89742787219	21883.89742787219	5450.909577382348	5450.909577382348	5450.909576006431	0.9997417060059373	-0.02270141732547895	0.001080242451052426	0.02270420029344941	0.9997387466008362	-0.002637770654169216	-0.001020079101610956	0.00266161537482571	0.9999959376128602	-0.02270338090567357	0.001080242661145966	-0.002637775252085845	0.0005743707124154401	0.008672997757473143	0.9907894789166339	0.0005743707124154401	0.0005743707124154401	0.02825903905083965	0	0.0006068707411111023	0.01020553369234002	
84	64.81942613544831	246.2196507927577	2.71828	1.21358	1.16637e-05	0.2581069881028696	5.993044534209371	1.263861621190769	-1.238046052351134	-0.9302829541215486	13.23779961450413	4.615253460456734	-3.160756367224863	4.919999999972433	1.509999999991539	0.09999999999943968	0	0.105658371499408	0.09999999999943968	172.4999999990334	1.776819999990044	0.09999999999943968	91.18759999948904	0	0	0	3.14159	165.3220665983416	-4855.856771584628	-1861.268724098851	0	0	0	0	0	2	2.085	2.4952	0.00775795	0.1172	-0.02270338090567357	0.001080242661145966	-0.002637775252085845	29674106.26123359	0	0	5444.831795377658	5449.764345461759	5450.909577382348	124.201969813508	478761428.3863776	246.2196507927577	-7823.75405	0	0	0	0	0.105658371499408	1.776819999990044	0.09999999999943968	1.509999999991539	172.4999999990334	0.09999999999943968	0.09999999999943968	4.919999999972433	91.18759999948904	91.18759999948904	80.38499999954958	80.38499999954958	124.201969813508	1	124.201969813508	0	1	0	0	1	0	5444.831795377658	5444.831795377658	5449.764345461759	5449.764345461759	21883.89742787219	21883.89742787219	5450.909577382348	5450.909577382348	5450.909576006431	0.9997417060059373	-0.02270141732547895	0.001080242451052426	0.02270420029344941	0.9997387466008362	-0.002637770654169216	-0.001020079101610956	0.00266161537482571	0.9999959376128602	-0.02270338090567357	0.001080242661145966	-0.002637775252085845	0.0005743707124154401	0.008672997757473143	0.9907894789166339	0.0005743707124154401	0.0005743707124154401	0.02825903905083965	0	0.0006068707411111023	0.01020553369234002	
85	64.05684465150186	246.2196507927577	2.71828	1.21358	1.16637e-05	0.2581069881028696	5.993044534209371	1.263861621190769	-1.238046052351134	-0.9302829541215486	13.23779961450413	4.615253460456734	-3.160756367224863	4.919999999972433	1.509999999991539	0.09999999999943968	0	0.105658371499408	0.09999999999943968	172.4999999990334	1.776819999990044	0.09999999999943968	91.18759999948904	0	0	0	3.14159	165.3220665983416	-4855.856771584628	-1861.268724098851	0	0	0	0	0	2	2.085	2.4952	0.00775795	0.1172	-0.02270338090567357	0.001080242661145966	-0.002637775252085845	29674106.26123359	0	0	5444.831795377658	5449.764345461759	5450.909577382348	124.201969813508	478761428.3863776	246.2196507927577	-7823.75405	0	0	0	0	0.105658371499408	1.776819999990044	0.09999999999943968	1.509999999991539	172.4999999990334	0.09999999999943968	0.09999999999943968	4.919999999972433	91.18759999948904	91.18759999948904	80.38499999954958	80.38499999954958	124.201969813508	1	124.201969813508	0	1	0	0	1	0	5444.831795377658	5444.831795377658	5449.764345461759	5449.764345461759	21883.89742787219	21883.89742787219	5450.909577382348	5450.909577382348	5450.909576006431	0.9997417060059373	-0.02270141732547895	0.001080242451052426	0.02270420029344941	0.9997387466008362	-0.002637770654169216	-0.001020079101610956	0.00266161537482571	0.9999959376128602	-0.02270338090567357	0.001080242661145966	-0.002637775252085845	0.0005743707124154401	0.008672997757473143	0.9907894789166339	0.0005743707124154401	0.0005743707124154401	0.02825903905083965	0	0.0006068707411111023	0.01020553369234002	
86	63.31199762067044	246.2196507927577	2.71828	1.21358	1.16637e-05	0.2581069881028696	5.993044534209371	1.263861621190769	-1.238046052351134	-0.9302829541215486	13.23779961450413	4.615253460456734	-3.160756367224863	4.919999999972433	1.509999999991539	0.09999999999943968	0	0.105658371499408	0.09999999999943968	172.4999999990334	1.776819999990044	0.09999999999943968	91.18759999948904	0	0	0	3.14159	165.3220665983416	-4855.856771584628	-1861.268724098851	0	0	0	0	0	2	2.085	2.4952	0.00775795	0.1172	-0.02270338090567357	0.001080242661145966	-0.002637775252085845	29674106.26123359	0	0	5444.831795377658	5449.764345461759	5450.909577382348	124.201969813508	478761428.3863776	246.2196507927577	-7823.75405	0	0	0	0	0.105658371499408	1.776819999990044	0.09999999999943968	1.509999999991539	172.4999999990334	0.09999999999943968	0.09999999999943968	4.919999999972433	91.18759999948904	91.18759999948904	80.38499999954958	80.38499999954958	124.201969813508	1	124.201969813508	0	1	0	0	1	0	5444.831795377658	5444.831795377658	5449.764345461759	5449.764345461759	21883.89742787219	21883.89742787219	5450.909577382348	5450.909577382348	5450.909576006431	0.9997417060059373	-0.02270141732547895	0.001080242451052426	0.02270420029344941	0.9997387466008362	-0.002637770654169216	-0.001020079101610956	0.00266161537482571	0.9999959376128602	-0.02270338090567357	0.001080242661145966	-0.002637775252085845	0.0005743707124154401	0.008672997757473143	0.9907894789166339	0.0005743707124154401	0.0005743707124154401	0.02825903905083965	0	0.0006068707411111023	0.01020553369234002	
87	62.58427351008802	246.2196507927577	2.71828	1.21358	1.16637e-05	0.2581069881028696	5.993044534209371	1.263861621190769	-1.238046052351134	-0.9302829541215486	13.23779961450413	4.615253460456734	-3.160756367224863	4.919999999972433	1.509999999991539	0.09999999999943968	0	0.105658371499408	0.09999999999943968	172.4999999990334	1.776819999990044	0.09999999999943968	91.18759999948904	0	0	0	3.14159	165.3220665983416	-4855.856771584628	-1861.268724098851	0	0	0	0	0	2	2.085	2.4952	0.00775795	0.1172	-0.02270338090567357	0.001080242661145966	-0.002637775252085845	29674106.26123359	0	0	5444.831795377658	5449.764345461759	5450.909577382348	124.201969813508	478761428.3863776	246.2196507927577	-7823.75405	0	0	0	0	0.105658371499408	1.776819999990044	0.09999999999943968	1.509999999991539	172.4999999990334	0.09999999999943968	0.09999999999943968	4.919999999972433	91.18759999948904	91.18759999948904	80.38499999954958	80.38499999954958	124.201969813508	1	124.201969813508	0	1	0	0	1	0	5444.831795377658	5444.831795377658	5449.764345461759	5449.764345461759	21883.89742787219	21883.89742787219	5450.909577382348	5450.909577382348	5450.909576006431	0.9997417060059373	-0.02270141732547895	0.001080242451052426	0.02270420029344941	0.9997387466008362	-0.002637770654169216	-0.001020079101610956	0.00266161537482571	0.9999959376128602	-0.02270338090567357	0.001080242661145966	-0.002637775252085845	0.0005743707124154401	0.008672997757473143	0.9907894789166339	0.0005743707124154401	0.0005743707124154401	0.02825903905083965	0	0.0006068707411111023	0.01020553369234002	
88	61.87308858383702	246.2196507927577	2.71828	1.21358	1.16637e-05	0.2581069881028696	5.993044534209371	1.263861621190769	-1.238046052351134	-0.9302829541215486	13.23779961450413	4.615253460456734	-3.160756367224863	4.919999999972433	1.509999999991539	0.09999999999943968	0	0.105658371499408	0.09999999999943968	172.4999999990334	1.776819999990044	0.09999999999943968	91.18759999948904	0	0	0	3.14159	165.3220665983416	-4855.856771584628	-1861.268724098851	0	0	0	0	0	2	2.085	2.4952	0.00775795	0.1172	-0.02270338090567357	0.001080242661145966	-0.002637775252085845	29674106.26123359	0	0	5444.831795377658	5449.764345461759	5450.909577382348	124.201969813508	478761428.3863776	246.2196507927577	-7823.75405	0	0	0	0	0.105658371499408	1.776819999990044	0.09999999999943968	1.509999999991539	172.4999999990334	0.09999999999943968	0.09999999999943968	4.919999999972433	91.18759999948904	91.18759999948904	80.38499999954958	80.38499999954958	124.201969813508	1	124.201969813508	0	1	0	0	1	0	5444.831795377658	5444.831795377658	5449.764345461759	5449.764345461759	21883.89742787219	21883.89742787219	5450.909577382348	5450.909577382348	5450.909576006431	0.9997417060059373	-0.02270141732547895	0.001080242451052426	0.02270420029344941	0.9997387466008362	-0.002637770654169216	-0.001020079101610956	0.00266161537482571	0.9999959376128602	-0.02270338090567357	0.001080242661145966	-0.002637775252085845	0.0005743707124154401	0.008672997757473143	0.9907894789166339	0.0005743707124154401	0.0005743707124154401	0.02825903905083965	0	0.0006068707411111023	0.01020553369234002	
89	61.177885341322	246.2196507927577	2.71828	1.21358	1.16637e-05	0.2581069881028696	5.993044534209371	1.263861621190769	-1.238046052351134	-0.9302829541215486	13.23779961450413	4.615253460456734	-3.160756367224863	4.919999999972433	1.509999999991539	0.09999999999943968	0	0.105658371499408	0.09999999999943968	172.4999999990334	1.776819999990044	0.09999999999943968	91.18759999948904	0	0	0	3.14159	165.3220665983416	-4855.856771584628	-1861.268724098851	0	0	0	0	0	2	2.085	2.4952	0.00775795	0.1172	-0.02270338090567357	0.001080242661145966	-0.002637775252085845	29674106.26123359	0	0	5444.831795377658	5449.764345461759	5450.909577382348	124.201969813508	478761428.3863776	246.2196507927577	-7823.75405	0	0	0	0	0.105658371499408	1.776819999990044	0.09999999999943968	1.509999999991539	172.4999999990334	0.09999999999943968	0.09999999999943968	4.919999999972433	91.18759999948904	91.18759999948904	80.38499999954958	80.38499999954958	124.201969813508	1	124.201969813508	0	1	0	0	1	0	5444.831795377658	5444.831795377658	5449.764345461759	5449.764345461759	21883.89742787219	21883.89742787219	5450.909577382348	5450.909577382348	5450.909576006431	0.9997417060059373	-0.02270141732547895	0.001080242451052426	0.02270420029344941	0.9997387466008362	-0.002637770654169216	-0.001020079101610956	0.00266161537482571	0.9999959376128602	-0.02270338090567357	0.001080242661145966	-0.002637775252085845	0.0005743707124154401	0.008672997757473143	0.9907894789166339	0.0005743707124154401	0.0005743707124154401	0.02825903905083965	0	0.0006068707411111023	0.01020553369234002	
90	60.49813105975175	246.2196507927577	2.71828	1.21358	1.16637e-05	0.2581069881028696	5.993044534209371	1.263861621190769	-1.238046052351134	-0.9302829541215486	13.23779961450413	4.615253460456734	-3.160756367224863	4.919999999972433	1.509999999991539	0.09999999999943968	0	0.105658371499408	0.09999999999943968	172.4999999990334	1.776819999990044	0.09999999999943968	91.18759999948904	0	0	0	3.14159	165.3220665983416	-4855.856771584628	-1861.268724098851	0	0	0	0	0	2	2.085	2.4952	0.00775795	0.1172	-0.02270338090567357	0.001080242661145966	-0.002637775252085845	29674106.26123359	0	0	5444.831795377658	5449.764345461759	5450.909577382348	124.201969813508	478761428.3863776	246.2196507927577	-7823.75405	0	0	0	0	0.105658371499408	1.776819999990044	0.09999999999943968	1.509999999991539	172.4999999990334	0.09999999999943968	0.09999999999943968	4.919999999972433	91.18759999948904	91.18759999948904	80.38499999954958	80.38499999954958	124.201969813508	1	124.201969813508	0	1	0	0	1	0	5444.831795377658	5444.831795377658	5449.764345461759	5449.764345461759	21883.89742787219	21883.89742787219	5450.909577382348	5450.909577382348	5450.909576006431	0.9997417060059373	-0.02270141732547895	0.001080242451052426	0.02270420029344941	0.9997387466008362	-0.002637770654169216	-0.001020079101610956	0.00266161537482571	0.9999959376128602	-0.02270338090567357	0.001080242661145966	-0.002637775252085845	0.0005743707124154401	0.008672997757473143	0.9907894789166339	0.0005743707124154401	0.0005743707124154401	0.02825903905083965	0	0.0006068707411111023	0.01020553369234002	
91	59.83331643272151	246.2196507927577	2.71828	1.21358	1.16637e-05	0.2581069881028696	5.993044534209371	1.263861621190769	-1.238046052351134	-0.9302829541215486	13.23779961450413	4.615253460456734	-3.160756367224863	4.919999999972433	1.509999999991539	0.09999999999943968	0	0.105658371499408	0.09999999999943968	172.4999999990334	1.776819999990044	0.09999999999943968	91.18759999948904	0	0	0	3.14159	165.3220665983416	-4855.856771584628	-1861.268724098851	0	0	0	0	0	2	2.085	2.4952	0.00775795	0.1172	-0.02270338090567357	0.001080242661145966	-0.002637775252085845	29674106.26123359	0	0	5444.831795377658	5449.764345461759	5450.909577382348	124.201969813508	478761428.3863776	246.2196507927577	-7823.75405	0	0	0	0	0.105658371499408	1.776819999990044	0.09999999999943968	1.509999999991539	172.4999999990334	0.09999999999943968	0.09999999999943968	4.919999999972433	91.18759999948904	91.18759999948904	80.38499999954958	80.38499999954958	124.201969813508	1	124.201969813508	0	1	0	0	1	0	5444.831795377658	5444.831795377658	5449.764345461759	5449.764345461759	21883.89742787219	21883.89742787219	5450.909577382348	5450.909577382348	5450.909576006431	0.9997417060059373	-0.02270141732547895	0.001080242451052426	0.02270420029344941	0.9997387466008362	-0.002637770654169216	-0.001020079101610956	0.00266161537482571	0.9999959376128602	-0.02270338090567357	0.001080242661145966	-0.002637775252085845	0.0005743707124154401	0.008672997757473143	0.9907894789166339	0.0005743707124154401	0.0005743707124154401	0.02825903905083965	0	0.0006068707411111023	0.01020553369234002	
92	59.18295429758324	246.2196507927577	2.71828	1.21358	1.16637e-05	0.2581069881028696	5.993044534209371	1.263861621190769	-1.238046052351134	-0.9302829541215486	13.23779961450413	4.615253460456734	-3.160756367224863	4.919999999972433	1.509999999991539	0.09999999999943968	0	0.105658371499408	0.09999999999943968	172.4999999990334	1.776819999990044	0.09999999999943968	91.18759999948904	0	0	0	3.14159	165.3220665983416	-4855.856771584628	-1861.268724098851	0	0	0	0	0	2	2.085	2.4952	0.00775795	0.1172	-0.02270338090567357	0.001080242661145966	-0.002637775252085845	29674106.26123359	0	0	5444.831795377658	5449.764345461759	5450.909577382348	124.201969813508	478761428.3863776	246.2196507927577	-7823.75405	0	0	0	0	0.105658371499408	1.776819999990044	0.09999999999943968	1.509999999991539	172.4999999990334	0.09999999999943968	0.09999999999943968	4.919999999972433	91.18759999948904	91.18759999948904	80.38499999954958	80.38499999954958	124.201969813508	1	124.201969813508	0	1	0	0	1	0	5444.831795377658	5444.831795377658	5449.764345461759	5449.764345461759	21883.89742787219	21883.89742787219	5450.909577382348	5450.909577382348	5450.909576006431	0.9997417060059373	-0.02270141732547895	0.001080242451052426	0.02270420029344941	0.9997387466008362	-0.002637770654169216	-0.001020079101610956	0.00266161537482571	0.9999959376128602	-0.02270338090567357	0.001080242661145966	-0.002637775252085845	0.0005743707124154401	0.008672997757473143	0.9907894789166339	0.0005743707124154401	0.0005743707124154401	0.02825903905083965	0	0.0006068707411111023	0.01020553369234002	
93	58.54657844492105	246.2196507927577	2.71828	1.21358	1.16637e-05	0.2581069881028696	5.993044534209371	1.263861621190769	-1.238046052351134	-0.9302829541215486	13.23779961450413	4.615253460456734	-3.160756367224863	4.919999999972433	1.509999999991539	0.09999999999943968	0	0.105658371499408	0.09999999999943968	172.4999999990334	1.776819999990044	0.09999999999943968	91.18759999948904	0	0	0	3.14159	165.3220665983416	-4855.856771584628	-1861.268724098851	0	0	0	0	0	2	2.085	2.4952	0.00775795	0.1172	-0.02270338090567357	0.001080242661145966	-0.002637775252085845	29674106.26123359	0	0	5444.831795377658	5449.764345461759	5450.909577382348	124.201969813508	478761428.3863776	246.2196507927577	-7823.75405	0	0	0	0	0.105658371499408	1.776819999990044	0.09999999999943968	1.509999999991539	172.4999999990334	0.09999999999943968	0.09999999999943968	4.919999999972433	91.18759999948904	91.18759999948904	80.38499999954958	80.38499999954958	124.201969813508	1	124.201969813508	0	1	0	0	1	0	5444.831795377658	5444.831795377658	5449.764345461759	5449.764345461759	21883.89742787219	21883.89742787219	5450.909577382348	5450.909577382348	5450.909576006431	0.9997417060059373	-0.02270141732547895	0.001080242451052426	0.02270420029344941	0.9997387466008362	-0.002637770654169216	-0.001020079101610956	0.00266161537482571	0.9999959376128602	-0.02270338090567357	0.001080242661145966	-0.002637775252085845	0.0005743707124154401	0.008672997757473143	0.9907894789166339	0.0005743707124154401	0.0005743707124154401	0.02825903905083965	0	0.0006068707411111023	0.01020553369234002	
94	57.92374250401763	246.2196507927577	2.71828	1.21358	1.16637e-05	0.2581069881028696	5.993044534209371	1.263861621190769	-1.238046052351134	-0.9302829541215486	13.23779961450413	4.615253460456734	-3.160756367224863	4.919999999972433	1.509999999991539	0.09999999999943968	0	0.105658371499408	0.09999999999943968	172.4999999990334	1.776819999990044	0.09999999999943968	91.18759999948904	0	0	0	3.14159	165.3220665983416	-4855.856771584628	-1861.268724098851	0	0	0	0	0	2	2.085	2.4952	0.00775795	0.1172	-0.02270338090567357	0.001080242661145966	-0.002637775252085845	29674106.26123359	0	0	5444.831795377658	5449.764345461759	5450.909577382348	124.201969813508	478761428.3863776	246.2196507927577	-7823.75405	0	0	0	0	0.105658371499408	1.776819999990044	0.09999999999943968	1.509999999991539	172.4999999990334	0.09999999999943968	0.09999999999943968	4.919999999972433	91.18759999948904	91.18759999948904	80.38499999954958	80.38499999954958	124.201969813508	1	124.201969813508	0	1	0	0	1	0	5444.831795377658	5444.831795377658	5449.764345461759	5449.764345461759	21883.89742787219	21883.89742787219	5450.909577382348	5450.909577382348	5450.909576006431	0.9997417060059373	-0.02270141732547895	0.001080242451052426	0.02270420029344941	0.9997387466008362	-0.002637770654169216	-0.001020079101610956	0.00266161537482571	0.9999959376128602	-0.02270338090567357	0.001080242661145966	-0.002637775252085845	0.0005743707124154401	0.008672997757473143	0.9907894789166339	0.0005743707124154401	0.0005743707124154401	0.02825903905083965	0	0.0006068707411111023	0.01020553369234002	
95	57.31401889871218	246.2196507927577	2.71828	1.21358	1.16637e-05	0.2581069881028696	5.993044534209371	1.263861621190769	-1.238046052351134	-0.9302829541215486	13.23779961450413	4.615253460456734	-3.160756367224863	4.919999999972433	1.509999999991539	0.09999999999943968	0	0.105658371499408	0.09999999999943968	172.4999999990334	1.776819999990044	0.09999999999943968	91.18759999948904	0	0	0	3.14159	165.3220665983416	-4855.856771584628	-1861.268724098851	0	0	0	0	0	2	2.085	2.4952	0.00775795	0.1172	-0.02270338090567357	0.001080242661145966	-0.002637775252085845	29674106.26123359	0	0	5444.831795377658	5449.764345461759	5450.909577382348	124.201969813508	478761428.3863776	246.2196507927577	-7823.75405	0	0	0	0	0.105658371499408	1.776819999990044	0.09999999999943968	1.509999999991539	172.4999999990334	0.09999999999943968	0.09999999999943968	4.919999999972433	91.18759999948904	91.18759999948904	80.38499999954958	80.38499999954958	124.201969813508	1	124.201969813508	0	1	0	0	1	0	5444.831795377658	5444.831795377658	5449.764345461759	5449.764345461759	21883.89742787219	21883.89742787219	5450.909577382348	5450.909577382348	5450.909576006431	0.9997417060059373	-0.02270141732547895	0.001080242451052426	0.02270420029344941	0.9997387466008362	-0.002637770654169216	-0.001020079101610956	0.00266161537482571	0.9999959376128602	-0.02270338090567357	0.001080242661145966	-0.002637775252085845	0.0005743707124154401	0.008672997757473143	0.9907894789166339	0.0005743707124154401	0.0005743707124154401	0.02825903905083965	0	0.0006068707411111023	0.01020553369234002	
96	56.71699786851727	246.2196507927577	2.71828	1.21358	1.16637e-05	0.2581069881028696	5.993044534209371	1.263861621190769	-1.238046052351134	-0.9302829541215486	13.23779961450413	4.615253460456734	-3.160756367224863	4.919999999972433	1.509999999991539	0.09999999999943968	0	0.105658371499408	0.09999999999943968	172.4999999990334	1.776819999990044	0.09999999999943968	91.18759999948904	0	0	0	3.14159	165.3220665983416	-4855.856771584628	-1861.268724098851	0	0	0	0	0	2	2.085	2.4952	0.00775795	0.1172	-0.02270338090567357	0.001080242661145966	-0.002637775252085845	29674106.26123359	0	0	5444.831795377658	5449.764345461759	5450.909577382348	124.201969813508	478761428.3863776	246.2196507927577	-7823.75405	0	0	0	0	0.105658371499408	1.776819999990044	0.09999999999943968	1.509999999991539	172.4999999990334	0.09999999999943968	0.09999999999943968	4.919999999972433	91.18759999948904	91.18759999948904	80.38499999954958	80.38499999954958	124.201969813508	1	124.201969813508	0	1	0	0	1	0	5444.831795377658	5444.831795377658	5449.764345461759	5449.764345461759	21883.89742787219	21883.89742787219	5450.909577382348	5450.909577382348	5450.909576006431	0.9997417060059373	-0.02270141732547895	0.001080242451052426	0.02270420029344941	0.9997387466008362	-0.002637770654169216	-0.001020079101610956	0.00266161537482571	0.9999959376128602	-0.02270338090567357	0.001080242661145966	-0.002637775252085845	0.0005743707124154401	0.008672997757473143	0.9907894789166339	0.0005743707124154401	0.0005743707124154401	0.02825903905083965	0	0.0006068707411111023	0.01020553369234002	
97	56.13228655028513	246.2196507927577	2.71828	1.21358	1.16637e-05	0.2581069881028696	5.993044534209371	1.263861621190769	-1.238046052351134	-0.9302829541215486	13.23779961450413	4.615253460456734	-3.160756367224863	4.919999999972433	1.509999999991539	0.09999999999943968	0	0.105658371499408	0.09999999999943968	172.4999999990334	1.776819999990044	0.09999999999943968	91.18759999948904	0	0	0	3.14159	165.3220665983416	-4855.856771584628	-1861.268724098851	0	0	0	0	0	2	2.085	2.4952	0.00775795	0.1172	-0.02270338090567357	0.001080242661145966	-0.002637775252085845	29674106.26123359	0	0	5444.831795377658	5449.764345461759	5450.909577382348	124.201969813508	478761428.3863776	246.2196507927577	-7823.75405	0	0	0	0	0.105658371499408	1.776819999990044	0.09999999999943968	1.509999999991539	172.4999999990334	0.09999999999943968	0.09999999999943968	4.919999999972433	91.18759999948904	91.18759999948904	80.38499999954958	80.38499999954958	124.201969813508	1	124.201969813508	0	1	0	0	1	0	5444.831795377658	5444.831795377658	5449.764345461759	5449.764345461759	21883.89742787219	21883.89742787219	5450.909577382348	5450.909577382348	5450.909576006431	0.9997417060059373	-0.02270141732547895	0.001080242451052426	0.02270420029344941	0.9997387466008362	-0.002637770654169216	-0.001020079101610956	0.00266161537482571	0.9999959376128602	-0.02270338090567357	0.001080242661145966	-0.002637775252085845	0.0005743707124154401	0.008672997757473143	0.9907894789166339	0.0005743707124154401	0.0005743707124154401	0.02825903905083965	0	0.0006068707411111023	0.01020553369234002	
98	55.55950811609855	246.2196507927577	2.71828	1.21358	1.16637e-05	0.2581069881028696	5.993044534209371	1.263861621190769	-1.238046052351134	-0.9302829541215486	13.23779961450413	4.615253460456734	-3.160756367224863	4.919999999972433	1.509999999991539	0.09999999999943968	0	0.105658371499408	0.09999999999943968	172.4999999990334	1.776819999990044	0.09999999999943968	91.18759999948904	0	0	0	3.14159	165.3220665983416	-4855.856771584628	-1861.268724098851	0	0	0	0	0	2	2.085	2.4952	0.00775795	0.1172	-0.02270338090567357	0.001080242661145966	-0.002637775252085845	29674106.26123359	0	0	5444.831795377658	5449.764345461759	5450.909577382348	124.201969813508	478761428.3863776	246.2196507927577	-7823.75405	0	0	0	0	0.105658371499408	1.776819999990044	0.09999999999943968	1.509999999991539	172.4999999990334	0.09999999999943968	0.09999999999943968	4.919999999972433	91.18759999948904	91.18759999948904	80.38499999954958	80.38499999954958	124.201969813508	1	124.201969813508	0	1	0	0	1	0	5444.831795377658	5444.831795377658	5449.764345461759	5449.764345461759	21883.89742787219	21883.89742787219	5450.909577382348	5450.909577382348	5450.909576006431	0.9997417060059373	-0.02270141732547895	0.001080242451052426	0.02270420029344941	0.9997387466008362	-0.002637770654169216	-0.001020079101610956	0.00266161537482571	0.9999959376128602	-0.02270338090567357	0.001080242661145966	-0.002637775252085845	0.0005743707124154401	0.008672997757473143	0.9907894789166339	0.0005743707124154401	0.0005743707124154401	0.02825903905083965	0	0.0006068707411111023	0.01020553369234002	
99	54.99830096341068	246.2196507927577	2.71828	1.21358	1.16637e-05	0.2581069881028696	5.993044534209371	1.263861621190769	-1.238046052351134	-0.9302829541215486	13.23779961450413	4.615253460456734	-3.160756367224863	4.919999999972433	1.509999999991539	0.09999999999943968	0	0.105658371499408	0.09999999999943968	172.4999999990334	1.776819999990044	0.09999999999943968	91.18759999948904	0	0	0	3.14159	165.3220665983416	-4855.856771584628	-1861.268724098851	0	0	0	0	0	2	2.085	2.4952	0.00775795	0.1172	-0.02270338090567357	0.001080242661145966	-0.002637775252085845	29674106.26123359	0	0	5444.831795377658	5449.764345461759	5450.909577382348	124.201969813508	478761428.3863776	246.2196507927577	-7823.75405	0	0	0	0	0.105658371499408	1.776819999990044	0.09999999999943968	1.509999999991539	172.4999999990334	0.09999999999943968	0.09999999999943968	4.919999999972433	91.18759999948904	91.18759999948904	80.38499999954958	80.38499999954958	124.201969813508	1	124.201969813508	0	1	0	0	1	0	5444.831795377658	5444.831795377658	5449.764345461759	5449.764345461759	21883.89742787219	21883.89742787219	5450.909577382348	5450.909577382348	5450.909576006431	0.9997417060059373	-0.02270141732547895	0.001080242451052426	0.02270420029344941	0.9997387466008362	-0.002637770654169216	-0.001020079101610956	0.00266161537482571	0.9999959376128602	-0.02270338090567357	0.001080242661145966	-0.002637775252085845	0.0005743707124154401	0.008672997757473143	0.9907894789166339	0.0005743707124154401	0.0005743707124154401	0.02825903905083965	0	0.0006068707411111023	0.01020553369234002	
100	54.44831795377658	246.2196507927577	2.71828	1.21358	1.16637e-05	0.2581069881028696	5.993044534209371	1.263861621190769	-1.238046052351134	-0.9302829541215486	13.23779961450413	4.615253460456734	-3.160756367224863	4.919999999972433	1.509999999991539	0.09999999999943968	0	0.105658371499408	0.09999999999943968	172.4999999990334	1.776819999990044	0.09999999999943968	91.18759999948904	0	0	0	3.14159	165.3220665983416	-4855.856771584628	-1861.268724098851	0	0	0	0	0	2	2.085	2.4952	0.00775795	0.1172	-0.02270338090567357	0.001080242661145966	-0.002637775252085845	29674106.26123359	0	0	5444.831795377658	5449.764345461759	5450.909577382348	124.201969813508	478761428.3863776	246.2196507927577	-7823.75405	0	0	0	0	0.105658371499408	1.776819999990044	0.09999999999943968	1.509999999991539	172.4999999990334	0.09999999999943968	0.09999999999943968	4.919999999972433	91.18759999948904	91.18759999948904	80.38499999954958	80.38499999954958	124.201969813508	1	124.201969813508	0	1	0	0	1	0	5444.831795377658	5444.831795377658	5449.764345461759	5449.764345461759	21883.89742787219	21883.89742787219	5450.909577382348	5450.909577382348	5450.909576006431	0.9997417060059373	-0.02270141732547895	0.001080242451052426	0.02270420029344941	0.9997387466008362	-0.002637770654169216	-0.001020079101610956	0.00266161537482571	0.9999959376128602	-0.02270338090567357	0.001080242661145966	-0.002637775252085845	0.0005743707124154401	0.008672997757473143	0.9907894789166339	0.0005743707124154401	0.0005743707124154401	0.02825903905083965	0	0.0006068707411111023	0.01020553369234002	
101	53.90922569680849	246.2196507927577	2.71828	1.21358	1.16637e-05	0.2581069881028696	5.993044534209371	1.263861621190769	-1.238046052351134	-0.9302829541215486	13.23779961450413	4.615253460456734	-3.160756367224863	4.919999999972433	1.509999999991539	0.09999999999943968	0	0.105658371499408	0.09999999999943968	172.4999999990334	1.776819999990044	0.09999999999943968	91.18759999948904	0	0	0	3.14159	165.3220665983416	-4855.856771584628	-1861.268724098851	0	0	0	0	0	2	2.085	2.4952	0.00775795	0.1172	-0.02270338090567357	0.001080242661145966	-0.002637775252085845	29674106.26123359	0	0	5444.831795377658	5449.764345461759	5450.909577382348	124.201969813508	478761428.3863776	246.2196507927577	-7823.75405	0	0	0	0	0.105658371499408	1.776819999990044	0.09999999999943968	1.509999999991539	172.4999999990334	0.09999999999943968	0.09999999999943968	4.919999999972433	91.18759999948904	91.18759999948904	80.38499999954958	80.38499999954958	124.201969813508	1	124.201969813508	0	1	0	0	1	0	5444.831795377658	5444.831795377658	5449.764345461759	5449.764345461759	21883.89742787219	21883.89742787219	5450.909577382348	5450.909577382348	5450.909576006431	0.9997417060059373	-0.02270141732547895	0.001080242451052426	0.02270420029344941	0.9997387466008362	-0.002637770654169216	-0.001020079101610956	0.00266161537482571	0.9999959376128602	-0.02270338090567357	0.001080242661145966	-0.002637775252085845	0.0005743707124154401	0.008672997757473143	0.9907894789166339	0.0005743707124154401	0.0005743707124154401	0.02825903905083965	0	0.0006068707411111023	0.01020553369234002	
102	53.38070387625154	246.2196507927577	2.71828	1.21358	1.16637e-05	0.2581069881028696	5.993044534209371	1.263861621190769	-1.238046052351134	-0.9302829541215486	13.23779961450413	4.615253460456734	-3.160756367224863	4.919999999972433	1.509999999991539	0.09999999999943968	0	0.105658371499408	0.09999999999943968	172.4999999990334	1.776819999990044	0.09999999999943968	91.18759999948904	0	0	0	3.14159	165.3220665983416	-4855.856771584628	-1861.268724098851	0	0	0	0	0	2	2.085	2.4952	0.00775795	0.1172	-0.02270338090567357	0.001080242661145966	-0.002637775252085845	29674106.26123359	0	0	5444.831795377658	5449.764345461759	5450.909577382348	124.201969813508	478761428.3863776	246.2196507927577	-7823.75405	0	0	0	0	0.105658371499408	1.776819999990044	0.09999999999943968	1.509999999991539	172.4999999990334	0.09999999999943968	0.09999999999943968	4.919999999972433	91.18759999948904	91.18759999948904	80.38499999954958	80.38499999954958	124.201969813508	1	124.201969813508	0	1	0	0	1	0	5444.831795377658	5444.831795377658	5449.764345461759	5449.764345461759	21883.89742787219	21883.89742787219	5450.909577382348	5450.909577382348	5450.909576006431	0.9997417060059373	-0.02270141732547895	0.001080242451052426	0.02270420029344941	0.9997387466008362	-0.002637770654169216	-0.001020079101610956	0.00266161537482571	0.9999959376128602	-0.02270338090567357	0.001080242661145966	-0.002637775252085845	0.0005743707124154401	0.008672997757473143	0.9907894789166339	0.0005743707124154401	0.0005743707124154401	0.02825903905083965	0	0.0006068707411111023	0.01020553369234002	
103	52.86244461531707	246.2196507927577	2.71828	1.21358	1.16637e-05	0.2581069881028696	5.993044534209371	1.263861621190769	-1.238046052351134	-0.9302829541215486	13.23779961450413	4.615253460456734	-3.160756367224863	4.919999999972433	1.509999999991539	0.09999999999943968	0	0.105658371499408	0.09999999999943968	172.4999999990334	1.776819999990044	0.09999999999943968	91.18759999948904	0	0	0	3.14159	165.3220665983416	-4855.856771584628	-1861.268724098851	0	0	0	0	0	2	2.085	2.4952	0.00775795	0.1172	-0.02270338090567357	0.001080242661145966	-0.002637775252085845	29674106.26123359	0	0	5444.831795377658	5449.764345461759	5450.909577382348	124.201969813508	478761428.3863776	246.2196507927577	-7823.75405	0	0	0	0	0.105658371499408	1.776819999990044	0.09999999999943968	1.509999999991539	172.4999999990334	0.09999999999943968	0.09999999999943968	4.919999999972433	91.18759999948904	91.18759999948904	80.38499999954958	80.38499999954958	124.201969813508	1	124.201969813508	0	1	0	0	1	0	5444.831795377658	5444.831795377658	5449.764345461759	5449.764345461759	21883.89742787219	21883.89742787219	5450.909577382348	5450.909577382348	5450.909576006431	0.9997417060059373	-0.02270141732547895	0.001080242451052426	0.02270420029344941	0.9997387466008362	-0.002637770654169216	-0.001020079101610956	0.00266161537482571	0.9999959376128602	-0.02270338090567357	0.001080242661145966	-0.002637775252085845	0.0005743707124154401	0.008672997757473143	0.9907894789166339	0.0005743707124154401	0.0005743707124154401	0.02825903905083965	0	0.0006068707411111023	0.01020553369234002	
104	52.35415187863133	246.2196507927577	2.71828	1.21358	1.16637e-05	0.2581069881028696	5.993044534209371	1.263861621190769	-1.238046052351134	-0.9302829541215486	13.23779961450413	4.615253460456734	-3.160756367224863	4.919999999972433	1.509999999991539	0.09999999999943968	0	0.105658371499408	0.09999999999943968	172.4999999990334	1.776819999990044	0.09999999999943968	91.18759999948904	0	0	0	3.14159	165.3220665983416	-4855.856771584628	-1861.268724098851	0	0	0	0	0	2	2.085	2.4952	0.00775795	0.1172	-0.02270338090567357	0.001080242661145966	-0.002637775252085845	29674106.26123359	0	0	5444.831795377658	5449.764345461759	5450.909577382348	124.201969813508	478761428.3863776	246.2196507927577	-7823.75405	0	0	0	0	0.105658371499408	1.776819999990044	0.09999999999943968	1.509999999991539	172.4999999990334	0.09999999999943968	0.09999999999943968	4.919999999972433	91.18759999948904	91.18759999948904	80.38499999954958	80.38499999954958	124.201969813508	1	124.201969813508	0	1	0	0	1	0	5444.831795377658	5444.831795377658	5449.764345461759	5449.764345461759	21883.89742787219	21883.89742787219	5450.909577382348	5450.909577382348	5450.909576006431	0.9997417060059373	-0.02270141732547895	0.001080242451052426	0.02270420029344941	0.9997387466008362	-0.002637770654169216	-0.001020079101610956	0.00266161537482571	0.9999959376128602	-0.02270338090567357	0.001080242661145966	-0.002637775252085845	0.0005743707124154401	0.008672997757473143	0.9907894789166339	0.0005743707124154401	0.0005743707124154401	0.02825903905083965	0	0.0006068707411111023	0.01020553369234002	
105	51.85554090835865	246.2196507927577	2.71828	1.21358	1.16637e-05	0.2581069881028696	5.993044534209371	1.263861621190769	-1.238046052351134	-0.9302829541215486	13.23779961450413	4.615253460456734	-3.160756367224863	4.919999999972433	1.509999999991539	0.09999999999943968	0	0.105658371499408	0.09999999999943968	172.4999999990334	1.776819999990044	0.09999999999943968	91.18759999948904	0	0	0	3.14159	165.3220665983416	-4855.856771584628	-1861.268724098851	0	0	0	0	0	2	2.085	2.4952	0.00775795	0.1172	-0.02270338090567357	0.001080242661145966	-0.002637775252085845	29674106.26123359	0	0	5444.831795377658	5449.764345461759	5450.909577382348	124.201969813508	478761428.3863776	246.2196507927577	-7823.75405	0	0	0	0	0.105658371499408	1.776819999990044	0.09999999999943968	1.509999999991539	172.4999999990334	0.09999999999943968	0.09999999999943968	4.919999999972433	91.18759999948904	91.18759999948904	80.38499999954958	80.38499999954958	124.201969813508	1	124.201969813508	0	1	0	0	1	0	5444.831795377658	5444.831795377658	5449.764345461759	5449.764345461759	21883.89742787219	21883.89742787219	5450.909577382348	5450.909577382348	5450.909576006431	0.9997417060059373	-0.02270141732547895	0.001080242451052426	0.02270420029344941	0.9997387466008362	-0.002637770654169216	-0.001020079101610956	0.00266161537482571	0.9999959376128602	-0.02270338090567357	0.001080242661145966	-0.002637775252085845	0.0005743707124154401	0.008672997757473143	0.9907894789166339	0.0005743707124154401	0.0005743707124154401	0.02825903905083965	0	0.0006068707411111023	0.01020553369234002	
106	51.36633769224206	246.2196507927577	2.71828	1.21358	1.16637e-05	0.2581069881028696	5.993044534209371	1.263861621190769	-1.238046052351134	-0.9302829541215486	13.23779961450413	4.615253460456734	-3.160756367224863	4.919999999972433	1.509999999991539	0.09999999999943968	0	0.105658371499408	0.09999999999943968	172.4999999990334	1.776819999990044	0.09999999999943968	91.18759999948904	0	0	0	3.14159	165.3220665983416	-4855.856771584628	-1861.268724098851	0	0	0	0	0	2	2.085	2.4952	0.00775795	0.1172	-0.02270338090567357	0.001080242661145966	-0.002637775252085845	29674106.26123359	0	0	5444.831795377658	5449.764345461759	5450.909577382348	124.201969813508	478761428.3863776	246.2196507927577	-7823.75405	0	0	0	0	0.105658371499408	1.776819999990044	0.09999999999943968	1.509999999991539	172.4999999990334	0.09999999999943968	0.09999999999943968	4.919999999972433	91.18759999948904	91.18759999948904	80.38499999954958	80.38499999954958	124.201969813508	1	124.201969813508	0	1	0	0	1	0	5444.831795377658	5444.831795377658	5449.764345461759	5449.764345461759	21883.89742787219	21883.89742787219	5450.909577382348	5450.909577382348	5450.909576006431	0.9997417060059373	-0.02270141732547895	0.001080242451052426	0.02270420029344941	0.9997387466008362	-0.002637770654169216	-0.001020079101610956	0.00266161537482571	0.9999959376128602	-0.02270338090567357	0.001080242661145966	-0.002637775252085845	0.0005743707124154401	0.008672997757473143	0.9907894789166339	0.0005743707124154401	0.0005743707124154401	0.02825903905083965	0	0.0006068707411111023	0.01020553369234002	
107	50.88627846147344	246.2196507927577	2.71828	1.21358	1.16637e-05	0.2581069881028696	5.993044534209371	1.263861621190769	-1.238046052351134	-0.9302829541215486	13.23779961450413	4.615253460456734	-3.160756367224863	4.919999999972433	1.509999999991539	0.09999999999943968	0	0.105658371499408	0.09999999999943968	172.4999999990334	1.776819999990044	0.09999999999943968	91.18759999948904	0	0	0	3.14159	165.3220665983416	-4855.856771584628	-1861.268724098851	0	0	0	0	0	2	2.085	2.4952	0.00775795	0.1172	-0.02270338090567357	0.001080242661145966	-0.002637775252085845	29674106.26123359	0	0	5444.831795377658	5449.764345461759	5450.909577382348	124.201969813508	478761428.3863776	246.2196507927577	-7823.75405	0	0	0	0	0.105658371499408	1.776819999990044	0.09999999999943968	1.509999999991539	172.4999999990334	0.09999999999943968	0.09999999999943968	4.919999999972433	91.18759999948904	91.18759999948904	80.38499999954958	80.38499999954958	124.201969813508	1	124.201969813508	0	1	0	0	1	0	5444.831795377658	5444.831795377658	5449.764345461759	5449.764345461759	21883.89742787219	21883.89742787219	5450.909577382348	5450.909577382348	5450.909576006431	0.9997417060059373	-0.02270141732547895	0.001080242451052426	0.02270420029344941	0.9997387466008362	-0.002637770654169216	-0.001020079101610956	0.00266161537482571	0.9999959376128602	-0.02270338090567357	0.001080242661145966	-0.002637775252085845	0.0005743707124154401	0.008672997757473143	0.9907894789166339	0.0005743707124154401	0.0005743707124154401	0.02825903905083965	0	0.0006068707411111023	0.01020553369234002	
108	50.4151092164598	246.2196507927577	2.71828	1.21358	1.16637e-05	0.2581069881028696	5.993044534209371	1.263861621190769	-1.238046052351134	-0.9302829541215486	13.23779961450413	4.615253460456734	-3.160756367224863	4.919999999972433	1.509999999991539	0.09999999999943968	0	0.105658371499408	0.09999999999943968	172.4999999990334	1.776819999990044	0.09999999999943968	91.18759999948904	0	0	0	3.14159	165.3220665983416	-4855.856771584628	-1861.268724098851	0	0	0	0	0	2	2.085	2.4952	0.00775795	0.1172	-0.02270338090567357	0.001080242661145966	-0.002637775252085845	29674106.26123359	0	0	5444.831795377658	5449.764345461759	5450.909577382348	124.201969813508	478761428.3863776	246.2196507927577	-7823.75405	0	0	0	0	0.105658371499408	1.776819999990044	0.09999999999943968	1.509999999991539	172.4999999990334	0.09999999999943968	0.09999999999943968	4.919999999972433	91.18759999948904	91.18759999948904	80.38499999954958	80.38499999954958	124.201969813508	1	124.201969813508	0	1	0	0	1	0	5444.831795377658	5444.831795377658	5449.764345461759	5449.764345461759	21883.89742787219	21883.89742787219	5450.909577382348	5450.909577382348	5450.909576006431	0.9997417060059373	-0.02270141732547895	0.001080242451052426	0.02270420029344941	0.9997387466008362	-0.002637770654169216	-0.001020079101610956	0.00266161537482571	0.9999959376128602	-0.02270338090567357	0.001080242661145966	-0.002637775252085845	0.0005743707124154401	0.008672997757473143	0.9907894789166339	0.0005743707124154401	0.0005743707124154401	0.02825903905083965	0	0.0006068707411111023	0.01020553369234002	
109	49.95258527869411	246.2196507927577	2.71828	1.21358	1.16637e-05	0.2581069881028696	5.993044534209371	1.263861621190769	-1.238046052351134	-0.9302829541215486	13.23779961450413	4.615253460456734	-3.160756367224863	4.919999999972433	1.509999999991539	0.09999999999943968	0	0.105658371499408	0.09999999999943968	172.4999999990334	1.776819999990044	0.09999999999943968	91.18759999948904	0	0	0	3.14159	165.3220665983416	-4855.856771584628	-1861.268724098851	0	0	0	0	0	2	2.085	2.4952	0.00775795	0.1172	-0.02270338090567357	0.001080242661145966	-0.002637775252085845	29674106.26123359	0	0	5444.831795377658	5449.764345461759	5450.909577382348	124.201969813508	478761428.3863776	246.2196507927577	-7823.75405	0	0	0	0	0.105658371499408	1.776819999990044	0.09999999999943968	1.509999999991539	172.4999999990334	0.09999999999943968	0.09999999999943968	4.919999999972433	91.18759999948904	91.18759999948904	80.38499999954958	80.38499999954958	124.201969813508	1	124.201969813508	0	1	0	0	1	0	5444.831795377658	5444.831795377658	5449.764345461759	5449.764345461759	21883.89742787219	21883.89742787219	5450.909577382348	5450.909577382348	5450.909576006431	0.9997417060059373	-0.02270141732547895	0.001080242451052426	0.02270420029344941	0.9997387466008362	-0.002637770654169216	-0.001020079101610956	0.00266161537482571	0.9999959376128602	-0.02270338090567357	0.001080242661145966	-0.002637775252085845	0.0005743707124154401	0.008672997757473143	0.9907894789166339	0.0005743707124154401	0.0005743707124154401	0.02825903905083965	0	0.0006068707411111023	0.01020553369234002	
110	49.49847086706961	246.2196507927577	2.71828	1.21358	1.16637e-05	0.2581069881028696	5.993044534209371	1.263861621190769	-1.238046052351134	-0.9302829541215486	13.23779961450413	4.615253460456734	-3.160756367224863	4.919999999972433	1.509999999991539	0.09999999999943968	0	0.105658371499408	0.09999999999943968	172.4999999990334	1.776819999990044	0.09999999999943968	91.18759999948904	0	0	0	3.14159	165.3220665983416	-4855.856771584628	-1861.268724098851	0	0	0	0	0	2	2.085	2.4952	0.00775795	0.1172	-0.02270338090567357	0.001080242661145966	-0.002637775252085845	29674106.26123359	0	0	5444.831795377658	5449.764345461759	5450.909577382348	124.201969813508	478761428.3863776	246.2196507927577	-7823.75405	0	0	0	0	0.105658371499408	1.776819999990044	0.09999999999943968	1.509999999991539	172.4999999990334	0.09999999999943968	0.09999999999943968	4.919999999972433	91.18759999948904	91.18759999948904	80.38499999954958	80.38499999954958	124.201969813508	1	124.201969813508	0	1	0	0	1	0	5444.831795377658	5444.831795377658	5449.764345461759	5449.764345461759	21883.89742787219	21883.89742787219	5450.909577382348	5450.909577382348	5450.909576006431	0.9997417060059373	-0.02270141732547895	0.001080242451052426	0.02270420029344941	0.9997387466008362	-0.002637770654169216	-0.001020079101610956	0.00266161537482571	0.9999959376128602	-0.02270338090567357	0.001080242661145966	-0.002637775252085845	0.0005743707124154401	0.008672997757473143	0.9907894789166339	0.0005743707124154401	0.0005743707124154401	0.02825903905083965	0	0.0006068707411111023	0.01020553369234002	
111	49.05253869709602	246.2196507927577	2.71828	1.21358	1.16637e-05	0.2581069881028696	5.993044534209371	1.263861621190769	-1.238046052351134	-0.9302829541215486	13.23779961450413	4.615253460456734	-3.160756367224863	4.919999999972433	1.509999999991539	0.09999999999943968	0	0.105658371499408	0.09999999999943968	172.4999999990334	1.776819999990044	0.09999999999943968	91.18759999948904	0	0	0	3.14159	165.3220665983416	-4855.856771584628	-1861.268724098851	0	0	0	0	0	2	2.085	2.4952	0.00775795	0.1172	-0.02270338090567357	0.001080242661145966	-0.002637775252085845	29674106.26123359	0	0	5444.831795377658	5449.764345461759	5450.909577382348	124.201969813508	478761428.3863776	246.2196507927577	-7823.75405	0	0	0	0	0.105658371499408	1.776819999990044	0.09999999999943968	1.509999999991539	172.4999999990334	0.09999999999943968	0.09999999999943968	4.919999999972433	91.18759999948904	91.18759999948904	80.38499999954958	80.38499999954958	124.201969813508	1	124.201969813508	0	1	0	0	1	0	5444.831795377658	5444.831795377658	5449.764345461759	5449.764345461759	21883.89742787219	21883.89742787219	5450.909577382348	5450.909577382348	5450.909576006431	0.9997417060059373	-0.02270141732547895	0.001080242451052426	0.02270420029344941	0.9997387466008362	-0.002637770654169216	-0.001020079101610956	0.00266161537482571	0.9999959376128602	-0.02270338090567357	0.001080242661145966	-0.002637775252085845	0.0005743707124154401	0.008672997757473143	0.9907894789166339	0.0005743707124154401	0.0005743707124154401	0.02825903905083965	0	0.0006068707411111023	0.01020553369234002	
112	48.61456960158623	246.2196507927577	2.71828	1.21358	1.16637e-05	0.2581069881028696	5.993044534209371	1.263861621190769	-1.238046052351134	-0.9302829541215486	13.23779961450413	4.615253460456734	-3.160756367224863	4.919999999972433	1.509999999991539	0.09999999999943968	0	0.105658371499408	0.09999999999943968	172.4999999990334	1.776819999990044	0.09999999999943968	91.18759999948904	0	0	0	3.14159	165.3220665983416	-4855.856771584628	-1861.268724098851	0	0	0	0	0	2	2.085	2.4952	0.00775795	0.1172	-0.02270338090567357	0.001080242661145966	-0.002637775252085845	29674106.26123359	0	0	5444.831795377658	5449.764345461759	5450.909577382348	124.201969813508	478761428.3863776	246.2196507927577	-7823.75405	0	0	0	0	0.105658371499408	1.776819999990044	0.09999999999943968	1.509999999991539	172.4999999990334	0.09999999999943968	0.09999999999943968	4.919999999972433	91.18759999948904	91.18759999948904	80.38499999954958	80.38499999954958	124.201969813508	1	124.201969813508	0	1	0	0	1	0	5444.831795377658	5444.831795377658	5449.764345461759	5449.764345461759	21883.89742787219	21883.89742787219	5450.909577382348	5450.909577382348	5450.909576006431	0.9997417060059373	-0.02270141732547895	0.001080242451052426	0.02270420029344941	0.9997387466008362	-0.002637770654169216	-0.001020079101610956	0.00266161537482571	0.9999959376128602	-0.02270338090567357	0.001080242661145966	-0.002637775252085845	0.0005743707124154401	0.008672997757473143	0.9907894789166339	0.0005743707124154401	0.0005743707124154401	0.02825903905083965	0	0.0006068707411111023	0.01020553369234002	
113	48.1843521714837	246.2196507927577	2.71828	1.21358	1.16637e-05	0.2581069881028696	5.993044534209371	1.263861621190769	-1.238046052351134	-0.9302829541215486	13.23779961450413	4.615253460456734	-3.160756367224863	4.919999999972433	1.509999999991539	0.09999999999943968	0	0.105658371499408	0.09999999999943968	172.4999999990334	1.776819999990044	0.09999999999943968	91.18759999948904	0	0	0	3.14159	165.3220665983416	-4855.856771584628	-1861.268724098851	0	0	0	0	0	2	2.085	2.4952	0.00775795	0.1172	-0.02270338090567357	0.001080242661145966	-0.002637775252085845	29674106.26123359	0	0	5444.831795377658	5449.764345461759	5450.909577382348	124.201969813508	478761428.3863776	246.2196507927577	-7823.75405	0	0	0	0	0.105658371499408	1.776819999990044	0.09999999999943968	1.509999999991539	172.4999999990334	0.09999999999943968	0.09999999999943968	4.919999999972433	91.18759999948904	91.18759999948904	80.38499999954958	80.38499999954958	124.201969813508	1	124.201969813508	0	1	0	0	1	0	5444.831795377658	5444.831795377658	5449.764345461759	5449.764345461759	21883.89742787219	21883.89742787219	5450.909577382348	5450.909577382348	5450.909576006431	0.9997417060059373	-0.02270141732547895	0.001080242451052426	0.02270420029344941	0.9997387466008362	-0.002637770654169216	-0.001020079101610956	0.00266161537482571	0.9999959376128602	-0.02270338090567357	0.001080242661145966	-0.002637775252085845	0.0005743707124154401	0.008672997757473143	0.9907894789166339	0.0005743707124154401	0.0005743707124154401	0.02825903905083965	0	0.0006068707411111023	0.01020553369234002	
114	47.76168241559349	246.2196507927577	2.71828	1.21358	1.16637e-05	0.2581069881028696	5.993044534209371	1.263861621190769	-1.238046052351134	-0.9302829541215486	13.23779961450413	4.615253460456734	-3.160756367224863	4.919999999972433	1.509999999991539	0.09999999999943968	0	0.105658371499408	0.09999999999943968	172.4999999990334	1.776819999990044	0.09999999999943968	91.18759999948904	0	0	0	3.14159	165.3220665983416	-4855.856771584628	-1861.268724098851	0	0	0	0	0	2	2.085	2.4952	0.00775795	0.1172	-0.02270338090567357	0.001080242661145966	-0.002637775252085845	29674106.26123359	0	0	5444.831795377658	5449.764345461759	5450.909577382348	124.201969813508	478761428.3863776	246.2196507927577	-7823.75405	0	0	0	0	0.105658371499408	1.776819999990044	0.09999999999943968	1.509999999991539	172.4999999990334	0.09999999999943968	0.09999999999943968	4.919999999972433	91.18759999948904	91.18759999948904	80.38499999954958	80.38499999954958	124.201969813508	1	124.201969813508	0	1	0	0	1	0	5444.831795377658	5444.831795377658	5449.764345461759	5449.764345461759	21883.89742787219	21883.89742787219	5450.909577382348	5450.909577382348	5450.909576006431	0.9997417060059373	-0.02270141732547895	0.001080242451052426	0.02270420029344941	0.9997387466008362	-0.002637770654169216	-0.001020079101610956	0.00266161537482571	0.9999959376128602	-0.02270338090567357	0.001080242661145966	-0.002637775252085845	0.0005743707124154401	0.008672997757473143	0.9907894789166339	0.0005743707124154401	0.0005743707124154401	0.02825903905083965	0	0.0006068707411111023	0.01020553369234002	
115	47.34636343806659	246.2196507927577	2.71828	1.21358	1.16637e-05	0.2581069881028696	5.993044534209371	1.263861621190769	-1.238046052351134	-0.9302829541215486	13.23779961450413	4.615253460456734	-3.160756367224863	4.919999999972433	1.509999999991539	0.09999999999943968	0	0.105658371499408	0.09999999999943968	172.4999999990334	1.776819999990044	0.09999999999943968	91.18759999948904	0	0	0	3.14159	165.3220665983416	-4855.856771584628	-1861.268724098851	0	0	0	0	0	2	2.085	2.4952	0.00775795	0.1172	-0.02270338090567357	0.001080242661145966	-0.002637775252085845	29674106.26123359	0	0	5444.831795377658	5449.764345461759	5450.909577382348	124.201969813508	478761428.3863776	246.2196507927577	-7823.75405	0	0	0	0	0.105658371499408	1.776819999990044	0.09999999999943968	1.509999999991539	172.4999999990334	0.09999999999943968	0.09999999999943968	4.919999999972433	91.18759999948904	91.18759999948904	80.38499999954958	80.38499999954958	124.201969813508	1	124.201969813508	0	1	0	0	1	0	5444.831795377658	5444.831795377658	5449.764345461759	5449.764345461759	21883.89742787219	21883.89742787219	5450.909577382348	5450.909577382348	5450.909576006431	0.9997417060059373	-0.02270141732547895	0.001080242451052426	0.02270420029344941	0.9997387466008362	-0.002637770654169216	-0.001020079101610956	0.00266161537482571	0.9999959376128602	-0.02270338090567357	0.001080242661145966	-0.002637775252085845	0.0005743707124154401	0.008672997757473143	0.9907894789166339	0.0005743707124154401	0.0005743707124154401	0.02825903905083965	0	0.0006068707411111023	0.01020553369234002	
116	46.93820513256601	246.2196507927577	2.71828	1.21358	1.16637e-05	0.2581069881028696	5.993044534209371	1.263861621190769	-1.238046052351134	-0.9302829541215486	13.23779961450413	4.615253460456734	-3.160756367224863	4.919999999972433	1.509999999991539	0.09999999999943968	0	0.105658371499408	0.09999999999943968	172.4999999990334	1.776819999990044	0.09999999999943968	91.18759999948904	0	0	0	3.14159	165.3220665983416	-4855.856771584628	-1861.268724098851	0	0	0	0	0	2	2.085	2.4952	0.00775795	0.1172	-0.02270338090567357	0.001080242661145966	-0.002637775252085845	29674106.26123359	0	0	5444.831795377658	5449.764345461759	5450.909577382348	124.201969813508	478761428.3863776	246.2196507927577	-7823.75405	0	0	0	0	0.105658371499408	1.776819999990044	0.09999999999943968	1.509999999991539	172.4999999990334	0.09999999999943968	0.09999999999943968	4.919999999972433	91.18759999948904	91.18759999948904	80.38499999954958	80.38499999954958	124.201969813508	1	124.201969813508	0	1	0	0	1	0	5444.831795377658	5444.831795377658	5449.764345461759	5449.764345461759	21883.89742787219	21883.89742787219	5450.909577382348	5450.909577382348	5450.909576006431	0.9997417060059373	-0.02270141732547895	0.001080242451052426	0.02270420029344941	0.9997387466008362	-0.002637770654169216	-0.001020079101610956	0.00266161537482571	0.9999959376128602	-0.02270338090567357	0.001080242661145966	-0.002637775252085845	0.0005743707124154401	0.008672997757473143	0.9907894789166339	0.0005743707124154401	0.0005743707124154401	0.02825903905083965	0	0.0006068707411111023	0.01020553369234002	
117	46.53702389211674	246.2196507927577	2.71828	1.21358	1.16637e-05	0.2581069881028696	5.993044534209371	1.263861621190769	-1.238046052351134	-0.9302829541215486	13.23779961450413	4.615253460456734	-3.160756367224863	4.919999999972433	1.509999999991539	0.09999999999943968	0	0.105658371499408	0.09999999999943968	172.4999999990334	1.776819999990044	0.09999999999943968	91.18759999948904	0	0	0	3.14159	165.3220665983416	-4855.856771584628	-1861.268724098851	0	0	0	0	0	2	2.085	2.4952	0.00775795	0.1172	-0.02270338090567357	0.001080242661145966	-0.002637775252085845	29674106.26123359	0	0	5444.831795377658	5449.764345461759	5450.909577382348	124.201969813508	478761428.3863776	246.2196507927577	-7823.75405	0	0	0	0	0.105658371499408	1.776819999990044	0.09999999999943968	1.509999999991539	172.4999999990334	0.09999999999943968	0.09999999999943968	4.919999999972433	91.18759999948904	91.18759999948904	80.38499999954958	80.38499999954958	124.201969813508	1	124.201969813508	0	1	0	0	1	0	5444.831795377658	5444.831795377658	5449.764345461759	5449.764345461759	21883.89742787219	21883.89742787219	5450.909577382348	5450.909577382348	5450.909576006431	0.9997417060059373	-0.02270141732547895	0.001080242451052426	0.02270420029344941	0.9997387466008362	-0.002637770654169216	-0.001020079101610956	0.00266161537482571	0.9999959376128602	-0.02270338090567357	0.001080242661145966	-0.002637775252085845	0.0005743707124154401	0.008672997757473143	0.9907894789166339	0.0005743707124154401	0.0005743707124154401	0.02825903905083965	0	0.0006068707411111023	0.01020553369234002	
118	46.14264233370896	246.2196507927577	2.71828	1.21358	1.16637e-05	0.2581069881028696	5.993044534209371	1.263861621190769	-1.238046052351134	-0.9302829541215486	13.23779961450413	4.615253460456734	-3.160756367224863	4.919999999972433	1.509999999991539	0.09999999999943968	0	0.105658371499408	0.09999999999943968	172.4999999990334	1.776819999990044	0.09999999999943968	91.18759999948904	0	0	0	3.14159	165.3220665983416	-4855.856771584628	-1861.268724098851	0	0	0	0	0	2	2.085	2.4952	0.00775795	0.1172	-0.02270338090567357	0.001080242661145966	-0.002637775252085845	29674106.26123359	0	0	5444.831795377658	5449.764345461759	5450.909577382348	124.201969813508	478761428.3863776	246.2196507927577	-7823.75405	0	0	0	0	0.105658371499408	1.776819999990044	0.09999999999943968	1.509999999991539	172.4999999990334	0.09999999999943968	0.09999999999943968	4.919999999972433	91.18759999948904	91.18759999948904	80.38499999954958	80.38499999954958	124.201969813508	1	124.201969813508	0	1	0	0	1	0	5444.831795377658	5444.831795377658	5449.764345461759	5449.764345461759	21883.89742787219	21883.89742787219	5450.909577382348	5450.909577382348	5450.909576006431	0.9997417060059373	-0.02270141732547895	0.001080242451052426	0.02270420029344941	0.9997387466008362	-0.002637770654169216	-0.001020079101610956	0.00266161537482571	0.9999959376128602	-0.02270338090567357	0.001080242661145966	-0.002637775252085845	0.0005743707124154401	0.008672997757473143	0.9907894789166339	0.0005743707124154401	0.0005743707124154401	0.02825903905083965	0	0.0006068707411111023	0.01020553369234002	
119	45.75488903678704	246.2196507927577	2.71828	1.21358	1.16637e-05	0.2581069881028696	5.993044534209371	1.263861621190769	-1.238046052351134	-0.9302829541215486	13.23779961450413	4.615253460456734	-3.160756367224863	4.919999999972433	1.509999999991539	0.09999999999943968	0	0.105658371499408	0.09999999999943968	172.4999999990334	1.776819999990044	0.09999999999943968	91.18759999948904	0	0	0	3.14159	165.3220665983416	-4855.856771584628	-1861.268724098851	0	0	0	0	0	2	2.085	2.4952	0.00775795	0.1172	-0.02270338090567357	0.001080242661145966	-0.002637775252085845	29674106.26123359	0	0	5444.831795377658	5449.764345461759	5450.909577382348	124.201969813508	478761428.3863776	246.2196507927577	-7823.75405	0	0	0	0	0.105658371499408	1.776819999990044	0.09999999999943968	1.509999999991539	172.4999999990334	0.09999999999943968	0.09999999999943968	4.919999999972433	91.18759999948904	91.18759999948904	80.38499999954958	80.38499999954958	124.201969813508	1	124.201969813508	0	1	0	0	1	0	5444.831795377658	5444.831795377658	5449.764345461759	5449.764345461759	21883.89742787219	21883.89742787219	5450.909577382348	5450.909577382348	5450.909576006431	0.9997417060059373	-0.02270141732547895	0.001080242451052426	0.02270420029344941	0.9997387466008362	-0.002637770654169216	-0.001020079101610956	0.00266161537482571	0.9999959376128602	-0.02270338090567357	0.001080242661145966	-0.002637775252085845	0.0005743707124154401	0.008672997757473143	0.9907894789166339	0.0005743707124154401	0.0005743707124154401	0.02825903905083965	0	0.0006068707411111023	0.01020553369234002	
120	45.37359829481382	246.2196507927577	2.71828	1.21358	1.16637e-05	0.2581069881028696	5.993044534209371	1.263861621190769	-1.238046052351134	-0.9302829541215486	13.23779961450413	4.615253460456734	-3.160756367224863	4.919999999972433	1.509999999991539	0.09999999999943968	0	0.105658371499408	0.09999999999943968	172.4999999990334	1.776819999990044	0.09999999999943968	91.18759999948904	0	0	0	3.14159	165.3220665983416	-4855.856771584628	-1861.268724098851	0	0	0	0	0	2	2.085	2.4952	0.00775795	0.1172	-0.02270338090567357	0.001080242661145966	-0.002637775252085845	29674106.26123359	0	0	5444.831795377658	5449.764345461759	5450.909577382348	124.201969813508	478761428.3863776	246.2196507927577	-7823.75405	0	0	0	0	0.105658371499408	1.776819999990044	0.09999999999943968	1.509999999991539	172.4999999990334	0.09999999999943968	0.09999999999943968	4.919999999972433	91.18759999948904	91.18759999948904	80.38499999954958	80.38499999954958	124.201969813508	1	124.201969813508	0	1	0	0	1	0	5444.831795377658	5444.831795377658	5449.764345461759	5449.764345461759	21883.89742787219	21883.89742787219	5450.909577382348	5450.909577382348	5450.909576006431	0.9997417060059373	-0.02270141732547895	0.001080242451052426	0.02270420029344941	0.9997387466008362	-0.002637770654169216	-0.001020079101610956	0.00266161537482571	0.9999959376128602	-0.02270338090567357	0.001080242661145966	-0.002637775252085845	0.0005743707124154401	0.008672997757473143	0.9907894789166339	0.0005743707124154401	0.0005743707124154401	0.02825903905083965	0	0.0006068707411111023	0.01020553369234002	
121	44.99860987915419	246.2196507927577	2.71828	1.21358	1.16637e-05	0.2581069881028696	5.993044534209371	1.263861621190769	-1.238046052351134	-0.9302829541215486	13.23779961450413	4.615253460456734	-3.160756367224863	4.919999999972433	1.509999999991539	0.09999999999943968	0	0.105658371499408	0.09999999999943968	172.4999999990334	1.776819999990044	0.09999999999943968	91.18759999948904	0	0	0	3.14159	165.3220665983416	-4855.856771584628	-1861.268724098851	0	0	0	0	0	2	2.085	2.4952	0.00775795	0.1172	-0.02270338090567357	0.001080242661145966	-0.002637775252085845	29674106.26123359	0	0	5444.831795377658	5449.764345461759	5450.909577382348	124.201969813508	478761428.3863776	246.2196507927577	-7823.75405	0	0	0	0	0.105658371499408	1.776819999990044	0.09999999999943968	1.509999999991539	172.4999999990334	0.09999999999943968	0.09999999999943968	4.919999999972433	91.18759999948904	91.18759999948904	80.38499999954958	80.38499999954958	124.201969813508	1	124.201969813508	0	1	0	0	1	0	5444.831795377658	5444.831795377658	5449.764345461759	5449.764345461759	21883.89742787219	21883.89742787219	5450.909577382348	5450.909577382348	5450.909576006431	0.9997417060059373	-0.02270141732547895	0.001080242451052426	0.02270420029344941	0.9997387466008362	-0.002637770654169216	-0.001020079101610956	0.00266161537482571	0.9999959376128602	-0.02270338090567357	0.001080242661145966	-0.002637775252085845	0.0005743707124154401	0.008672997757473143	0.9907894789166339	0.0005743707124154401	0.0005743707124154401	0.02825903905083965	0	0.0006068707411111023	0.01020553369234002	
122	44.62976881457097	246.2196507927577	2.71828	1.21358	1.16637e-05	0.2581069881028696	5.993044534209371	1.263861621190769	-1.238046052351134	-0.9302829541215486	13.23779961450413	4.615253460456734	-3.160756367224863	4.919999999972433	1.509999999991539	0.09999999999943968	0	0.105658371499408	0.09999999999943968	172.4999999990334	1.776819999990044	0.09999999999943968	91.18759999948904	0	0	0	3.14159	165.3220665983416	-4855.856771584628	-1861.268724098851	0	0	0	0	0	2	2.085	2.4952	0.00775795	0.1172	-0.02270338090567357	0.001080242661145966	-0.002637775252085845	29674106.26123359	0	0	5444.831795377658	5449.764345461759	5450.909577382348	124.201969813508	478761428.3863776	246.2196507927577	-7823.75405	0	0	0	0	0.105658371499408	1.776819999990044	0.09999999999943968	1.509999999991539	172.4999999990334	0.09999999999943968	0.09999999999943968	4.919999999972433	91.18759999948904	91.18759999948904	80.38499999954958	80.38499999954958	124.201969813508	1	124.201969813508	0	1	0	0	1	0	5444.831795377658	5444.831795377658	5449.764345461759	5449.764345461759	21883.89742787219	21883.89742787219	5450.909577382348	5450.909577382348	5450.909576006431	0.9997417060059373	-0.02270141732547895	0.001080242451052426	0.02270420029344941	0.9997387466008362	-0.002637770654169216	-0.001020079101610956	0.00266161537482571	0.9999959376128602	-0.02270338090567357	0.001080242661145966	-0.002637775252085845	0.0005743707124154401	0.008672997757473143	0.9907894789166339	0.0005743707124154401	0.0005743707124154401	0.02825903905083965	0	0.0006068707411111023	0.01020553369234002	
123	44.26692516567201	246.2196507927577	2.71828	1.21358	1.16637e-05	0.2581069881028696	5.993044534209371	1.263861621190769	-1.238046052351134	-0.9302829541215486	13.23779961450413	4.615253460456734	-3.160756367224863	4.919999999972433	1.509999999991539	0.09999999999943968	0	0.105658371499408	0.09999999999943968	172.4999999990334	1.776819999990044	0.09999999999943968	91.18759999948904	0	0	0	3.14159	165.3220665983416	-4855.856771584628	-1861.268724098851	0	0	0	0	0	2	2.085	2.4952	0.00775795	0.1172	-0.02270338090567357	0.001080242661145966	-0.002637775252085845	29674106.26123359	0	0	5444.831795377658	5449.764345461759	5450.909577382348	124.201969813508	478761428.3863776	246.2196507927577	-7823.75405	0	0	0	0	0.105658371499408	1.776819999990044	0.09999999999943968	1.509999999991539	172.4999999990334	0.09999999999943968	0.09999999999943968	4.919999999972433	91.18759999948904	91.18759999948904	80.38499999954958	80.38499999954958	124.201969813508	1	124.201969813508	0	1	0	0	1	0	5444.831795377658	5444.831795377658	5449.764345461759	5449.764345461759	21883.89742787219	21883.89742787219	5450.909577382348	5450.909577382348	5450.909576006431	0.9997417060059373	-0.02270141732547895	0.001080242451052426	0.02270420029344941	0.9997387466008362	-0.002637770654169216	-0.001020079101610956	0.00266161537482571	0.9999959376128602	-0.02270338090567357	0.001080242661145966	-0.002637775252085845	0.0005743707124154401	0.008672997757473143	0.9907894789166339	0.0005743707124154401	0.0005743707124154401	0.02825903905083965	0	0.0006068707411111023	0.01020553369234002	
124	43.90993383369079	246.2196507927577	2.71828	1.21358	1.16637e-05	0.2581069881028696	5.993044534209371	1.263861621190769	-1.238046052351134	-0.9302829541215486	13.23779961450413	4.615253460456734	-3.160756367224863	4.919999999972433	1.509999999991539	0.09999999999943968	0	0.105658371499408	0.09999999999943968	172.4999999990334	1.776819999990044	0.09999999999943968	91.18759999948904	0	0	0	3.14159	165.3220665983416	-4855.856771584628	-1861.268724098851	0	0	0	0	0	2	2.085	2.4952	0.00775795	0.1172	-0.02270338090567357	0.001080242661145966	-0.002637775252085845	29674106.26123359	0	0	5444.831795377658	5449.764345461759	5450.909577382348	124.201969813508	478761428.3863776	246.2196507927577	-7823.75405	0	0	0	0	0.105658371499408	1.776819999990044	0.09999999999943968	1.509999999991539	172.4999999990334	0.09999999999943968	0.09999999999943968	4.919999999972433	91.18759999948904	91.18759999948904	80.38499999954958	80.38499999954958	124.201969813508	1	124.201969813508	0	1	0	0	1	0	5444.831795377658	5444.831795377658	5449.764345461759	5449.764345461759	21883.89742787219	21883.89742787219	5450.909577382348	5450.909577382348	5450.909576006431	0.9997417060059373	-0.02270141732547895	0.001080242451052426	0.02270420029344941	0.9997387466008362	-0.002637770654169216	-0.001020079101610956	0.00266161537482571	0.9999959376128602	-0.02270338090567357	0.001080242661145966	-0.002637775252085845	0.0005743707124154401	0.008672997757473143	0.9907894789166339	0.0005743707124154401	0.0005743707124154401	0.02825903905083965	0	0.0006068707411111023	0.01020553369234002	
125	43.55865436302126	246.2196507927577	2.71828	1.21358	1.16637e-05	0.2581069881028696	5.993044534209371	1.263861621190769	-1.238046052351134	-0.9302829541215486	13.23779961450413	4.615253460456734	-3.160756367224863	4.919999999972433	1.509999999991539	0.09999999999943968	0	0.105658371499408	0.09999999999943968	172.4999999990334	1.776819999990044	0.09999999999943968	91.18759999948904	0	0	0	3.14159	165.3220665983416	-4855.856771584628	-1861.268724098851	0	0	0	0	0	2	2.085	2.4952	0.00775795	0.1172	-0.02270338090567357	0.001080242661145966	-0.002637775252085845	29674106.26123359	0	0	5444.831795377658	5449.764345461759	5450.909577382348	124.201969813508	478761428.3863776	246.2196507927577	-7823.75405	0	0	0	0	0.105658371499408	1.776819999990044	0.09999999999943968	1.509999999991539	172.4999999990334	0.09999999999943968	0.09999999999943968	4.919999999972433	91.18759999948904	91.18759999948904	80.38499999954958	80.38499999954958	124.201969813508	1	124.201969813508	0	1	0	0	1	0	5444.831795377658	5444.831795377658	5449.764345461759	5449.764345461759	21883.89742787219	21883.89742787219	5450.909577382348	5450.909577382348	5450.909576006431	0.9997417060059373	-0.02270141732547895	0.001080242451052426	0.02270420029344941	0.9997387466008362	-0.002637770654169216	-0.001020079101610956	0.00266161537482571	0.9999959376128602	-0.02270338090567357	0.001080242661145966	-0.002637775252085845	0.0005743707124154401	0.008672997757473143	0.9907894789166339	0.0005743707124154401	0.0005743707124154401	0.02825903905083965	0	0.0006068707411111023	0.01020553369234002	
126	43.21295075696554	246.2196507927577	2.71828	1.21358	1.16637e-05	0.2581069881028696	5.993044534209371	1.263861621190769	-1.238046052351134	-0.9302829541215486	13.23779961450413	4.615253460456734	-3.160756367224863	4.919999999972433	1.509999999991539	0.09999999999943968	0	0.105658371499408	0.09999999999943968	172.4999999990334	1.776819999990044	0.09999999999943968	91.18759999948904	0	0	0	3.14159	165.3220665983416	-4855.856771584628	-1861.268724098851	0	0	0	0	0	2	2.085	2.4952	0.00775795	0.1172	-0.02270338090567357	0.001080242661145966	-0.002637775252085845	29674106.26123359	0	0	5444.831795377658	5449.764345461759	5450.909577382348	124.201969813508	478761428.3863776	246.2196507927577	-7823.75405	0	0	0	0	0.105658371499408	1.776819999990044	0.09999999999943968	1.509999999991539	172.4999999990334	0.09999999999943968	0.09999999999943968	4.919999999972433	91.18759999948904	91.18759999948904	80.38499999954958	80.38499999954958	124.201969813508	1	124.201969813508	0	1	0	0	1	0	5444.831795377658	5444.831795377658	5449.764345461759	5449.764345461759	21883.89742787219	21883.89742787219	5450.909577382348	5450.909577382348	5450.909576006431	0.9997417060059373	-0.02270141732547895	0.001080242451052426	0.02270420029344941	0.9997387466008362	-0.002637770654169216	-0.001020079101610956	0.00266161537482571	0.9999959376128602	-0.02270338090567357	0.001080242661145966	-0.002637775252085845	0.0005743707124154401	0.008672997757473143	0.9907894789166339	0.0005743707124154401	0.0005743707124154401	0.02825903905083965	0	0.0006068707411111023	0.01020553369234002	
127	42.87269130218628	246.2196507927577	2.71828	1.21358	1.16637e-05	0.2581069881028696	5.993044534209371	1.263861621190769	-1.238046052351134	-0.9302829541215486	13.23779961450413	4.615253460456734	-3.160756367224863	4.919999999972433	1.509999999991539	0.09999999999943968	0	0.105658371499408	0.09999999999943968	172.4999999990334	1.776819999990044	0.09999999999943968	91.18759999948904	0	0	0	3.14159	165.3220665983416	-4855.856771584628	-1861.268724098851	0	0	0	0	0	2	2.085	2.4952	0.00775795	0.1172	-0.02270338090567357	0.001080242661145966	-0.002637775252085845	29674106.26123359	0	0	5444.831795377658	5449.764345461759	5450.909577382348	124.201969813508	478761428.3863776	246.2196507927577	-7823.75405	0	0	0	0	0.105658371499408	1.776819999990044	0.09999999999943968	1.509999999991539	172.4999999990334	0.09999999999943968	0.09999999999943968	4.919999999972433	91.18759999948904	91.18759999948904	80.38499999954958	80.38499999954958	124.201969813508	1	124.201969813508	0	1	0	0	1	0	5444.831795377658	5444.831795377658	5449.764345461759	5449.764345461759	21883.89742787219	21883.89742787219	5450.909577382348	5450.909577382348	5450.909576006431	0.9997417060059373	-0.02270141732547895	0.001080242451052426	0.02270420029344941	0.9997387466008362	-0.002637770654169216	-0.001020079101610956	0.00266161537482571	0.9999959376128602	-0.02270338090567357	0.001080242661145966	-0.002637775252085845	0.0005743707124154401	0.008672997757473143	0.9907894789166339	0.0005743707124154401	0.0005743707124154401	0.02825903905083965	0	0.0006068707411111023	0.01020553369234002	
128	42.53774840138795	246.2196507927577	2.71828	1.21358	1.16637e-05	0.2581069881028696	5.993044534209371	1.263861621190769	-1.238046052351134	-0.9302829541215486	13.23779961450413	4.615253460456734	-3.160756367224863	4.919999999972433	1.509999999991539	0.09999999999943968	0	0.105658371499408	0.09999999999943968	172.4999999990334	1.776819999990044	0.09999999999943968	91.18759999948904	0	0	0	3.14159	165.3220665983416	-4855.856771584628	-1861.268724098851	0	0	0	0	0	2	2.085	2.4952	0.00775795	0.1172	-0.02270338090567357	0.001080242661145966	-0.002637775252085845	29674106.26123359	0	0	5444.831795377658	5449.764345461759	5450.909577382348	124.201969813508	478761428.3863776	246.2196507927577	-7823.75405	0	0	0	0	0.105658371499408	1.776819999990044	0.09999999999943968	1.509999999991539	172.4999999990334	0.09999999999943968	0.09999999999943968	4.919999999972433	91.18759999948904	91.18759999948904	80.38499999954958	80.38499999954958	124.201969813508	1	124.201969813508	0	1	0	0	1	0	5444.831795377658	5444.831795377658	5449.764345461759	5449.764345461759	21883.89742787219	21883.89742787219	5450.909577382348	5450.909577382348	5450.909576006431	0.9997417060059373	-0.02270141732547895	0.001080242451052426	0.02270420029344941	0.9997387466008362	-0.002637770654169216	-0.001020079101610956	0.00266161537482571	0.9999959376128602	-0.02270338090567357	0.001080242661145966	-0.002637775252085845	0.0005743707124154401	0.008672997757473143	0.9907894789166339	0.0005743707124154401	0.0005743707124154401	0.02825903905083965	0	0.0006068707411111023	0.01020553369234002	
129	42.2079984137803	246.2196507927577	2.71828	1.21358	1.16637e-05	0.2581069881028696	5.993044534209371	1.263861621190769	-1.238046052351134	-0.9302829541215486	13.23779961450413	4.615253460456734	-3.160756367224863	4.919999999972433	1.509999999991539	0.09999999999943968	0	0.105658371499408	0.09999999999943968	172.4999999990334	1.776819999990044	0.09999999999943968	91.18759999948904	0	0	0	3.14159	165.3220665983416	-4855.856771584628	-1861.268724098851	0	0	0	0	0	2	2.085	2.4952	0.00775795	0.1172	-0.02270338090567357	0.001080242661145966	-0.002637775252085845	29674106.26123359	0	0	5444.831795377658	5449.764345461759	5450.909577382348	124.201969813508	478761428.3863776	246.2196507927577	-7823.75405	0	0	0	0	0.105658371499408	1.776819999990044	0.09999999999943968	1.509999999991539	172.4999999990334	0.09999999999943968	0.09999999999943968	4.919999999972433	91.18759999948904	91.18759999948904	80.38499999954958	80.38499999954958	124.201969813508	1	124.201969813508	0	1	0	0	1	0	5444.831795377658	5444.831795377658	5449.764345461759	5449.764345461759	21883.89742787219	21883.89742787219	5450.909577382348	5450.909577382348	5450.909576006431	0.9997417060059373	-0.02270141732547895	0.001080242451052426	0.02270420029344941	0.9997387466008362	-0.002637770654169216	-0.001020079101610956	0.00266161537482571	0.9999959376128602	-0.02270338090567357	0.001080242661145966	-0.002637775252085845	0.0005743707124154401	0.008672997757473143	0.9907894789166339	0.0005743707124154401	0.0005743707124154401	0.02825903905083965	0	0.0006068707411111023	0.01020553369234002	
130	41.88332150290506	246.2196507927577	2.71828	1.21358	1.16637e-05	0.2581069881028696	5.993044534209371	1.263861621190769	-1.238046052351134	-0.9302829541215486	13.23779961450413	4.615253460456734	-3.160756367224863	4.919999999972433	1.509999999991539	0.09999999999943968	0	0.105658371499408	0.09999999999943968	172.4999999990334	1.776819999990044	0.09999999999943968	91.18759999948904	0	0	0	3.14159	165.3220665983416	-4855.856771584628	-1861.268724098851	0	0	0	0	0	2	2.085	2.4952	0.00775795	0.1172	-0.02270338090567357	0.001080242661145966	-0.002637775252085845	29674106.26123359	0	0	5444.831795377658	5449.764345461759	5450.909577382348	124.201969813508	478761428.3863776	246.2196507927577	-7823.75405	0	0	0	0	0.105658371499408	1.776819999990044	0.09999999999943968	1.509999999991539	172.4999999990334	0.09999999999943968	0.09999999999943968	4.919999999972433	91.18759999948904	91.18759999948904	80.38499999954958	80.38499999954958	124.201969813508	1	124.201969813508	0	1	0	0	1	0	5444.831795377658	5444.831795377658	5449.764345461759	5449.764345461759	21883.89742787219	21883.89742787219	5450.909577382348	5450.909577382348	5450.909576006431	0.9997417060059373	-0.02270141732547895	0.001080242451052426	0.02270420029344941	0.9997387466008362	-0.002637770654169216	-0.001020079101610956	0.00266161537482571	0.9999959376128602	-0.02270338090567357	0.001080242661145966	-0.002637775252085845	0.0005743707124154401	0.008672997757473143	0.9907894789166339	0.0005743707124154401	0.0005743707124154401	0.02825903905083965	0	0.0006068707411111023	0.01020553369234002	
131	41.5636014914325	246.2196507927577	2.71828	1.21358	1.16637e-05	0.2581069881028696	5.993044534209371	1.263861621190769	-1.238046052351134	-0.9302829541215486	13.23779961450413	4.615253460456734	-3.160756367224863	4.919999999972433	1.509999999991539	0.09999999999943968	0	0.105658371499408	0.09999999999943968	172.4999999990334	1.776819999990044	0.09999999999943968	91.18759999948904	0	0	0	3.14159	165.3220665983416	-4855.856771584628	-1861.268724098851	0	0	0	0	0	2	2.085	2.4952	0.00775795	0.1172	-0.02270338090567357	0.001080242661145966	-0.002637775252085845	29674106.26123359	0	0	5444.831795377658	5449.764345461759	5450.909577382348	124.201969813508	478761428.3863776	246.2196507927577	-7823.75405	0	0	0	0	0.105658371499408	1.776819999990044	0.09999999999943968	1.509999999991539	172.4999999990334	0.09999999999943968	0.09999999999943968	4.919999999972433	91.18759999948904	91.18759999948904	80.38499999954958	80.38499999954958	124.201969813508	1	124.201969813508	0	1	0	0	1	0	5444.831795377658	5444.831795377658	5449.764345461759	5449.764345461759	21883.89742787219	21883.89742787219	5450.909577382348	5450.909577382348	5450.909576006431	0.9997417060059373	-0.02270141732547895	0.001080242451052426	0.02270420029344941	0.9997387466008362	-0.002637770654169216	-0.001020079101610956	0.00266161537482571	0.9999959376128602	-0.02270338090567357	0.001080242661145966	-0.002637775252085845	0.0005743707124154401	0.008672997757473143	0.9907894789166339	0.0005743707124154401	0.0005743707124154401	0.02825903905083965	0	0.0006068707411111023	0.01020553369234002	
132	41.24872572255801	246.2196507927577	2.71828	1.21358	1.16637e-05	0.2581069881028696	5.993044534209371	1.263861621190769	-1.238046052351134	-0.9302829541215486	13.23779961450413	4.615253460456734	-3.160756367224863	4.919999999972433	1.509999999991539	0.09999999999943968	0	0.105658371499408	0.09999999999943968	172.4999999990334	1.776819999990044	0.09999999999943968	91.18759999948904	0	0	0	3.14159	165.3220665983416	-4855.856771584628	-1861.268724098851	0	0	0	0	0	2	2.085	2.4952	0.00775795	0.1172	-0.02270338090567357	0.001080242661145966	-0.002637775252085845	29674106.26123359	0	0	5444.831795377658	5449.764345461759	5450.909577382348	124.201969813508	478761428.3863776	246.2196507927577	-7823.75405	0	0	0	0	0.105658371499408	1.776819999990044	0.09999999999943968	1.509999999991539	172.4999999990334	0.09999999999943968	0.09999999999943968	4.919999999972433	91.18759999948904	91.18759999948904	80.38499999954958	80.38499999954958	124.201969813508	1	124.201969813508	0	1	0	0	1	0	5444.831795377658	5444.831795377658	5449.764345461759	5449.764345461759	21883.89742787219	21883.89742787219	5450.909577382348	5450.909577382348	5450.909576006431	0.9997417060059373	-0.02270141732547895	0.001080242451052426	0.02270420029344941	0.9997387466008362	-0.002637770654169216	-0.001020079101610956	0.00266161537482571	0.9999959376128602	-0.02270338090567357	0.001080242661145966	-0.002637775252085845	0.0005743707124154401	0.008672997757473143	0.9907894789166339	0.0005743707124154401	0.0005743707124154401	0.02825903905083965	0	0.0006068707411111023	0.01020553369234002	
133	40.93858492765156	246.2196507927577	2.71828	1.21358	1.16637e-05	0.2581069881028696	5.993044534209371	1.263861621190769	-1.238046052351134	-0.9302829541215486	13.23779961450413	4.615253460456734	-3.160756367224863	4.919999999972433	1.509999999991539	0.09999999999943968	0	0.105658371499408	0.09999999999943968	172.4999999990334	1.776819999990044	0.09999999999943968	91.18759999948904	0	0	0	3.14159	165.3220665983416	-4855.856771584628	-1861.268724098851	0	0	0	0	0	2	2.085	2.4952	0.00775795	0.1172	-0.02270338090567357	0.001080242661145966	-0.002637775252085845	29674106.26123359	0	0	5444.831795377658	5449.764345461759	5450.909577382348	124.201969813508	478761428.3863776	246.2196507927577	-7823.75405	0	0	0	0	0.105658371499408	1.776819999990044	0.09999999999943968	1.509999999991539	172.4999999990334	0.09999999999943968	0.09999999999943968	4.919999999972433	91.18759999948904	91.18759999948904	80.38499999954958	80.38499999954958	124.201969813508	1	124.201969813508	0	1	0	0	1	0	5444.831795377658	5444.831795377658	5449.764345461759	5449.764345461759	21883.89742787219	21883.89742787219	5450.909577382348	5450.909577382348	5450.909576006431	0.9997417060059373	-0.02270141732547895	0.001080242451052426	0.02270420029344941	0.9997387466008362	-0.002637770654169216	-0.001020079101610956	0.00266161537482571	0.9999959376128602	-0.02270338090567357	0.001080242661145966	-0.002637775252085845	0.0005743707124154401	0.008672997757473143	0.9907894789166339	0.0005743707124154401	0.0005743707124154401	0.02825903905083965	0	0.0006068707411111023	0.01020553369234002	
134	40.63307309983327	246.2196507927577	2.71828	1.21358	1.16637e-05	0.2581069881028696	5.993044534209371	1.263861621190769	-1.238046052351134	-0.9302829541215486	13.23779961450413	4.615253460456734	-3.160756367224863	4.919999999972433	1.509999999991539	0.09999999999943968	0	0.105658371499408	0.09999999999943968	172.4999999990334	1.776819999990044	0.09999999999943968	91.18759999948904	0	0	0	3.14159	165.3220665983416	-4855.856771584628	-1861.268724098851	0	0	0	0	0	2	2.085	2.4952	0.00775795	0.1172	-0.02270338090567357	0.001080242661145966	-0.002637775252085845	29674106.26123359	0	0	5444.831795377658	5449.764345461759	5450.909577382348	124.201969813508	478761428.3863776	246.2196507927577	-7823.75405	0	0	0	0	0.105658371499408	1.776819999990044	0.09999999999943968	1.509999999991539	172.4999999990334	0.09999999999943968	0.09999999999943968	4.919999999972433	91.18759999948904	91.18759999948904	80.38499999954958	80.38499999954958	124.201969813508	1	124.201969813508	0	1	0	0	1	0	5444.831795377658	5444.831795377658	5449.764345461759	5449.764345461759	21883.89742787219	21883.89742787219	5450.909577382348	5450.909577382348	5450.909576006431	0.9997417060059373	-0.02270141732547895	0.001080242451052426	0.02270420029344941	0.9997387466008362	-0.002637770654169216	-0.001020079101610956	0.00266161537482571	0.9999959376128602	-0.02270338090567357	0.001080242661145966	-0.002637775252085845	0.0005743707124154401	0.008672997757473143	0.9907894789166339	0.0005743707124154401	0.0005743707124154401	0.02825903905083965	0	0.0006068707411111023	0.01020553369234002	
135	40.33208737316784	246.2196507927577	2.71828	1.21358	1.16637e-05	0.2581069881028696	5.993044534209371	1.263861621190769	-1.238046052351134	-0.9302829541215486	13.23779961450413	4.615253460456734	-3.160756367224863	4.919999999972433	1.509999999991539	0.09999999999943968	0	0.105658371499408	0.09999999999943968	172.4999999990334	1.776819999990044	0.09999999999943968	91.18759999948904	0	0	0	3.14159	165.3220665983416	-4855.856771584628	-1861.268724098851	0	0	0	0	0	2	2.085	2.4952	0.00775795	0.1172	-0.02270338090567357	0.001080242661145966	-0.002637775252085845	29674106.26123359	0	0	5444.831795377658	5449.764345461759	5450.909577382348	124.201969813508	478761428.3863776	246.2196507927577	-7823.75405	0	0	0	0	0.105658371499408	1.776819999990044	0.09999999999943968	1.509999999991539	172.4999999990334	0.09999999999943968	0.09999999999943968	4.919999999972433	91.18759999948904	91.18759999948904	80.38499999954958	80.38499999954958	124.201969813508	1	124.201969813508	0	1	0	0	1	0	5444.831795377658	5444.831795377658	5449.764345461759	5449.764345461759	21883.89742787219	21883.89742787219	5450.909577382348	5450.909577382348	5450.909576006431	0.9997417060059373	-0.02270141732547895	0.001080242451052426	0.02270420029344941	0.9997387466008362	-0.002637770654169216	-0.001020079101610956	0.00266161537482571	0.9999959376128602	-0.02270338090567357	0.001080242661145966	-0.002637775252085845	0.0005743707124154401	0.008672997757473143	0.9907894789166339	0.0005743707124154401	0.0005743707124154401	0.02825903905083965	0	0.0006068707411111023	0.01020553369234002	
136	40.03552790718866	246.2196507927577	2.71828	1.21358	1.16637e-05	0.2581069881028696	5.993044534209371	1.263861621190769	-1.238046052351134	-0.9302829541215486	13.23779961450413	4.615253460456734	-3.160756367224863	4.919999999972433	1.509999999991539	0.09999999999943968	0	0.105658371499408	0.09999999999943968	172.4999999990334	1.776819999990044	0.09999999999943968	91.18759999948904	0	0	0	3.14159	165.3220665983416	-4855.856771584628	-1861.268724098851	0	0	0	0	0	2	2.085	2.4952	0.00775795	0.1172	-0.02270338090567357	0.001080242661145966	-0.002637775252085845	29674106.26123359	0	0	5444.831795377658	5449.764345461759	5450.909577382348	124.201969813508	478761428.3863776	246.2196507927577	-7823.75405	0	0	0	0	0.105658371499408	1.776819999990044	0.09999999999943968	1.509999999991539	172.4999999990334	0.09999999999943968	0.09999999999943968	4.919999999972433	91.18759999948904	91.18759999948904	80.38499999954958	80.38499999954958	124.201969813508	1	124.201969813508	0	1	0	0	1	0	5444.831795377658	5444.831795377658	5449.764345461759	5449.764345461759	21883.89742787219	21883.89742787219	5450.909577382348	5450.909577382348	5450.909576006431	0.9997417060059373	-0.02270141732547895	0.001080242451052426	0.02270420029344941	0.9997387466008362	-0.002637770654169216	-0.001020079101610956	0.00266161537482571	0.9999959376128602	-0.02270338090567357	0.001080242661145966	-0.002637775252085845	0.0005743707124154401	0.008672997757473143	0.9907894789166339	0.0005743707124154401	0.0005743707124154401	0.02825903905083965	0	0.0006068707411111023	0.01020553369234002	
137	39.74329777647925	246.2196507927577	2.71828	1.21358	1.16637e-05	0.2581069881028696	5.993044534209371	1.263861621190769	-1.238046052351134	-0.9302829541215486	13.23779961450413	4.615253460456734	-3.160756367224863	4.919999999972433	1.509999999991539	0.09999999999943968	0	0.105658371499408	0.09999999999943968	172.4999999990334	1.776819999990044	0.09999999999943968	91.18759999948904	0	0	0	3.14159	165.3220665983416	-4855.856771584628	-1861.268724098851	0	0	0	0	0	2	2.085	2.4952	0.00775795	0.1172	-0.02270338090567357	0.001080242661145966	-0.002637775252085845	29674106.26123359	0	0	5444.831795377658	5449.764345461759	5450.909577382348	124.201969813508	478761428.3863776	246.2196507927577	-7823.75405	0	0	0	0	0.105658371499408	1.776819999990044	0.09999999999943968	1.509999999991539	172.4999999990334	0.09999999999943968	0.09999999999943968	4.919999999972433	91.18759999948904	91.18759999948904	80.38499999954958	80.38499999954958	124.201969813508	1	124.201969813508	0	1	0	0	1	0	5444.831795377658	5444.831795377658	5449.764345461759	5449.764345461759	21883.89742787219	21883.89742787219	5450.909577382348	5450.909577382348	5450.909576006431	0.9997417060059373	-0.02270141732547895	0.001080242451052426	0.02270420029344941	0.9997387466008362	-0.002637770654169216	-0.001020079101610956	0.00266161537482571	0.9999959376128602	-0.02270338090567357	0.001080242661145966	-0.002637775252085845	0.0005743707124154401	0.008672997757473143	0.9907894789166339	0.0005743707124154401	0.0005743707124154401	0.02825903905083965	0	0.0006068707411111023	0.01020553369234002	
138	39.45530286505549	246.2196507927577	2.71828	1.21358	1.16637e-05	0.2581069881028696	5.993044534209371	1.263861621190769	-1.238046052351134	-0.9302829541215486	13.23779961450413	4.615253460456734	-3.160756367224863	4.919999999972433	1.509999999991539	0.09999999999943968	0	0.105658371499408	0.09999999999943968	172.4999999990334	1.776819999990044	0.09999999999943968	91.18759999948904	0	0	0	3.14159	165.3220665983416	-4855.856771584628	-1861.268724098851	0	0	0	0	0	2	2.085	2.4952	0.00775795	0.1172	-0.02270338090567357	0.001080242661145966	-0.002637775252085845	29674106.26123359	0	0	5444.831795377658	5449.764345461759	5450.909577382348	124.201969813508	478761428.3863776	246.2196507927577	-7823.75405	0	0	0	0	0.105658371499408	1.776819999990044	0.09999999999943968	1.509999999991539	172.4999999990334	0.09999999999943968	0.09999999999943968	4.919999999972433	91.18759999948904	91.18759999948904	80.38499999954958	80.38499999954958	124.201969813508	1	124.201969813508	0	1	0	0	1	0	5444.831795377658	5444.831795377658	5449.764345461759	5449.764345461759	21883.89742787219	21883.89742787219	5450.909577382348	5450.909577382348	5450.909576006431	0.9997417060059373	-0.02270141732547895	0.001080242451052426	0.02270420029344941	0.9997387466008362	-0.002637770654169216	-0.001020079101610956	0.00266161537482571	0.9999959376128602	-0.02270338090567357	0.001080242661145966	-0.002637775252085845	0.0005743707124154401	0.008672997757473143	0.9907894789166339	0.0005743707124154401	0.0005743707124154401	0.02825903905083965	0	0.0006068707411111023	0.01020553369234002	
139	39.17145176530689	246.2196507927577	2.71828	1.21358	1.16637e-05	0.2581069881028696	5.993044534209371	1.263861621190769	-1.238046052351134	-0.9302829541215486	13.23779961450413	4.615253460456734	-3.160756367224863	4.919999999972433	1.509999999991539	0.09999999999943968	0	0.105658371499408	0.09999999999943968	172.4999999990334	1.776819999990044	0.09999999999943968	91.18759999948904	0	0	0	3.14159	165.3220665983416	-4855.856771584628	-1861.268724098851	0	0	0	0	0	2	2.085	2.4952	0.00775795	0.1172	-0.02270338090567357	0.001080242661145966	-0.002637775252085845	29674106.26123359	0	0	5444.831795377658	5449.764345461759	5450.909577382348	124.201969813508	478761428.3863776	246.2196507927577	-7823.75405	0	0	0	0	0.105658371499408	1.776819999990044	0.09999999999943968	1.509999999991539	172.4999999990334	0.09999999999943968	0.09999999999943968	4.919999999972433	91.18759999948904	91.18759999948904	80.38499999954958	80.38499999954958	124.201969813508	1	124.201969813508	0	1	0	0	1	0	5444.831795377658	5444.831795377658	5449.764345461759	5449.764345461759	21883.89742787219	21883.89742787219	5450.909577382348	5450.909577382348	5450.909576006431	0.9997417060059373	-0.02270141732547895	0.001080242451052426	0.02270420029344941	0.9997387466008362	-0.002637770654169216	-0.001020079101610956	0.00266161537482571	0.9999959376128602	-0.02270338090567357	0.001080242661145966	-0.002637775252085845	0.0005743707124154401	0.008672997757473143	0.9907894789166339	0.0005743707124154401	0.0005743707124154401	0.02825903905083965	0	0.0006068707411111023	0.01020553369234002	
140	38.89165568126899	246.2196507927577	2.71828	1.21358	1.16637e-05	0.2581069881028696	5.993044534209371	1.263861621190769	-1.238046052351134	-0.9302829541215486	13.23779961450413	4.615253460456734	-3.160756367224863	4.919999999972433	1.509999999991539	0.09999999999943968	0	0.105658371499408	0.09999999999943968	172.4999999990334	1.776819999990044	0.09999999999943968	91.18759999948904	0	0	0	3.14159	165.3220665983416	-4855.856771584628	-1861.268724098851	0	0	0	0	0	2	2.085	2.4952	0.00775795	0.1172	-0.02270338090567357	0.001080242661145966	-0.002637775252085845	29674106.26123359	0	0	5444.831795377658	5449.764345461759	5450.909577382348	124.201969813508	478761428.3863776	246.2196507927577	-7823.75405	0	0	0	0	0.105658371499408	1.776819999990044	0.09999999999943968	1.509999999991539	172.4999999990334	0.09999999999943968	0.09999999999943968	4.919999999972433	91.18759999948904	91.18759999948904	80.38499999954958	80.38499999954958	124.201969813508	1	124.201969813508	0	1	0	0	1	0	5444.831795377658	5444.831795377658	5449.764345461759	5449.764345461759	21883.89742787219	21883.89742787219	5450.909577382348	5450.909577382348	5450.909576006431	0.9997417060059373	-0.02270141732547895	0.001080242451052426	0.02270420029344941	0.9997387466008362	-0.002637770654169216	-0.001020079101610956	0.00266161537482571	0.9999959376128602	-0.02270338090567357	0.001080242661145966	-0.002637775252085845	0.0005743707124154401	0.008672997757473143	0.9907894789166339	0.0005743707124154401	0.0005743707124154401	0.02825903905083965	0	0.0006068707411111023	0.01020553369234002	
141	38.61582833601176	246.2196507927577	2.71828	1.21358	1.16637e-05	0.2581069881028696	5.993044534209371	1.263861621190769	-1.238046052351134	-0.9302829541215486	13.23779961450413	4.615253460456734	-3.160756367224863	4.919999999972433	1.509999999991539	0.09999999999943968	0	0.105658371499408	0.09999999999943968	172.4999999990334	1.776819999990044	0.09999999999943968	91.18759999948904	0	0	0	3.14159	165.3220665983416	-4855.856771584628	-1861.268724098851	0	0	0	0	0	2	2.085	2.4952	0.00775795	0.1172	-0.02270338090567357	0.001080242661145966	-0.002637775252085845	29674106.26123359	0	0	5444.831795377658	5449.764345461759	5450.909577382348	124.201969813508	478761428.3863776	246.2196507927577	-7823.75405	0	0	0	0	0.105658371499408	1.776819999990044	0.09999999999943968	1.509999999991539	172.4999999990334	0.09999999999943968	0.09999999999943968	4.919999999972433	91.18759999948904	91.18759999948904	80.38499999954958	80.38499999954958	124.201969813508	1	124.201969813508	0	1	0	0	1	0	5444.831795377658	5444.831795377658	5449.764345461759	5449.764345461759	21883.89742787219	21883.89742787219	5450.909577382348	5450.909577382348	5450.909576006431	0.9997417060059373	-0.02270141732547895	0.001080242451052426	0.02270420029344941	0.9997387466008362	-0.002637770654169216	-0.001020079101610956	0.00266161537482571	0.9999959376128602	-0.02270338090567357	0.001080242661145966	-0.002637775252085845	0.0005743707124154401	0.008672997757473143	0.9907894789166339	0.0005743707124154401	0.0005743707124154401	0.02825903905083965	0	0.0006068707411111023	0.01020553369234002	
142	38.34388588294125	246.2196507927577	2.71828	1.21358	1.16637e-05	0.2581069881028696	5.993044534209371	1.263861621190769	-1.238046052351134	-0.9302829541215486	13.23779961450413	4.615253460456734	-3.160756367224863	4.919999999972433	1.509999999991539	0.09999999999943968	0	0.105658371499408	0.09999999999943968	172.4999999990334	1.776819999990044	0.09999999999943968	91.18759999948904	0	0	0	3.14159	165.3220665983416	-4855.856771584628	-1861.268724098851	0	0	0	0	0	2	2.085	2.4952	0.00775795	0.1172	-0.02270338090567357	0.001080242661145966	-0.002637775252085845	29674106.26123359	0	0	5444.831795377658	5449.764345461759	5450.909577382348	124.201969813508	478761428.3863776	246.2196507927577	-7823.75405	0	0	0	0	0.105658371499408	1.776819999990044	0.09999999999943968	1.509999999991539	172.4999999990334	0.09999999999943968	0.09999999999943968	4.919999999972433	91.18759999948904	91.18759999948904	80.38499999954958	80.38499999954958	124.201969813508	1	124.201969813508	0	1	0	0	1	0	5444.831795377658	5444.831795377658	5449.764345461759	5449.764345461759	21883.89742787219	21883.89742787219	5450.909577382348	5450.909577382348	5450.909576006431	0.9997417060059373	-0.02270141732547895	0.001080242451052426	0.02270420029344941	0.9997387466008362	-0.002637770654169216	-0.001020079101610956	0.00266161537482571	0.9999959376128602	-0.02270338090567357	0.001080242661145966	-0.002637775252085845	0.0005743707124154401	0.008672997757473143	0.9907894789166339	0.0005743707124154401	0.0005743707124154401	0.02825903905083965	0	0.0006068707411111023	0.01020553369234002	
143	38.07574682082278	246.2196507927577	2.71828	1.21358	1.16637e-05	0.2581069881028696	5.993044534209371	1.263861621190769	-1.238046052351134	-0.9302829541215486	13.23779961450413	4.615253460456734	-3.160756367224863	4.919999999972433	1.509999999991539	0.09999999999943968	0	0.105658371499408	0.09999999999943968	172.4999999990334	1.776819999990044	0.09999999999943968	91.18759999948904	0	0	0	3.14159	165.3220665983416	-4855.856771584628	-1861.268724098851	0	0	0	0	0	2	2.085	2.4952	0.00775795	0.1172	-0.02270338090567357	0.001080242661145966	-0.002637775252085845	29674106.26123359	0	0	5444.831795377658	5449.764345461759	5450.909577382348	124.201969813508	478761428.3863776	246.2196507927577	-7823.75405	0	0	0	0	0.105658371499408	1.776819999990044	0.09999999999943968	1.509999999991539	172.4999999990334	0.09999999999943968	0.09999999999943968	4.919999999972433	91.18759999948904	91.18759999948904	80.38499999954958	80.38499999954958	124.201969813508	1	124.201969813508	0	1	0	0	1	0	5444.831795377658	5444.831795377658	5449.764345461759	5449.764345461759	21883.89742787219	21883.89742787219	5450.909577382348	5450.909577382348	5450.909576006431	0.9997417060059373	-0.02270141732547895	0.001080242451052426	0.02270420029344941	0.9997387466008362	-0.002637770654169216	-0.001020079101610956	0.00266161537482571	0.9999959376128602	-0.02270338090567357	0.001080242661145966	-0.002637775252085845	0.0005743707124154401	0.008672997757473143	0.9907894789166339	0.0005743707124154401	0.0005743707124154401	0.02825903905083965	0	0.0006068707411111023	0.01020553369234002	
144	37.81133191234485	246.2196507927577	2.71828	1.21358	1.16637e-05	0.2581069881028696	5.993044534209371	1.263861621190769	-1.238046052351134	-0.9302829541215486	13.23779961450413	4.615253460456734	-3.160756367224863	4.919999999972433	1.509999999991539	0.09999999999943968	0	0.105658371499408	0.09999999999943968	172.4999999990334	1.776819999990044	0.09999999999943968	91.18759999948904	0	0	0	3.14159	165.3220665983416	-4855.856771584628	-1861.268724098851	0	0	0	0	0	2	2.085	2.4952	0.00775795	0.1172	-0.02270338090567357	0.001080242661145966	-0.002637775252085845	29674106.26123359	0	0	5444.831795377658	5449.764345461759	5450.909577382348	124.201969813508	478761428.3863776	246.2196507927577	-7823.75405	0	0	0	0	0.105658371499408	1.776819999990044	0.09999999999943968	1.509999999991539	172.4999999990334	0.09999999999943968	0.09999999999943968	4.919999999972433	91.18759999948904	91.18759999948904	80.38499999954958	80.38499999954958	124.201969813508	1	124.201969813508	0	1	0	0	1	0	5444.831795377658	5444.831795377658	5449.764345461759	5449.764345461759	21883.89742787219	21883.89742787219	5450.909577382348	5450.909577382348	5450.909576006431	0.9997417060059373	-0.02270141732547895	0.001080242451052426	0.02270420029344941	0.9997387466008362	-0.002637770654169216	-0.001020079101610956	0.00266161537482571	0.9999959376128602	-0.02270338090567357	0.001080242661145966	-0.002637775252085845	0.0005743707124154401	0.008672997757473143	0.9907894789166339	0.0005743707124154401	0.0005743707124154401	0.02825903905083965	0	0.0006068707411111023	0.01020553369234002	
145	37.55056410605281	246.2196507927577	2.71828	1.21358	1.16637e-05	0.2581069881028696	5.993044534209371	1.263861621190769	-1.238046052351134	-0.9302829541215486	13.23779961450413	4.615253460456734	-3.160756367224863	4.919999999972433	1.509999999991539	0.09999999999943968	0	0.105658371499408	0.09999999999943968	172.4999999990334	1.776819999990044	0.09999999999943968	91.18759999948904	0	0	0	3.14159	165.3220665983416	-4855.856771584628	-1861.268724098851	0	0	0	0	0	2	2.085	2.4952	0.00775795	0.1172	-0.02270338090567357	0.001080242661145966	-0.002637775252085845	29674106.26123359	0	0	5444.831795377658	5449.764345461759	5450.909577382348	124.201969813508	478761428.3863776	246.2196507927577	-7823.75405	0	0	0	0	0.105658371499408	1.776819999990044	0.09999999999943968	1.509999999991539	172.4999999990334	0.09999999999943968	0.09999999999943968	4.919999999972433	91.18759999948904	91.18759999948904	80.38499999954958	80.38499999954958	124.201969813508	1	124.201969813508	0	1	0	0	1	0	5444.831795377658	5444.831795377658	5449.764345461759	5449.764345461759	21883.89742787219	21883.89742787219	5450.909577382348	5450.909577382348	5450.909576006431	0.9997417060059373	-0.02270141732547895	0.001080242451052426	0.02270420029344941	0.9997387466008362	-0.002637770654169216	-0.001020079101610956	0.00266161537482571	0.9999959376128602	-0.02270338090567357	0.001080242661145966	-0.002637775252085845	0.0005743707124154401	0.008672997757473143	0.9907894789166339	0.0005743707124154401	0.0005743707124154401	0.02825903905083965	0	0.0006068707411111023	0.01020553369234002	
146	37.29336846149081	246.2196507927577	2.71828	1.21358	1.16637e-05	0.2581069881028696	5.993044534209371	1.263861621190769	-1.238046052351134	-0.9302829541215486	13.23779961450413	4.615253460456734	-3.160756367224863	4.919999999972433	1.509999999991539	0.09999999999943968	0	0.105658371499408	0.09999999999943968	172.4999999990334	1.776819999990044	0.09999999999943968	91.18759999948904	0	0	0	3.14159	165.3220665983416	-4855.856771584628	-1861.268724098851	0	0	0	0	0	2	2.085	2.4952	0.00775795	0.1172	-0.02270338090567357	0.001080242661145966	-0.002637775252085845	29674106.26123359	0	0	5444.831795377658	5449.764345461759	5450.909577382348	124.201969813508	478761428.3863776	246.2196507927577	-7823.75405	0	0	0	0	0.105658371499408	1.776819999990044	0.09999999999943968	1.509999999991539	172.4999999990334	0.09999999999943968	0.09999999999943968	4.919999999972433	91.18759999948904	91.18759999948904	80.38499999954958	80.38499999954958	124.201969813508	1	124.201969813508	0	1	0	0	1	0	5444.831795377658	5444.831795377658	5449.764345461759	5449.764345461759	21883.89742787219	21883.89742787219	5450.909577382348	5450.909577382348	5450.909576006431	0.9997417060059373	-0.02270141732547895	0.001080242451052426	0.02270420029344941	0.9997387466008362	-0.002637770654169216	-0.001020079101610956	0.00266161537482571	0.9999959376128602	-0.02270338090567357	0.001080242661145966	-0.002637775252085845	0.0005743707124154401	0.008672997757473143	0.9907894789166339	0.0005743707124154401	0.0005743707124154401	0.02825903905083965	0	0.0006068707411111023	0.01020553369234002	
147	37.03967207739903	246.2196507927577	2.71828	1.21358	1.16637e-05	0.2581069881028696	5.993044534209371	1.263861621190769	-1.238046052351134	-0.9302829541215486	13.23779961450413	4.615253460456734	-3.160756367224863	4.919999999972433	1.509999999991539	0.09999999999943968	0	0.105658371499408	0.09999999999943968	172.4999999990334	1.776819999990044	0.09999999999943968	91.18759999948904	0	0	0	3.14159	165.3220665983416	-4855.856771584628	-1861.268724098851	0	0	0	0	0	2	2.085	2.4952	0.00775795	0.1172	-0.02270338090567357	0.001080242661145966	-0.002637775252085845	29674106.26123359	0	0	5444.831795377658	5449.764345461759	5450.909577382348	124.201969813508	478761428.3863776	246.2196507927577	-7823.75405	0	0	0	0	0.105658371499408	1.776819999990044	0.09999999999943968	1.509999999991539	172.4999999990334	0.09999999999943968	0.09999999999943968	4.919999999972433	91.18759999948904	91.18759999948904	80.38499999954958	80.38499999954958	124.201969813508	1	124.201969813508	0	1	0	0	1	0	5444.831795377658	5444.831795377658	5449.764345461759	5449.764345461759	21883.89742787219	21883.89742787219	5450.909577382348	5450.909577382348	5450.909576006431	0.9997417060059373	-0.02270141732547895	0.001080242451052426	0.02270420029344941	0.9997387466008362	-0.002637770654169216	-0.001020079101610956	0.00266161537482571	0.9999959376128602	-0.02270338090567357	0.001080242661145966	-0.002637775252085845	0.0005743707124154401	0.008672997757473143	0.9907894789166339	0.0005743707124154401	0.0005743707124154401	0.02825903905083965	0	0.0006068707411111023	0.01020553369234002	
148	36.78940402282201	246.2196507927577	2.71828	1.21358	1.16637e-05	0.2581069881028696	5.993044534209371	1.263861621190769	-1.238046052351134	-0.9302829541215486	13.23779961450413	4.615253460456734	-3.160756367224863	4.919999999972433	1.509999999991539	0.09999999999943968	0	0.105658371499408	0.09999999999943968	172.4999999990334	1.776819999990044	0.09999999999943968	91.18759999948904	0	0	0	3.14159	165.3220665983416	-4855.856771584628	-1861.268724098851	0	0	0	0	0	2	2.085	2.4952	0.00775795	0.1172	-0.02270338090567357	0.001080242661145966	-0.002637775252085845	29674106.26123359	0	0	5444.831795377658	5449.764345461759	5450.909577382348	124.201969813508	478761428.3863776	246.2196507927577	-7823.75405	0	0	0	0	0.105658371499408	1.776819999990044	0.09999999999943968	1.509999999991539	172.4999999990334	0.09999999999943968	0.09999999999943968	4.919999999972433	91.18759999948904	91.18759999948904	80.38499999954958	80.38499999954958	124.201969813508	1	124.201969813508	0	1	0	0	1	0	5444.831795377658	5444.831795377658	5449.764345461759	5449.764345461759	21883.89742787219	21883.89742787219	5450.909577382348	5450.909577382348	5450.909576006431	0.9997417060059373	-0.02270141732547895	0.001080242451052426	0.02270420029344941	0.9997387466008362	-0.002637770654169216	-0.001020079101610956	0.00266161537482571	0.9999959376128602	-0.02270338090567357	0.001080242661145966	-0.002637775252085845	0.0005743707124154401	0.008672997757473143	0.9907894789166339	0.0005743707124154401	0.0005743707124154401	0.02825903905083965	0	0.0006068707411111023	0.01020553369234002	
149	36.54249527099099	246.2196507927577	2.71828	1.21358	1.16637e-05	0.2581069881028696	5.993044534209371	1.263861621190769	-1.238046052351134	-0.9302829541215486	13.23779961450413	4.615253460456734	-3.160756367224863	4.919999999972433	1.509999999991539	0.09999999999943968	0	0.105658371499408	0.09999999999943968	172.4999999990334	1.776819999990044	0.09999999999943968	91.18759999948904	0	0	0	3.14159	165.3220665983416	-4855.856771584628	-1861.268724098851	0	0	0	0	0	2	2.085	2.4952	0.00775795	0.1172	-0.02270338090567357	0.001080242661145966	-0.002637775252085845	29674106.26123359	0	0	5444.831795377658	5449.764345461759	5450.909577382348	124.201969813508	478761428.3863776	246.2196507927577	-7823.75405	0	0	0	0	0.105658371499408	1.776819999990044	0.09999999999943968	1.509999999991539	172.4999999990334	0.09999999999943968	0.09999999999943968	4.919999999972433	91.18759999948904	91.18759999948904	80.38499999954958	80.38499999954958	124.201969813508	1	124.201969813508	0	1	0	0	1	0	5444.831795377658	5444.831795377658	5449.764345461759	5449.764345461759	21883.89742787219	21883.89742787219	5450.909577382348	5450.909577382348	5450.909576006431	0.9997417060059373	-0.02270141732547895	0.001080242451052426	0.02270420029344941	0.9997387466008362	-0.002637770654169216	-0.001020079101610956	0.00266161537482571	0.9999959376128602	-0.02270338090567357	0.001080242661145966	-0.002637775252085845	0.0005743707124154401	0.008672997757473143	0.9907894789166339	0.0005743707124154401	0.0005743707124154401	0.02825903905083965	0	0.0006068707411111023	0.01020553369234002	
150	36.29887863585105	246.2196507927577	2.71828	1.21358	1.16637e-05	0.2581069881028696	5.993044534209371	1.263861621190769	-1.238046052351134	-0.9302829541215486	13.23779961450413	4.615253460456734	-3.160756367224863	4.919999999972433	1.509999999991539	0.09999999999943968	0	0.105658371499408	0.09999999999943968	172.4999999990334	1.776819999990044	0.09999999999943968	91.18759999948904	0	0	0	3.14159	165.3220665983416	-4855.856771584628	-1861.268724098851	0	0	0	0	0	2	2.085	2.4952	0.00775795	0.1172	-0.02270338090567357	0.001080242661145966	-0.002637775252085845	29674106.26123359	0	0	5444.831795377658	5449.764345461759	5450.909577382348	124.201969813508	478761428.3863776	246.2196507927577	-7823.75405	0	0	0	0	0.105658371499408	1.776819999990044	0.09999999999943968	1.509999999991539	172.4999999990334	0.09999999999943968	0.09999999999943968	4.919999999972433	91.18759999948904	91.18759999948904	80.38499999954958	80.38499999954958	124.201969813508	1	124.201969813508	0	1	0	0	1	0	5444.831795377658	5444.831795377658	5449.764345461759	5449.764345461759	21883.89742787219	21883.89742787219	5450.909577382348	5450.909577382348	5450.909576006431	0.9997417060059373	-0.02270141732547895	0.001080242451052426	0.02270420029344941	0.9997387466008362	-0.002637770654169216	-0.001020079101610956	0.00266161537482571	0.9999959376128602	-0.02270338090567357	0.001080242661145966	-0.002637775252085845	0.0005743707124154401	0.008672997757473143	0.9907894789166339	0.0005743707124154401	0.0005743707124154401	0.02825903905083965	0	0.0006068707411111023	0.01020553369234002	
151	36.05848871111031	246.2196507927577	2.71828	1.21358	1.16637e-05	0.2581069881028696	5.993044534209371	1.263861621190769	-1.238046052351134	-0.9302829541215486	13.23779961450413	4.615253460456734	-3.160756367224863	4.919999999972433	1.509999999991539	0.09999999999943968	0	0.105658371499408	0.09999999999943968	172.4999999990334	1.776819999990044	0.09999999999943968	91.18759999948904	0	0	0	3.14159	165.3220665983416	-4855.856771584628	-1861.268724098851	0	0	0	0	0	2	2.085	2.4952	0.00775795	0.1172	-0.02270338090567357	0.001080242661145966	-0.002637775252085845	29674106.26123359	0	0	5444.831795377658	5449.764345461759	5450.909577382348	124.201969813508	478761428.3863776	246.2196507927577	-7823.75405	0	0	0	0	0.105658371499408	1.776819999990044	0.09999999999943968	1.509999999991539	172.4999999990334	0.09999999999943968	0.09999999999943968	4.919999999972433	91.18759999948904	91.18759999948904	80.38499999954958	80.38499999954958	124.201969813508	1	124.201969813508	0	1	0	0	1	0	5444.831795377658	5444.831795377658	5449.764345461759	5449.764345461759	21883.89742787219	21883.89742787219	5450.909577382348	5450.909577382348	5450.909576006431	0.9997417060059373	-0.02270141732547895	0.001080242451052426	0.02270420029344941	0.9997387466008362	-0.002637770654169216	-0.001020079101610956	0.00266161537482571	0.9999959376128602	-0.02270338090567357	0.001080242661145966	-0.002637775252085845	0.0005743707124154401	0.008672997757473143	0.9907894789166339	0.0005743707124154401	0.0005743707124154401	0.02825903905083965	0	0.0006068707411111023	0.01020553369234002	
152	35.82126181169512	246.2196507927577	2.71828	1.21358	1.16637e-05	0.2581069881028696	5.993044534209371	1.263861621190769	-1.238046052351134	-0.9302829541215486	13.23779961450413	4.615253460456734	-3.160756367224863	4.919999999972433	1.509999999991539	0.09999999999943968	0	0.105658371499408	0.09999999999943968	172.4999999990334	1.776819999990044	0.09999999999943968	91.18759999948904	0	0	0	3.14159	165.3220665983416	-4855.856771584628	-1861.268724098851	0	0	0	0	0	2	2.085	2.4952	0.00775795	0.1172	-0.02270338090567357	0.001080242661145966	-0.002637775252085845	29674106.26123359	0	0	5444.831795377658	5449.764345461759	5450.909577382348	124.201969813508	478761428.3863776	246.2196507927577	-7823.75405	0	0	0	0	0.105658371499408	1.776819999990044	0.09999999999943968	1.509999999991539	172.4999999990334	0.09999999999943968	0.09999999999943968	4.919999999972433	91.18759999948904	91.18759999948904	80.38499999954958	80.38499999954958	124.201969813508	1	124.201969813508	0	1	0	0	1	0	5444.831795377658	5444.831795377658	5449.764345461759	5449.764345461759	21883.89742787219	21883.89742787219	5450.909577382348	5450.909577382348	5450.909576006431	0.9997417060059373	-0.02270141732547895	0.001080242451052426	0.02270420029344941	0.9997387466008362	-0.002637770654169216	-0.001020079101610956	0.00266161537482571	0.9999959376128602	-0.02270338090567357	0.001080242661145966	-0.002637775252085845	0.0005743707124154401	0.008672997757473143	0.9907894789166339	0.0005743707124154401	0.0005743707124154401	0.02825903905083965	0	0.0006068707411111023	0.01020553369234002	
153	35.58713591750103	246.2196507927577	2.71828	1.21358	1.16637e-05	0.2581069881028696	5.993044534209371	1.263861621190769	-1.238046052351134	-0.9302829541215486	13.23779961450413	4.615253460456734	-3.160756367224863	4.919999999972433	1.509999999991539	0.09999999999943968	0	0.105658371499408	0.09999999999943968	172.4999999990334	1.776819999990044	0.09999999999943968	91.18759999948904	0	0	0	3.14159	165.3220665983416	-4855.856771584628	-1861.268724098851	0	0	0	0	0	2	2.085	2.4952	0.00775795	0.1172	-0.02270338090567357	0.001080242661145966	-0.002637775252085845	29674106.26123359	0	0	5444.831795377658	5449.764345461759	5450.909577382348	124.201969813508	478761428.3863776	246.2196507927577	-7823.75405	0	0	0	0	0.105658371499408	1.776819999990044	0.09999999999943968	1.509999999991539	172.4999999990334	0.09999999999943968	0.09999999999943968	4.919999999972433	91.18759999948904	91.18759999948904	80.38499999954958	80.38499999954958	124.201969813508	1	124.201969813508	0	1	0	0	1	0	5444.831795377658	5444.831795377658	5449.764345461759	5449.764345461759	21883.89742787219	21883.89742787219	5450.909577382348	5450.909577382348	5450.909576006431	0.9997417060059373	-0.02270141732547895	0.001080242451052426	0.02270420029344941	0.9997387466008362	-0.002637770654169216	-0.001020079101610956	0.00266161537482571	0.9999959376128602	-0.02270338090567357	0.001080242661145966	-0.002637775252085845	0.0005743707124154401	0.008672997757473143	0.9907894789166339	0.0005743707124154401	0.0005743707124154401	0.02825903905083965	0	0.0006068707411111023	0.01020553369234002	
154	35.35605061933544	246.2196507927577	2.71828	1.21358	1.16637e-05	0.2581069881028696	5.993044534209371	1.263861621190769	-1.238046052351134	-0.9302829541215486	13.23779961450413	4.615253460456734	-3.160756367224863	4.919999999972433	1.509999999991539	0.09999999999943968	0	0.105658371499408	0.09999999999943968	172.4999999990334	1.776819999990044	0.09999999999943968	91.18759999948904	0	0	0	3.14159	165.3220665983416	-4855.856771584628	-1861.268724098851	0	0	0	0	0	2	2.085	2.4952	0.00775795	0.1172	-0.02270338090567357	0.001080242661145966	-0.002637775252085845	29674106.26123359	0	0	5444.831795377658	5449.764345461759	5450.909577382348	124.201969813508	478761428.3863776	246.2196507927577	-7823.75405	0	0	0	0	0.105658371499408	1.776819999990044	0.09999999999943968	1.509999999991539	172.4999999990334	0.09999999999943968	0.09999999999943968	4.919999999972433	91.18759999948904	91.18759999948904	80.38499999954958	80.38499999954958	124.201969813508	1	124.201969813508	0	1	0	0	1	0	5444.831795377658	5444.831795377658	5449.764345461759	5449.764345461759	21883.89742787219	21883.89742787219	5450.909577382348	5450.909577382348	5450.909576006431	0.9997417060059373	-0.02270141732547895	0.001080242451052426	0.02270420029344941	0.9997387466008362	-0.002637770654169216	-0.001020079101610956	0.00266161537482571	0.9999959376128602	-0.02270338090567357	0.001080242661145966	-0.002637775252085845	0.0005743707124154401	0.008672997757473143	0.9907894789166339	0.0005743707124154401	0.0005743707124154401	0.02825903905083965	0	0.0006068707411111023	0.01020553369234002	
155	35.12794706695263	246.2196507927577	2.71828	1.21358	1.16637e-05	0.2581069881028696	5.993044534209371	1.263861621190769	-1.238046052351134	-0.9302829541215486	13.23779961450413	4.615253460456734	-3.160756367224863	4.919999999972433	1.509999999991539	0.09999999999943968	0	0.105658371499408	0.09999999999943968	172.4999999990334	1.776819999990044	0.09999999999943968	91.18759999948904	0	0	0	3.14159	165.3220665983416	-4855.856771584628	-1861.268724098851	0	0	0	0	0	2	2.085	2.4952	0.00775795	0.1172	-0.02270338090567357	0.001080242661145966	-0.002637775252085845	29674106.26123359	0	0	5444.831795377658	5449.764345461759	5450.909577382348	124.201969813508	478761428.3863776	246.2196507927577	-7823.75405	0	0	0	0	0.105658371499408	1.776819999990044	0.09999999999943968	1.509999999991539	172.4999999990334	0.09999999999943968	0.09999999999943968	4.919999999972433	91.18759999948904	91.18759999948904	80.38499999954958	80.38499999954958	124.201969813508	1	124.201969813508	0	1	0	0	1	0	5444.831795377658	5444.831795377658	5449.764345461759	5449.764345461759	21883.89742787219	21883.89742787219	5450.909577382348	5450.909577382348	5450.909576006431	0.9997417060059373	-0.02270141732547895	0.001080242451052426	0.02270420029344941	0.9997387466008362	-0.002637770654169216	-0.001020079101610956	0.00266161537482571	0.9999959376128602	-0.02270338090567357	0.001080242661145966	-0.002637775252085845	0.0005743707124154401	0.008672997757473143	0.9907894789166339	0.0005743707124154401	0.0005743707124154401	0.02825903905083965	0	0.0006068707411111023	0.01020553369234002	
156	34.90276791908755	246.2196507927577	2.71828	1.21358	1.16637e-05	0.2581069881028696	5.993044534209371	1.263861621190769	-1.238046052351134	-0.9302829541215486	13.23779961450413	4.615253460456734	-3.160756367224863	4.919999999972433	1.509999999991539	0.09999999999943968	0	0.105658371499408	0.09999999999943968	172.4999999990334	1.776819999990044	0.09999999999943968	91.18759999948904	0	0	0	3.14159	165.3220665983416	-4855.856771584628	-1861.268724098851	0	0	0	0	0	2	2.085	2.4952	0.00775795	0.1172	-0.02270338090567357	0.001080242661145966	-0.002637775252085845	29674106.26123359	0	0	5444.831795377658	5449.764345461759	5450.909577382348	124.201969813508	478761428.3863776	246.2196507927577	-7823.75405	0	0	0	0	0.105658371499408	1.776819999990044	0.09999999999943968	1.509999999991539	172.4999999990334	0.09999999999943968	0.09999999999943968	4.919999999972433	91.18759999948904	91.18759999948904	80.38499999954958	80.38499999954958	124.201969813508	1	124.201969813508	0	1	0	0	1	0	5444.831795377658	5444.831795377658	5449.764345461759	5449.764345461759	21883.89742787219	21883.89742787219	5450.909577382348	5450.909577382348	5450.909576006431	0.9997417060059373	-0.02270141732547895	0.001080242451052426	0.02270420029344941	0.9997387466008362	-0.002637770654169216	-0.001020079101610956	0.00266161537482571	0.9999959376128602	-0.02270338090567357	0.001080242661145966	-0.002637775252085845	0.0005743707124154401	0.008672997757473143	0.9907894789166339	0.0005743707124154401	0.0005743707124154401	0.02825903905083965	0	0.0006068707411111023	0.01020553369234002	
157	34.68045729539909	246.2196507927577	2.71828	1.21358	1.16637e-05	0.2581069881028696	5.993044534209371	1.263861621190769	-1.238046052351134	-0.9302829541215486	13.23779961450413	4.615253460456734	-3.160756367224863	4.919999999972433	1.509999999991539	0.09999999999943968	0	0.105658371499408	0.09999999999943968	172.4999999990334	1.776819999990044	0.09999999999943968	91.18759999948904	0	0	0	3.14159	165.3220665983416	-4855.856771584628	-1861.268724098851	0	0	0	0	0	2	2.085	2.4952	0.00775795	0.1172	-0.02270338090567357	0.001080242661145966	-0.002637775252085845	29674106.26123359	0	0	5444.831795377658	5449.764345461759	5450.909577382348	124.201969813508	478761428.3863776	246.2196507927577	-7823.75405	0	0	0	0	0.105658371499408	1.776819999990044	0.09999999999943968	1.509999999991539	172.4999999990334	0.09999999999943968	0.09999999999943968	4.919999999972433	91.18759999948904	91.18759999948904	80.38499999954958	80.38499999954958	124.201969813508	1	124.201969813508	0	1	0	0	1	0	5444.831795377658	5444.831795377658	5449.764345461759	5449.764345461759	21883.89742787219	21883.89742787219	5450.909577382348	5450.909577382348	5450.909576006431	0.9997417060059373	-0.02270141732547895	0.001080242451052426	0.02270420029344941	0.9997387466008362	-0.002637770654169216	-0.001020079101610956	0.00266161537482571	0.9999959376128602	-0.02270338090567357	0.001080242661145966	-0.002637775252085845	0.0005743707124154401	0.008672997757473143	0.9907894789166339	0.0005743707124154401	0.0005743707124154401	0.02825903905083965	0	0.0006068707411111023	0.01020553369234002	
158	34.46096073023834	246.2196507927577	2.71828	1.21358	1.16637e-05	0.2581069881028696	5.993044534209371	1.263861621190769	-1.238046052351134	-0.9302829541215486	13.23779961450413	4.615253460456734	-3.160756367224863	4.919999999972433	1.509999999991539	0.09999999999943968	0	0.105658371499408	0.09999999999943968	172.4999999990334	1.776819999990044	0.09999999999943968	91.18759999948904	0	0	0	3.14159	165.3220665983416	-4855.856771584628	-1861.268724098851	0	0	0	0	0	2	2.085	2.4952	0.00775795	0.1172	-0.02270338090567357	0.001080242661145966	-0.002637775252085845	29674106.26123359	0	0	5444.831795377658	5449.764345461759	5450.909577382348	124.201969813508	478761428.3863776	246.2196507927577	-7823.75405	0	0	0	0	0.105658371499408	1.776819999990044	0.09999999999943968	1.509999999991539	172.4999999990334	0.09999999999943968	0.09999999999943968	4.919999999972433	91.18759999948904	91.18759999948904	80.38499999954958	80.38499999954958	124.201969813508	1	124.201969813508	0	1	0	0	1	0	5444.831795377658	5444.831795377658	5449.764345461759	5449.764345461759	21883.89742787219	21883.89742787219	5450.909577382348	5450.909577382348	5450.909576006431	0.9997417060059373	-0.02270141732547895	0.001080242451052426	0.02270420029344941	0.9997387466008362	-0.002637770654169216	-0.001020079101610956	0.00266161537482571	0.9999959376128602	-0.02270338090567357	0.001080242661145966	-0.002637775252085845	0.0005743707124154401	0.008672997757473143	0.9907894789166339	0.0005743707124154401	0.0005743707124154401	0.02825903905083965	0	0.0006068707411111023	0.01020553369234002	
159	34.24422512816137	246.2196507927577	2.71828	1.21358	1.16637e-05	0.2581069881028696	5.993044534209371	1.263861621190769	-1.238046052351134	-0.9302829541215486	13.23779961450413	4.615253460456734	-3.160756367224863	4.919999999972433	1.509999999991539	0.09999999999943968	0	0.105658371499408	0.09999999999943968	172.4999999990334	1.776819999990044	0.09999999999943968	91.18759999948904	0	0	0	3.14159	165.3220665983416	-4855.856771584628	-1861.268724098851	0	0	0	0	0	2	2.085	2.4952	0.00775795	0.1172	-0.02270338090567357	0.001080242661145966	-0.002637775252085845	29674106.26123359	0	0	5444.831795377658	5449.764345461759	5450.909577382348	124.201969813508	478761428.3863776	246.2196507927577	-7823.75405	0	0	0	0	0.105658371499408	1.776819999990044	0.09999999999943968	1.509999999991539	172.4999999990334	0.09999999999943968	0.09999999999943968	4.919999999972433	91.18759999948904	91.18759999948904	80.38499999954958	80.38499999954958	124.201969813508	1	124.201969813508	0	1	0	0	1	0	5444.831795377658	5444.831795377658	5449.764345461759	5449.764345461759	21883.89742787219	21883.89742787219	5450.909577382348	5450.909577382348	5450.909576006431	0.9997417060059373	-0.02270141732547895	0.001080242451052426	0.02270420029344941	0.9997387466008362	-0.002637770654169216	-0.001020079101610956	0.00266161537482571	0.9999959376128602	-0.02270338090567357	0.001080242661145966	-0.002637775252085845	0.0005743707124154401	0.008672997757473143	0.9907894789166339	0.0005743707124154401	0.0005743707124154401	0.02825903905083965	0	0.0006068707411111023	0.01020553369234002	
160	34.03019872111036	246.2196507927577	2.71828	1.21358	1.16637e-05	0.2581069881028696	5.993044534209371	1.263861621190769	-1.238046052351134	-0.9302829541215486	13.23779961450413	4.615253460456734	-3.160756367224863	4.919999999972433	1.509999999991539	0.09999999999943968	0	0.105658371499408	0.09999999999943968	172.4999999990334	1.776819999990044	0.09999999999943968	91.18759999948904	0	0	0	3.14159	165.3220665983416	-4855.856771584628	-1861.268724098851	0	0	0	0	0	2	2.085	2.4952	0.00775795	0.1172	-0.02270338090567357	0.001080242661145966	-0.002637775252085845	29674106.26123359	0	0	5444.831795377658	5449.764345461759	5450.909577382348	124.201969813508	478761428.3863776	246.2196507927577	-7823.75405	0	0	0	0	0.105658371499408	1.776819999990044	0.09999999999943968	1.509999999991539	172.4999999990334	0.09999999999943968	0.09999999999943968	4.919999999972433	91.18759999948904	91.18759999948904	80.38499999954958	80.38499999954958	124.201969813508	1	124.201969813508	0	1	0	0	1	0	5444.831795377658	5444.831795377658	5449.764345461759	5449.764345461759	21883.89742787219	21883.89742787219	5450.909577382348	5450.909577382348	5450.909576006431	0.9997417060059373	-0.02270141732547895	0.001080242451052426	0.02270420029344941	0.9997387466008362	-0.002637770654169216	-0.001020079101610956	0.00266161537482571	0.9999959376128602	-0.02270338090567357	0.001080242661145966	-0.002637775252085845	0.0005743707124154401	0.008672997757473143	0.9907894789166339	0.0005743707124154401	0.0005743707124154401	0.02825903905083965	0	0.0006068707411111023	0.01020553369234002	
161	33.81883102719042	246.2196507927577	2.71828	1.21358	1.16637e-05	0.2581069881028696	5.993044534209371	1.263861621190769	-1.238046052351134	-0.9302829541215486	13.23779961450413	4.615253460456734	-3.160756367224863	4.919999999972433	1.509999999991539	0.09999999999943968	0	0.105658371499408	0.09999999999943968	172.4999999990334	1.776819999990044	0.09999999999943968	91.18759999948904	0	0	0	3.14159	165.3220665983416	-4855.856771584628	-1861.268724098851	0	0	0	0	0	2	2.085	2.4952	0.00775795	0.1172	-0.02270338090567357	0.001080242661145966	-0.002637775252085845	29674106.26123359	0	0	5444.831795377658	5449.764345461759	5450.909577382348	124.201969813508	478761428.3863776	246.2196507927577	-7823.75405	0	0	0	0	0.105658371499408	1.776819999990044	0.09999999999943968	1.509999999991539	172.4999999990334	0.09999999999943968	0.09999999999943968	4.919999999972433	91.18759999948904	91.18759999948904	80.38499999954958	80.38499999954958	124.201969813508	1	124.201969813508	0	1	0	0	1	0	5444.831795377658	5444.831795377658	5449.764345461759	5449.764345461759	21883.89742787219	21883.89742787219	5450.909577382348	5450.909577382348	5450.909576006431	0.9997417060059373	-0.02270141732547895	0.001080242451052426	0.02270420029344941	0.9997387466008362	-0.002637770654169216	-0.001020079101610956	0.00266161537482571	0.9999959376128602	-0.02270338090567357	0.001080242661145966	-0.002637775252085845	0.0005743707124154401	0.008672997757473143	0.9907894789166339	0.0005743707124154401	0.0005743707124154401	0.02825903905083965	0	0.0006068707411111023	0.01020553369234002	
162	33.61007281097319	246.2196507927577	2.71828	1.21358	1.16637e-05	0.2581069881028696	5.993044534209371	1.263861621190769	-1.238046052351134	-0.9302829541215486	13.23779961450413	4.615253460456734	-3.160756367224863	4.919999999972433	1.509999999991539	0.09999999999943968	0	0.105658371499408	0.09999999999943968	172.4999999990334	1.776819999990044	0.09999999999943968	91.18759999948904	0	0	0	3.14159	165.3220665983416	-4855.856771584628	-1861.268724098851	0	0	0	0	0	2	2.085	2.4952	0.00775795	0.1172	-0.02270338090567357	0.001080242661145966	-0.002637775252085845	29674106.26123359	0	0	5444.831795377658	5449.764345461759	5450.909577382348	124.201969813508	478761428.3863776	246.2196507927577	-7823.75405	0	0	0	0	0.105658371499408	1.776819999990044	0.09999999999943968	1.509999999991539	172.4999999990334	0.09999999999943968	0.09999999999943968	4.919999999972433	91.18759999948904	91.18759999948904	80.38499999954958	80.38499999954958	124.201969813508	1	124.201969813508	0	1	0	0	1	0	5444.831795377658	5444.831795377658	5449.764345461759	5449.764345461759	21883.89742787219	21883.89742787219	5450.909577382348	5450.909577382348	5450.909576006431	0.9997417060059373	-0.02270141732547895	0.001080242451052426	0.02270420029344941	0.9997387466008362	-0.002637770654169216	-0.001020079101610956	0.00266161537482571	0.9999959376128602	-0.02270338090567357	0.001080242661145966	-0.002637775252085845	0.0005743707124154401	0.008672997757473143	0.9907894789166339	0.0005743707124154401	0.0005743707124154401	0.02825903905083965	0	0.0006068707411111023	0.01020553369234002	
163	33.4038760452617	246.2196507927577	2.71828	1.21358	1.16637e-05	0.2581069881028696	5.993044534209371	1.263861621190769	-1.238046052351134	-0.9302829541215486	13.23779961450413	4.615253460456734	-3.160756367224863	4.919999999972433	1.509999999991539	0.09999999999943968	0	0.105658371499408	0.09999999999943968	172.4999999990334	1.776819999990044	0.09999999999943968	91.18759999948904	0	0	0	3.14159	165.3220665983416	-4855.856771584628	-1861.268724098851	0	0	0	0	0	2	2.085	2.4952	0.00775795	0.1172	-0.02270338090567357	0.001080242661145966	-0.002637775252085845	29674106.26123359	0	0	5444.831795377658	5449.764345461759	5450.909577382348	124.201969813508	478761428.3863776	246.2196507927577	-7823.75405	0	0	0	0	0.105658371499408	1.776819999990044	0.09999999999943968	1.509999999991539	172.4999999990334	0.09999999999943968	0.09999999999943968	4.919999999972433	91.18759999948904	91.18759999948904	80.38499999954958	80.38499999954958	124.201969813508	1	124.201969813508	0	1	0	0	1	0	5444.831795377658	5444.831795377658	5449.764345461759	5449.764345461759	21883.89742787219	21883.89742787219	5450.909577382348	5450.909577382348	5450.909576006431	0.9997417060059373	-0.02270141732547895	0.001080242451052426	0.02270420029344941	0.9997387466008362	-0.002637770654169216	-0.001020079101610956	0.00266161537482571	0.9999959376128602	-0.02270338090567357	0.001080242661145966	-0.002637775252085845	0.0005743707124154401	0.008672997757473143	0.9907894789166339	0.0005743707124154401	0.0005743707124154401	0.02825903905083965	0	0.0006068707411111023	0.01020553369234002	
164	33.20019387425401	246.2196507927577	2.71828	1.21358	1.16637e-05	0.2581069881028696	5.993044534209371	1.263861621190769	-1.238046052351134	-0.9302829541215486	13.23779961450413	4.615253460456734	-3.160756367224863	4.919999999972433	1.509999999991539	0.09999999999943968	0	0.105658371499408	0.09999999999943968	172.4999999990334	1.776819999990044	0.09999999999943968	91.18759999948904	0	0	0	3.14159	165.3220665983416	-4855.856771584628	-1861.268724098851	0	0	0	0	0	2	2.085	2.4952	0.00775795	0.1172	-0.02270338090567357	0.001080242661145966	-0.002637775252085845	29674106.26123359	0	0	5444.831795377658	5449.764345461759	5450.909577382348	124.201969813508	478761428.3863776	246.2196507927577	-7823.75405	0	0	0	0	0.105658371499408	1.776819999990044	0.09999999999943968	1.509999999991539	172.4999999990334	0.09999999999943968	0.09999999999943968	4.919999999972433	91.18759999948904	91.18759999948904	80.38499999954958	80.38499999954958	124.201969813508	1	124.201969813508	0	1	0	0	1	0	5444.831795377658	5444.831795377658	5449.764345461759	5449.764345461759	21883.89742787219	21883.89742787219	5450.909577382348	5450.909577382348	5450.909576006431	0.9997417060059373	-0.02270141732547895	0.001080242451052426	0.02270420029344941	0.9997387466008362	-0.002637770654169216	-0.001020079101610956	0.00266161537482571	0.9999959376128602	-0.02270338090567357	0.001080242661145966	-0.002637775252085845	0.0005743707124154401	0.008672997757473143	0.9907894789166339	0.0005743707124154401	0.0005743707124154401	0.02825903905083965	0	0.0006068707411111023	0.01020553369234002	
165	32.99898057804641	246.2196507927577	2.71828	1.21358	1.16637e-05	0.2581069881028696	5.993044534209371	1.263861621190769	-1.238046052351134	-0.9302829541215486	13.23779961450413	4.615253460456734	-3.160756367224863	4.919999999972433	1.509999999991539	0.09999999999943968	0	0.105658371499408	0.09999999999943968	172.4999999990334	1.776819999990044	0.09999999999943968	91.18759999948904	0	0	0	3.14159	165.3220665983416	-4855.856771584628	-1861.268724098851	0	0	0	0	0	2	2.085	2.4952	0.00775795	0.1172	-0.02270338090567357	0.001080242661145966	-0.002637775252085845	29674106.26123359	0	0	5444.831795377658	5449.764345461759	5450.909577382348	124.201969813508	478761428.3863776	246.2196507927577	-7823.75405	0	0	0	0	0.105658371499408	1.776819999990044	0.09999999999943968	1.509999999991539	172.4999999990334	0.09999999999943968	0.09999999999943968	4.919999999972433	91.18759999948904	91.18759999948904	80.38499999954958	80.38499999954958	124.201969813508	1	124.201969813508	0	1	0	0	1	0	5444.831795377658	5444.831795377658	5449.764345461759	5449.764345461759	21883.89742787219	21883.89742787219	5450.909577382348	5450.909577382348	5450.909576006431	0.9997417060059373	-0.02270141732547895	0.001080242451052426	0.02270420029344941	0.9997387466008362	-0.002637770654169216	-0.001020079101610956	0.00266161537482571	0.9999959376128602	-0.02270338090567357	0.001080242661145966	-0.002637775252085845	0.0005743707124154401	0.008672997757473143	0.9907894789166339	0.0005743707124154401	0.0005743707124154401	0.02825903905083965	0	0.0006068707411111023	0.01020553369234002	
166	32.80019153841963	246.2196507927577	2.71828	1.21358	1.16637e-05	0.2581069881028696	5.993044534209371	1.263861621190769	-1.238046052351134	-0.9302829541215486	13.23779961450413	4.615253460456734	-3.160756367224863	4.919999999972433	1.509999999991539	0.09999999999943968	0	0.105658371499408	0.09999999999943968	172.4999999990334	1.776819999990044	0.09999999999943968	91.18759999948904	0	0	0	3.14159	165.3220665983416	-4855.856771584628	-1861.268724098851	0	0	0	0	0	2	2.085	2.4952	0.00775795	0.1172	-0.02270338090567357	0.001080242661145966	-0.002637775252085845	29674106.26123359	0	0	5444.831795377658	5449.764345461759	5450.909577382348	124.201969813508	478761428.3863776	246.2196507927577	-7823.75405	0	0	0	0	0.105658371499408	1.776819999990044	0.09999999999943968	1.509999999991539	172.4999999990334	0.09999999999943968	0.09999999999943968	4.919999999972433	91.18759999948904	91.18759999948904	80.38499999954958	80.38499999954958	124.201969813508	1	124.201969813508	0	1	0	0	1	0	5444.831795377658	5444.831795377658	5449.764345461759	5449.764345461759	21883.89742787219	21883.89742787219	5450.909577382348	5450.909577382348	5450.909576006431	0.9997417060059373	-0.02270141732547895	0.001080242451052426	0.02270420029344941	0.9997387466008362	-0.002637770654169216	-0.001020079101610956	0.00266161537482571	0.9999959376128602	-0.02270338090567357	0.001080242661145966	-0.002637775252085845	0.0005743707124154401	0.008672997757473143	0.9907894789166339	0.0005743707124154401	0.0005743707124154401	0.02825903905083965	0	0.0006068707411111023	0.01020553369234002	
167	32.60378320585423	246.2196507927577	2.71828	1.21358	1.16637e-05	0.2581069881028696	5.993044534209371	1.263861621190769	-1.238046052351134	-0.9302829541215486	13.23779961450413	4.615253460456734	-3.160756367224863	4.919999999972433	1.509999999991539	0.09999999999943968	0	0.105658371499408	0.09999999999943968	172.4999999990334	1.776819999990044	0.09999999999943968	91.18759999948904	0	0	0	3.14159	165.3220665983416	-4855.856771584628	-1861.268724098851	0	0	0	0	0	2	2.085	2.4952	0.00775795	0.1172	-0.02270338090567357	0.001080242661145966	-0.002637775252085845	29674106.26123359	0	0	5444.831795377658	5449.764345461759	5450.909577382348	124.201969813508	478761428.3863776	246.2196507927577	-7823.75405	0	0	0	0	0.105658371499408	1.776819999990044	0.09999999999943968	1.509999999991539	172.4999999990334	0.09999999999943968	0.09999999999943968	4.919999999972433	91.18759999948904	91.18759999948904	80.38499999954958	80.38499999954958	124.201969813508	1	124.201969813508	0	1	0	0	1	0	5444.831795377658	5444.831795377658	5449.764345461759	5449.764345461759	21883.89742787219	21883.89742787219	5450.909577382348	5450.909577382348	5450.909576006431	0.9997417060059373	-0.02270141732547895	0.001080242451052426	0.02270420029344941	0.9997387466008362	-0.002637770654169216	-0.001020079101610956	0.00266161537482571	0.9999959376128602	-0.02270338090567357	0.001080242661145966	-0.002637775252085845	0.0005743707124154401	0.008672997757473143	0.9907894789166339	0.0005743707124154401	0.0005743707124154401	0.02825903905083965	0	0.0006068707411111023	0.01020553369234002	
168	32.40971306772416	246.2196507927577	2.71828	1.21358	1.16637e-05	0.2581069881028696	5.993044534209371	1.263861621190769	-1.238046052351134	-0.9302829541215486	13.23779961450413	4.615253460456734	-3.160756367224863	4.919999999972433	1.509999999991539	0.09999999999943968	0	0.105658371499408	0.09999999999943968	172.4999999990334	1.776819999990044	0.09999999999943968	91.18759999948904	0	0	0	3.14159	165.3220665983416	-4855.856771584628	-1861.268724098851	0	0	0	0	0	2	2.085	2.4952	0.00775795	0.1172	-0.02270338090567357	0.001080242661145966	-0.002637775252085845	29674106.26123359	0	0	5444.831795377658	5449.764345461759	5450.909577382348	124.201969813508	478761428.3863776	246.2196507927577	-7823.75405	0	0	0	0	0.105658371499408	1.776819999990044	0.09999999999943968	1.509999999991539	172.4999999990334	0.09999999999943968	0.09999999999943968	4.919999999972433	91.18759999948904	91.18759999948904	80.38499999954958	80.38499999954958	124.201969813508	1	124.201969813508	0	1	0	0	1	0	5444.831795377658	5444.831795377658	5449.764345461759	5449.764345461759	21883.89742787219	21883.89742787219	5450.909577382348	5450.909577382348	5450.909576006431	0.9997417060059373	-0.02270141732547895	0.001080242451052426	0.02270420029344941	0.9997387466008362	-0.002637770654169216	-0.001020079101610956	0.00266161537482571	0.9999959376128602	-0.02270338090567357	0.001080242661145966	-0.002637775252085845	0.0005743707124154401	0.008672997757473143	0.9907894789166339	0.0005743707124154401	0.0005743707124154401	0.02825903905083965	0	0.0006068707411111023	0.01020553369234002	
169	32.21793961761928	246.2196507927577	2.71828	1.21358	1.16637e-05	0.2581069881028696	5.993044534209371	1.263861621190769	-1.238046052351134	-0.9302829541215486	13.23779961450413	4.615253460456734	-3.160756367224863	4.919999999972433	1.509999999991539	0.09999999999943968	0	0.105658371499408	0.09999999999943968	172.4999999990334	1.776819999990044	0.09999999999943968	91.18759999948904	0	0	0	3.14159	165.3220665983416	-4855.856771584628	-1861.268724098851	0	0	0	0	0	2	2.085	2.4952	0.00775795	0.1172	-0.02270338090567357	0.001080242661145966	-0.002637775252085845	29674106.26123359	0	0	5444.831795377658	5449.764345461759	5450.909577382348	124.201969813508	478761428.3863776	246.2196507927577	-7823.75405	0	0	0	0	0.105658371499408	1.776819999990044	0.09999999999943968	1.509999999991539	172.4999999990334	0.09999999999943968	0.09999999999943968	4.919999999972433	91.18759999948904	91.18759999948904	80.38499999954958	80.38499999954958	124.201969813508	1	124.201969813508	0	1	0	0	1	0	5444.831795377658	5444.831795377658	5449.764345461759	5449.764345461759	21883.89742787219	21883.89742787219	5450.909577382348	5450.909577382348	5450.909576006431	0.9997417060059373	-0.02270141732547895	0.001080242451052426	0.02270420029344941	0.9997387466008362	-0.002637770654169216	-0.001020079101610956	0.00266161537482571	0.9999959376128602	-0.02270338090567357	0.001080242661145966	-0.002637775252085845	0.0005743707124154401	0.008672997757473143	0.9907894789166339	0.0005743707124154401	0.0005743707124154401	0.02825903905083965	0	0.0006068707411111023	0.01020553369234002	
170	32.02842232575093	246.2196507927577	2.71828	1.21358	1.16637e-05	0.2581069881028696	5.993044534209371	1.263861621190769	-1.238046052351134	-0.9302829541215486	13.23779961450413	4.615253460456734	-3.160756367224863	4.919999999972433	1.509999999991539	0.09999999999943968	0	0.105658371499408	0.09999999999943968	172.4999999990334	1.776819999990044	0.09999999999943968	91.18759999948904	0	0	0	3.14159	165.3220665983416	-4855.856771584628	-1861.268724098851	0	0	0	0	0	2	2.085	2.4952	0.00775795	0.1172	-0.02270338090567357	0.001080242661145966	-0.002637775252085845	29674106.26123359	0	0	5444.831795377658	5449.764345461759	5450.909577382348	124.201969813508	478761428.3863776	246.2196507927577	-7823.75405	0	0	0	0	0.105658371499408	1.776819999990044	0.09999999999943968	1.509999999991539	172.4999999990334	0.09999999999943968	0.09999999999943968	4.919999999972433	91.18759999948904	91.18759999948904	80.38499999954958	80.38499999954958	124.201969813508	1	124.201969813508	0	1	0	0	1	0	5444.831795377658	5444.831795377658	5449.764345461759	5449.764345461759	21883.89742787219	21883.89742787219	5450.909577382348	5450.909577382348	5450.909576006431	0.9997417060059373	-0.02270141732547895	0.001080242451052426	0.02270420029344941	0.9997387466008362	-0.002637770654169216	-0.001020079101610956	0.00266161537482571	0.9999959376128602	-0.02270338090567357	0.001080242661145966	-0.002637775252085845	0.0005743707124154401	0.008672997757473143	0.9907894789166339	0.0005743707124154401	0.0005743707124154401	0.02825903905083965	0	0.0006068707411111023	0.01020553369234002	
171	31.84112161039566	246.2196507927577	2.71828	1.21358	1.16637e-05	0.2581069881028696	5.993044534209371	1.263861621190769	-1.238046052351134	-0.9302829541215486	13.23779961450413	4.615253460456734	-3.160756367224863	4.919999999972433	1.509999999991539	0.09999999999943968	0	0.105658371499408	0.09999999999943968	172.4999999990334	1.776819999990044	0.09999999999943968	91.18759999948904	0	0	0	3.14159	165.3220665983416	-4855.856771584628	-1861.268724098851	0	0	0	0	0	2	2.085	2.4952	0.00775795	0.1172	-0.02270338090567357	0.001080242661145966	-0.002637775252085845	29674106.26123359	0	0	5444.831795377658	5449.764345461759	5450.909577382348	124.201969813508	478761428.3863776	246.2196507927577	-7823.75405	0	0	0	0	0.105658371499408	1.776819999990044	0.09999999999943968	1.509999999991539	172.4999999990334	0.09999999999943968	0.09999999999943968	4.919999999972433	91.18759999948904	91.18759999948904	80.38499999954958	80.38499999954958	124.201969813508	1	124.201969813508	0	1	0	0	1	0	5444.831795377658	5444.831795377658	5449.764345461759	5449.764345461759	21883.89742787219	21883.89742787219	5450.909577382348	5450.909577382348	5450.909576006431	0.9997417060059373	-0.02270141732547895	0.001080242451052426	0.02270420029344941	0.9997387466008362	-0.002637770654169216	-0.001020079101610956	0.00266161537482571	0.9999959376128602	-0.02270338090567357	0.001080242661145966	-0.002637775252085845	0.0005743707124154401	0.008672997757473143	0.9907894789166339	0.0005743707124154401	0.0005743707124154401	0.02825903905083965	0	0.0006068707411111023	0.01020553369234002	
172	31.65599881033522	246.2196507927577	2.71828	1.21358	1.16637e-05	0.2581069881028696	5.993044534209371	1.263861621190769	-1.238046052351134	-0.9302829541215486	13.23779961450413	4.615253460456734	-3.160756367224863	4.919999999972433	1.509999999991539	0.09999999999943968	0	0.105658371499408	0.09999999999943968	172.4999999990334	1.776819999990044	0.09999999999943968	91.18759999948904	0	0	0	3.14159	165.3220665983416	-4855.856771584628	-1861.268724098851	0	0	0	0	0	2	2.085	2.4952	0.00775795	0.1172	-0.02270338090567357	0.001080242661145966	-0.002637775252085845	29674106.26123359	0	0	5444.831795377658	5449.764345461759	5450.909577382348	124.201969813508	478761428.3863776	246.2196507927577	-7823.75405	0	0	0	0	0.105658371499408	1.776819999990044	0.09999999999943968	1.509999999991539	172.4999999990334	0.09999999999943968	0.09999999999943968	4.919999999972433	91.18759999948904	91.18759999948904	80.38499999954958	80.38499999954958	124.201969813508	1	124.201969813508	0	1	0	0	1	0	5444.831795377658	5444.831795377658	5449.764345461759	5449.764345461759	21883.89742787219	21883.89742787219	5450.909577382348	5450.909577382348	5450.909576006431	0.9997417060059373	-0.02270141732547895	0.001080242451052426	0.02270420029344941	0.9997387466008362	-0.002637770654169216	-0.001020079101610956	0.00266161537482571	0.9999959376128602	-0.02270338090567357	0.001080242661145966	-0.002637775252085845	0.0005743707124154401	0.008672997757473143	0.9907894789166339	0.0005743707124154401	0.0005743707124154401	0.02825903905083965	0	0.0006068707411111023	0.01020553369234002	
173	31.47301615825236	246.2196507927577	2.71828	1.21358	1.16637e-05	0.2581069881028696	5.993044534209371	1.263861621190769	-1.238046052351134	-0.9302829541215486	13.23779961450413	4.615253460456734	-3.160756367224863	4.919999999972433	1.509999999991539	0.09999999999943968	0	0.105658371499408	0.09999999999943968	172.4999999990334	1.776819999990044	0.09999999999943968	91.18759999948904	0	0	0	3.14159	165.3220665983416	-4855.856771584628	-1861.268724098851	0	0	0	0	0	2	2.085	2.4952	0.00775795	0.1172	-0.02270338090567357	0.001080242661145966	-0.002637775252085845	29674106.26123359	0	0	5444.831795377658	5449.764345461759	5450.909577382348	124.201969813508	478761428.3863776	246.2196507927577	-7823.75405	0	0	0	0	0.105658371499408	1.776819999990044	0.09999999999943968	1.509999999991539	172.4999999990334	0.09999999999943968	0.09999999999943968	4.919999999972433	91.18759999948904	91.18759999948904	80.38499999954958	80.38499999954958	124.201969813508	1	124.201969813508	0	1	0	0	1	0	5444.831795377658	5444.831795377658	5449.764345461759	5449.764345461759	21883.89742787219	21883.89742787219	5450.909577382348	5450.909577382348	5450.909576006431	0.9997417060059373	-0.02270141732547895	0.001080242451052426	0.02270420029344941	0.9997387466008362	-0.002637770654169216	-0.001020079101610956	0.00266161537482571	0.9999959376128602	-0.02270338090567357	0.001080242661145966	-0.002637775252085845	0.0005743707124154401	0.008672997757473143	0.9907894789166339	0.0005743707124154401	0.0005743707124154401	0.02825903905083965	0	0.0006068707411111023	0.01020553369234002	
174	31.29213675504401	246.2196507927577	2.71828	1.21358	1.16637e-05	0.2581069881028696	5.993044534209371	1.263861621190769	-1.238046052351134	-0.9302829541215486	13.23779961450413	4.615253460456734	-3.160756367224863	4.919999999972433	1.509999999991539	0.09999999999943968	0	0.105658371499408	0.09999999999943968	172.4999999990334	1.776819999990044	0.09999999999943968	91.18759999948904	0	0	0	3.14159	165.3220665983416	-4855.856771584628	-1861.268724098851	0	0	0	0	0	2	2.085	2.4952	0.00775795	0.1172	-0.02270338090567357	0.001080242661145966	-0.002637775252085845	29674106.26123359	0	0	5444.831795377658	5449.764345461759	5450.909577382348	124.201969813508	478761428.3863776	246.2196507927577	-7823.75405	0	0	0	0	0.105658371499408	1.776819999990044	0.09999999999943968	1.509999999991539	172.4999999990334	0.09999999999943968	0.09999999999943968	4.919999999972433	91.18759999948904	91.18759999948904	80.38499999954958	80.38499999954958	124.201969813508	1	124.201969813508	0	1	0	0	1	0	5444.831795377658	5444.831795377658	5449.764345461759	5449.764345461759	21883.89742787219	21883.89742787219	5450.909577382348	5450.909577382348	5450.909576006431	0.9997417060059373	-0.02270141732547895	0.001080242451052426	0.02270420029344941	0.9997387466008362	-0.002637770654169216	-0.001020079101610956	0.00266161537482571	0.9999959376128602	-0.02270338090567357	0.001080242661145966	-0.002637775252085845	0.0005743707124154401	0.008672997757473143	0.9907894789166339	0.0005743707124154401	0.0005743707124154401	0.02825903905083965	0	0.0006068707411111023	0.01020553369234002	
175	31.11332454501519	246.2196507927577	2.71828	1.21358	1.16637e-05	0.2581069881028696	5.993044534209371	1.263861621190769	-1.238046052351134	-0.9302829541215486	13.23779961450413	4.615253460456734	-3.160756367224863	4.919999999972433	1.509999999991539	0.09999999999943968	0	0.105658371499408	0.09999999999943968	172.4999999990334	1.776819999990044	0.09999999999943968	91.18759999948904	0	0	0	3.14159	165.3220665983416	-4855.856771584628	-1861.268724098851	0	0	0	0	0	2	2.085	2.4952	0.00775795	0.1172	-0.02270338090567357	0.001080242661145966	-0.002637775252085845	29674106.26123359	0	0	5444.831795377658	5449.764345461759	5450.909577382348	124.201969813508	478761428.3863776	246.2196507927577	-7823.75405	0	0	0	0	0.105658371499408	1.776819999990044	0.09999999999943968	1.509999999991539	172.4999999990334	0.09999999999943968	0.09999999999943968	4.919999999972433	91.18759999948904	91.18759999948904	80.38499999954958	80.38499999954958	124.201969813508	1	124.201969813508	0	1	0	0	1	0	5444.831795377658	5444.831795377658	5449.764345461759	5449.764345461759	21883.89742787219	21883.89742787219	5450.909577382348	5450.909577382348	5450.909576006431	0.9997417060059373	-0.02270141732547895	0.001080242451052426	0.02270420029344941	0.9997387466008362	-0.002637770654169216	-0.001020079101610956	0.00266161537482571	0.9999959376128602	-0.02270338090567357	0.001080242661145966	-0.002637775252085845	0.0005743707124154401	0.008672997757473143	0.9907894789166339	0.0005743707124154401	0.0005743707124154401	0.02825903905083965	0	0.0006068707411111023	0.01020553369234002	
176	30.93654429191851	246.2196507927577	2.71828	1.21358	1.16637e-05	0.2581069881028696	5.993044534209371	1.263861621190769	-1.238046052351134	-0.9302829541215486	13.23779961450413	4.615253460456734	-3.160756367224863	4.919999999972433	1.509999999991539	0.09999999999943968	0	0.105658371499408	0.09999999999943968	172.4999999990334	1.776819999990044	0.09999999999943968	91.18759999948904	0	0	0	3.14159	165.3220665983416	-4855.856771584628	-1861.268724098851	0	0	0	0	0	2	2.085	2.4952	0.00775795	0.1172	-0.02270338090567357	0.001080242661145966	-0.002637775252085845	29674106.26123359	0	0	5444.831795377658	5449.764345461759	5450.909577382348	124.201969813508	478761428.3863776	246.2196507927577	-7823.75405	0	0	0	0	0.105658371499408	1.776819999990044	0.09999999999943968	1.509999999991539	172.4999999990334	0.09999999999943968	0.09999999999943968	4.919999999972433	91.18759999948904	91.18759999948904	80.38499999954958	80.38499999954958	124.201969813508	1	124.201969813508	0	1	0	0	1	0	5444.831795377658	5444.831795377658	5449.764345461759	5449.764345461759	21883.89742787219	21883.89742787219	5450.909577382348	5450.909577382348	5450.909576006431	0.9997417060059373	-0.02270141732547895	0.001080242451052426	0.02270420029344941	0.9997387466008362	-0.002637770654169216	-0.001020079101610956	0.00266161537482571	0.9999959376128602	-0.02270338090567357	0.001080242661145966	-0.002637775252085845	0.0005743707124154401	0.008672997757473143	0.9907894789166339	0.0005743707124154401	0.0005743707124154401	0.02825903905083965	0	0.0006068707411111023	0.01020553369234002	
177	30.76176155580598	246.2196507927577	2.71828	1.21358	1.16637e-05	0.2581069881028696	5.993044534209371	1.263861621190769	-1.238046052351134	-0.9302829541215486	13.23779961450413	4.615253460456734	-3.160756367224863	4.919999999972433	1.509999999991539	0.09999999999943968	0	0.105658371499408	0.09999999999943968	172.4999999990334	1.776819999990044	0.09999999999943968	91.18759999948904	0	0	0	3.14159	165.3220665983416	-4855.856771584628	-1861.268724098851	0	0	0	0	0	2	2.085	2.4952	0.00775795	0.1172	-0.02270338090567357	0.001080242661145966	-0.002637775252085845	29674106.26123359	0	0	5444.831795377658	5449.764345461759	5450.909577382348	124.201969813508	478761428.3863776	246.2196507927577	-7823.75405	0	0	0	0	0.105658371499408	1.776819999990044	0.09999999999943968	1.509999999991539	172.4999999990334	0.09999999999943968	0.09999999999943968	4.919999999972433	91.18759999948904	91.18759999948904	80.38499999954958	80.38499999954958	124.201969813508	1	124.201969813508	0	1	0	0	1	0	5444.831795377658	5444.831795377658	5449.764345461759	5449.764345461759	21883.89742787219	21883.89742787219	5450.909577382348	5450.909577382348	5450.909576006431	0.9997417060059373	-0.02270141732547895	0.001080242451052426	0.02270420029344941	0.9997387466008362	-0.002637770654169216	-0.001020079101610956	0.00266161537482571	0.9999959376128602	-0.02270338090567357	0.001080242661145966	-0.002637775252085845	0.0005743707124154401	0.008672997757473143	0.9907894789166339	0.0005743707124154401	0.0005743707124154401	0.02825903905083965	0	0.0006068707411111023	0.01020553369234002	
178	30.588942670661	246.2196507927577	2.71828	1.21358	1.16637e-05	0.2581069881028696	5.993044534209371	1.263861621190769	-1.238046052351134	-0.9302829541215486	13.23779961450413	4.615253460456734	-3.160756367224863	4.919999999972433	1.509999999991539	0.09999999999943968	0	0.105658371499408	0.09999999999943968	172.4999999990334	1.776819999990044	0.09999999999943968	91.18759999948904	0	0	0	3.14159	165.3220665983416	-4855.856771584628	-1861.268724098851	0	0	0	0	0	2	2.085	2.4952	0.00775795	0.1172	-0.02270338090567357	0.001080242661145966	-0.002637775252085845	29674106.26123359	0	0	5444.831795377658	5449.764345461759	5450.909577382348	124.201969813508	478761428.3863776	246.2196507927577	-7823.75405	0	0	0	0	0.105658371499408	1.776819999990044	0.09999999999943968	1.509999999991539	172.4999999990334	0.09999999999943968	0.09999999999943968	4.919999999972433	91.18759999948904	91.18759999948904	80.38499999954958	80.38499999954958	124.201969813508	1	124.201969813508	0	1	0	0	1	0	5444.831795377658	5444.831795377658	5449.764345461759	5449.764345461759	21883.89742787219	21883.89742787219	5450.909577382348	5450.909577382348	5450.909576006431	0.9997417060059373	-0.02270141732547895	0.001080242451052426	0.02270420029344941	0.9997387466008362	-0.002637770654169216	-0.001020079101610956	0.00266161537482571	0.9999959376128602	-0.02270338090567357	0.001080242661145966	-0.002637775252085845	0.0005743707124154401	0.008672997757473143	0.9907894789166339	0.0005743707124154401	0.0005743707124154401	0.02825903905083965	0	0.0006068707411111023	0.01020553369234002	
179	30.41805472278021	246.2196507927577	2.71828	1.21358	1.16637e-05	0.2581069881028696	5.993044534209371	1.263861621190769	-1.238046052351134	-0.9302829541215486	13.23779961450413	4.615253460456734	-3.160756367224863	4.919999999972433	1.509999999991539	0.09999999999943968	0	0.105658371499408	0.09999999999943968	172.4999999990334	1.776819999990044	0.09999999999943968	91.18759999948904	0	0	0	3.14159	165.3220665983416	-4855.856771584628	-1861.268724098851	0	0	0	0	0	2	2.085	2.4952	0.00775795	0.1172	-0.02270338090567357	0.001080242661145966	-0.002637775252085845	29674106.26123359	0	0	5444.831795377658	5449.764345461759	5450.909577382348	124.201969813508	478761428.3863776	246.2196507927577	-7823.75405	0	0	0	0	0.105658371499408	1.776819999990044	0.09999999999943968	1.509999999991539	172.4999999990334	0.09999999999943968	0.09999999999943968	4.919999999972433	91.18759999948904	91.18759999948904	80.38499999954958	80.38499999954958	124.201969813508	1	124.201969813508	0	1	0	0	1	0	5444.831795377658	5444.831795377658	5449.764345461759	5449.764345461759	21883.89742787219	21883.89742787219	5450.909577382348	5450.909577382348	5450.909576006431	0.9997417060059373	-0.02270141732547895	0.001080242451052426	0.02270420029344941	0.9997387466008362	-0.002637770654169216	-0.001020079101610956	0.00266161537482571	0.9999959376128602	-0.02270338090567357	0.001080242661145966	-0.002637775252085845	0.0005743707124154401	0.008672997757473143	0.9907894789166339	0.0005743707124154401	0.0005743707124154401	0.02825903905083965	0	0.0006068707411111023	0.01020553369234002	
180	30.24906552987587	246.2196507927577	2.71828	1.21358	1.16637e-05	0.2581069881028696	5.993044534209371	1.263861621190769	-1.238046052351134	-0.9302829541215486	13.23779961450413	4.615253460456734	-3.160756367224863	4.919999999972433	1.509999999991539	0.09999999999943968	0	0.105658371499408	0.09999999999943968	172.4999999990334	1.776819999990044	0.09999999999943968	91.18759999948904	0	0	0	3.14159	165.3220665983416	-4855.856771584628	-1861.268724098851	0	0	0	0	0	2	2.085	2.4952	0.00775795	0.1172	-0.02270338090567357	0.001080242661145966	-0.002637775252085845	29674106.26123359	0	0	5444.831795377658	5449.764345461759	5450.909577382348	124.201969813508	478761428.3863776	246.2196507927577	-7823.75405	0	0	0	0	0.105658371499408	1.776819999990044	0.09999999999943968	1.509999999991539	172.4999999990334	0.09999999999943968	0.09999999999943968	4.919999999972433	91.18759999948904	91.18759999948904	80.38499999954958	80.38499999954958	124.201969813508	1	124.201969813508	0	1	0	0	1	0	5444.831795377658	5444.831795377658	5449.764345461759	5449.764345461759	21883.89742787219	21883.89742787219	5450.909577382348	5450.909577382348	5450.909576006431	0.9997417060059373	-0.02270141732547895	0.001080242451052426	0.02270420029344941	0.9997387466008362	-0.002637770654169216	-0.001020079101610956	0.00266161537482571	0.9999959376128602	-0.02270338090567357	0.001080242661145966	-0.002637775252085845	0.0005743707124154401	0.008672997757473143	0.9907894789166339	0.0005743707124154401	0.0005743707124154401	0.02825903905083965	0	0.0006068707411111023	0.01020553369234002	
181	30.08194362087104	246.2196507927577	2.71828	1.21358	1.16637e-05	0.2581069881028696	5.993044534209371	1.263861621190769	-1.238046052351134	-0.9302829541215486	13.23779961450413	4.615253460456734	-3.160756367224863	4.919999999972433	1.509999999991539	0.09999999999943968	0	0.105658371499408	0.09999999999943968	172.4999999990334	1.776819999990044	0.09999999999943968	91.18759999948904	0	0	0	3.14159	165.3220665983416	-4855.856771584628	-1861.268724098851	0	0	0	0	0	2	2.085	2.4952	0.00775795	0.1172	-0.02270338090567357	0.001080242661145966	-0.002637775252085845	29674106.26123359	0	0	5444.831795377658	5449.764345461759	5450.909577382348	124.201969813508	478761428.3863776	246.2196507927577	-7823.75405	0	0	0	0	0.105658371499408	1.776819999990044	0.09999999999943968	1.509999999991539	172.4999999990334	0.09999999999943968	0.09999999999943968	4.919999999972433	91.18759999948904	91.18759999948904	80.38499999954958	80.38499999954958	124.201969813508	1	124.201969813508	0	1	0	0	1	0	5444.831795377658	5444.831795377658	5449.764345461759	5449.764345461759	21883.89742787219	21883.89742787219	5450.909577382348	5450.909577382348	5450.909576006431	0.9997417060059373	-0.02270141732547895	0.001080242451052426	0.02270420029344941	0.9997387466008362	-0.002637770654169216	-0.001020079101610956	0.00266161537482571	0.9999959376128602	-0.02270338090567357	0.001080242661145966	-0.002637775252085845	0.0005743707124154401	0.008672997757473143	0.9907894789166339	0.0005743707124154401	0.0005743707124154401	0.02825903905083965	0	0.0006068707411111023	0.01020553369234002	
182	29.91665821636076	246.2196507927577	2.71828	1.21358	1.16637e-05	0.2581069881028696	5.993044534209371	1.263861621190769	-1.238046052351134	-0.9302829541215486	13.23779961450413	4.615253460456734	-3.160756367224863	4.919999999972433	1.509999999991539	0.09999999999943968	0	0.105658371499408	0.09999999999943968	172.4999999990334	1.776819999990044	0.09999999999943968	91.18759999948904	0	0	0	3.14159	165.3220665983416	-4855.856771584628	-1861.268724098851	0	0	0	0	0	2	2.085	2.4952	0.00775795	0.1172	-0.02270338090567357	0.001080242661145966	-0.002637775252085845	29674106.26123359	0	0	5444.831795377658	5449.764345461759	5450.909577382348	124.201969813508	478761428.3863776	246.2196507927577	-7823.75405	0	0	0	0	0.105658371499408	1.776819999990044	0.09999999999943968	1.509999999991539	172.4999999990334	0.09999999999943968	0.09999999999943968	4.919999999972433	91.18759999948904	91.18759999948904	80.38499999954958	80.38499999954958	124.201969813508	1	124.201969813508	0	1	0	0	1	0	5444.831795377658	5444.831795377658	5449.764345461759	5449.764345461759	21883.89742787219	21883.89742787219	5450.909577382348	5450.909577382348	5450.909576006431	0.9997417060059373	-0.02270141732547895	0.001080242451052426	0.02270420029344941	0.9997387466008362	-0.002637770654169216	-0.001020079101610956	0.00266161537482571	0.9999959376128602	-0.02270338090567357	0.001080242661145966	-0.002637775252085845	0.0005743707124154401	0.008672997757473143	0.9907894789166339	0.0005743707124154401	0.0005743707124154401	0.02825903905083965	0	0.0006068707411111023	0.01020553369234002	
183	29.75317920971398	246.2196507927577	2.71828	1.21358	1.16637e-05	0.2581069881028696	5.993044534209371	1.263861621190769	-1.238046052351134	-0.9302829541215486	13.23779961450413	4.615253460456734	-3.160756367224863	4.919999999972433	1.509999999991539	0.09999999999943968	0	0.105658371499408	0.09999999999943968	172.4999999990334	1.776819999990044	0.09999999999943968	91.18759999948904	0	0	0	3.14159	165.3220665983416	-4855.856771584628	-1861.268724098851	0	0	0	0	0	2	2.085	2.4952	0.00775795	0.1172	-0.02270338090567357	0.001080242661145966	-0.002637775252085845	29674106.26123359	0	0	5444.831795377658	5449.764345461759	5450.909577382348	124.201969813508	478761428.3863776	246.2196507927577	-7823.75405	0	0	0	0	0.105658371499408	1.776819999990044	0.09999999999943968	1.509999999991539	172.4999999990334	0.09999999999943968	0.09999999999943968	4.919999999972433	91.18759999948904	91.18759999948904	80.38499999954958	80.38499999954958	124.201969813508	1	124.201969813508	0	1	0	0	1	0	5444.831795377658	5444.831795377658	5449.764345461759	5449.764345461759	21883.89742787219	21883.89742787219	5450.909577382348	5450.909577382348	5450.909576006431	0.9997417060059373	-0.02270141732547895	0.001080242451052426	0.02270420029344941	0.9997387466008362	-0.002637770654169216	-0.001020079101610956	0.00266161537482571	0.9999959376128602	-0.02270338090567357	0.001080242661145966	-0.002637775252085845	0.0005743707124154401	0.008672997757473143	0.9907894789166339	0.0005743707124154401	0.0005743707124154401	0.02825903905083965	0	0.0006068707411111023	0.01020553369234002	
184	29.59147714879162	246.2196507927577	2.71828	1.21358	1.16637e-05	0.2581069881028696	5.993044534209371	1.263861621190769	-1.238046052351134	-0.9302829541215486	13.23779961450413	4.615253460456734	-3.160756367224863	4.919999999972433	1.509999999991539	0.09999999999943968	0	0.105658371499408	0.09999999999943968	172.4999999990334	1.776819999990044	0.09999999999943968	91.18759999948904	0	0	0	3.14159	165.3220665983416	-4855.856771584628	-1861.268724098851	0	0	0	0	0	2	2.085	2.4952	0.00775795	0.1172	-0.02270338090567357	0.001080242661145966	-0.002637775252085845	29674106.26123359	0	0	5444.831795377658	5449.764345461759	5450.909577382348	124.201969813508	478761428.3863776	246.2196507927577	-7823.75405	0	0	0	0	0.105658371499408	1.776819999990044	0.09999999999943968	1.509999999991539	172.4999999990334	0.09999999999943968	0.09999999999943968	4.919999999972433	91.18759999948904	91.18759999948904	80.38499999954958	80.38499999954958	124.201969813508	1	124.201969813508	0	1	0	0	1	0	5444.831795377658	5444.831795377658	5449.764345461759	5449.764345461759	21883.89742787219	21883.89742787219	5450.909577382348	5450.909577382348	5450.909576006431	0.9997417060059373	-0.02270141732547895	0.001080242451052426	0.02270420029344941	0.9997387466008362	-0.002637770654169216	-0.001020079101610956	0.00266161537482571	0.9999959376128602	-0.02270338090567357	0.001080242661145966	-0.002637775252085845	0.0005743707124154401	0.008672997757473143	0.9907894789166339	0.0005743707124154401	0.0005743707124154401	0.02825903905083965	0	0.0006068707411111023	0.01020553369234002	
185	29.43152321825761	246.2196507927577	2.71828	1.21358	1.16637e-05	0.2581069881028696	5.993044534209371	1.263861621190769	-1.238046052351134	-0.9302829541215486	13.23779961450413	4.615253460456734	-3.160756367224863	4.919999999972433	1.509999999991539	0.09999999999943968	0	0.105658371499408	0.09999999999943968	172.4999999990334	1.776819999990044	0.09999999999943968	91.18759999948904	0	0	0	3.14159	165.3220665983416	-4855.856771584628	-1861.268724098851	0	0	0	0	0	2	2.085	2.4952	0.00775795	0.1172	-0.02270338090567357	0.001080242661145966	-0.002637775252085845	29674106.26123359	0	0	5444.831795377658	5449.764345461759	5450.909577382348	124.201969813508	478761428.3863776	246.2196507927577	-7823.75405	0	0	0	0	0.105658371499408	1.776819999990044	0.09999999999943968	1.509999999991539	172.4999999990334	0.09999999999943968	0.09999999999943968	4.919999999972433	91.18759999948904	91.18759999948904	80.38499999954958	80.38499999954958	124.201969813508	1	124.201969813508	0	1	0	0	1	0	5444.831795377658	5444.831795377658	5449.764345461759	5449.764345461759	21883.89742787219	21883.89742787219	5450.909577382348	5450.909577382348	5450.909576006431	0.9997417060059373	-0.02270141732547895	0.001080242451052426	0.02270420029344941	0.9997387466008362	-0.002637770654169216	-0.001020079101610956	0.00266161537482571	0.9999959376128602	-0.02270338090567357	0.001080242661145966	-0.002637775252085845	0.0005743707124154401	0.008672997757473143	0.9907894789166339	0.0005743707124154401	0.0005743707124154401	0.02825903905083965	0	0.0006068707411111023	0.01020553369234002	
186	29.27328922246053	246.2196507927577	2.71828	1.21358	1.16637e-05	0.2581069881028696	5.993044534209371	1.263861621190769	-1.238046052351134	-0.9302829541215486	13.23779961450413	4.615253460456734	-3.160756367224863	4.919999999972433	1.509999999991539	0.09999999999943968	0	0.105658371499408	0.09999999999943968	172.4999999990334	1.776819999990044	0.09999999999943968	91.18759999948904	0	0	0	3.14159	165.3220665983416	-4855.856771584628	-1861.268724098851	0	0	0	0	0	2	2.085	2.4952	0.00775795	0.1172	-0.02270338090567357	0.001080242661145966	-0.002637775252085845	29674106.26123359	0	0	5444.831795377658	5449.764345461759	5450.909577382348	124.201969813508	478761428.3863776	246.2196507927577	-7823.75405	0	0	0	0	0.105658371499408	1.776819999990044	0.09999999999943968	1.509999999991539	172.4999999990334	0.09999999999943968	0.09999999999943968	4.919999999972433	91.18759999948904	91.18759999948904	80.38499999954958	80.38499999954958	124.201969813508	1	124.201969813508	0	1	0	0	1	0	5444.831795377658	5444.831795377658	5449.764345461759	5449.764345461759	21883.89742787219	21883.89742787219	5450.909577382348	5450.909577382348	5450.909576006431	0.9997417060059373	-0.02270141732547895	0.001080242451052426	0.02270420029344941	0.9997387466008362	-0.002637770654169216	-0.001020079101610956	0.00266161537482571	0.9999959376128602	-0.02270338090567357	0.001080242661145966	-0.002637775252085845	0.0005743707124154401	0.008672997757473143	0.9907894789166339	0.0005743707124154401	0.0005743707124154401	0.02825903905083965	0	0.0006068707411111023	0.01020553369234002	
187	29.11674756886448	246.2196507927577	2.71828	1.21358	1.16637e-05	0.2581069881028696	5.993044534209371	1.263861621190769	-1.238046052351134	-0.9302829541215486	13.23779961450413	4.615253460456734	-3.160756367224863	4.919999999972433	1.509999999991539	0.09999999999943968	0	0.105658371499408	0.09999999999943968	172.4999999990334	1.776819999990044	0.09999999999943968	91.18759999948904	0	0	0	3.14159	165.3220665983416	-4855.856771584628	-1861.268724098851	0	0	0	0	0	2	2.085	2.4952	0.00775795	0.1172	-0.02270338090567357	0.001080242661145966	-0.002637775252085845	29674106.26123359	0	0	5444.831795377658	5449.764345461759	5450.909577382348	124.201969813508	478761428.3863776	246.2196507927577	-7823.75405	0	0	0	0	0.105658371499408	1.776819999990044	0.09999999999943968	1.509999999991539	172.4999999990334	0.09999999999943968	0.09999999999943968	4.919999999972433	91.18759999948904	91.18759999948904	80.38499999954958	80.38499999954958	124.201969813508	1	124.201969813508	0	1	0	0	1	0	5444.831795377658	5444.831795377658	5449.764345461759	5449.764345461759	21883.89742787219	21883.89742787219	5450.909577382348	5450.909577382348	5450.909576006431	0.9997417060059373	-0.02270141732547895	0.001080242451052426	0.02270420029344941	0.9997387466008362	-0.002637770654169216	-0.001020079101610956	0.00266161537482571	0.9999959376128602	-0.02270338090567357	0.001080242661145966	-0.002637775252085845	0.0005743707124154401	0.008672997757473143	0.9907894789166339	0.0005743707124154401	0.0005743707124154401	0.02825903905083965	0	0.0006068707411111023	0.01020553369234002	
188	28.96187125200882	246.2196507927577	2.71828	1.21358	1.16637e-05	0.2581069881028696	5.993044534209371	1.263861621190769	-1.238046052351134	-0.9302829541215486	13.23779961450413	4.615253460456734	-3.160756367224863	4.919999999972433	1.509999999991539	0.09999999999943968	0	0.105658371499408	0.09999999999943968	172.4999999990334	1.776819999990044	0.09999999999943968	91.18759999948904	0	0	0	3.14159	165.3220665983416	-4855.856771584628	-1861.268724098851	0	0	0	0	0	2	2.085	2.4952	0.00775795	0.1172	-0.02270338090567357	0.001080242661145966	-0.002637775252085845	29674106.26123359	0	0	5444.831795377658	5449.764345461759	5450.909577382348	124.201969813508	478761428.3863776	246.2196507927577	-7823.75405	0	0	0	0	0.105658371499408	1.776819999990044	0.09999999999943968	1.509999999991539	172.4999999990334	0.09999999999943968	0.09999999999943968	4.919999999972433	91.18759999948904	91.18759999948904	80.38499999954958	80.38499999954958	124.201969813508	1	124.201969813508	0	1	0	0	1	0	5444.831795377658	5444.831795377658	5449.764345461759	5449.764345461759	21883.89742787219	21883.89742787219	5450.909577382348	5450.909577382348	5450.909576006431	0.9997417060059373	-0.02270141732547895	0.001080242451052426	0.02270420029344941	0.9997387466008362	-0.002637770654169216	-0.001020079101610956	0.00266161537482571	0.9999959376128602	-0.02270338090567357	0.001080242661145966	-0.002637775252085845	0.0005743707124154401	0.008672997757473143	0.9907894789166339	0.0005743707124154401	0.0005743707124154401	0.02825903905083965	0	0.0006068707411111023	0.01020553369234002	
189	28.80863383797702	246.2196507927577	2.71828	1.21358	1.16637e-05	0.2581069881028696	5.993044534209371	1.263861621190769	-1.238046052351134	-0.9302829541215486	13.23779961450413	4.615253460456734	-3.160756367224863	4.919999999972433	1.509999999991539	0.09999999999943968	0	0.105658371499408	0.09999999999943968	172.4999999990334	1.776819999990044	0.09999999999943968	91.18759999948904	0	0	0	3.14159	165.3220665983416	-4855.856771584628	-1861.268724098851	0	0	0	0	0	2	2.085	2.4952	0.00775795	0.1172	-0.02270338090567357	0.001080242661145966	-0.002637775252085845	29674106.26123359	0	0	5444.831795377658	5449.764345461759	5450.909577382348	124.201969813508	478761428.3863776	246.2196507927577	-7823.75405	0	0	0	0	0.105658371499408	1.776819999990044	0.09999999999943968	1.509999999991539	172.4999999990334	0.09999999999943968	0.09999999999943968	4.919999999972433	91.18759999948904	91.18759999948904	80.38499999954958	80.38499999954958	124.201969813508	1	124.201969813508	0	1	0	0	1	0	5444.831795377658	5444.831795377658	5449.764345461759	5449.764345461759	21883.89742787219	21883.89742787219	5450.909577382348	5450.909577382348	5450.909576006431	0.9997417060059373	-0.02270141732547895	0.001080242451052426	0.02270420029344941	0.9997387466008362	-0.002637770654169216	-0.001020079101610956	0.00266161537482571	0.9999959376128602	-0.02270338090567357	0.001080242661145966	-0.002637775252085845	0.0005743707124154401	0.008672997757473143	0.9907894789166339	0.0005743707124154401	0.0005743707124154401	0.02825903905083965	0	0.0006068707411111023	0.01020553369234002	
190	28.65700944935609	246.2196507927577	2.71828	1.21358	1.16637e-05	0.2581069881028696	5.993044534209371	1.263861621190769	-1.238046052351134	-0.9302829541215486	13.23779961450413	4.615253460456734	-3.160756367224863	4.919999999972433	1.509999999991539	0.09999999999943968	0	0.105658371499408	0.09999999999943968	172.4999999990334	1.776819999990044	0.09999999999943968	91.18759999948904	0	0	0	3.14159	165.3220665983416	-4855.856771584628	-1861.268724098851	0	0	0	0	0	2	2.085	2.4952	0.00775795	0.1172	-0.02270338090567357	0.001080242661145966	-0.002637775252085845	29674106.26123359	0	0	5444.831795377658	5449.764345461759	5450.909577382348	124.201969813508	478761428.3863776	246.2196507927577	-7823.75405	0	0	0	0	0.105658371499408	1.776819999990044	0.09999999999943968	1.509999999991539	172.4999999990334	0.09999999999943968	0.09999999999943968	4.919999999972433	91.18759999948904	91.18759999948904	80.38499999954958	80.38499999954958	124.201969813508	1	124.201969813508	0	1	0	0	1	0	5444.831795377658	5444.831795377658	5449.764345461759	5449.764345461759	21883.89742787219	21883.89742787219	5450.909577382348	5450.909577382348	5450.909576006431	0.9997417060059373	-0.02270141732547895	0.001080242451052426	0.02270420029344941	0.9997387466008362	-0.002637770654169216	-0.001020079101610956	0.00266161537482571	0.9999959376128602	-0.02270338090567357	0.001080242661145966	-0.002637775252085845	0.0005743707124154401	0.008672997757473143	0.9907894789166339	0.0005743707124154401	0.0005743707124154401	0.02825903905083965	0	0.0006068707411111023	0.01020553369234002	
191	28.50697275066836	246.2196507927577	2.71828	1.21358	1.16637e-05	0.2581069881028696	5.993044534209371	1.263861621190769	-1.238046052351134	-0.9302829541215486	13.23779961450413	4.615253460456734	-3.160756367224863	4.919999999972433	1.509999999991539	0.09999999999943968	0	0.105658371499408	0.09999999999943968	172.4999999990334	1.776819999990044	0.09999999999943968	91.18759999948904	0	0	0	3.14159	165.3220665983416	-4855.856771584628	-1861.268724098851	0	0	0	0	0	2	2.085	2.4952	0.00775795	0.1172	-0.02270338090567357	0.001080242661145966	-0.002637775252085845	29674106.26123359	0	0	5444.831795377658	5449.764345461759	5450.909577382348	124.201969813508	478761428.3863776	246.2196507927577	-7823.75405	0	0	0	0	0.105658371499408	1.776819999990044	0.09999999999943968	1.509999999991539	172.4999999990334	0.09999999999943968	0.09999999999943968	4.919999999972433	91.18759999948904	91.18759999948904	80.38499999954958	80.38499999954958	124.201969813508	1	124.201969813508	0	1	0	0	1	0	5444.831795377658	5444.831795377658	5449.764345461759	5449.764345461759	21883.89742787219	21883.89742787219	5450.909577382348	5450.909577382348	5450.909576006431	0.9997417060059373	-0.02270141732547895	0.001080242451052426	0.02270420029344941	0.9997387466008362	-0.002637770654169216	-0.001020079101610956	0.00266161537482571	0.9999959376128602	-0.02270338090567357	0.001080242661145966	-0.002637775252085845	0.0005743707124154401	0.008672997757473143	0.9907894789166339	0.0005743707124154401	0.0005743707124154401	0.02825903905083965	0	0.0006068707411111023	0.01020553369234002	
192	28.35849893425863	246.2196507927577	2.71828	1.21358	1.16637e-05	0.2581069881028696	5.993044534209371	1.263861621190769	-1.238046052351134	-0.9302829541215486	13.23779961450413	4.615253460456734	-3.160756367224863	4.919999999972433	1.509999999991539	0.09999999999943968	0	0.105658371499408	0.09999999999943968	172.4999999990334	1.776819999990044	0.09999999999943968	91.18759999948904	0	0	0	3.14159	165.3220665983416	-4855.856771584628	-1861.268724098851	0	0	0	0	0	2	2.085	2.4952	0.00775795	0.1172	-0.02270338090567357	0.001080242661145966	-0.002637775252085845	29674106.26123359	0	0	5444.831795377658	5449.764345461759	5450.909577382348	124.201969813508	478761428.3863776	246.2196507927577	-7823.75405	0	0	0	0	0.105658371499408	1.776819999990044	0.09999999999943968	1.509999999991539	172.4999999990334	0.09999999999943968	0.09999999999943968	4.919999999972433	91.18759999948904	91.18759999948904	80.38499999954958	80.38499999954958	124.201969813508	1	124.201969813508	0	1	0	0	1	0	5444.831795377658	5444.831795377658	5449.764345461759	5449.764345461759	21883.89742787219	21883.89742787219	5450.909577382348	5450.909577382348	5450.909576006431	0.9997417060059373	-0.02270141732547895	0.001080242451052426	0.02270420029344941	0.9997387466008362	-0.002637770654169216	-0.001020079101610956	0.00266161537482571	0.9999959376128602	-0.02270338090567357	0.001080242661145966	-0.002637775252085845	0.0005743707124154401	0.008672997757473143	0.9907894789166339	0.0005743707124154401	0.0005743707124154401	0.02825903905083965	0	0.0006068707411111023	0.01020553369234002	
193	28.21156370661999	246.2196507927577	2.71828	1.21358	1.16637e-05	0.2581069881028696	5.993044534209371	1.263861621190769	-1.238046052351134	-0.9302829541215486	13.23779961450413	4.615253460456734	-3.160756367224863	4.919999999972433	1.509999999991539	0.09999999999943968	0	0.105658371499408	0.09999999999943968	172.4999999990334	1.776819999990044	0.09999999999943968	91.18759999948904	0	0	0	3.14159	165.3220665983416	-4855.856771584628	-1861.268724098851	0	0	0	0	0	2	2.085	2.4952	0.00775795	0.1172	-0.02270338090567357	0.001080242661145966	-0.002637775252085845	29674106.26123359	0	0	5444.831795377658	5449.764345461759	5450.909577382348	124.201969813508	478761428.3863776	246.2196507927577	-7823.75405	0	0	0	0	0.105658371499408	1.776819999990044	0.09999999999943968	1.509999999991539	172.4999999990334	0.09999999999943968	0.09999999999943968	4.919999999972433	91.18759999948904	91.18759999948904	80.38499999954958	80.38499999954958	124.201969813508	1	124.201969813508	0	1	0	0	1	0	5444.831795377658	5444.831795377658	5449.764345461759	5449.764345461759	21883.89742787219	21883.89742787219	5450.909577382348	5450.909577382348	5450.909576006431	0.9997417060059373	-0.02270141732547895	0.001080242451052426	0.02270420029344941	0.9997387466008362	-0.002637770654169216	-0.001020079101610956	0.00266161537482571	0.9999959376128602	-0.02270338090567357	0.001080242661145966	-0.002637775252085845	0.0005743707124154401	0.008672997757473143	0.9907894789166339	0.0005743707124154401	0.0005743707124154401	0.02825903905083965	0	0.0006068707411111023	0.01020553369234002	
194	28.06614327514257	246.2196507927577	2.71828	1.21358	1.16637e-05	0.2581069881028696	5.993044534209371	1.263861621190769	-1.238046052351134	-0.9302829541215486	13.23779961450413	4.615253460456734	-3.160756367224863	4.919999999972433	1.509999999991539	0.09999999999943968	0	0.105658371499408	0.09999999999943968	172.4999999990334	1.776819999990044	0.09999999999943968	91.18759999948904	0	0	0	3.14159	165.3220665983416	-4855.856771584628	-1861.268724098851	0	0	0	0	0	2	2.085	2.4952	0.00775795	0.1172	-0.02270338090567357	0.001080242661145966	-0.002637775252085845	29674106.26123359	0	0	5444.831795377658	5449.764345461759	5450.909577382348	124.201969813508	478761428.3863776	246.2196507927577	-7823.75405	0	0	0	0	0.105658371499408	1.776819999990044	0.09999999999943968	1.509999999991539	172.4999999990334	0.09999999999943968	0.09999999999943968	4.919999999972433	91.18759999948904	91.18759999948904	80.38499999954958	80.38499999954958	124.201969813508	1	124.201969813508	0	1	0	0	1	0	5444.831795377658	5444.831795377658	5449.764345461759	5449.764345461759	21883.89742787219	21883.89742787219	5450.909577382348	5450.909577382348	5450.909576006431	0.9997417060059373	-0.02270141732547895	0.001080242451052426	0.02270420029344941	0.9997387466008362	-0.002637770654169216	-0.001020079101610956	0.00266161537482571	0.9999959376128602	-0.02270338090567357	0.001080242661145966	-0.002637775252085845	0.0005743707124154401	0.008672997757473143	0.9907894789166339	0.0005743707124154401	0.0005743707124154401	0.02825903905083965	0	0.0006068707411111023	0.01020553369234002	
195	27.92221433527004	246.2196507927577	2.71828	1.21358	1.16637e-05	0.2581069881028696	5.993044534209371	1.263861621190769	-1.238046052351134	-0.9302829541215486	13.23779961450413	4.615253460456734	-3.160756367224863	4.919999999972433	1.509999999991539	0.09999999999943968	0	0.105658371499408	0.09999999999943968	172.4999999990334	1.776819999990044	0.09999999999943968	91.18759999948904	0	0	0	3.14159	165.3220665983416	-4855.856771584628	-1861.268724098851	0	0	0	0	0	2	2.085	2.4952	0.00775795	0.1172	-0.02270338090567357	0.001080242661145966	-0.002637775252085845	29674106.26123359	0	0	5444.831795377658	5449.764345461759	5450.909577382348	124.201969813508	478761428.3863776	246.2196507927577	-7823.75405	0	0	0	0	0.105658371499408	1.776819999990044	0.09999999999943968	1.509999999991539	172.4999999990334	0.09999999999943968	0.09999999999943968	4.919999999972433	91.18759999948904	91.18759999948904	80.38499999954958	80.38499999954958	124.201969813508	1	124.201969813508	0	1	0	0	1	0	5444.831795377658	5444.831795377658	5449.764345461759	5449.764345461759	21883.89742787219	21883.89742787219	5450.909577382348	5450.909577382348	5450.909576006431	0.9997417060059373	-0.02270141732547895	0.001080242451052426	0.02270420029344941	0.9997387466008362	-0.002637770654169216	-0.001020079101610956	0.00266161537482571	0.9999959376128602	-0.02270338090567357	0.001080242661145966	-0.002637775252085845	0.0005743707124154401	0.008672997757473143	0.9907894789166339	0.0005743707124154401	0.0005743707124154401	0.02825903905083965	0	0.0006068707411111023	0.01020553369234002	
196	27.77975405804927	246.2196507927577	2.71828	1.21358	1.16637e-05	0.2581069881028696	5.993044534209371	1.263861621190769	-1.238046052351134	-0.9302829541215486	13.23779961450413	4.615253460456734	-3.160756367224863	4.919999999972433	1.509999999991539	0.09999999999943968	0	0.105658371499408	0.09999999999943968	172.4999999990334	1.776819999990044	0.09999999999943968	91.18759999948904	0	0	0	3.14159	165.3220665983416	-4855.856771584628	-1861.268724098851	0	0	0	0	0	2	2.085	2.4952	0.00775795	0.1172	-0.02270338090567357	0.001080242661145966	-0.002637775252085845	29674106.26123359	0	0	5444.831795377658	5449.764345461759	5450.909577382348	124.201969813508	478761428.3863776	246.2196507927577	-7823.75405	0	0	0	0	0.105658371499408	1.776819999990044	0.09999999999943968	1.509999999991539	172.4999999990334	0.09999999999943968	0.09999999999943968	4.919999999972433	91.18759999948904	91.18759999948904	80.38499999954958	80.38499999954958	124.201969813508	1	124.201969813508	0	1	0	0	1	0	5444.831795377658	5444.831795377658	5449.764345461759	5449.764345461759	21883.89742787219	21883.89742787219	5450.909577382348	5450.909577382348	5450.909576006431	0.9997417060059373	-0.02270141732547895	0.001080242451052426	0.02270420029344941	0.9997387466008362	-0.002637770654169216	-0.001020079101610956	0.00266161537482571	0.9999959376128602	-0.02270338090567357	0.001080242661145966	-0.002637775252085845	0.0005743707124154401	0.008672997757473143	0.9907894789166339	0.0005743707124154401	0.0005743707124154401	0.02825903905083965	0	0.0006068707411111023	0.01020553369234002	
197	27.63874007805918	246.2196507927577	2.71828	1.21358	1.16637e-05	0.2581069881028696	5.993044534209371	1.263861621190769	-1.238046052351134	-0.9302829541215486	13.23779961450413	4.615253460456734	-3.160756367224863	4.919999999972433	1.509999999991539	0.09999999999943968	0	0.105658371499408	0.09999999999943968	172.4999999990334	1.776819999990044	0.09999999999943968	91.18759999948904	0	0	0	3.14159	165.3220665983416	-4855.856771584628	-1861.268724098851	0	0	0	0	0	2	2.085	2.4952	0.00775795	0.1172	-0.02270338090567357	0.001080242661145966	-0.002637775252085845	29674106.26123359	0	0	5444.831795377658	5449.764345461759	5450.909577382348	124.201969813508	478761428.3863776	246.2196507927577	-7823.75405	0	0	0	0	0.105658371499408	1.776819999990044	0.09999999999943968	1.509999999991539	172.4999999990334	0.09999999999943968	0.09999999999943968	4.919999999972433	91.18759999948904	91.18759999948904	80.38499999954958	80.38499999954958	124.201969813508	1	124.201969813508	0	1	0	0	1	0	5444.831795377658	5444.831795377658	5449.764345461759	5449.764345461759	21883.89742787219	21883.89742787219	5450.909577382348	5450.909577382348	5450.909576006431	0.9997417060059373	-0.02270141732547895	0.001080242451052426	0.02270420029344941	0.9997387466008362	-0.002637770654169216	-0.001020079101610956	0.00266161537482571	0.9999959376128602	-0.02270338090567357	0.001080242661145966	-0.002637775252085845	0.0005743707124154401	0.008672997757473143	0.9907894789166339	0.0005743707124154401	0.0005743707124154401	0.02825903905083965	0	0.0006068707411111023	0.01020553369234002	
198	27.49915048170534	246.2196507927577	2.71828	1.21358	1.16637e-05	0.2581069881028696	5.993044534209371	1.263861621190769	-1.238046052351134	-0.9302829541215486	13.23779961450413	4.615253460456734	-3.160756367224863	4.919999999972433	1.509999999991539	0.09999999999943968	0	0.105658371499408	0.09999999999943968	172.4999999990334	1.776819999990044	0.09999999999943968	91.18759999948904	0	0	0	3.14159	165.3220665983416	-4855.856771584628	-1861.268724098851	0	0	0	0	0	2	2.085	2.4952	0.00775795	0.1172	-0.02270338090567357	0.001080242661145966	-0.002637775252085845	29674106.26123359	0	0	5444.831795377658	5449.764345461759	5450.909577382348	124.201969813508	478761428.3863776	246.2196507927577	-7823.75405	0	0	0	0	0.105658371499408	1.776819999990044	0.09999999999943968	1.509999999991539	172.4999999990334	0.09999999999943968	0.09999999999943968	4.919999999972433	91.18759999948904	91.18759999948904	80.38499999954958	80.38499999954958	124.201969813508	1	124.201969813508	0	1	0	0	1	0	5444.831795377658	5444.831795377658	5449.764345461759	5449.764345461759	21883.89742787219	21883.89742787219	5450.909577382348	5450.909577382348	5450.909576006431	0.9997417060059373	-0.02270141732547895	0.001080242451052426	0.02270420029344941	0.9997387466008362	-0.002637770654169216	-0.001020079101610956	0.00266161537482571	0.9999959376128602	-0.02270338090567357	0.001080242661145966	-0.002637775252085845	0.0005743707124154401	0.008672997757473143	0.9907894789166339	0.0005743707124154401	0.0005743707124154401	0.02825903905083965	0	0.0006068707411111023	0.01020553369234002	
199	27.36096379586763	246.2196507927577	2.71828	1.21358	1.16637e-05	0.2581069881028696	5.993044534209371	1.263861621190769	-1.238046052351134	-0.9302829541215486	13.23779961450413	4.615253460456734	-3.160756367224863	4.919999999972433	1.509999999991539	0.09999999999943968	0	0.105658371499408	0.09999999999943968	172.4999999990334	1.776819999990044	0.09999999999943968	91.18759999948904	0	0	0	3.14159	165.3220665983416	-4855.856771584628	-1861.268724098851	0	0	0	0	0	2	2.085	2.4952	0.00775795	0.1172	-0.02270338090567357	0.001080242661145966	-0.002637775252085845	29674106.26123359	0	0	5444.831795377658	5449.764345461759	5450.909577382348	124.201969813508	478761428.3863776	246.2196507927577	-7823.75405	0	0	0	0	0.105658371499408	1.776819999990044	0.09999999999943968	1.509999999991539	172.4999999990334	0.09999999999943968	0.09999999999943968	4.919999999972433	91.18759999948904	91.18759999948904	80.38499999954958	80.38499999954958	124.201969813508	1	124.201969813508	0	1	0	0	1	0	5444.831795377658	5444.831795377658	5449.764345461759	5449.764345461759	21883.89742787219	21883.89742787219	5450.909577382348	5450.909577382348	5450.909576006431	0.9997417060059373	-0.02270141732547895	0.001080242451052426	0.02270420029344941	0.9997387466008362	-0.002637770654169216	-0.001020079101610956	0.00266161537482571	0.9999959376128602	-0.02270338090567357	0.001080242661145966	-0.002637775252085845	0.0005743707124154401	0.008672997757473143	0.9907894789166339	0.0005743707124154401	0.0005743707124154401	0.02825903905083965	0	0.0006068707411111023	0.01020553369234002	
200	27.22415897688829	246.2196507927577	2.71828	1.21358	1.16637e-05	0.2581069881028696	5.993044534209371	1.263861621190769	-1.238046052351134	-0.9302829541215486	13.23779961450413	4.615253460456734	-3.160756367224863	4.919999999972433	1.509999999991539	0.09999999999943968	0	0.105658371499408	0.09999999999943968	172.4999999990334	1.776819999990044	0.09999999999943968	91.18759999948904	0	0	0	3.14159	165.3220665983416	-4855.856771584628	-1861.268724098851	0	0	0	0	0	2	2.085	2.4952	0.00775795	0.1172	-0.02270338090567357	0.001080242661145966	-0.002637775252085845	29674106.26123359	0	0	5444.831795377658	5449.764345461759	5450.909577382348	124.201969813508	478761428.3863776	246.2196507927577	-7823.75405	0	0	0	0	0.105658371499408	1.776819999990044	0.09999999999943968	1.509999999991539	172.4999999990334	0.09999999999943968	0.09999999999943968	4.919999999972433	91.18759999948904	91.18759999948904	80.38499999954958	80.38499999954958	124.201969813508	1	124.201969813508	0	1	0	0	1	0	5444.831795377658	5444.831795377658	5449.764345461759	5449.764345461759	21883.89742787219	21883.89742787219	5450.909577382348	5450.909577382348	5450.909576006431	0.9997417060059373	-0.02270141732547895	0.001080242451052426	0.02270420029344941	0.9997387466008362	-0.002637770654169216	-0.001020079101610956	0.00266161537482571	0.9999959376128602	-0.02270338090567357	0.001080242661145966	-0.002637775252085845	0.0005743707124154401	0.008672997757473143	0.9907894789166339	0.0005743707124154401	0.0005743707124154401	0.02825903905083965	0	0.0006068707411111023	0.01020553369234002	
201	27.08871539988884	246.2196507927577	2.71828	1.21358	1.16637e-05	0.2581069881028696	5.993044534209371	1.263861621190769	-1.238046052351134	-0.9302829541215486	13.23779961450413	4.615253460456734	-3.160756367224863	4.919999999972433	1.509999999991539	0.09999999999943968	0	0.105658371499408	0.09999999999943968	172.4999999990334	1.776819999990044	0.09999999999943968	91.18759999948904	0	0	0	3.14159	165.3220665983416	-4855.856771584628	-1861.268724098851	0	0	0	0	0	2	2.085	2.4952	0.00775795	0.1172	-0.02270338090567357	0.001080242661145966	-0.002637775252085845	29674106.26123359	0	0	5444.831795377658	5449.764345461759	5450.909577382348	124.201969813508	478761428.3863776	246.2196507927577	-7823.75405	0	0	0	0	0.105658371499408	1.776819999990044	0.09999999999943968	1.509999999991539	172.4999999990334	0.09999999999943968	0.09999999999943968	4.919999999972433	91.18759999948904	91.18759999948904	80.38499999954958	80.38499999954958	124.201969813508	1	124.201969813508	0	1	0	0	1	0	5444.831795377658	5444.831795377658	5449.764345461759	5449.764345461759	21883.89742787219	21883.89742787219	5450.909577382348	5450.909577382348	5450.909576006431	0.9997417060059373	-0.02270141732547895	0.001080242451052426	0.02270420029344941	0.9997387466008362	-0.002637770654169216	-0.001020079101610956	0.00266161537482571	0.9999959376128602	-0.02270338090567357	0.001080242661145966	-0.002637775252085845	0.0005743707124154401	0.008672997757473143	0.9907894789166339	0.0005743707124154401	0.0005743707124154401	0.02825903905083965	0	0.0006068707411111023	0.01020553369234002	
202	26.95461284840425	246.2196507927577	2.71828	1.21358	1.16637e-05	0.2581069881028696	5.993044534209371	1.263861621190769	-1.238046052351134	-0.9302829541215486	13.23779961450413	4.615253460456734	-3.160756367224863	4.919999999972433	1.509999999991539	0.09999999999943968	0	0.105658371499408	0.09999999999943968	172.4999999990334	1.776819999990044	0.09999999999943968	91.18759999948904	0	0	0	3.14159	165.3220665983416	-4855.856771584628	-1861.268724098851	0	0	0	0	0	2	2.085	2.4952	0.00775795	0.1172	-0.02270338090567357	0.001080242661145966	-0.002637775252085845	29674106.26123359	0	0	5444.831795377658	5449.764345461759	5450.909577382348	124.201969813508	478761428.3863776	246.2196507927577	-7823.75405	0	0	0	0	0.105658371499408	1.776819999990044	0.09999999999943968	1.509999999991539	172.4999999990334	0.09999999999943968	0.09999999999943968	4.919999999972433	91.18759999948904	91.18759999948904	80.38499999954958	80.38499999954958	124.201969813508	1	124.201969813508	0	1	0	0	1	0	5444.831795377658	5444.831795377658	5449.764345461759	5449.764345461759	21883.89742787219	21883.89742787219	5450.909577382348	5450.909577382348	5450.909576006431	0.9997417060059373	-0.02270141732547895	0.001080242451052426	0.02270420029344941	0.9997387466008362	-0.002637770654169216	-0.001020079101610956	0.00266161537482571	0.9999959376128602	-0.02270338090567357	0.001080242661145966	-0.002637775252085845	0.0005743707124154401	0.008672997757473143	0.9907894789166339	0.0005743707124154401	0.0005743707124154401	0.02825903905083965	0	0.0006068707411111023	0.01020553369234002	
203	26.82183150432344	246.2196507927577	2.71828	1.21358	1.16637e-05	0.2581069881028696	5.993044534209371	1.263861621190769	-1.238046052351134	-0.9302829541215486	13.23779961450413	4.615253460456734	-3.160756367224863	4.919999999972433	1.509999999991539	0.09999999999943968	0	0.105658371499408	0.09999999999943968	172.4999999990334	1.776819999990044	0.09999999999943968	91.18759999948904	0	0	0	3.14159	165.3220665983416	-4855.856771584628	-1861.268724098851	0	0	0	0	0	2	2.085	2.4952	0.00775795	0.1172	-0.02270338090567357	0.001080242661145966	-0.002637775252085845	29674106.26123359	0	0	5444.831795377658	5449.764345461759	5450.909577382348	124.201969813508	478761428.3863776	246.2196507927577	-7823.75405	0	0	0	0	0.105658371499408	1.776819999990044	0.09999999999943968	1.509999999991539	172.4999999990334	0.09999999999943968	0.09999999999943968	4.919999999972433	91.18759999948904	91.18759999948904	80.38499999954958	80.38499999954958	124.201969813508	1	124.201969813508	0	1	0	0	1	0	5444.831795377658	5444.831795377658	5449.764345461759	5449.764345461759	21883.89742787219	21883.89742787219	5450.909577382348	5450.909577382348	5450.909576006431	0.9997417060059373	-0.02270141732547895	0.001080242451052426	0.02270420029344941	0.9997387466008362	-0.002637770654169216	-0.001020079101610956	0.00266161537482571	0.9999959376128602	-0.02270338090567357	0.001080242661145966	-0.002637775252085845	0.0005743707124154401	0.008672997757473143	0.9907894789166339	0.0005743707124154401	0.0005743707124154401	0.02825903905083965	0	0.0006068707411111023	0.01020553369234002	
204	26.69035193812577	246.2196507927577	2.71828	1.21358	1.16637e-05	0.2581069881028696	5.993044534209371	1.263861621190769	-1.238046052351134	-0.9302829541215486	13.23779961450413	4.615253460456734	-3.160756367224863	4.919999999972433	1.509999999991539	0.09999999999943968	0	0.105658371499408	0.09999999999943968	172.4999999990334	1.776819999990044	0.09999999999943968	91.18759999948904	0	0	0	3.14159	165.3220665983416	-4855.856771584628	-1861.268724098851	0	0	0	0	0	2	2.085	2.4952	0.00775795	0.1172	-0.02270338090567357	0.001080242661145966	-0.002637775252085845	29674106.26123359	0	0	5444.831795377658	5449.764345461759	5450.909577382348	124.201969813508	478761428.3863776	246.2196507927577	-7823.75405	0	0	0	0	0.105658371499408	1.776819999990044	0.09999999999943968	1.509999999991539	172.4999999990334	0.09999999999943968	0.09999999999943968	4.919999999972433	91.18759999948904	91.18759999948904	80.38499999954958	80.38499999954958	124.201969813508	1	124.201969813508	0	1	0	0	1	0	5444.831795377658	5444.831795377658	5449.764345461759	5449.764345461759	21883.89742787219	21883.89742787219	5450.909577382348	5450.909577382348	5450.909576006431	0.9997417060059373	-0.02270141732547895	0.001080242451052426	0.02270420029344941	0.9997387466008362	-0.002637770654169216	-0.001020079101610956	0.00266161537482571	0.9999959376128602	-0.02270338090567357	0.001080242661145966	-0.002637775252085845	0.0005743707124154401	0.008672997757473143	0.9907894789166339	0.0005743707124154401	0.0005743707124154401	0.02825903905083965	0	0.0006068707411111023	0.01020553369234002	
205	26.56015509940321	246.2196507927577	2.71828	1.21358	1.16637e-05	0.2581069881028696	5.993044534209371	1.263861621190769	-1.238046052351134	-0.9302829541215486	13.23779961450413	4.615253460456734	-3.160756367224863	4.919999999972433	1.509999999991539	0.09999999999943968	0	0.105658371499408	0.09999999999943968	172.4999999990334	1.776819999990044	0.09999999999943968	91.18759999948904	0	0	0	3.14159	165.3220665983416	-4855.856771584628	-1861.268724098851	0	0	0	0	0	2	2.085	2.4952	0.00775795	0.1172	-0.02270338090567357	0.001080242661145966	-0.002637775252085845	29674106.26123359	0	0	5444.831795377658	5449.764345461759	5450.909577382348	124.201969813508	478761428.3863776	246.2196507927577	-7823.75405	0	0	0	0	0.105658371499408	1.776819999990044	0.09999999999943968	1.509999999991539	172.4999999990334	0.09999999999943968	0.09999999999943968	4.919999999972433	91.18759999948904	91.18759999948904	80.38499999954958	80.38499999954958	124.201969813508	1	124.201969813508	0	1	0	0	1	0	5444.831795377658	5444.831795377658	5449.764345461759	5449.764345461759	21883.89742787219	21883.89742787219	5450.909577382348	5450.909577382348	5450.909576006431	0.9997417060059373	-0.02270141732547895	0.001080242451052426	0.02270420029344941	0.9997387466008362	-0.002637770654169216	-0.001020079101610956	0.00266161537482571	0.9999959376128602	-0.02270338090567357	0.001080242661145966	-0.002637775252085845	0.0005743707124154401	0.008672997757473143	0.9907894789166339	0.0005743707124154401	0.0005743707124154401	0.02825903905083965	0	0.0006068707411111023	0.01020553369234002	
206	26.43122230765853	246.2196507927577	2.71828	1.21358	1.16637e-05	0.2581069881028696	5.993044534209371	1.263861621190769	-1.238046052351134	-0.9302829541215486	13.23779961450413	4.615253460456734	-3.160756367224863	4.919999999972433	1.509999999991539	0.09999999999943968	0	0.105658371499408	0.09999999999943968	172.4999999990334	1.776819999990044	0.09999999999943968	91.18759999948904	0	0	0	3.14159	165.3220665983416	-4855.856771584628	-1861.268724098851	0	0	0	0	0	2	2.085	2.4952	0.00775795	0.1172	-0.02270338090567357	0.001080242661145966	-0.002637775252085845	29674106.26123359	0	0	5444.831795377658	5449.764345461759	5450.909577382348	124.201969813508	478761428.3863776	246.2196507927577	-7823.75405	0	0	0	0	0.105658371499408	1.776819999990044	0.09999999999943968	1.509999999991539	172.4999999990334	0.09999999999943968	0.09999999999943968	4.919999999972433	91.18759999948904	91.18759999948904	80.38499999954958	80.38499999954958	124.201969813508	1	124.201969813508	0	1	0	0	1	0	5444.831795377658	5444.831795377658	5449.764345461759	5449.764345461759	21883.89742787219	21883.89742787219	5450.909577382348	5450.909577382348	5450.909576006431	0.9997417060059373	-0.02270141732547895	0.001080242451052426	0.02270420029344941	0.9997387466008362	-0.002637770654169216	-0.001020079101610956	0.00266161537482571	0.9999959376128602	-0.02270338090567357	0.001080242661145966	-0.002637775252085845	0.0005743707124154401	0.008672997757473143	0.9907894789166339	0.0005743707124154401	0.0005743707124154401	0.02825903905083965	0	0.0006068707411111023	0.01020553369234002	
207	26.30353524337033	246.2196507927577	2.71828	1.21358	1.16637e-05	0.2581069881028696	5.993044534209371	1.263861621190769	-1.238046052351134	-0.9302829541215486	13.23779961450413	4.615253460456734	-3.160756367224863	4.919999999972433	1.509999999991539	0.09999999999943968	0	0.105658371499408	0.09999999999943968	172.4999999990334	1.776819999990044	0.09999999999943968	91.18759999948904	0	0	0	3.14159	165.3220665983416	-4855.856771584628	-1861.268724098851	0	0	0	0	0	2	2.085	2.4952	0.00775795	0.1172	-0.02270338090567357	0.001080242661145966	-0.002637775252085845	29674106.26123359	0	0	5444.831795377658	5449.764345461759	5450.909577382348	124.201969813508	478761428.3863776	246.2196507927577	-7823.75405	0	0	0	0	0.105658371499408	1.776819999990044	0.09999999999943968	1.509999999991539	172.4999999990334	0.09999999999943968	0.09999999999943968	4.919999999972433	91.18759999948904	91.18759999948904	80.38499999954958	80.38499999954958	124.201969813508	1	124.201969813508	0	1	0	0	1	0	5444.831795377658	5444.831795377658	5449.764345461759	5449.764345461759	21883.89742787219	21883.89742787219	5450.909577382348	5450.909577382348	5450.909576006431	0.9997417060059373	-0.02270141732547895	0.001080242451052426	0.02270420029344941	0.9997387466008362	-0.002637770654169216	-0.001020079101610956	0.00266161537482571	0.9999959376128602	-0.02270338090567357	0.001080242661145966	-0.002637775252085845	0.0005743707124154401	0.008672997757473143	0.9907894789166339	0.0005743707124154401	0.0005743707124154401	0.02825903905083965	0	0.0006068707411111023	0.01020553369234002	
208	26.17707593931566	246.2196507927577	2.71828	1.21358	1.16637e-05	0.2581069881028696	5.993044534209371	1.263861621190769	-1.238046052351134	-0.9302829541215486	13.23779961450413	4.615253460456734	-3.160756367224863	4.919999999972433	1.509999999991539	0.09999999999943968	0	0.105658371499408	0.09999999999943968	172.4999999990334	1.776819999990044	0.09999999999943968	91.18759999948904	0	0	0	3.14159	165.3220665983416	-4855.856771584628	-1861.268724098851	0	0	0	0	0	2	2.085	2.4952	0.00775795	0.1172	-0.02270338090567357	0.001080242661145966	-0.002637775252085845	29674106.26123359	0	0	5444.831795377658	5449.764345461759	5450.909577382348	124.201969813508	478761428.3863776	246.2196507927577	-7823.75405	0	0	0	0	0.105658371499408	1.776819999990044	0.09999999999943968	1.509999999991539	172.4999999990334	0.09999999999943968	0.09999999999943968	4.919999999972433	91.18759999948904	91.18759999948904	80.38499999954958	80.38499999954958	124.201969813508	1	124.201969813508	0	1	0	0	1	0	5444.831795377658	5444.831795377658	5449.764345461759	5449.764345461759	21883.89742787219	21883.89742787219	5450.909577382348	5450.909577382348	5450.909576006431	0.9997417060059373	-0.02270141732547895	0.001080242451052426	0.02270420029344941	0.9997387466008362	-0.002637770654169216	-0.001020079101610956	0.00266161537482571	0.9999959376128602	-0.02270338090567357	0.001080242661145966	-0.002637775252085845	0.0005743707124154401	0.008672997757473143	0.9907894789166339	0.0005743707124154401	0.0005743707124154401	0.02825903905083965	0	0.0006068707411111023	0.01020553369234002	
209	26.0518267721419	246.2196507927577	2.71828	1.21358	1.16637e-05	0.2581069881028696	5.993044534209371	1.263861621190769	-1.238046052351134	-0.9302829541215486	13.23779961450413	4.615253460456734	-3.160756367224863	4.919999999972433	1.509999999991539	0.09999999999943968	0	0.105658371499408	0.09999999999943968	172.4999999990334	1.776819999990044	0.09999999999943968	91.18759999948904	0	0	0	3.14159	165.3220665983416	-4855.856771584628	-1861.268724098851	0	0	0	0	0	2	2.085	2.4952	0.00775795	0.1172	-0.02270338090567357	0.001080242661145966	-0.002637775252085845	29674106.26123359	0	0	5444.831795377658	5449.764345461759	5450.909577382348	124.201969813508	478761428.3863776	246.2196507927577	-7823.75405	0	0	0	0	0.105658371499408	1.776819999990044	0.09999999999943968	1.509999999991539	172.4999999990334	0.09999999999943968	0.09999999999943968	4.919999999972433	91.18759999948904	91.18759999948904	80.38499999954958	80.38499999954958	124.201969813508	1	124.201969813508	0	1	0	0	1	0	5444.831795377658	5444.831795377658	5449.764345461759	5449.764345461759	21883.89742787219	21883.89742787219	5450.909577382348	5450.909577382348	5450.909576006431	0.9997417060059373	-0.02270141732547895	0.001080242451052426	0.02270420029344941	0.9997387466008362	-0.002637770654169216	-0.001020079101610956	0.00266161537482571	0.9999959376128602	-0.02270338090567357	0.001080242661145966	-0.002637775252085845	0.0005743707124154401	0.008672997757473143	0.9907894789166339	0.0005743707124154401	0.0005743707124154401	0.02825903905083965	0	0.0006068707411111023	0.01020553369234002	
210	25.92777045417932	246.2196507927577	2.71828	1.21358	1.16637e-05	0.2581069881028696	5.993044534209371	1.263861621190769	-1.238046052351134	-0.9302829541215486	13.23779961450413	4.615253460456734	-3.160756367224863	4.919999999972433	1.509999999991539	0.09999999999943968	0	0.105658371499408	0.09999999999943968	172.4999999990334	1.776819999990044	0.09999999999943968	91.18759999948904	0	0	0	3.14159	165.3220665983416	-4855.856771584628	-1861.268724098851	0	0	0	0	0	2	2.085	2.4952	0.00775795	0.1172	-0.02270338090567357	0.001080242661145966	-0.002637775252085845	29674106.26123359	0	0	5444.831795377658	5449.764345461759	5450.909577382348	124.201969813508	478761428.3863776	246.2196507927577	-7823.75405	0	0	0	0	0.105658371499408	1.776819999990044	0.09999999999943968	1.509999999991539	172.4999999990334	0.09999999999943968	0.09999999999943968	4.919999999972433	91.18759999948904	91.18759999948904	80.38499999954958	80.38499999954958	124.201969813508	1	124.201969813508	0	1	0	0	1	0	5444.831795377658	5444.831795377658	5449.764345461759	5449.764345461759	21883.89742787219	21883.89742787219	5450.909577382348	5450.909577382348	5450.909576006431	0.9997417060059373	-0.02270141732547895	0.001080242451052426	0.02270420029344941	0.9997387466008362	-0.002637770654169216	-0.001020079101610956	0.00266161537482571	0.9999959376128602	-0.02270338090567357	0.001080242661145966	-0.002637775252085845	0.0005743707124154401	0.008672997757473143	0.9907894789166339	0.0005743707124154401	0.0005743707124154401	0.02825903905083965	0	0.0006068707411111023	0.01020553369234002	
211	25.80489002548653	246.2196507927577	2.71828	1.21358	1.16637e-05	0.2581069881028696	5.993044534209371	1.263861621190769	-1.238046052351134	-0.9302829541215486	13.23779961450413	4.615253460456734	-3.160756367224863	4.919999999972433	1.509999999991539	0.09999999999943968	0	0.105658371499408	0.09999999999943968	172.4999999990334	1.776819999990044	0.09999999999943968	91.18759999948904	0	0	0	3.14159	165.3220665983416	-4855.856771584628	-1861.268724098851	0	0	0	0	0	2	2.085	2.4952	0.00775795	0.1172	-0.02270338090567357	0.001080242661145966	-0.002637775252085845	29674106.26123359	0	0	5444.831795377658	5449.764345461759	5450.909577382348	124.201969813508	478761428.3863776	246.2196507927577	-7823.75405	0	0	0	0	0.105658371499408	1.776819999990044	0.09999999999943968	1.509999999991539	172.4999999990334	0.09999999999943968	0.09999999999943968	4.919999999972433	91.18759999948904	91.18759999948904	80.38499999954958	80.38499999954958	124.201969813508	1	124.201969813508	0	1	0	0	1	0	5444.831795377658	5444.831795377658	5449.764345461759	5449.764345461759	21883.89742787219	21883.89742787219	5450.909577382348	5450.909577382348	5450.909576006431	0.9997417060059373	-0.02270141732547895	0.001080242451052426	0.02270420029344941	0.9997387466008362	-0.002637770654169216	-0.001020079101610956	0.00266161537482571	0.9999959376128602	-0.02270338090567357	0.001080242661145966	-0.002637775252085845	0.0005743707124154401	0.008672997757473143	0.9907894789166339	0.0005743707124154401	0.0005743707124154401	0.02825903905083965	0	0.0006068707411111023	0.01020553369234002	
212	25.68316884612103	246.2196507927577	2.71828	1.21358	1.16637e-05	0.2581069881028696	5.993044534209371	1.263861621190769	-1.238046052351134	-0.9302829541215486	13.23779961450413	4.615253460456734	-3.160756367224863	4.919999999972433	1.509999999991539	0.09999999999943968	0	0.105658371499408	0.09999999999943968	172.4999999990334	1.776819999990044	0.09999999999943968	91.18759999948904	0	0	0	3.14159	165.3220665983416	-4855.856771584628	-1861.268724098851	0	0	0	0	0	2	2.085	2.4952	0.00775795	0.1172	-0.02270338090567357	0.001080242661145966	-0.002637775252085845	29674106.26123359	0	0	5444.831795377658	5449.764345461759	5450.909577382348	124.201969813508	478761428.3863776	246.2196507927577	-7823.75405	0	0	0	0	0.105658371499408	1.776819999990044	0.09999999999943968	1.509999999991539	172.4999999990334	0.09999999999943968	0.09999999999943968	4.919999999972433	91.18759999948904	91.18759999948904	80.38499999954958	80.38499999954958	124.201969813508	1	124.201969813508	0	1	0	0	1	0	5444.831795377658	5444.831795377658	5449.764345461759	5449.764345461759	21883.89742787219	21883.89742787219	5450.909577382348	5450.909577382348	5450.909576006431	0.9997417060059373	-0.02270141732547895	0.001080242451052426	0.02270420029344941	0.9997387466008362	-0.002637770654169216	-0.001020079101610956	0.00266161537482571	0.9999959376128602	-0.02270338090567357	0.001080242661145966	-0.002637775252085845	0.0005743707124154401	0.008672997757473143	0.9907894789166339	0.0005743707124154401	0.0005743707124154401	0.02825903905083965	0	0.0006068707411111023	0.01020553369234002	
213	25.5625905886275	246.2196507927577	2.71828	1.21358	1.16637e-05	0.2581069881028696	5.993044534209371	1.263861621190769	-1.238046052351134	-0.9302829541215486	13.23779961450413	4.615253460456734	-3.160756367224863	4.919999999972433	1.509999999991539	0.09999999999943968	0	0.105658371499408	0.09999999999943968	172.4999999990334	1.776819999990044	0.09999999999943968	91.18759999948904	0	0	0	3.14159	165.3220665983416	-4855.856771584628	-1861.268724098851	0	0	0	0	0	2	2.085	2.4952	0.00775795	0.1172	-0.02270338090567357	0.001080242661145966	-0.002637775252085845	29674106.26123359	0	0	5444.831795377658	5449.764345461759	5450.909577382348	124.201969813508	478761428.3863776	246.2196507927577	-7823.75405	0	0	0	0	0.105658371499408	1.776819999990044	0.09999999999943968	1.509999999991539	172.4999999990334	0.09999999999943968	0.09999999999943968	4.919999999972433	91.18759999948904	91.18759999948904	80.38499999954958	80.38499999954958	124.201969813508	1	124.201969813508	0	1	0	0	1	0	5444.831795377658	5444.831795377658	5449.764345461759	5449.764345461759	21883.89742787219	21883.89742787219	5450.909577382348	5450.909577382348	5450.909576006431	0.9997417060059373	-0.02270141732547895	0.001080242451052426	0.02270420029344941	0.9997387466008362	-0.002637770654169216	-0.001020079101610956	0.00266161537482571	0.9999959376128602	-0.02270338090567357	0.001080242661145966	-0.002637775252085845	0.0005743707124154401	0.008672997757473143	0.9907894789166339	0.0005743707124154401	0.0005743707124154401	0.02825903905083965	0	0.0006068707411111023	0.01020553369234002	
214	25.44313923073672	246.2196507927577	2.71828	1.21358	1.16637e-05	0.2581069881028696	5.993044534209371	1.263861621190769	-1.238046052351134	-0.9302829541215486	13.23779961450413	4.615253460456734	-3.160756367224863	4.919999999972433	1.509999999991539	0.09999999999943968	0	0.105658371499408	0.09999999999943968	172.4999999990334	1.776819999990044	0.09999999999943968	91.18759999948904	0	0	0	3.14159	165.3220665983416	-4855.856771584628	-1861.268724098851	0	0	0	0	0	2	2.085	2.4952	0.00775795	0.1172	-0.02270338090567357	0.001080242661145966	-0.002637775252085845	29674106.26123359	0	0	5444.831795377658	5449.764345461759	5450.909577382348	124.201969813508	478761428.3863776	246.2196507927577	-7823.75405	0	0	0	0	0.105658371499408	1.776819999990044	0.09999999999943968	1.509999999991539	172.4999999990334	0.09999999999943968	0.09999999999943968	4.919999999972433	91.18759999948904	91.18759999948904	80.38499999954958	80.38499999954958	124.201969813508	1	124.201969813508	0	1	0	0	1	0	5444.831795377658	5444.831795377658	5449.764345461759	5449.764345461759	21883.89742787219	21883.89742787219	5450.909577382348	5450.909577382348	5450.909576006431	0.9997417060059373	-0.02270141732547895	0.001080242451052426	0.02270420029344941	0.9997387466008362	-0.002637770654169216	-0.001020079101610956	0.00266161537482571	0.9999959376128602	-0.02270338090567357	0.001080242661145966	-0.002637775252085845	0.0005743707124154401	0.008672997757473143	0.9907894789166339	0.0005743707124154401	0.0005743707124154401	0.02825903905083965	0	0.0006068707411111023	0.01020553369234002	
215	25.32479904826818	246.2196507927577	2.71828	1.21358	1.16637e-05	0.2581069881028696	5.993044534209371	1.263861621190769	-1.238046052351134	-0.9302829541215486	13.23779961450413	4.615253460456734	-3.160756367224863	4.919999999972433	1.509999999991539	0.09999999999943968	0	0.105658371499408	0.09999999999943968	172.4999999990334	1.776819999990044	0.09999999999943968	91.18759999948904	0	0	0	3.14159	165.3220665983416	-4855.856771584628	-1861.268724098851	0	0	0	0	0	2	2.085	2.4952	0.00775795	0.1172	-0.02270338090567357	0.001080242661145966	-0.002637775252085845	29674106.26123359	0	0	5444.831795377658	5449.764345461759	5450.909577382348	124.201969813508	478761428.3863776	246.2196507927577	-7823.75405	0	0	0	0	0.105658371499408	1.776819999990044	0.09999999999943968	1.509999999991539	172.4999999990334	0.09999999999943968	0.09999999999943968	4.919999999972433	91.18759999948904	91.18759999948904	80.38499999954958	80.38499999954958	124.201969813508	1	124.201969813508	0	1	0	0	1	0	5444.831795377658	5444.831795377658	5449.764345461759	5449.764345461759	21883.89742787219	21883.89742787219	5450.909577382348	5450.909577382348	5450.909576006431	0.9997417060059373	-0.02270141732547895	0.001080242451052426	0.02270420029344941	0.9997387466008362	-0.002637770654169216	-0.001020079101610956	0.00266161537482571	0.9999959376128602	-0.02270338090567357	0.001080242661145966	-0.002637775252085845	0.0005743707124154401	0.008672997757473143	0.9907894789166339	0.0005743707124154401	0.0005743707124154401	0.02825903905083965	0	0.0006068707411111023	0.01020553369234002	
216	25.2075546082299	246.2196507927577	2.71828	1.21358	1.16637e-05	0.2581069881028696	5.993044534209371	1.263861621190769	-1.238046052351134	-0.9302829541215486	13.23779961450413	4.615253460456734	-3.160756367224863	4.919999999972433	1.509999999991539	0.09999999999943968	0	0.105658371499408	0.09999999999943968	172.4999999990334	1.776819999990044	0.09999999999943968	91.18759999948904	0	0	0	3.14159	165.3220665983416	-4855.856771584628	-1861.268724098851	0	0	0	0	0	2	2.085	2.4952	0.00775795	0.1172	-0.02270338090567357	0.001080242661145966	-0.002637775252085845	29674106.26123359	0	0	5444.831795377658	5449.764345461759	5450.909577382348	124.201969813508	478761428.3863776	246.2196507927577	-7823.75405	0	0	0	0	0.105658371499408	1.776819999990044	0.09999999999943968	1.509999999991539	172.4999999990334	0.09999999999943968	0.09999999999943968	4.919999999972433	91.18759999948904	91.18759999948904	80.38499999954958	80.38499999954958	124.201969813508	1	124.201969813508	0	1	0	0	1	0	5444.831795377658	5444.831795377658	5449.764345461759	5449.764345461759	21883.89742787219	21883.89742787219	5450.909577382348	5450.909577382348	5450.909576006431	0.9997417060059373	-0.02270141732547895	0.001080242451052426	0.02270420029344941	0.9997387466008362	-0.002637770654169216	-0.001020079101610956	0.00266161537482571	0.9999959376128602	-0.02270338090567357	0.001080242661145966	-0.002637775252085845	0.0005743707124154401	0.008672997757473143	0.9907894789166339	0.0005743707124154401	0.0005743707124154401	0.02825903905083965	0	0.0006068707411111023	0.01020553369234002	
217	25.09139076210902	246.2196507927577	2.71828	1.21358	1.16637e-05	0.2581069881028696	5.993044534209371	1.263861621190769	-1.238046052351134	-0.9302829541215486	13.23779961450413	4.615253460456734	-3.160756367224863	4.919999999972433	1.509999999991539	0.09999999999943968	0	0.105658371499408	0.09999999999943968	172.4999999990334	1.776819999990044	0.09999999999943968	91.18759999948904	0	0	0	3.14159	165.3220665983416	-4855.856771584628	-1861.268724098851	0	0	0	0	0	2	2.085	2.4952	0.00775795	0.1172	-0.02270338090567357	0.001080242661145966	-0.002637775252085845	29674106.26123359	0	0	5444.831795377658	5449.764345461759	5450.909577382348	124.201969813508	478761428.3863776	246.2196507927577	-7823.75405	0	0	0	0	0.105658371499408	1.776819999990044	0.09999999999943968	1.509999999991539	172.4999999990334	0.09999999999943968	0.09999999999943968	4.919999999972433	91.18759999948904	91.18759999948904	80.38499999954958	80.38499999954958	124.201969813508	1	124.201969813508	0	1	0	0	1	0	5444.831795377658	5444.831795377658	5449.764345461759	5449.764345461759	21883.89742787219	21883.89742787219	5450.909577382348	5450.909577382348	5450.909576006431	0.9997417060059373	-0.02270141732547895	0.001080242451052426	0.02270420029344941	0.9997387466008362	-0.002637770654169216	-0.001020079101610956	0.00266161537482571	0.9999959376128602	-0.02270338090567357	0.001080242661145966	-0.002637775252085845	0.0005743707124154401	0.008672997757473143	0.9907894789166339	0.0005743707124154401	0.0005743707124154401	0.02825903905083965	0	0.0006068707411111023	0.01020553369234002	
218	24.97629263934705	246.2196507927577	2.71828	1.21358	1.16637e-05	0.2581069881028696	5.993044534209371	1.263861621190769	-1.238046052351134	-0.9302829541215486	13.23779961450413	4.615253460456734	-3.160756367224863	4.919999999972433	1.509999999991539	0.09999999999943968	0	0.105658371499408	0.09999999999943968	172.4999999990334	1.776819999990044	0.09999999999943968	91.18759999948904	0	0	0	3.14159	165.3220665983416	-4855.856771584628	-1861.268724098851	0	0	0	0	0	2	2.085	2.4952	0.00775795	0.1172	-0.02270338090567357	0.001080242661145966	-0.002637775252085845	29674106.26123359	0	0	5444.831795377658	5449.764345461759	5450.909577382348	124.201969813508	478761428.3863776	246.2196507927577	-7823.75405	0	0	0	0	0.105658371499408	1.776819999990044	0.09999999999943968	1.509999999991539	172.4999999990334	0.09999999999943968	0.09999999999943968	4.919999999972433	91.18759999948904	91.18759999948904	80.38499999954958	80.38499999954958	124.201969813508	1	124.201969813508	0	1	0	0	1	0	5444.831795377658	5444.831795377658	5449.764345461759	5449.764345461759	21883.89742787219	21883.89742787219	5450.909577382348	5450.909577382348	5450.909576006431	0.9997417060059373	-0.02270141732547895	0.001080242451052426	0.02270420029344941	0.9997387466008362	-0.002637770654169216	-0.001020079101610956	0.00266161537482571	0.9999959376128602	-0.02270338090567357	0.001080242661145966	-0.002637775252085845	0.0005743707124154401	0.008672997757473143	0.9907894789166339	0.0005743707124154401	0.0005743707124154401	0.02825903905083965	0	0.0006068707411111023	0.01020553369234002	
219	24.86224564099387	246.2196507927577	2.71828	1.21358	1.16637e-05	0.2581069881028696	5.993044534209371	1.263861621190769	-1.238046052351134	-0.9302829541215486	13.23779961450413	4.615253460456734	-3.160756367224863	4.919999999972433	1.509999999991539	0.09999999999943968	0	0.105658371499408	0.09999999999943968	172.4999999990334	1.776819999990044	0.09999999999943968	91.18759999948904	0	0	0	3.14159	165.3220665983416	-4855.856771584628	-1861.268724098851	0	0	0	0	0	2	2.085	2.4952	0.00775795	0.1172	-0.02270338090567357	0.001080242661145966	-0.002637775252085845	29674106.26123359	0	0	5444.831795377658	5449.764345461759	5450.909577382348	124.201969813508	478761428.3863776	246.2196507927577	-7823.75405	0	0	0	0	0.105658371499408	1.776819999990044	0.09999999999943968	1.509999999991539	172.4999999990334	0.09999999999943968	0.09999999999943968	4.919999999972433	91.18759999948904	91.18759999948904	80.38499999954958	80.38499999954958	124.201969813508	1	124.201969813508	0	1	0	0	1	0	5444.831795377658	5444.831795377658	5449.764345461759	5449.764345461759	21883.89742787219	21883.89742787219	5450.909577382348	5450.909577382348	5450.909576006431	0.9997417060059373	-0.02270141732547895	0.001080242451052426	0.02270420029344941	0.9997387466008362	-0.002637770654169216	-0.001020079101610956	0.00266161537482571	0.9999959376128602	-0.02270338090567357	0.001080242661145966	-0.002637775252085845	0.0005743707124154401	0.008672997757473143	0.9907894789166339	0.0005743707124154401	0.0005743707124154401	0.02825903905083965	0	0.0006068707411111023	0.01020553369234002	
220	24.74923543353481	246.2196507927577	2.71828	1.21358	1.16637e-05	0.2581069881028696	5.993044534209371	1.263861621190769	-1.238046052351134	-0.9302829541215486	13.23779961450413	4.615253460456734	-3.160756367224863	4.919999999972433	1.509999999991539	0.09999999999943968	0	0.105658371499408	0.09999999999943968	172.4999999990334	1.776819999990044	0.09999999999943968	91.18759999948904	0	0	0	3.14159	165.3220665983416	-4855.856771584628	-1861.268724098851	0	0	0	0	0	2	2.085	2.4952	0.00775795	0.1172	-0.02270338090567357	0.001080242661145966	-0.002637775252085845	29674106.26123359	0	0	5444.831795377658	5449.764345461759	5450.909577382348	124.201969813508	478761428.3863776	246.2196507927577	-7823.75405	0	0	0	0	0.105658371499408	1.776819999990044	0.09999999999943968	1.509999999991539	172.4999999990334	0.09999999999943968	0.09999999999943968	4.919999999972433	91.18759999948904	91.18759999948904	80.38499999954958	80.38499999954958	124.201969813508	1	124.201969813508	0	1	0	0	1	0	5444.831795377658	5444.831795377658	5449.764345461759	5449.764345461759	21883.89742787219	21883.89742787219	5450.909577382348	5450.909577382348	5450.909576006431	0.9997417060059373	-0.02270141732547895	0.001080242451052426	0.02270420029344941	0.9997387466008362	-0.002637770654169216	-0.001020079101610956	0.00266161537482571	0.9999959376128602	-0.02270338090567357	0.001080242661145966	-0.002637775252085845	0.0005743707124154401	0.008672997757473143	0.9907894789166339	0.0005743707124154401	0.0005743707124154401	0.02825903905083965	0	0.0006068707411111023	0.01020553369234002	
221	24.63724794288533	246.2196507927577	2.71828	1.21358	1.16637e-05	0.2581069881028696	5.993044534209371	1.263861621190769	-1.238046052351134	-0.9302829541215486	13.23779961450413	4.615253460456734	-3.160756367224863	4.919999999972433	1.509999999991539	0.09999999999943968	0	0.105658371499408	0.09999999999943968	172.4999999990334	1.776819999990044	0.09999999999943968	91.18759999948904	0	0	0	3.14159	165.3220665983416	-4855.856771584628	-1861.268724098851	0	0	0	0	0	2	2.085	2.4952	0.00775795	0.1172	-0.02270338090567357	0.001080242661145966	-0.002637775252085845	29674106.26123359	0	0	5444.831795377658	5449.764345461759	5450.909577382348	124.201969813508	478761428.3863776	246.2196507927577	-7823.75405	0	0	0	0	0.105658371499408	1.776819999990044	0.09999999999943968	1.509999999991539	172.4999999990334	0.09999999999943968	0.09999999999943968	4.919999999972433	91.18759999948904	91.18759999948904	80.38499999954958	80.38499999954958	124.201969813508	1	124.201969813508	0	1	0	0	1	0	5444.831795377658	5444.831795377658	5449.764345461759	5449.764345461759	21883.89742787219	21883.89742787219	5450.909577382348	5450.909577382348	5450.909576006431	0.9997417060059373	-0.02270141732547895	0.001080242451052426	0.02270420029344941	0.9997387466008362	-0.002637770654169216	-0.001020079101610956	0.00266161537482571	0.9999959376128602	-0.02270338090567357	0.001080242661145966	-0.002637775252085845	0.0005743707124154401	0.008672997757473143	0.9907894789166339	0.0005743707124154401	0.0005743707124154401	0.02825903905083965	0	0.0006068707411111023	0.01020553369234002	
222	24.52626934854801	246.2196507927577	2.71828	1.21358	1.16637e-05	0.2581069881028696	5.993044534209371	1.263861621190769	-1.238046052351134	-0.9302829541215486	13.23779961450413	4.615253460456734	-3.160756367224863	4.919999999972433	1.509999999991539	0.09999999999943968	0	0.105658371499408	0.09999999999943968	172.4999999990334	1.776819999990044	0.09999999999943968	91.18759999948904	0	0	0	3.14159	165.3220665983416	-4855.856771584628	-1861.268724098851	0	0	0	0	0	2	2.085	2.4952	0.00775795	0.1172	-0.02270338090567357	0.001080242661145966	-0.002637775252085845	29674106.26123359	0	0	5444.831795377658	5449.764345461759	5450.909577382348	124.201969813508	478761428.3863776	246.2196507927577	-7823.75405	0	0	0	0	0.105658371499408	1.776819999990044	0.09999999999943968	1.509999999991539	172.4999999990334	0.09999999999943968	0.09999999999943968	4.919999999972433	91.18759999948904	91.18759999948904	80.38499999954958	80.38499999954958	124.201969813508	1	124.201969813508	0	1	0	0	1	0	5444.831795377658	5444.831795377658	5449.764345461759	5449.764345461759	21883.89742787219	21883.89742787219	5450.909577382348	5450.909577382348	5450.909576006431	0.9997417060059373	-0.02270141732547895	0.001080242451052426	0.02270420029344941	0.9997387466008362	-0.002637770654169216	-0.001020079101610956	0.00266161537482571	0.9999959376128602	-0.02270338090567357	0.001080242661145966	-0.002637775252085845	0.0005743707124154401	0.008672997757473143	0.9907894789166339	0.0005743707124154401	0.0005743707124154401	0.02825903905083965	0	0.0006068707411111023	0.01020553369234002	
223	24.41628607792672	246.2196507927577	2.71828	1.21358	1.16637e-05	0.2581069881028696	5.993044534209371	1.263861621190769	-1.238046052351134	-0.9302829541215486	13.23779961450413	4.615253460456734	-3.160756367224863	4.919999999972433	1.509999999991539	0.09999999999943968	0	0.105658371499408	0.09999999999943968	172.4999999990334	1.776819999990044	0.09999999999943968	91.18759999948904	0	0	0	3.14159	165.3220665983416	-4855.856771584628	-1861.268724098851	0	0	0	0	0	2	2.085	2.4952	0.00775795	0.1172	-0.02270338090567357	0.001080242661145966	-0.002637775252085845	29674106.26123359	0	0	5444.831795377658	5449.764345461759	5450.909577382348	124.201969813508	478761428.3863776	246.2196507927577	-7823.75405	0	0	0	0	0.105658371499408	1.776819999990044	0.09999999999943968	1.509999999991539	172.4999999990334	0.09999999999943968	0.09999999999943968	4.919999999972433	91.18759999948904	91.18759999948904	80.38499999954958	80.38499999954958	124.201969813508	1	124.201969813508	0	1	0	0	1	0	5444.831795377658	5444.831795377658	5449.764345461759	5449.764345461759	21883.89742787219	21883.89742787219	5450.909577382348	5450.909577382348	5450.909576006431	0.9997417060059373	-0.02270141732547895	0.001080242451052426	0.02270420029344941	0.9997387466008362	-0.002637770654169216	-0.001020079101610956	0.00266161537482571	0.9999959376128602	-0.02270338090567357	0.001080242661145966	-0.002637775252085845	0.0005743707124154401	0.008672997757473143	0.9907894789166339	0.0005743707124154401	0.0005743707124154401	0.02825903905083965	0	0.0006068707411111023	0.01020553369234002	
224	24.30728480079312	246.2196507927577	2.71828	1.21358	1.16637e-05	0.2581069881028696	5.993044534209371	1.263861621190769	-1.238046052351134	-0.9302829541215486	13.23779961450413	4.615253460456734	-3.160756367224863	4.919999999972433	1.509999999991539	0.09999999999943968	0	0.105658371499408	0.09999999999943968	172.4999999990334	1.776819999990044	0.09999999999943968	91.18759999948904	0	0	0	3.14159	165.3220665983416	-4855.856771584628	-1861.268724098851	0	0	0	0	0	2	2.085	2.4952	0.00775795	0.1172	-0.02270338090567357	0.001080242661145966	-0.002637775252085845	29674106.26123359	0	0	5444.831795377658	5449.764345461759	5450.909577382348	124.201969813508	478761428.3863776	246.2196507927577	-7823.75405	0	0	0	0	0.105658371499408	1.776819999990044	0.09999999999943968	1.509999999991539	172.4999999990334	0.09999999999943968	0.09999999999943968	4.919999999972433	91.18759999948904	91.18759999948904	80.38499999954958	80.38499999954958	124.201969813508	1	124.201969813508	0	1	0	0	1	0	5444.831795377658	5444.831795377658	5449.764345461759	5449.764345461759	21883.89742787219	21883.89742787219	5450.909577382348	5450.909577382348	5450.909576006431	0.9997417060059373	-0.02270141732547895	0.001080242451052426	0.02270420029344941	0.9997387466008362	-0.002637770654169216	-0.001020079101610956	0.00266161537482571	0.9999959376128602	-0.02270338090567357	0.001080242661145966	-0.002637775252085845	0.0005743707124154401	0.008672997757473143	0.9907894789166339	0.0005743707124154401	0.0005743707124154401	0.02825903905083965	0	0.0006068707411111023	0.01020553369234002	
225	24.1992524239007	246.2196507927577	2.71828	1.21358	1.16637e-05	0.2581069881028696	5.993044534209371	1.263861621190769	-1.238046052351134	-0.9302829541215486	13.23779961450413	4.615253460456734	-3.160756367224863	4.919999999972433	1.509999999991539	0.09999999999943968	0	0.105658371499408	0.09999999999943968	172.4999999990334	1.776819999990044	0.09999999999943968	91.18759999948904	0	0	0	3.14159	165.3220665983416	-4855.856771584628	-1861.268724098851	0	0	0	0	0	2	2.085	2.4952	0.00775795	0.1172	-0.02270338090567357	0.001080242661145966	-0.002637775252085845	29674106.26123359	0	0	5444.831795377658	5449.764345461759	5450.909577382348	124.201969813508	478761428.3863776	246.2196507927577	-7823.75405	0	0	0	0	0.105658371499408	1.776819999990044	0.09999999999943968	1.509999999991539	172.4999999990334	0.09999999999943968	0.09999999999943968	4.919999999972433	91.18759999948904	91.18759999948904	80.38499999954958	80.38499999954958	124.201969813508	1	124.201969813508	0	1	0	0	1	0	5444.831795377658	5444.831795377658	5449.764345461759	5449.764345461759	21883.89742787219	21883.89742787219	5450.909577382348	5450.909577382348	5450.909576006431	0.9997417060059373	-0.02270141732547895	0.001080242451052426	0.02270420029344941	0.9997387466008362	-0.002637770654169216	-0.001020079101610956	0.00266161537482571	0.9999959376128602	-0.02270338090567357	0.001080242661145966	-0.002637775252085845	0.0005743707124154401	0.008672997757473143	0.9907894789166339	0.0005743707124154401	0.0005743707124154401	0.02825903905083965	0	0.0006068707411111023	0.01020553369234002	
226	24.09217608574185	246.2196507927577	2.71828	1.21358	1.16637e-05	0.2581069881028696	5.993044534209371	1.263861621190769	-1.238046052351134	-0.9302829541215486	13.23779961450413	4.615253460456734	-3.160756367224863	4.919999999972433	1.509999999991539	0.09999999999943968	0	0.105658371499408	0.09999999999943968	172.4999999990334	1.776819999990044	0.09999999999943968	91.18759999948904	0	0	0	3.14159	165.3220665983416	-4855.856771584628	-1861.268724098851	0	0	0	0	0	2	2.085	2.4952	0.00775795	0.1172	-0.02270338090567357	0.001080242661145966	-0.002637775252085845	29674106.26123359	0	0	5444.831795377658	5449.764345461759	5450.909577382348	124.201969813508	478761428.3863776	246.2196507927577	-7823.75405	0	0	0	0	0.105658371499408	1.776819999990044	0.09999999999943968	1.509999999991539	172.4999999990334	0.09999999999943968	0.09999999999943968	4.919999999972433	91.18759999948904	91.18759999948904	80.38499999954958	80.38499999954958	124.201969813508	1	124.201969813508	0	1	0	0	1	0	5444.831795377658	5444.831795377658	5449.764345461759	5449.764345461759	21883.89742787219	21883.89742787219	5450.909577382348	5450.909577382348	5450.909576006431	0.9997417060059373	-0.02270141732547895	0.001080242451052426	0.02270420029344941	0.9997387466008362	-0.002637770654169216	-0.001020079101610956	0.00266161537482571	0.9999959376128602	-0.02270338090567357	0.001080242661145966	-0.002637775252085845	0.0005743707124154401	0.008672997757473143	0.9907894789166339	0.0005743707124154401	0.0005743707124154401	0.02825903905083965	0	0.0006068707411111023	0.01020553369234002	
227	23.98604315144343	246.2196507927577	2.71828	1.21358	1.16637e-05	0.2581069881028696	5.993044534209371	1.263861621190769	-1.238046052351134	-0.9302829541215486	13.23779961450413	4.615253460456734	-3.160756367224863	4.919999999972433	1.509999999991539	0.09999999999943968	0	0.105658371499408	0.09999999999943968	172.4999999990334	1.776819999990044	0.09999999999943968	91.18759999948904	0	0	0	3.14159	165.3220665983416	-4855.856771584628	-1861.268724098851	0	0	0	0	0	2	2.085	2.4952	0.00775795	0.1172	-0.02270338090567357	0.001080242661145966	-0.002637775252085845	29674106.26123359	0	0	5444.831795377658	5449.764345461759	5450.909577382348	124.201969813508	478761428.3863776	246.2196507927577	-7823.75405	0	0	0	0	0.105658371499408	1.776819999990044	0.09999999999943968	1.509999999991539	172.4999999990334	0.09999999999943968	0.09999999999943968	4.919999999972433	91.18759999948904	91.18759999948904	80.38499999954958	80.38499999954958	124.201969813508	1	124.201969813508	0	1	0	0	1	0	5444.831795377658	5444.831795377658	5449.764345461759	5449.764345461759	21883.89742787219	21883.89742787219	5450.909577382348	5450.909577382348	5450.909576006431	0.9997417060059373	-0.02270141732547895	0.001080242451052426	0.02270420029344941	0.9997387466008362	-0.002637770654169216	-0.001020079101610956	0.00266161537482571	0.9999959376128602	-0.02270338090567357	0.001080242661145966	-0.002637775252085845	0.0005743707124154401	0.008672997757473143	0.9907894789166339	0.0005743707124154401	0.0005743707124154401	0.02825903905083965	0	0.0006068707411111023	0.01020553369234002	
228	23.88084120779675	246.2196507927577	2.71828	1.21358	1.16637e-05	0.2581069881028696	5.993044534209371	1.263861621190769	-1.238046052351134	-0.9302829541215486	13.23779961450413	4.615253460456734	-3.160756367224863	4.919999999972433	1.509999999991539	0.09999999999943968	0	0.105658371499408	0.09999999999943968	172.4999999990334	1.776819999990044	0.09999999999943968	91.18759999948904	0	0	0	3.14159	165.3220665983416	-4855.856771584628	-1861.268724098851	0	0	0	0	0	2	2.085	2.4952	0.00775795	0.1172	-0.02270338090567357	0.001080242661145966	-0.002637775252085845	29674106.26123359	0	0	5444.831795377658	5449.764345461759	5450.909577382348	124.201969813508	478761428.3863776	246.2196507927577	-7823.75405	0	0	0	0	0.105658371499408	1.776819999990044	0.09999999999943968	1.509999999991539	172.4999999990334	0.09999999999943968	0.09999999999943968	4.919999999972433	91.18759999948904	91.18759999948904	80.38499999954958	80.38499999954958	124.201969813508	1	124.201969813508	0	1	0	0	1	0	5444.831795377658	5444.831795377658	5449.764345461759	5449.764345461759	21883.89742787219	21883.89742787219	5450.909577382348	5450.909577382348	5450.909576006431	0.9997417060059373	-0.02270141732547895	0.001080242451052426	0.02270420029344941	0.9997387466008362	-0.002637770654169216	-0.001020079101610956	0.00266161537482571	0.9999959376128602	-0.02270338090567357	0.001080242661145966	-0.002637775252085845	0.0005743707124154401	0.008672997757473143	0.9907894789166339	0.0005743707124154401	0.0005743707124154401	0.02825903905083965	0	0.0006068707411111023	0.01020553369234002	
229	23.77655805841772	246.2196507927577	2.71828	1.21358	1.16637e-05	0.2581069881028696	5.993044534209371	1.263861621190769	-1.238046052351134	-0.9302829541215486	13.23779961450413	4.615253460456734	-3.160756367224863	4.919999999972433	1.509999999991539	0.09999999999943968	0	0.105658371499408	0.09999999999943968	172.4999999990334	1.776819999990044	0.09999999999943968	91.18759999948904	0	0	0	3.14159	165.3220665983416	-4855.856771584628	-1861.268724098851	0	0	0	0	0	2	2.085	2.4952	0.00775795	0.1172	-0.02270338090567357	0.001080242661145966	-0.002637775252085845	29674106.26123359	0	0	5444.831795377658	5449.764345461759	5450.909577382348	124.201969813508	478761428.3863776	246.2196507927577	-7823.75405	0	0	0	0	0.105658371499408	1.776819999990044	0.09999999999943968	1.509999999991539	172.4999999990334	0.09999999999943968	0.09999999999943968	4.919999999972433	91.18759999948904	91.18759999948904	80.38499999954958	80.38499999954958	124.201969813508	1	124.201969813508	0	1	0	0	1	0	5444.831795377658	5444.831795377658	5449.764345461759	5449.764345461759	21883.89742787219	21883.89742787219	5450.909577382348	5450.909577382348	5450.909576006431	0.9997417060059373	-0.02270141732547895	0.001080242451052426	0.02270420029344941	0.9997387466008362	-0.002637770654169216	-0.001020079101610956	0.00266161537482571	0.9999959376128602	-0.02270338090567357	0.001080242661145966	-0.002637775252085845	0.0005743707124154401	0.008672997757473143	0.9907894789166339	0.0005743707124154401	0.0005743707124154401	0.02825903905083965	0	0.0006068707411111023	0.01020553369234002	
230	23.67318171903329	246.2196507927577	2.71828	1.21358	1.16637e-05	0.2581069881028696	5.993044534209371	1.263861621190769	-1.238046052351134	-0.9302829541215486	13.23779961450413	4.615253460456734	-3.160756367224863	4.919999999972433	1.509999999991539	0.09999999999943968	0	0.105658371499408	0.09999999999943968	172.4999999990334	1.776819999990044	0.09999999999943968	91.18759999948904	0	0	0	3.14159	165.3220665983416	-4855.856771584628	-1861.268724098851	0	0	0	0	0	2	2.085	2.4952	0.00775795	0.1172	-0.02270338090567357	0.001080242661145966	-0.002637775252085845	29674106.26123359	0	0	5444.831795377658	5449.764345461759	5450.909577382348	124.201969813508	478761428.3863776	246.2196507927577	-7823.75405	0	0	0	0	0.105658371499408	1.776819999990044	0.09999999999943968	1.509999999991539	172.4999999990334	0.09999999999943968	0.09999999999943968	4.919999999972433	91.18759999948904	91.18759999948904	80.38499999954958	80.38499999954958	124.201969813508	1	124.201969813508	0	1	0	0	1	0	5444.831795377658	5444.831795377658	5449.764345461759	5449.764345461759	21883.89742787219	21883.89742787219	5450.909577382348	5450.909577382348	5450.909576006431	0.9997417060059373	-0.02270141732547895	0.001080242451052426	0.02270420029344941	0.9997387466008362	-0.002637770654169216	-0.001020079101610956	0.00266161537482571	0.9999959376128602	-0.02270338090567357	0.001080242661145966	-0.002637775252085845	0.0005743707124154401	0.008672997757473143	0.9907894789166339	0.0005743707124154401	0.0005743707124154401	0.02825903905083965	0	0.0006068707411111023	0.01020553369234002	
231	23.57070041289029	246.2196507927577	2.71828	1.21358	1.16637e-05	0.2581069881028696	5.993044534209371	1.263861621190769	-1.238046052351134	-0.9302829541215486	13.23779961450413	4.615253460456734	-3.160756367224863	4.919999999972433	1.509999999991539	0.09999999999943968	0	0.105658371499408	0.09999999999943968	172.4999999990334	1.776819999990044	0.09999999999943968	91.18759999948904	0	0	0	3.14159	165.3220665983416	-4855.856771584628	-1861.268724098851	0	0	0	0	0	2	2.085	2.4952	0.00775795	0.1172	-0.02270338090567357	0.001080242661145966	-0.002637775252085845	29674106.26123359	0	0	5444.831795377658	5449.764345461759	5450.909577382348	124.201969813508	478761428.3863776	246.2196507927577	-7823.75405	0	0	0	0	0.105658371499408	1.776819999990044	0.09999999999943968	1.509999999991539	172.4999999990334	0.09999999999943968	0.09999999999943968	4.919999999972433	91.18759999948904	91.18759999948904	80.38499999954958	80.38499999954958	124.201969813508	1	124.201969813508	0	1	0	0	1	0	5444.831795377658	5444.831795377658	5449.764345461759	5449.764345461759	21883.89742787219	21883.89742787219	5450.909577382348	5450.909577382348	5450.909576006431	0.9997417060059373	-0.02270141732547895	0.001080242451052426	0.02270420029344941	0.9997387466008362	-0.002637770654169216	-0.001020079101610956	0.00266161537482571	0.9999959376128602	-0.02270338090567357	0.001080242661145966	-0.002637775252085845	0.0005743707124154401	0.008672997757473143	0.9907894789166339	0.0005743707124154401	0.0005743707124154401	0.02825903905083965	0	0.0006068707411111023	0.01020553369234002	
232	23.46910256628301	246.2196507927577	2.71828	1.21358	1.16637e-05	0.2581069881028696	5.993044534209371	1.263861621190769	-1.238046052351134	-0.9302829541215486	13.23779961450413	4.615253460456734	-3.160756367224863	4.919999999972433	1.509999999991539	0.09999999999943968	0	0.105658371499408	0.09999999999943968	172.4999999990334	1.776819999990044	0.09999999999943968	91.18759999948904	0	0	0	3.14159	165.3220665983416	-4855.856771584628	-1861.268724098851	0	0	0	0	0	2	2.085	2.4952	0.00775795	0.1172	-0.02270338090567357	0.001080242661145966	-0.002637775252085845	29674106.26123359	0	0	5444.831795377658	5449.764345461759	5450.909577382348	124.201969813508	478761428.3863776	246.2196507927577	-7823.75405	0	0	0	0	0.105658371499408	1.776819999990044	0.09999999999943968	1.509999999991539	172.4999999990334	0.09999999999943968	0.09999999999943968	4.919999999972433	91.18759999948904	91.18759999948904	80.38499999954958	80.38499999954958	124.201969813508	1	124.201969813508	0	1	0	0	1	0	5444.831795377658	5444.831795377658	5449.764345461759	5449.764345461759	21883.89742787219	21883.89742787219	5450.909577382348	5450.909577382348	5450.909576006431	0.9997417060059373	-0.02270141732547895	0.001080242451052426	0.02270420029344941	0.9997387466008362	-0.002637770654169216	-0.001020079101610956	0.00266161537482571	0.9999959376128602	-0.02270338090567357	0.001080242661145966	-0.002637775252085845	0.0005743707124154401	0.008672997757473143	0.9907894789166339	0.0005743707124154401	0.0005743707124154401	0.02825903905083965	0	0.0006068707411111023	0.01020553369234002	
233	23.36837680419596	246.2196507927577	2.71828	1.21358	1.16637e-05	0.2581069881028696	5.993044534209371	1.263861621190769	-1.238046052351134	-0.9302829541215486	13.23779961450413	4.615253460456734	-3.160756367224863	4.919999999972433	1.509999999991539	0.09999999999943968	0	0.105658371499408	0.09999999999943968	172.4999999990334	1.776819999990044	0.09999999999943968	91.18759999948904	0	0	0	3.14159	165.3220665983416	-4855.856771584628	-1861.268724098851	0	0	0	0	0	2	2.085	2.4952	0.00775795	0.1172	-0.02270338090567357	0.001080242661145966	-0.002637775252085845	29674106.26123359	0	0	5444.831795377658	5449.764345461759	5450.909577382348	124.201969813508	478761428.3863776	246.2196507927577	-7823.75405	0	0	0	0	0.105658371499408	1.776819999990044	0.09999999999943968	1.509999999991539	172.4999999990334	0.09999999999943968	0.09999999999943968	4.919999999972433	91.18759999948904	91.18759999948904	80.38499999954958	80.38499999954958	124.201969813508	1	124.201969813508	0	1	0	0	1	0	5444.831795377658	5444.831795377658	5449.764345461759	5449.764345461759	21883.89742787219	21883.89742787219	5450.909577382348	5450.909577382348	5450.909576006431	0.9997417060059373	-0.02270141732547895	0.001080242451052426	0.02270420029344941	0.9997387466008362	-0.002637770654169216	-0.001020079101610956	0.00266161537482571	0.9999959376128602	-0.02270338090567357	0.001080242661145966	-0.002637775252085845	0.0005743707124154401	0.008672997757473143	0.9907894789166339	0.0005743707124154401	0.0005743707124154401	0.02825903905083965	0	0.0006068707411111023	0.01020553369234002	
234	23.26851194605837	246.2196507927577	2.71828	1.21358	1.16637e-05	0.2581069881028696	5.993044534209371	1.263861621190769	-1.238046052351134	-0.9302829541215486	13.23779961450413	4.615253460456734	-3.160756367224863	4.919999999972433	1.509999999991539	0.09999999999943968	0	0.105658371499408	0.09999999999943968	172.4999999990334	1.776819999990044	0.09999999999943968	91.18759999948904	0	0	0	3.14159	165.3220665983416	-4855.856771584628	-1861.268724098851	0	0	0	0	0	2	2.085	2.4952	0.00775795	0.1172	-0.02270338090567357	0.001080242661145966	-0.002637775252085845	29674106.26123359	0	0	5444.831795377658	5449.764345461759	5450.909577382348	124.201969813508	478761428.3863776	246.2196507927577	-7823.75405	0	0	0	0	0.105658371499408	1.776819999990044	0.09999999999943968	1.509999999991539	172.4999999990334	0.09999999999943968	0.09999999999943968	4.919999999972433	91.18759999948904	91.18759999948904	80.38499999954958	80.38499999954958	124.201969813508	1	124.201969813508	0	1	0	0	1	0	5444.831795377658	5444.831795377658	5449.764345461759	5449.764345461759	21883.89742787219	21883.89742787219	5450.909577382348	5450.909577382348	5450.909576006431	0.9997417060059373	-0.02270141732547895	0.001080242451052426	0.02270420029344941	0.9997387466008362	-0.002637770654169216	-0.001020079101610956	0.00266161537482571	0.9999959376128602	-0.02270338090567357	0.001080242661145966	-0.002637775252085845	0.0005743707124154401	0.008672997757473143	0.9907894789166339	0.0005743707124154401	0.0005743707124154401	0.02825903905083965	0	0.0006068707411111023	0.01020553369234002	
235	23.16949700160706	246.2196507927577	2.71828	1.21358	1.16637e-05	0.2581069881028696	5.993044534209371	1.263861621190769	-1.238046052351134	-0.9302829541215486	13.23779961450413	4.615253460456734	-3.160756367224863	4.919999999972433	1.509999999991539	0.09999999999943968	0	0.105658371499408	0.09999999999943968	172.4999999990334	1.776819999990044	0.09999999999943968	91.18759999948904	0	0	0	3.14159	165.3220665983416	-4855.856771584628	-1861.268724098851	0	0	0	0	0	2	2.085	2.4952	0.00775795	0.1172	-0.02270338090567357	0.001080242661145966	-0.002637775252085845	29674106.26123359	0	0	5444.831795377658	5449.764345461759	5450.909577382348	124.201969813508	478761428.3863776	246.2196507927577	-7823.75405	0	0	0	0	0.105658371499408	1.776819999990044	0.09999999999943968	1.509999999991539	172.4999999990334	0.09999999999943968	0.09999999999943968	4.919999999972433	91.18759999948904	91.18759999948904	80.38499999954958	80.38499999954958	124.201969813508	1	124.201969813508	0	1	0	0	1	0	5444.831795377658	5444.831795377658	5449.764345461759	5449.764345461759	21883.89742787219	21883.89742787219	5450.909577382348	5450.909577382348	5450.909576006431	0.9997417060059373	-0.02270141732547895	0.001080242451052426	0.02270420029344941	0.9997387466008362	-0.002637770654169216	-0.001020079101610956	0.00266161537482571	0.9999959376128602	-0.02270338090567357	0.001080242661145966	-0.002637775252085845	0.0005743707124154401	0.008672997757473143	0.9907894789166339	0.0005743707124154401	0.0005743707124154401	0.02825903905083965	0	0.0006068707411111023	0.01020553369234002	
236	23.07132116685448	246.2196507927577	2.71828	1.21358	1.16637e-05	0.2581069881028696	5.993044534209371	1.263861621190769	-1.238046052351134	-0.9302829541215486	13.23779961450413	4.615253460456734	-3.160756367224863	4.919999999972433	1.509999999991539	0.09999999999943968	0	0.105658371499408	0.09999999999943968	172.4999999990334	1.776819999990044	0.09999999999943968	91.18759999948904	0	0	0	3.14159	165.3220665983416	-4855.856771584628	-1861.268724098851	0	0	0	0	0	2	2.085	2.4952	0.00775795	0.1172	-0.02270338090567357	0.001080242661145966	-0.002637775252085845	29674106.26123359	0	0	5444.831795377658	5449.764345461759	5450.909577382348	124.201969813508	478761428.3863776	246.2196507927577	-7823.75405	0	0	0	0	0.105658371499408	1.776819999990044	0.09999999999943968	1.509999999991539	172.4999999990334	0.09999999999943968	0.09999999999943968	4.919999999972433	91.18759999948904	91.18759999948904	80.38499999954958	80.38499999954958	124.201969813508	1	124.201969813508	0	1	0	0	1	0	5444.831795377658	5444.831795377658	5449.764345461759	5449.764345461759	21883.89742787219	21883.89742787219	5450.909577382348	5450.909577382348	5450.909576006431	0.9997417060059373	-0.02270141732547895	0.001080242451052426	0.02270420029344941	0.9997387466008362	-0.002637770654169216	-0.001020079101610956	0.00266161537482571	0.9999959376128602	-0.02270338090567357	0.001080242661145966	-0.002637775252085845	0.0005743707124154401	0.008672997757473143	0.9907894789166339	0.0005743707124154401	0.0005743707124154401	0.02825903905083965	0	0.0006068707411111023	0.01020553369234002	
237	22.97397382015889	246.2196507927577	2.71828	1.21358	1.16637e-05	0.2581069881028696	5.993044534209371	1.263861621190769	-1.238046052351134	-0.9302829541215486	13.23779961450413	4.615253460456734	-3.160756367224863	4.919999999972433	1.509999999991539	0.09999999999943968	0	0.105658371499408	0.09999999999943968	172.4999999990334	1.776819999990044	0.09999999999943968	91.18759999948904	0	0	0	3.14159	165.3220665983416	-4855.856771584628	-1861.268724098851	0	0	0	0	0	2	2.085	2.4952	0.00775795	0.1172	-0.02270338090567357	0.001080242661145966	-0.002637775252085845	29674106.26123359	0	0	5444.831795377658	5449.764345461759	5450.909577382348	124.201969813508	478761428.3863776	246.2196507927577	-7823.75405	0	0	0	0	0.105658371499408	1.776819999990044	0.09999999999943968	1.509999999991539	172.4999999990334	0.09999999999943968	0.09999999999943968	4.919999999972433	91.18759999948904	91.18759999948904	80.38499999954958	80.38499999954958	124.201969813508	1	124.201969813508	0	1	0	0	1	0	5444.831795377658	5444.831795377658	5449.764345461759	5449.764345461759	21883.89742787219	21883.89742787219	5450.909577382348	5450.909577382348	5450.909576006431	0.9997417060059373	-0.02270141732547895	0.001080242451052426	0.02270420029344941	0.9997387466008362	-0.002637770654169216	-0.001020079101610956	0.00266161537482571	0.9999959376128602	-0.02270338090567357	0.001080242661145966	-0.002637775252085845	0.0005743707124154401	0.008672997757473143	0.9907894789166339	0.0005743707124154401	0.0005743707124154401	0.02825903905083965	0	0.0006068707411111023	0.01020553369234002	
238	22.87744451839352	246.2196507927577	2.71828	1.21358	1.16637e-05	0.2581069881028696	5.993044534209371	1.263861621190769	-1.238046052351134	-0.9302829541215486	13.23779961450413	4.615253460456734	-3.160756367224863	4.919999999972433	1.509999999991539	0.09999999999943968	0	0.105658371499408	0.09999999999943968	172.4999999990334	1.776819999990044	0.09999999999943968	91.18759999948904	0	0	0	3.14159	165.3220665983416	-4855.856771584628	-1861.268724098851	0	0	0	0	0	2	2.085	2.4952	0.00775795	0.1172	-0.02270338090567357	0.001080242661145966	-0.002637775252085845	29674106.26123359	0	0	5444.831795377658	5449.764345461759	5450.909577382348	124.201969813508	478761428.3863776	246.2196507927577	-7823.75405	0	0	0	0	0.105658371499408	1.776819999990044	0.09999999999943968	1.509999999991539	172.4999999990334	0.09999999999943968	0.09999999999943968	4.919999999972433	91.18759999948904	91.18759999948904	80.38499999954958	80.38499999954958	124.201969813508	1	124.201969813508	0	1	0	0	1	0	5444.831795377658	5444.831795377658	5449.764345461759	5449.764345461759	21883.89742787219	21883.89742787219	5450.909577382348	5450.909577382348	5450.909576006431	0.9997417060059373	-0.02270141732547895	0.001080242451052426	0.02270420029344941	0.9997387466008362	-0.002637770654169216	-0.001020079101610956	0.00266161537482571	0.9999959376128602	-0.02270338090567357	0.001080242661145966	-0.002637775252085845	0.0005743707124154401	0.008672997757473143	0.9907894789166339	0.0005743707124154401	0.0005743707124154401	0.02825903905083965	0	0.0006068707411111023	0.01020553369234002	
239	22.78172299321196	246.2196507927577	2.71828	1.21358	1.16637e-05	0.2581069881028696	5.993044534209371	1.263861621190769	-1.238046052351134	-0.9302829541215486	13.23779961450413	4.615253460456734	-3.160756367224863	4.919999999972433	1.509999999991539	0.09999999999943968	0	0.105658371499408	0.09999999999943968	172.4999999990334	1.776819999990044	0.09999999999943968	91.18759999948904	0	0	0	3.14159	165.3220665983416	-4855.856771584628	-1861.268724098851	0	0	0	0	0	2	2.085	2.4952	0.00775795	0.1172	-0.02270338090567357	0.001080242661145966	-0.002637775252085845	29674106.26123359	0	0	5444.831795377658	5449.764345461759	5450.909577382348	124.201969813508	478761428.3863776	246.2196507927577	-7823.75405	0	0	0	0	0.105658371499408	1.776819999990044	0.09999999999943968	1.509999999991539	172.4999999990334	0.09999999999943968	0.09999999999943968	4.919999999972433	91.18759999948904	91.18759999948904	80.38499999954958	80.38499999954958	124.201969813508	1	124.201969813508	0	1	0	0	1	0	5444.831795377658	5444.831795377658	5449.764345461759	5449.764345461759	21883.89742787219	21883.89742787219	5450.909577382348	5450.909577382348	5450.909576006431	0.9997417060059373	-0.02270141732547895	0.001080242451052426	0.02270420029344941	0.9997387466008362	-0.002637770654169216	-0.001020079101610956	0.00266161537482571	0.9999959376128602	-0.02270338090567357	0.001080242661145966	-0.002637775252085845	0.0005743707124154401	0.008672997757473143	0.9907894789166339	0.0005743707124154401	0.0005743707124154401	0.02825903905083965	0	0.0006068707411111023	0.01020553369234002	
240	22.68679914740691	246.2196507927577	2.71828	1.21358	1.16637e-05	0.2581069881028696	5.993044534209371	1.263861621190769	-1.238046052351134	-0.9302829541215486	13.23779961450413	4.615253460456734	-3.160756367224863	4.919999999972433	1.509999999991539	0.09999999999943968	0	0.105658371499408	0.09999999999943968	172.4999999990334	1.776819999990044	0.09999999999943968	91.18759999948904	0	0	0	3.14159	165.3220665983416	-4855.856771584628	-1861.268724098851	0	0	0	0	0	2	2.085	2.4952	0.00775795	0.1172	-0.02270338090567357	0.001080242661145966	-0.002637775252085845	29674106.26123359	0	0	5444.831795377658	5449.764345461759	5450.909577382348	124.201969813508	478761428.3863776	246.2196507927577	-7823.75405	0	0	0	0	0.105658371499408	1.776819999990044	0.09999999999943968	1.509999999991539	172.4999999990334	0.09999999999943968	0.09999999999943968	4.919999999972433	91.18759999948904	91.18759999948904	80.38499999954958	80.38499999954958	124.201969813508	1	124.201969813508	0	1	0	0	1	0	5444.831795377658	5444.831795377658	5449.764345461759	5449.764345461759	21883.89742787219	21883.89742787219	5450.909577382348	5450.909577382348	5450.909576006431	0.9997417060059373	-0.02270141732547895	0.001080242451052426	0.02270420029344941	0.9997387466008362	-0.002637770654169216	-0.001020079101610956	0.00266161537482571	0.9999959376128602	-0.02270338090567357	0.001080242661145966	-0.002637775252085845	0.0005743707124154401	0.008672997757473143	0.9907894789166339	0.0005743707124154401	0.0005743707124154401	0.02825903905083965	0	0.0006068707411111023	0.01020553369234002	
241	22.59266305135958	246.2196507927577	2.71828	1.21358	1.16637e-05	0.2581069881028696	5.993044534209371	1.263861621190769	-1.238046052351134	-0.9302829541215486	13.23779961450413	4.615253460456734	-3.160756367224863	4.919999999972433	1.509999999991539	0.09999999999943968	0	0.105658371499408	0.09999999999943968	172.4999999990334	1.776819999990044	0.09999999999943968	91.18759999948904	0	0	0	3.14159	165.3220665983416	-4855.856771584628	-1861.268724098851	0	0	0	0	0	2	2.085	2.4952	0.00775795	0.1172	-0.02270338090567357	0.001080242661145966	-0.002637775252085845	29674106.26123359	0	0	5444.831795377658	5449.764345461759	5450.909577382348	124.201969813508	478761428.3863776	246.2196507927577	-7823.75405	0	0	0	0	0.105658371499408	1.776819999990044	0.09999999999943968	1.509999999991539	172.4999999990334	0.09999999999943968	0.09999999999943968	4.919999999972433	91.18759999948904	91.18759999948904	80.38499999954958	80.38499999954958	124.201969813508	1	124.201969813508	0	1	0	0	1	0	5444.831795377658	5444.831795377658	5449.764345461759	5449.764345461759	21883.89742787219	21883.89742787219	5450.909577382348	5450.909577382348	5450.909576006431	0.9997417060059373	-0.02270141732547895	0.001080242451052426	0.02270420029344941	0.9997387466008362	-0.002637770654169216	-0.001020079101610956	0.00266161537482571	0.9999959376128602	-0.02270338090567357	0.001080242661145966	-0.002637775252085845	0.0005743707124154401	0.008672997757473143	0.9907894789166339	0.0005743707124154401	0.0005743707124154401	0.02825903905083965	0	0.0006068707411111023	0.01020553369234002	
242	22.4993049395771	246.2196507927577	2.71828	1.21358	1.16637e-05	0.2581069881028696	5.993044534209371	1.263861621190769	-1.238046052351134	-0.9302829541215486	13.23779961450413	4.615253460456734	-3.160756367224863	4.919999999972433	1.509999999991539	0.09999999999943968	0	0.105658371499408	0.09999999999943968	172.4999999990334	1.776819999990044	0.09999999999943968	91.18759999948904	0	0	0	3.14159	165.3220665983416	-4855.856771584628	-1861.268724098851	0	0	0	0	0	2	2.085	2.4952	0.00775795	0.1172	-0.02270338090567357	0.001080242661145966	-0.002637775252085845	29674106.26123359	0	0	5444.831795377658	5449.764345461759	5450.909577382348	124.201969813508	478761428.3863776	246.2196507927577	-7823.75405	0	0	0	0	0.105658371499408	1.776819999990044	0.09999999999943968	1.509999999991539	172.4999999990334	0.09999999999943968	0.09999999999943968	4.919999999972433	91.18759999948904	91.18759999948904	80.38499999954958	80.38499999954958	124.201969813508	1	124.201969813508	0	1	0	0	1	0	5444.831795377658	5444.831795377658	5449.764345461759	5449.764345461759	21883.89742787219	21883.89742787219	5450.909577382348	5450.909577382348	5450.909576006431	0.9997417060059373	-0.02270141732547895	0.001080242451052426	0.02270420029344941	0.9997387466008362	-0.002637770654169216	-0.001020079101610956	0.00266161537482571	0.9999959376128602	-0.02270338090567357	0.001080242661145966	-0.002637775252085845	0.0005743707124154401	0.008672997757473143	0.9907894789166339	0.0005743707124154401	0.0005743707124154401	0.02825903905083965	0	0.0006068707411111023	0.01020553369234002	
243	22.40671520731546	246.2196507927577	2.71828	1.21358	1.16637e-05	0.2581069881028696	5.993044534209371	1.263861621190769	-1.238046052351134	-0.9302829541215486	13.23779961450413	4.615253460456734	-3.160756367224863	4.919999999972433	1.509999999991539	0.09999999999943968	0	0.105658371499408	0.09999999999943968	172.4999999990334	1.776819999990044	0.09999999999943968	91.18759999948904	0	0	0	3.14159	165.3220665983416	-4855.856771584628	-1861.268724098851	0	0	0	0	0	2	2.085	2.4952	0.00775795	0.1172	-0.02270338090567357	0.001080242661145966	-0.002637775252085845	29674106.26123359	0	0	5444.831795377658	5449.764345461759	5450.909577382348	124.201969813508	478761428.3863776	246.2196507927577	-7823.75405	0	0	0	0	0.105658371499408	1.776819999990044	0.09999999999943968	1.509999999991539	172.4999999990334	0.09999999999943968	0.09999999999943968	4.919999999972433	91.18759999948904	91.18759999948904	80.38499999954958	80.38499999954958	124.201969813508	1	124.201969813508	0	1	0	0	1	0	5444.831795377658	5444.831795377658	5449.764345461759	5449.764345461759	21883.89742787219	21883.89742787219	5450.909577382348	5450.909577382348	5450.909576006431	0.9997417060059373	-0.02270141732547895	0.001080242451052426	0.02270420029344941	0.9997387466008362	-0.002637770654169216	-0.001020079101610956	0.00266161537482571	0.9999959376128602	-0.02270338090567357	0.001080242661145966	-0.002637775252085845	0.0005743707124154401	0.008672997757473143	0.9907894789166339	0.0005743707124154401	0.0005743707124154401	0.02825903905083965	0	0.0006068707411111023	0.01020553369234002	
244	22.31488440728548	246.2196507927577	2.71828	1.21358	1.16637e-05	0.2581069881028696	5.993044534209371	1.263861621190769	-1.238046052351134	-0.9302829541215486	13.23779961450413	4.615253460456734	-3.160756367224863	4.919999999972433	1.509999999991539	0.09999999999943968	0	0.105658371499408	0.09999999999943968	172.4999999990334	1.776819999990044	0.09999999999943968	91.18759999948904	0	0	0	3.14159	165.3220665983416	-4855.856771584628	-1861.268724098851	0	0	0	0	0	2	2.085	2.4952	0.00775795	0.1172	-0.02270338090567357	0.001080242661145966	-0.002637775252085845	29674106.26123359	0	0	5444.831795377658	5449.764345461759	5450.909577382348	124.201969813508	478761428.3863776	246.2196507927577	-7823.75405	0	0	0	0	0.105658371499408	1.776819999990044	0.09999999999943968	1.509999999991539	172.4999999990334	0.09999999999943968	0.09999999999943968	4.919999999972433	91.18759999948904	91.18759999948904	80.38499999954958	80.38499999954958	124.201969813508	1	124.201969813508	0	1	0	0	1	0	5444.831795377658	5444.831795377658	5449.764345461759	5449.764345461759	21883.89742787219	21883.89742787219	5450.909577382348	5450.909577382348	5450.909576006431	0.9997417060059373	-0.02270141732547895	0.001080242451052426	0.02270420029344941	0.9997387466008362	-0.002637770654169216	-0.001020079101610956	0.00266161537482571	0.9999959376128602	-0.02270338090567357	0.001080242661145966	-0.002637775252085845	0.0005743707124154401	0.008672997757473143	0.9907894789166339	0.0005743707124154401	0.0005743707124154401	0.02825903905083965	0	0.0006068707411111023	0.01020553369234002	
245	22.22380324643942	246.2196507927577	2.71828	1.21358	1.16637e-05	0.2581069881028696	5.993044534209371	1.263861621190769	-1.238046052351134	-0.9302829541215486	13.23779961450413	4.615253460456734	-3.160756367224863	4.919999999972433	1.509999999991539	0.09999999999943968	0	0.105658371499408	0.09999999999943968	172.4999999990334	1.776819999990044	0.09999999999943968	91.18759999948904	0	0	0	3.14159	165.3220665983416	-4855.856771584628	-1861.268724098851	0	0	0	0	0	2	2.085	2.4952	0.00775795	0.1172	-0.02270338090567357	0.001080242661145966	-0.002637775252085845	29674106.26123359	0	0	5444.831795377658	5449.764345461759	5450.909577382348	124.201969813508	478761428.3863776	246.2196507927577	-7823.75405	0	0	0	0	0.105658371499408	1.776819999990044	0.09999999999943968	1.509999999991539	172.4999999990334	0.09999999999943968	0.09999999999943968	4.919999999972433	91.18759999948904	91.18759999948904	80.38499999954958	80.38499999954958	124.201969813508	1	124.201969813508	0	1	0	0	1	0	5444.831795377658	5444.831795377658	5449.764345461759	5449.764345461759	21883.89742787219	21883.89742787219	5450.909577382348	5450.909577382348	5450.909576006431	0.9997417060059373	-0.02270141732547895	0.001080242451052426	0.02270420029344941	0.9997387466008362	-0.002637770654169216	-0.001020079101610956	0.00266161537482571	0.9999959376128602	-0.02270338090567357	0.001080242661145966	-0.002637775252085845	0.0005743707124154401	0.008672997757473143	0.9907894789166339	0.0005743707124154401	0.0005743707124154401	0.02825903905083965	0	0.0006068707411111023	0.01020553369234002	
246	22.13346258283601	246.2196507927577	2.71828	1.21358	1.16637e-05	0.2581069881028696	5.993044534209371	1.263861621190769	-1.238046052351134	-0.9302829541215486	13.23779961450413	4.615253460456734	-3.160756367224863	4.919999999972433	1.509999999991539	0.09999999999943968	0	0.105658371499408	0.09999999999943968	172.4999999990334	1.776819999990044	0.09999999999943968	91.18759999948904	0	0	0	3.14159	165.3220665983416	-4855.856771584628	-1861.268724098851	0	0	0	0	0	2	2.085	2.4952	0.00775795	0.1172	-0.02270338090567357	0.001080242661145966	-0.002637775252085845	29674106.26123359	0	0	5444.831795377658	5449.764345461759	5450.909577382348	124.201969813508	478761428.3863776	246.2196507927577	-7823.75405	0	0	0	0	0.105658371499408	1.776819999990044	0.09999999999943968	1.509999999991539	172.4999999990334	0.09999999999943968	0.09999999999943968	4.919999999972433	91.18759999948904	91.18759999948904	80.38499999954958	80.38499999954958	124.201969813508	1	124.201969813508	0	1	0	0	1	0	5444.831795377658	5444.831795377658	5449.764345461759	5449.764345461759	21883.89742787219	21883.89742787219	5450.909577382348	5450.909577382348	5450.909576006431	0.9997417060059373	-0.02270141732547895	0.001080242451052426	0.02270420029344941	0.9997387466008362	-0.002637770654169216	-0.001020079101610956	0.00266161537482571	0.9999959376128602	-0.02270338090567357	0.001080242661145966	-0.002637775252085845	0.0005743707124154401	0.008672997757473143	0.9907894789166339	0.0005743707124154401	0.0005743707124154401	0.02825903905083965	0	0.0006068707411111023	0.01020553369234002	
247	22.04385342258161	246.2196507927577	2.71828	1.21358	1.16637e-05	0.2581069881028696	5.993044534209371	1.263861621190769	-1.238046052351134	-0.9302829541215486	13.23779961450413	4.615253460456734	-3.160756367224863	4.919999999972433	1.509999999991539	0.09999999999943968	0	0.105658371499408	0.09999999999943968	172.4999999990334	1.776819999990044	0.09999999999943968	91.18759999948904	0	0	0	3.14159	165.3220665983416	-4855.856771584628	-1861.268724098851	0	0	0	0	0	2	2.085	2.4952	0.00775795	0.1172	-0.02270338090567357	0.001080242661145966	-0.002637775252085845	29674106.26123359	0	0	5444.831795377658	5449.764345461759	5450.909577382348	124.201969813508	478761428.3863776	246.2196507927577	-7823.75405	0	0	0	0	0.105658371499408	1.776819999990044	0.09999999999943968	1.509999999991539	172.4999999990334	0.09999999999943968	0.09999999999943968	4.919999999972433	91.18759999948904	91.18759999948904	80.38499999954958	80.38499999954958	124.201969813508	1	124.201969813508	0	1	0	0	1	0	5444.831795377658	5444.831795377658	5449.764345461759	5449.764345461759	21883.89742787219	21883.89742787219	5450.909577382348	5450.909577382348	5450.909576006431	0.9997417060059373	-0.02270141732547895	0.001080242451052426	0.02270420029344941	0.9997387466008362	-0.002637770654169216	-0.001020079101610956	0.00266161537482571	0.9999959376128602	-0.02270338090567357	0.001080242661145966	-0.002637775252085845	0.0005743707124154401	0.008672997757473143	0.9907894789166339	0.0005743707124154401	0.0005743707124154401	0.02825903905083965	0	0.0006068707411111023	0.01020553369234002	
248	21.95496691684539	246.2196507927577	2.71828	1.21358	1.16637e-05	0.2581069881028696	5.993044534209371	1.263861621190769	-1.238046052351134	-0.9302829541215486	13.23779961450413	4.615253460456734	-3.160756367224863	4.919999999972433	1.509999999991539	0.09999999999943968	0	0.105658371499408	0.09999999999943968	172.4999999990334	1.776819999990044	0.09999999999943968	91.18759999948904	0	0	0	3.14159	165.3220665983416	-4855.856771584628	-1861.268724098851	0	0	0	0	0	2	2.085	2.4952	0.00775795	0.1172	-0.02270338090567357	0.001080242661145966	-0.002637775252085845	29674106.26123359	0	0	5444.831795377658	5449.764345461759	5450.909577382348	124.201969813508	478761428.3863776	246.2196507927577	-7823.75405	0	0	0	0	0.105658371499408	1.776819999990044	0.09999999999943968	1.509999999991539	172.4999999990334	0.09999999999943968	0.09999999999943968	4.919999999972433	91.18759999948904	91.18759999948904	80.38499999954958	80.38499999954958	124.201969813508	1	124.201969813508	0	1	0	0	1	0	5444.831795377658	5444.831795377658	5449.764345461759	5449.764345461759	21883.89742787219	21883.89742787219	5450.909577382348	5450.909577382348	5450.909576006431	0.9997417060059373	-0.02270141732547895	0.001080242451052426	0.02270420029344941	0.9997387466008362	-0.002637770654169216	-0.001020079101610956	0.00266161537482571	0.9999959376128602	-0.02270338090567357	0.001080242661145966	-0.002637775252085845	0.0005743707124154401	0.008672997757473143	0.9907894789166339	0.0005743707124154401	0.0005743707124154401	0.02825903905083965	0	0.0006068707411111023	0.01020553369234002	
249	21.86679435894642	246.2196507927577	2.71828	1.21358	1.16637e-05	0.2581069881028696	5.993044534209371	1.263861621190769	-1.238046052351134	-0.9302829541215486	13.23779961450413	4.615253460456734	-3.160756367224863	4.919999999972433	1.509999999991539	0.09999999999943968	0	0.105658371499408	0.09999999999943968	172.4999999990334	1.776819999990044	0.09999999999943968	91.18759999948904	0	0	0	3.14159	165.3220665983416	-4855.856771584628	-1861.268724098851	0	0	0	0	0	2	2.085	2.4952	0.00775795	0.1172	-0.02270338090567357	0.001080242661145966	-0.002637775252085845	29674106.26123359	0	0	5444.831795377658	5449.764345461759	5450.909577382348	124.201969813508	478761428.3863776	246.2196507927577	-7823.75405	0	0	0	0	0.105658371499408	1.776819999990044	0.09999999999943968	1.509999999991539	172.4999999990334	0.09999999999943968	0.09999999999943968	4.919999999972433	91.18759999948904	91.18759999948904	80.38499999954958	80.38499999954958	124.201969813508	1	124.201969813508	0	1	0	0	1	0	5444.831795377658	5444.831795377658	5449.764345461759	5449.764345461759	21883.89742787219	21883.89742787219	5450.909577382348	5450.909577382348	5450.909576006431	0.9997417060059373	-0.02270141732547895	0.001080242451052426	0.02270420029344941	0.9997387466008362	-0.002637770654169216	-0.001020079101610956	0.00266161537482571	0.9999959376128602	-0.02270338090567357	0.001080242661145966	-0.002637775252085845	0.0005743707124154401	0.008672997757473143	0.9907894789166339	0.0005743707124154401	0.0005743707124154401	0.02825903905083965	0	0.0006068707411111023	0.01020553369234002	
250	21.77932718151063	246.2196507927577	2.71828	1.21358	1.16637e-05	0.2581069881028696	5.993044534209371	1.263861621190769	-1.238046052351134	-0.9302829541215486	13.23779961450413	4.615253460456734	-3.160756367224863	4.919999999972433	1.509999999991539	0.09999999999943968	0	0.105658371499408	0.09999999999943968	172.4999999990334	1.776819999990044	0.09999999999943968	91.18759999948904	0	0	0	3.14159	165.3220665983416	-4855.856771584628	-1861.268724098851	0	0	0	0	0	2	2.085	2.4952	0.00775795	0.1172	-0.02270338090567357	0.001080242661145966	-0.002637775252085845	29674106.26123359	0	0	5444.831795377658	5449.764345461759	5450.909577382348	124.201969813508	478761428.3863776	246.2196507927577	-7823.75405	0	0	0	0	0.105658371499408	1.776819999990044	0.09999999999943968	1.509999999991539	172.4999999990334	0.09999999999943968	0.09999999999943968	4.919999999972433	91.18759999948904	91.18759999948904	80.38499999954958	80.38499999954958	124.201969813508	1	124.201969813508	0	1	0	0	1	0	5444.831795377658	5444.831795377658	5449.764345461759	5449.764345461759	21883.89742787219	21883.89742787219	5450.909577382348	5450.909577382348	5450.909576006431	0.9997417060059373	-0.02270141732547895	0.001080242451052426	0.02270420029344941	0.9997387466008362	-0.002637770654169216	-0.001020079101610956	0.00266161537482571	0.9999959376128602	-0.02270338090567357	0.001080242661145966	-0.002637775252085845	0.0005743707124154401	0.008672997757473143	0.9907894789166339	0.0005743707124154401	0.0005743707124154401	0.02825903905083965	0	0.0006068707411111023	0.01020553369234002	
251	21.69255695369585	246.2196507927577	2.71828	1.21358	1.16637e-05	0.2581069881028696	5.993044534209371	1.263861621190769	-1.238046052351134	-0.9302829541215486	13.23779961450413	4.615253460456734	-3.160756367224863	4.919999999972433	1.509999999991539	0.09999999999943968	0	0.105658371499408	0.09999999999943968	172.4999999990334	1.776819999990044	0.09999999999943968	91.18759999948904	0	0	0	3.14159	165.3220665983416	-4855.856771584628	-1861.268724098851	0	0	0	0	0	2	2.085	2.4952	0.00775795	0.1172	-0.02270338090567357	0.001080242661145966	-0.002637775252085845	29674106.26123359	0	0	5444.831795377658	5449.764345461759	5450.909577382348	124.201969813508	478761428.3863776	246.2196507927577	-7823.75405	0	0	0	0	0.105658371499408	1.776819999990044	0.09999999999943968	1.509999999991539	172.4999999990334	0.09999999999943968	0.09999999999943968	4.919999999972433	91.18759999948904	91.18759999948904	80.38499999954958	80.38499999954958	124.201969813508	1	124.201969813508	0	1	0	0	1	0	5444.831795377658	5444.831795377658	5449.764345461759	5449.764345461759	21883.89742787219	21883.89742787219	5450.909577382348	5450.909577382348	5450.909576006431	0.9997417060059373	-0.02270141732547895	0.001080242451052426	0.02270420029344941	0.9997387466008362	-0.002637770654169216	-0.001020079101610956	0.00266161537482571	0.9999959376128602	-0.02270338090567357	0.001080242661145966	-0.002637775252085845	0.0005743707124154401	0.008672997757473143	0.9907894789166339	0.0005743707124154401	0.0005743707124154401	0.02825903905083965	0	0.0006068707411111023	0.01020553369234002	
252	21.60647537848277	246.2196507927577	2.71828	1.21358	1.16637e-05	0.2581069881028696	5.993044534209371	1.263861621190769	-1.238046052351134	-0.9302829541215486	13.23779961450413	4.615253460456734	-3.160756367224863	4.919999999972433	1.509999999991539	0.09999999999943968	0	0.105658371499408	0.09999999999943968	172.4999999990334	1.776819999990044	0.09999999999943968	91.18759999948904	0	0	0	3.14159	165.3220665983416	-4855.856771584628	-1861.268724098851	0	0	0	0	0	2	2.085	2.4952	0.00775795	0.1172	-0.02270338090567357	0.001080242661145966	-0.002637775252085845	29674106.26123359	0	0	5444.831795377658	5449.764345461759	5450.909577382348	124.201969813508	478761428.3863776	246.2196507927577	-7823.75405	0	0	0	0	0.105658371499408	1.776819999990044	0.09999999999943968	1.509999999991539	172.4999999990334	0.09999999999943968	0.09999999999943968	4.919999999972433	91.18759999948904	91.18759999948904	80.38499999954958	80.38499999954958	124.201969813508	1	124.201969813508	0	1	0	0	1	0	5444.831795377658	5444.831795377658	5449.764345461759	5449.764345461759	21883.89742787219	21883.89742787219	5450.909577382348	5450.909577382348	5450.909576006431	0.9997417060059373	-0.02270141732547895	0.001080242451052426	0.02270420029344941	0.9997387466008362	-0.002637770654169216	-0.001020079101610956	0.00266161537482571	0.9999959376128602	-0.02270338090567357	0.001080242661145966	-0.002637775252085845	0.0005743707124154401	0.008672997757473143	0.9907894789166339	0.0005743707124154401	0.0005743707124154401	0.02825903905083965	0	0.0006068707411111023	0.01020553369234002	
253	21.52107429003027	246.2196507927577	2.71828	1.21358	1.16637e-05	0.2581069881028696	5.993044534209371	1.263861621190769	-1.238046052351134	-0.9302829541215486	13.23779961450413	4.615253460456734	-3.160756367224863	4.919999999972433	1.509999999991539	0.09999999999943968	0	0.105658371499408	0.09999999999943968	172.4999999990334	1.776819999990044	0.09999999999943968	91.18759999948904	0	0	0	3.14159	165.3220665983416	-4855.856771584628	-1861.268724098851	0	0	0	0	0	2	2.085	2.4952	0.00775795	0.1172	-0.02270338090567357	0.001080242661145966	-0.002637775252085845	29674106.26123359	0	0	5444.831795377658	5449.764345461759	5450.909577382348	124.201969813508	478761428.3863776	246.2196507927577	-7823.75405	0	0	0	0	0.105658371499408	1.776819999990044	0.09999999999943968	1.509999999991539	172.4999999990334	0.09999999999943968	0.09999999999943968	4.919999999972433	91.18759999948904	91.18759999948904	80.38499999954958	80.38499999954958	124.201969813508	1	124.201969813508	0	1	0	0	1	0	5444.831795377658	5444.831795377658	5449.764345461759	5449.764345461759	21883.89742787219	21883.89742787219	5450.909577382348	5450.909577382348	5450.909576006431	0.9997417060059373	-0.02270141732547895	0.001080242451052426	0.02270420029344941	0.9997387466008362	-0.002637770654169216	-0.001020079101610956	0.00266161537482571	0.9999959376128602	-0.02270338090567357	0.001080242661145966	-0.002637775252085845	0.0005743707124154401	0.008672997757473143	0.9907894789166339	0.0005743707124154401	0.0005743707124154401	0.02825903905083965	0	0.0006068707411111023	0.01020553369234002	
254	21.43634565109314	246.2196507927577	2.71828	1.21358	1.16637e-05	0.2581069881028696	5.993044534209371	1.263861621190769	-1.238046052351134	-0.9302829541215486	13.23779961450413	4.615253460456734	-3.160756367224863	4.919999999972433	1.509999999991539	0.09999999999943968	0	0.105658371499408	0.09999999999943968	172.4999999990334	1.776819999990044	0.09999999999943968	91.18759999948904	0	0	0	3.14159	165.3220665983416	-4855.856771584628	-1861.268724098851	0	0	0	0	0	2	2.085	2.4952	0.00775795	0.1172	-0.02270338090567357	0.001080242661145966	-0.002637775252085845	29674106.26123359	0	0	5444.831795377658	5449.764345461759	5450.909577382348	124.201969813508	478761428.3863776	246.2196507927577	-7823.75405	0	0	0	0	0.105658371499408	1.776819999990044	0.09999999999943968	1.509999999991539	172.4999999990334	0.09999999999943968	0.09999999999943968	4.919999999972433	91.18759999948904	91.18759999948904	80.38499999954958	80.38499999954958	124.201969813508	1	124.201969813508	0	1	0	0	1	0	5444.831795377658	5444.831795377658	5449.764345461759	5449.764345461759	21883.89742787219	21883.89742787219	5450.909577382348	5450.909577382348	5450.909576006431	0.9997417060059373	-0.02270141732547895	0.001080242451052426	0.02270420029344941	0.9997387466008362	-0.002637770654169216	-0.001020079101610956	0.00266161537482571	0.9999959376128602	-0.02270338090567357	0.001080242661145966	-0.002637775252085845	0.0005743707124154401	0.008672997757473143	0.9907894789166339	0.0005743707124154401	0.0005743707124154401	0.02825903905083965	0	0.0006068707411111023	0.01020553369234002	
255	21.35228155050062	246.2196507927577	2.71828	1.21358	1.16637e-05	0.2581069881028696	5.993044534209371	1.263861621190769	-1.238046052351134	-0.9302829541215486	13.23779961450413	4.615253460456734	-3.160756367224863	4.919999999972433	1.509999999991539	0.09999999999943968	0	0.105658371499408	0.09999999999943968	172.4999999990334	1.776819999990044	0.09999999999943968	91.18759999948904	0	0	0	3.14159	165.3220665983416	-4855.856771584628	-1861.268724098851	0	0	0	0	0	2	2.085	2.4952	0.00775795	0.1172	-0.02270338090567357	0.001080242661145966	-0.002637775252085845	29674106.26123359	0	0	5444.831795377658	5449.764345461759	5450.909577382348	124.201969813508	478761428.3863776	246.2196507927577	-7823.75405	0	0	0	0	0.105658371499408	1.776819999990044	0.09999999999943968	1.509999999991539	172.4999999990334	0.09999999999943968	0.09999999999943968	4.919999999972433	91.18759999948904	91.18759999948904	80.38499999954958	80.38499999954958	124.201969813508	1	124.201969813508	0	1	0	0	1	0	5444.831795377658	5444.831795377658	5449.764345461759	5449.764345461759	21883.89742787219	21883.89742787219	5450.909577382348	5450.909577382348	5450.909576006431	0.9997417060059373	-0.02270141732547895	0.001080242451052426	0.02270420029344941	0.9997387466008362	-0.002637770654169216	-0.001020079101610956	0.00266161537482571	0.9999959376128602	-0.02270338090567357	0.001080242661145966	-0.002637775252085845	0.0005743707124154401	0.008672997757473143	0.9907894789166339	0.0005743707124154401	0.0005743707124154401	0.02825903905083965	0	0.0006068707411111023	0.01020553369234002	
256	21.26887420069398	246.2196507927577	2.71828	1.21358	1.16637e-05	0.2581069881028696	5.993044534209371	1.263861621190769	-1.238046052351134	-0.9302829541215486	13.23779961450413	4.615253460456734	-3.160756367224863	4.919999999972433	1.509999999991539	0.09999999999943968	0	0.105658371499408	0.09999999999943968	172.4999999990334	1.776819999990044	0.09999999999943968	91.18759999948904	0	0	0	3.14159	165.3220665983416	-4855.856771584628	-1861.268724098851	0	0	0	0	0	2	2.085	2.4952	0.00775795	0.1172	-0.02270338090567357	0.001080242661145966	-0.002637775252085845	29674106.26123359	0	0	5444.831795377658	5449.764345461759	5450.909577382348	124.201969813508	478761428.3863776	246.2196507927577	-7823.75405	0	0	0	0	0.105658371499408	1.776819999990044	0.09999999999943968	1.509999999991539	172.4999999990334	0.09999999999943968	0.09999999999943968	4.919999999972433	91.18759999948904	91.18759999948904	80.38499999954958	80.38499999954958	124.201969813508	1	124.201969813508	0	1	0	0	1	0	5444.831795377658	5444.831795377658	5449.764345461759	5449.764345461759	21883.89742787219	21883.89742787219	5450.909577382348	5450.909577382348	5450.909576006431	0.9997417060059373	-0.02270141732547895	0.001080242451052426	0.02270420029344941	0.9997387466008362	-0.002637770654169216	-0.001020079101610956	0.00266161537482571	0.9999959376128602	-0.02270338090567357	0.001080242661145966	-0.002637775252085845	0.0005743707124154401	0.008672997757473143	0.9907894789166339	0.0005743707124154401	0.0005743707124154401	0.02825903905083965	0	0.0006068707411111023	0.01020553369234002	
257	21.18611593532162	246.2196507927577	2.71828	1.21358	1.16637e-05	0.2581069881028696	5.993044534209371	1.263861621190769	-1.238046052351134	-0.9302829541215486	13.23779961450413	4.615253460456734	-3.160756367224863	4.919999999972433	1.509999999991539	0.09999999999943968	0	0.105658371499408	0.09999999999943968	172.4999999990334	1.776819999990044	0.09999999999943968	91.18759999948904	0	0	0	3.14159	165.3220665983416	-4855.856771584628	-1861.268724098851	0	0	0	0	0	2	2.085	2.4952	0.00775795	0.1172	-0.02270338090567357	0.001080242661145966	-0.002637775252085845	29674106.26123359	0	0	5444.831795377658	5449.764345461759	5450.909577382348	124.201969813508	478761428.3863776	246.2196507927577	-7823.75405	0	0	0	0	0.105658371499408	1.776819999990044	0.09999999999943968	1.509999999991539	172.4999999990334	0.09999999999943968	0.09999999999943968	4.919999999972433	91.18759999948904	91.18759999948904	80.38499999954958	80.38499999954958	124.201969813508	1	124.201969813508	0	1	0	0	1	0	5444.831795377658	5444.831795377658	5449.764345461759	5449.764345461759	21883.89742787219	21883.89742787219	5450.909577382348	5450.909577382348	5450.909576006431	0.9997417060059373	-0.02270141732547895	0.001080242451052426	0.02270420029344941	0.9997387466008362	-0.002637770654169216	-0.001020079101610956	0.00266161537482571	0.9999959376128602	-0.02270338090567357	0.001080242661145966	-0.002637775252085845	0.0005743707124154401	0.008672997757473143	0.9907894789166339	0.0005743707124154401	0.0005743707124154401	0.02825903905083965	0	0.0006068707411111023	0.01020553369234002	
258	21.10399920689015	246.2196507927577	2.71828	1.21358	1.16637e-05	0.2581069881028696	5.993044534209371	1.263861621190769	-1.238046052351134	-0.9302829541215486	13.23779961450413	4.615253460456734	-3.160756367224863	4.919999999972433	1.509999999991539	0.09999999999943968	0	0.105658371499408	0.09999999999943968	172.4999999990334	1.776819999990044	0.09999999999943968	91.18759999948904	0	0	0	3.14159	165.3220665983416	-4855.856771584628	-1861.268724098851	0	0	0	0	0	2	2.085	2.4952	0.00775795	0.1172	-0.02270338090567357	0.001080242661145966	-0.002637775252085845	29674106.26123359	0	0	5444.831795377658	5449.764345461759	5450.909577382348	124.201969813508	478761428.3863776	246.2196507927577	-7823.75405	0	0	0	0	0.105658371499408	1.776819999990044	0.09999999999943968	1.509999999991539	172.4999999990334	0.09999999999943968	0.09999999999943968	4.919999999972433	91.18759999948904	91.18759999948904	80.38499999954958	80.38499999954958	124.201969813508	1	124.201969813508	0	1	0	0	1	0	5444.831795377658	5444.831795377658	5449.764345461759	5449.764345461759	21883.89742787219	21883.89742787219	5450.909577382348	5450.909577382348	5450.909576006431	0.9997417060059373	-0.02270141732547895	0.001080242451052426	0.02270420029344941	0.9997387466008362	-0.002637770654169216	-0.001020079101610956	0.00266161537482571	0.9999959376128602	-0.02270338090567357	0.001080242661145966	-0.002637775252085845	0.0005743707124154401	0.008672997757473143	0.9907894789166339	0.0005743707124154401	0.0005743707124154401	0.02825903905083965	0	0.0006068707411111023	0.01020553369234002	
259	21.02251658446972	246.2196507927577	2.71828	1.21358	1.16637e-05	0.2581069881028696	5.993044534209371	1.263861621190769	-1.238046052351134	-0.9302829541215486	13.23779961450413	4.615253460456734	-3.160756367224863	4.919999999972433	1.509999999991539	0.09999999999943968	0	0.105658371499408	0.09999999999943968	172.4999999990334	1.776819999990044	0.09999999999943968	91.18759999948904	0	0	0	3.14159	165.3220665983416	-4855.856771584628	-1861.268724098851	0	0	0	0	0	2	2.085	2.4952	0.00775795	0.1172	-0.02270338090567357	0.001080242661145966	-0.002637775252085845	29674106.26123359	0	0	5444.831795377658	5449.764345461759	5450.909577382348	124.201969813508	478761428.3863776	246.2196507927577	-7823.75405	0	0	0	0	0.105658371499408	1.776819999990044	0.09999999999943968	1.509999999991539	172.4999999990334	0.09999999999943968	0.09999999999943968	4.919999999972433	91.18759999948904	91.18759999948904	80.38499999954958	80.38499999954958	124.201969813508	1	124.201969813508	0	1	0	0	1	0	5444.831795377658	5444.831795377658	5449.764345461759	5449.764345461759	21883.89742787219	21883.89742787219	5450.909577382348	5450.909577382348	5450.909576006431	0.9997417060059373	-0.02270141732547895	0.001080242451052426	0.02270420029344941	0.9997387466008362	-0.002637770654169216	-0.001020079101610956	0.00266161537482571	0.9999959376128602	-0.02270338090567357	0.001080242661145966	-0.002637775252085845	0.0005743707124154401	0.008672997757473143	0.9907894789166339	0.0005743707124154401	0.0005743707124154401	0.02825903905083965	0	0.0006068707411111023	0.01020553369234002	
260	20.94166075145253	246.2196507927577	2.71828	1.21358	1.16637e-05	0.2581069881028696	5.993044534209371	1.263861621190769	-1.238046052351134	-0.9302829541215486	13.23779961450413	4.615253460456734	-3.160756367224863	4.919999999972433	1.509999999991539	0.09999999999943968	0	0.105658371499408	0.09999999999943968	172.4999999990334	1.776819999990044	0.09999999999943968	91.18759999948904	0	0	0	3.14159	165.3220665983416	-4855.856771584628	-1861.268724098851	0	0	0	0	0	2	2.085	2.4952	0.00775795	0.1172	-0.02270338090567357	0.001080242661145966	-0.002637775252085845	29674106.26123359	0	0	5444.831795377658	5449.764345461759	5450.909577382348	124.201969813508	478761428.3863776	246.2196507927577	-7823.75405	0	0	0	0	0.105658371499408	1.776819999990044	0.09999999999943968	1.509999999991539	172.4999999990334	0.09999999999943968	0.09999999999943968	4.919999999972433	91.18759999948904	91.18759999948904	80.38499999954958	80.38499999954958	124.201969813508	1	124.201969813508	0	1	0	0	1	0	5444.831795377658	5444.831795377658	5449.764345461759	5449.764345461759	21883.89742787219	21883.89742787219	5450.909577382348	5450.909577382348	5450.909576006431	0.9997417060059373	-0.02270141732547895	0.001080242451052426	0.02270420029344941	0.9997387466008362	-0.002637770654169216	-0.001020079101610956	0.00266161537482571	0.9999959376128602	-0.02270338090567357	0.001080242661145966	-0.002637775252085845	0.0005743707124154401	0.008672997757473143	0.9907894789166339	0.0005743707124154401	0.0005743707124154401	0.02825903905083965	0	0.0006068707411111023	0.01020553369234002	
261	20.86142450336267	246.2196507927577	2.71828	1.21358	1.16637e-05	0.2581069881028696	5.993044534209371	1.263861621190769	-1.238046052351134	-0.9302829541215486	13.23779961450413	4.615253460456734	-3.160756367224863	4.919999999972433	1.509999999991539	0.09999999999943968	0	0.105658371499408	0.09999999999943968	172.4999999990334	1.776819999990044	0.09999999999943968	91.18759999948904	0	0	0	3.14159	165.3220665983416	-4855.856771584628	-1861.268724098851	0	0	0	0	0	2	2.085	2.4952	0.00775795	0.1172	-0.02270338090567357	0.001080242661145966	-0.002637775252085845	29674106.26123359	0	0	5444.831795377658	5449.764345461759	5450.909577382348	124.201969813508	478761428.3863776	246.2196507927577	-7823.75405	0	0	0	0	0.105658371499408	1.776819999990044	0.09999999999943968	1.509999999991539	172.4999999990334	0.09999999999943968	0.09999999999943968	4.919999999972433	91.18759999948904	91.18759999948904	80.38499999954958	80.38499999954958	124.201969813508	1	124.201969813508	0	1	0	0	1	0	5444.831795377658	5444.831795377658	5449.764345461759	5449.764345461759	21883.89742787219	21883.89742787219	5450.909577382348	5450.909577382348	5450.909576006431	0.9997417060059373	-0.02270141732547895	0.001080242451052426	0.02270420029344941	0.9997387466008362	-0.002637770654169216	-0.001020079101610956	0.00266161537482571	0.9999959376128602	-0.02270338090567357	0.001080242661145966	-0.002637775252085845	0.0005743707124154401	0.008672997757473143	0.9907894789166339	0.0005743707124154401	0.0005743707124154401	0.02825903905083965	0	0.0006068707411111023	0.01020553369234002	
262	20.78180074571625	246.2196507927577	2.71828	1.21358	1.16637e-05	0.2581069881028696	5.993044534209371	1.263861621190769	-1.238046052351134	-0.9302829541215486	13.23779961450413	4.615253460456734	-3.160756367224863	4.919999999972433	1.509999999991539	0.09999999999943968	0	0.105658371499408	0.09999999999943968	172.4999999990334	1.776819999990044	0.09999999999943968	91.18759999948904	0	0	0	3.14159	165.3220665983416	-4855.856771584628	-1861.268724098851	0	0	0	0	0	2	2.085	2.4952	0.00775795	0.1172	-0.02270338090567357	0.001080242661145966	-0.002637775252085845	29674106.26123359	0	0	5444.831795377658	5449.764345461759	5450.909577382348	124.201969813508	478761428.3863776	246.2196507927577	-7823.75405	0	0	0	0	0.105658371499408	1.776819999990044	0.09999999999943968	1.509999999991539	172.4999999990334	0.09999999999943968	0.09999999999943968	4.919999999972433	91.18759999948904	91.18759999948904	80.38499999954958	80.38499999954958	124.201969813508	1	124.201969813508	0	1	0	0	1	0	5444.831795377658	5444.831795377658	5449.764345461759	5449.764345461759	21883.89742787219	21883.89742787219	5450.909577382348	5450.909577382348	5450.909576006431	0.9997417060059373	-0.02270141732547895	0.001080242451052426	0.02270420029344941	0.9997387466008362	-0.002637770654169216	-0.001020079101610956	0.00266161537482571	0.9999959376128602	-0.02270338090567357	0.001080242661145966	-0.002637775252085845	0.0005743707124154401	0.008672997757473143	0.9907894789166339	0.0005743707124154401	0.0005743707124154401	0.02825903905083965	0	0.0006068707411111023	0.01020553369234002	
263	20.70278249193026	246.2196507927577	2.71828	1.21358	1.16637e-05	0.2581069881028696	5.993044534209371	1.263861621190769	-1.238046052351134	-0.9302829541215486	13.23779961450413	4.615253460456734	-3.160756367224863	4.919999999972433	1.509999999991539	0.09999999999943968	0	0.105658371499408	0.09999999999943968	172.4999999990334	1.776819999990044	0.09999999999943968	91.18759999948904	0	0	0	3.14159	165.3220665983416	-4855.856771584628	-1861.268724098851	0	0	0	0	0	2	2.085	2.4952	0.00775795	0.1172	-0.02270338090567357	0.001080242661145966	-0.002637775252085845	29674106.26123359	0	0	5444.831795377658	5449.764345461759	5450.909577382348	124.201969813508	478761428.3863776	246.2196507927577	-7823.75405	0	0	0	0	0.105658371499408	1.776819999990044	0.09999999999943968	1.509999999991539	172.4999999990334	0.09999999999943968	0.09999999999943968	4.919999999972433	91.18759999948904	91.18759999948904	80.38499999954958	80.38499999954958	124.201969813508	1	124.201969813508	0	1	0	0	1	0	5444.831795377658	5444.831795377658	5449.764345461759	5449.764345461759	21883.89742787219	21883.89742787219	5450.909577382348	5450.909577382348	5450.909576006431	0.9997417060059373	-0.02270141732547895	0.001080242451052426	0.02270420029344941	0.9997387466008362	-0.002637770654169216	-0.001020079101610956	0.00266161537482571	0.9999959376128602	-0.02270338090567357	0.001080242661145966	-0.002637775252085845	0.0005743707124154401	0.008672997757473143	0.9907894789166339	0.0005743707124154401	0.0005743707124154401	0.02825903905083965	0	0.0006068707411111023	0.01020553369234002	
264	20.62436286127901	246.2196507927577	2.71828	1.21358	1.16637e-05	0.2581069881028696	5.993044534209371	1.263861621190769	-1.238046052351134	-0.9302829541215486	13.23779961450413	4.615253460456734	-3.160756367224863	4.919999999972433	1.509999999991539	0.09999999999943968	0	0.105658371499408	0.09999999999943968	172.4999999990334	1.776819999990044	0.09999999999943968	91.18759999948904	0	0	0	3.14159	165.3220665983416	-4855.856771584628	-1861.268724098851	0	0	0	0	0	2	2.085	2.4952	0.00775795	0.1172	-0.02270338090567357	0.001080242661145966	-0.002637775252085845	29674106.26123359	0	0	5444.831795377658	5449.764345461759	5450.909577382348	124.201969813508	478761428.3863776	246.2196507927577	-7823.75405	0	0	0	0	0.105658371499408	1.776819999990044	0.09999999999943968	1.509999999991539	172.4999999990334	0.09999999999943968	0.09999999999943968	4.919999999972433	91.18759999948904	91.18759999948904	80.38499999954958	80.38499999954958	124.201969813508	1	124.201969813508	0	1	0	0	1	0	5444.831795377658	5444.831795377658	5449.764345461759	5449.764345461759	21883.89742787219	21883.89742787219	5450.909577382348	5450.909577382348	5450.909576006431	0.9997417060059373	-0.02270141732547895	0.001080242451052426	0.02270420029344941	0.9997387466008362	-0.002637770654169216	-0.001020079101610956	0.00266161537482571	0.9999959376128602	-0.02270338090567357	0.001080242661145966	-0.002637775252085845	0.0005743707124154401	0.008672997757473143	0.9907894789166339	0.0005743707124154401	0.0005743707124154401	0.02825903905083965	0	0.0006068707411111023	0.01020553369234002	
265	20.54653507689682	246.2196507927577	2.71828	1.21358	1.16637e-05	0.2581069881028696	5.993044534209371	1.263861621190769	-1.238046052351134	-0.9302829541215486	13.23779961450413	4.615253460456734	-3.160756367224863	4.919999999972433	1.509999999991539	0.09999999999943968	0	0.105658371499408	0.09999999999943968	172.4999999990334	1.776819999990044	0.09999999999943968	91.18759999948904	0	0	0	3.14159	165.3220665983416	-4855.856771584628	-1861.268724098851	0	0	0	0	0	2	2.085	2.4952	0.00775795	0.1172	-0.02270338090567357	0.001080242661145966	-0.002637775252085845	29674106.26123359	0	0	5444.831795377658	5449.764345461759	5450.909577382348	124.201969813508	478761428.3863776	246.2196507927577	-7823.75405	0	0	0	0	0.105658371499408	1.776819999990044	0.09999999999943968	1.509999999991539	172.4999999990334	0.09999999999943968	0.09999999999943968	4.919999999972433	91.18759999948904	91.18759999948904	80.38499999954958	80.38499999954958	124.201969813508	1	124.201969813508	0	1	0	0	1	0	5444.831795377658	5444.831795377658	5449.764345461759	5449.764345461759	21883.89742787219	21883.89742787219	5450.909577382348	5450.909577382348	5450.909576006431	0.9997417060059373	-0.02270141732547895	0.001080242451052426	0.02270420029344941	0.9997387466008362	-0.002637770654169216	-0.001020079101610956	0.00266161537482571	0.9999959376128602	-0.02270338090567357	0.001080242661145966	-0.002637775252085845	0.0005743707124154401	0.008672997757473143	0.9907894789166339	0.0005743707124154401	0.0005743707124154401	0.02825903905083965	0	0.0006068707411111023	0.01020553369234002	
266	20.46929246382578	246.2196507927577	2.71828	1.21358	1.16637e-05	0.2581069881028696	5.993044534209371	1.263861621190769	-1.238046052351134	-0.9302829541215486	13.23779961450413	4.615253460456734	-3.160756367224863	4.919999999972433	1.509999999991539	0.09999999999943968	0	0.105658371499408	0.09999999999943968	172.4999999990334	1.776819999990044	0.09999999999943968	91.18759999948904	0	0	0	3.14159	165.3220665983416	-4855.856771584628	-1861.268724098851	0	0	0	0	0	2	2.085	2.4952	0.00775795	0.1172	-0.02270338090567357	0.001080242661145966	-0.002637775252085845	29674106.26123359	0	0	5444.831795377658	5449.764345461759	5450.909577382348	124.201969813508	478761428.3863776	246.2196507927577	-7823.75405	0	0	0	0	0.105658371499408	1.776819999990044	0.09999999999943968	1.509999999991539	172.4999999990334	0.09999999999943968	0.09999999999943968	4.919999999972433	91.18759999948904	91.18759999948904	80.38499999954958	80.38499999954958	124.201969813508	1	124.201969813508	0	1	0	0	1	0	5444.831795377658	5444.831795377658	5449.764345461759	5449.764345461759	21883.89742787219	21883.89742787219	5450.909577382348	5450.909577382348	5450.909576006431	0.9997417060059373	-0.02270141732547895	0.001080242451052426	0.02270420029344941	0.9997387466008362	-0.002637770654169216	-0.001020079101610956	0.00266161537482571	0.9999959376128602	-0.02270338090567357	0.001080242661145966	-0.002637775252085845	0.0005743707124154401	0.008672997757473143	0.9907894789166339	0.0005743707124154401	0.0005743707124154401	0.02825903905083965	0	0.0006068707411111023	0.01020553369234002	
267	20.39262844710733	246.2196507927577	2.71828	1.21358	1.16637e-05	0.2581069881028696	5.993044534209371	1.263861621190769	-1.238046052351134	-0.9302829541215486	13.23779961450413	4.615253460456734	-3.160756367224863	4.919999999972433	1.509999999991539	0.09999999999943968	0	0.105658371499408	0.09999999999943968	172.4999999990334	1.776819999990044	0.09999999999943968	91.18759999948904	0	0	0	3.14159	165.3220665983416	-4855.856771584628	-1861.268724098851	0	0	0	0	0	2	2.085	2.4952	0.00775795	0.1172	-0.02270338090567357	0.001080242661145966	-0.002637775252085845	29674106.26123359	0	0	5444.831795377658	5449.764345461759	5450.909577382348	124.201969813508	478761428.3863776	246.2196507927577	-7823.75405	0	0	0	0	0.105658371499408	1.776819999990044	0.09999999999943968	1.509999999991539	172.4999999990334	0.09999999999943968	0.09999999999943968	4.919999999972433	91.18759999948904	91.18759999948904	80.38499999954958	80.38499999954958	124.201969813508	1	124.201969813508	0	1	0	0	1	0	5444.831795377658	5444.831795377658	5449.764345461759	5449.764345461759	21883.89742787219	21883.89742787219	5450.909577382348	5450.909577382348	5450.909576006431	0.9997417060059373	-0.02270141732547895	0.001080242451052426	0.02270420029344941	0.9997387466008362	-0.002637770654169216	-0.001020079101610956	0.00266161537482571	0.9999959376128602	-0.02270338090567357	0.001080242661145966	-0.002637775252085845	0.0005743707124154401	0.008672997757473143	0.9907894789166339	0.0005743707124154401	0.0005743707124154401	0.02825903905083965	0	0.0006068707411111023	0.01020553369234002	
268	20.31653654991663	246.2196507927577	2.71828	1.21358	1.16637e-05	0.2581069881028696	5.993044534209371	1.263861621190769	-1.238046052351134	-0.9302829541215486	13.23779961450413	4.615253460456734	-3.160756367224863	4.919999999972433	1.509999999991539	0.09999999999943968	0	0.105658371499408	0.09999999999943968	172.4999999990334	1.776819999990044	0.09999999999943968	91.18759999948904	0	0	0	3.14159	165.3220665983416	-4855.856771584628	-1861.268724098851	0	0	0	0	0	2	2.085	2.4952	0.00775795	0.1172	-0.02270338090567357	0.001080242661145966	-0.002637775252085845	29674106.26123359	0	0	5444.831795377658	5449.764345461759	5450.909577382348	124.201969813508	478761428.3863776	246.2196507927577	-7823.75405	0	0	0	0	0.105658371499408	1.776819999990044	0.09999999999943968	1.509999999991539	172.4999999990334	0.09999999999943968	0.09999999999943968	4.919999999972433	91.18759999948904	91.18759999948904	80.38499999954958	80.38499999954958	124.201969813508	1	124.201969813508	0	1	0	0	1	0	5444.831795377658	5444.831795377658	5449.764345461759	5449.764345461759	21883.89742787219	21883.89742787219	5450.909577382348	5450.909577382348	5450.909576006431	0.9997417060059373	-0.02270141732547895	0.001080242451052426	0.02270420029344941	0.9997387466008362	-0.002637770654169216	-0.001020079101610956	0.00266161537482571	0.9999959376128602	-0.02270338090567357	0.001080242661145966	-0.002637775252085845	0.0005743707124154401	0.008672997757473143	0.9907894789166339	0.0005743707124154401	0.0005743707124154401	0.02825903905083965	0	0.0006068707411111023	0.01020553369234002	
269	20.24101039173851	246.2196507927577	2.71828	1.21358	1.16637e-05	0.2581069881028696	5.993044534209371	1.263861621190769	-1.238046052351134	-0.9302829541215486	13.23779961450413	4.615253460456734	-3.160756367224863	4.919999999972433	1.509999999991539	0.09999999999943968	0	0.105658371499408	0.09999999999943968	172.4999999990334	1.776819999990044	0.09999999999943968	91.18759999948904	0	0	0	3.14159	165.3220665983416	-4855.856771584628	-1861.268724098851	0	0	0	0	0	2	2.085	2.4952	0.00775795	0.1172	-0.02270338090567357	0.001080242661145966	-0.002637775252085845	29674106.26123359	0	0	5444.831795377658	5449.764345461759	5450.909577382348	124.201969813508	478761428.3863776	246.2196507927577	-7823.75405	0	0	0	0	0.105658371499408	1.776819999990044	0.09999999999943968	1.509999999991539	172.4999999990334	0.09999999999943968	0.09999999999943968	4.919999999972433	91.18759999948904	91.18759999948904	80.38499999954958	80.38499999954958	124.201969813508	1	124.201969813508	0	1	0	0	1	0	5444.831795377658	5444.831795377658	5449.764345461759	5449.764345461759	21883.89742787219	21883.89742787219	5450.909577382348	5450.909577382348	5450.909576006431	0.9997417060059373	-0.02270141732547895	0.001080242451052426	0.02270420029344941	0.9997387466008362	-0.002637770654169216	-0.001020079101610956	0.00266161537482571	0.9999959376128602	-0.02270338090567357	0.001080242661145966	-0.002637775252085845	0.0005743707124154401	0.008672997757473143	0.9907894789166339	0.0005743707124154401	0.0005743707124154401	0.02825903905083965	0	0.0006068707411111023	0.01020553369234002	
270	20.16604368658392	246.2196507927577	2.71828	1.21358	1.16637e-05	0.2581069881028696	5.993044534209371	1.263861621190769	-1.238046052351134	-0.9302829541215486	13.23779961450413	4.615253460456734	-3.160756367224863	4.919999999972433	1.509999999991539	0.09999999999943968	0	0.105658371499408	0.09999999999943968	172.4999999990334	1.776819999990044	0.09999999999943968	91.18759999948904	0	0	0	3.14159	165.3220665983416	-4855.856771584628	-1861.268724098851	0	0	0	0	0	2	2.085	2.4952	0.00775795	0.1172	-0.02270338090567357	0.001080242661145966	-0.002637775252085845	29674106.26123359	0	0	5444.831795377658	5449.764345461759	5450.909577382348	124.201969813508	478761428.3863776	246.2196507927577	-7823.75405	0	0	0	0	0.105658371499408	1.776819999990044	0.09999999999943968	1.509999999991539	172.4999999990334	0.09999999999943968	0.09999999999943968	4.919999999972433	91.18759999948904	91.18759999948904	80.38499999954958	80.38499999954958	124.201969813508	1	124.201969813508	0	1	0	0	1	0	5444.831795377658	5444.831795377658	5449.764345461759	5449.764345461759	21883.89742787219	21883.89742787219	5450.909577382348	5450.909577382348	5450.909576006431	0.9997417060059373	-0.02270141732547895	0.001080242451052426	0.02270420029344941	0.9997387466008362	-0.002637770654169216	-0.001020079101610956	0.00266161537482571	0.9999959376128602	-0.02270338090567357	0.001080242661145966	-0.002637775252085845	0.0005743707124154401	0.008672997757473143	0.9907894789166339	0.0005743707124154401	0.0005743707124154401	0.02825903905083965	0	0.0006068707411111023	0.01020553369234002	
271	20.09163024124597	246.2196507927577	2.71828	1.21358	1.16637e-05	0.2581069881028696	5.993044534209371	1.263861621190769	-1.238046052351134	-0.9302829541215486	13.23779961450413	4.615253460456734	-3.160756367224863	4.919999999972433	1.509999999991539	0.09999999999943968	0	0.105658371499408	0.09999999999943968	172.4999999990334	1.776819999990044	0.09999999999943968	91.18759999948904	0	0	0	3.14159	165.3220665983416	-4855.856771584628	-1861.268724098851	0	0	0	0	0	2	2.085	2.4952	0.00775795	0.1172	-0.02270338090567357	0.001080242661145966	-0.002637775252085845	29674106.26123359	0	0	5444.831795377658	5449.764345461759	5450.909577382348	124.201969813508	478761428.3863776	246.2196507927577	-7823.75405	0	0	0	0	0.105658371499408	1.776819999990044	0.09999999999943968	1.509999999991539	172.4999999990334	0.09999999999943968	0.09999999999943968	4.919999999972433	91.18759999948904	91.18759999948904	80.38499999954958	80.38499999954958	124.201969813508	1	124.201969813508	0	1	0	0	1	0	5444.831795377658	5444.831795377658	5449.764345461759	5449.764345461759	21883.89742787219	21883.89742787219	5450.909577382348	5450.909577382348	5450.909576006431	0.9997417060059373	-0.02270141732547895	0.001080242451052426	0.02270420029344941	0.9997387466008362	-0.002637770654169216	-0.001020079101610956	0.00266161537482571	0.9999959376128602	-0.02270338090567357	0.001080242661145966	-0.002637775252085845	0.0005743707124154401	0.008672997757473143	0.9907894789166339	0.0005743707124154401	0.0005743707124154401	0.02825903905083965	0	0.0006068707411111023	0.01020553369234002	
272	20.01776395359433	246.2196507927577	2.71828	1.21358	1.16637e-05	0.2581069881028696	5.993044534209371	1.263861621190769	-1.238046052351134	-0.9302829541215486	13.23779961450413	4.615253460456734	-3.160756367224863	4.919999999972433	1.509999999991539	0.09999999999943968	0	0.105658371499408	0.09999999999943968	172.4999999990334	1.776819999990044	0.09999999999943968	91.18759999948904	0	0	0	3.14159	165.3220665983416	-4855.856771584628	-1861.268724098851	0	0	0	0	0	2	2.085	2.4952	0.00775795	0.1172	-0.02270338090567357	0.001080242661145966	-0.002637775252085845	29674106.26123359	0	0	5444.831795377658	5449.764345461759	5450.909577382348	124.201969813508	478761428.3863776	246.2196507927577	-7823.75405	0	0	0	0	0.105658371499408	1.776819999990044	0.09999999999943968	1.509999999991539	172.4999999990334	0.09999999999943968	0.09999999999943968	4.919999999972433	91.18759999948904	91.18759999948904	80.38499999954958	80.38499999954958	124.201969813508	1	124.201969813508	0	1	0	0	1	0	5444.831795377658	5444.831795377658	5449.764345461759	5449.764345461759	21883.89742787219	21883.89742787219	5450.909577382348	5450.909577382348	5450.909576006431	0.9997417060059373	-0.02270141732547895	0.001080242451052426	0.02270420029344941	0.9997387466008362	-0.002637770654169216	-0.001020079101610956	0.00266161537482571	0.9999959376128602	-0.02270338090567357	0.001080242661145966	-0.002637775252085845	0.0005743707124154401	0.008672997757473143	0.9907894789166339	0.0005743707124154401	0.0005743707124154401	0.02825903905083965	0	0.0006068707411111023	0.01020553369234002	
273	19.94443881090717	246.2196507927577	2.71828	1.21358	1.16637e-05	0.2581069881028696	5.993044534209371	1.263861621190769	-1.238046052351134	-0.9302829541215486	13.23779961450413	4.615253460456734	-3.160756367224863	4.919999999972433	1.509999999991539	0.09999999999943968	0	0.105658371499408	0.09999999999943968	172.4999999990334	1.776819999990044	0.09999999999943968	91.18759999948904	0	0	0	3.14159	165.3220665983416	-4855.856771584628	-1861.268724098851	0	0	0	0	0	2	2.085	2.4952	0.00775795	0.1172	-0.02270338090567357	0.001080242661145966	-0.002637775252085845	29674106.26123359	0	0	5444.831795377658	5449.764345461759	5450.909577382348	124.201969813508	478761428.3863776	246.2196507927577	-7823.75405	0	0	0	0	0.105658371499408	1.776819999990044	0.09999999999943968	1.509999999991539	172.4999999990334	0.09999999999943968	0.09999999999943968	4.919999999972433	91.18759999948904	91.18759999948904	80.38499999954958	80.38499999954958	124.201969813508	1	124.201969813508	0	1	0	0	1	0	5444.831795377658	5444.831795377658	5449.764345461759	5449.764345461759	21883.89742787219	21883.89742787219	5450.909577382348	5450.909577382348	5450.909576006431	0.9997417060059373	-0.02270141732547895	0.001080242451052426	0.02270420029344941	0.9997387466008362	-0.002637770654169216	-0.001020079101610956	0.00266161537482571	0.9999959376128602	-0.02270338090567357	0.001080242661145966	-0.002637775252085845	0.0005743707124154401	0.008672997757473143	0.9907894789166339	0.0005743707124154401	0.0005743707124154401	0.02825903905083965	0	0.0006068707411111023	0.01020553369234002	
274	19.87164888823963	246.2196507927577	2.71828	1.21358	1.16637e-05	0.2581069881028696	5.993044534209371	1.263861621190769	-1.238046052351134	-0.9302829541215486	13.23779961450413	4.615253460456734	-3.160756367224863	4.919999999972433	1.509999999991539	0.09999999999943968	0	0.105658371499408	0.09999999999943968	172.4999999990334	1.776819999990044	0.09999999999943968	91.18759999948904	0	0	0	3.14159	165.3220665983416	-4855.856771584628	-1861.268724098851	0	0	0	0	0	2	2.085	2.4952	0.00775795	0.1172	-0.02270338090567357	0.001080242661145966	-0.002637775252085845	29674106.26123359	0	0	5444.831795377658	5449.764345461759	5450.909577382348	124.201969813508	478761428.3863776	246.2196507927577	-7823.75405	0	0	0	0	0.105658371499408	1.776819999990044	0.09999999999943968	1.509999999991539	172.4999999990334	0.09999999999943968	0.09999999999943968	4.919999999972433	91.18759999948904	91.18759999948904	80.38499999954958	80.38499999954958	124.201969813508	1	124.201969813508	0	1	0	0	1	0	5444.831795377658	5444.831795377658	5449.764345461759	5449.764345461759	21883.89742787219	21883.89742787219	5450.909577382348	5450.909577382348	5450.909576006431	0.9997417060059373	-0.02270141732547895	0.001080242451052426	0.02270420029344941	0.9997387466008362	-0.002637770654169216	-0.001020079101610956	0.00266161537482571	0.9999959376128602	-0.02270338090567357	0.001080242661145966	-0.002637775252085845	0.0005743707124154401	0.008672997757473143	0.9907894789166339	0.0005743707124154401	0.0005743707124154401	0.02825903905083965	0	0.0006068707411111023	0.01020553369234002	
275	19.79938834682785	246.2196507927577	2.71828	1.21358	1.16637e-05	0.2581069881028696	5.993044534209371	1.263861621190769	-1.238046052351134	-0.9302829541215486	13.23779961450413	4.615253460456734	-3.160756367224863	4.919999999972433	1.509999999991539	0.09999999999943968	0	0.105658371499408	0.09999999999943968	172.4999999990334	1.776819999990044	0.09999999999943968	91.18759999948904	0	0	0	3.14159	165.3220665983416	-4855.856771584628	-1861.268724098851	0	0	0	0	0	2	2.085	2.4952	0.00775795	0.1172	-0.02270338090567357	0.001080242661145966	-0.002637775252085845	29674106.26123359	0	0	5444.831795377658	5449.764345461759	5450.909577382348	124.201969813508	478761428.3863776	246.2196507927577	-7823.75405	0	0	0	0	0.105658371499408	1.776819999990044	0.09999999999943968	1.509999999991539	172.4999999990334	0.09999999999943968	0.09999999999943968	4.919999999972433	91.18759999948904	91.18759999948904	80.38499999954958	80.38499999954958	124.201969813508	1	124.201969813508	0	1	0	0	1	0	5444.831795377658	5444.831795377658	5449.764345461759	5449.764345461759	21883.89742787219	21883.89742787219	5450.909577382348	5450.909577382348	5450.909576006431	0.9997417060059373	-0.02270141732547895	0.001080242451052426	0.02270420029344941	0.9997387466008362	-0.002637770654169216	-0.001020079101610956	0.00266161537482571	0.9999959376128602	-0.02270338090567357	0.001080242661145966	-0.002637775252085845	0.0005743707124154401	0.008672997757473143	0.9907894789166339	0.0005743707124154401	0.0005743707124154401	0.02825903905083965	0	0.0006068707411111023	0.01020553369234002	
276	19.72765143252775	246.2196507927577	2.71828	1.21358	1.16637e-05	0.2581069881028696	5.993044534209371	1.263861621190769	-1.238046052351134	-0.9302829541215486	13.23779961450413	4.615253460456734	-3.160756367224863	4.919999999972433	1.509999999991539	0.09999999999943968	0	0.105658371499408	0.09999999999943968	172.4999999990334	1.776819999990044	0.09999999999943968	91.18759999948904	0	0	0	3.14159	165.3220665983416	-4855.856771584628	-1861.268724098851	0	0	0	0	0	2	2.085	2.4952	0.00775795	0.1172	-0.02270338090567357	0.001080242661145966	-0.002637775252085845	29674106.26123359	0	0	5444.831795377658	5449.764345461759	5450.909577382348	124.201969813508	478761428.3863776	246.2196507927577	-7823.75405	0	0	0	0	0.105658371499408	1.776819999990044	0.09999999999943968	1.509999999991539	172.4999999990334	0.09999999999943968	0.09999999999943968	4.919999999972433	91.18759999948904	91.18759999948904	80.38499999954958	80.38499999954958	124.201969813508	1	124.201969813508	0	1	0	0	1	0	5444.831795377658	5444.831795377658	5449.764345461759	5449.764345461759	21883.89742787219	21883.89742787219	5450.909577382348	5450.909577382348	5450.909576006431	0.9997417060059373	-0.02270141732547895	0.001080242451052426	0.02270420029344941	0.9997387466008362	-0.002637770654169216	-0.001020079101610956	0.00266161537482571	0.9999959376128602	-0.02270338090567357	0.001080242661145966	-0.002637775252085845	0.0005743707124154401	0.008672997757473143	0.9907894789166339	0.0005743707124154401	0.0005743707124154401	0.02825903905083965	0	0.0006068707411111023	0.01020553369234002	
277	19.65643247428757	246.2196507927577	2.71828	1.21358	1.16637e-05	0.2581069881028696	5.993044534209371	1.263861621190769	-1.238046052351134	-0.9302829541215486	13.23779961450413	4.615253460456734	-3.160756367224863	4.919999999972433	1.509999999991539	0.09999999999943968	0	0.105658371499408	0.09999999999943968	172.4999999990334	1.776819999990044	0.09999999999943968	91.18759999948904	0	0	0	3.14159	165.3220665983416	-4855.856771584628	-1861.268724098851	0	0	0	0	0	2	2.085	2.4952	0.00775795	0.1172	-0.02270338090567357	0.001080242661145966	-0.002637775252085845	29674106.26123359	0	0	5444.831795377658	5449.764345461759	5450.909577382348	124.201969813508	478761428.3863776	246.2196507927577	-7823.75405	0	0	0	0	0.105658371499408	1.776819999990044	0.09999999999943968	1.509999999991539	172.4999999990334	0.09999999999943968	0.09999999999943968	4.919999999972433	91.18759999948904	91.18759999948904	80.38499999954958	80.38499999954958	124.201969813508	1	124.201969813508	0	1	0	0	1	0	5444.831795377658	5444.831795377658	5449.764345461759	5449.764345461759	21883.89742787219	21883.89742787219	5450.909577382348	5450.909577382348	5450.909576006431	0.9997417060059373	-0.02270141732547895	0.001080242451052426	0.02270420029344941	0.9997387466008362	-0.002637770654169216	-0.001020079101610956	0.00266161537482571	0.9999959376128602	-0.02270338090567357	0.001080242661145966	-0.002637775252085845	0.0005743707124154401	0.008672997757473143	0.9907894789166339	0.0005743707124154401	0.0005743707124154401	0.02825903905083965	0	0.0006068707411111023	0.01020553369234002	
278	19.58572588265345	246.2196507927577	2.71828	1.21358	1.16637e-05	0.2581069881028696	5.993044534209371	1.263861621190769	-1.238046052351134	-0.9302829541215486	13.23779961450413	4.615253460456734	-3.160756367224863	4.919999999972433	1.509999999991539	0.09999999999943968	0	0.105658371499408	0.09999999999943968	172.4999999990334	1.776819999990044	0.09999999999943968	91.18759999948904	0	0	0	3.14159	165.3220665983416	-4855.856771584628	-1861.268724098851	0	0	0	0	0	2	2.085	2.4952	0.00775795	0.1172	-0.02270338090567357	0.001080242661145966	-0.002637775252085845	29674106.26123359	0	0	5444.831795377658	5449.764345461759	5450.909577382348	124.201969813508	478761428.3863776	246.2196507927577	-7823.75405	0	0	0	0	0.105658371499408	1.776819999990044	0.09999999999943968	1.509999999991539	172.4999999990334	0.09999999999943968	0.09999999999943968	4.919999999972433	91.18759999948904	91.18759999948904	80.38499999954958	80.38499999954958	124.201969813508	1	124.201969813508	0	1	0	0	1	0	5444.831795377658	5444.831795377658	5449.764345461759	5449.764345461759	21883.89742787219	21883.89742787219	5450.909577382348	5450.909577382348	5450.909576006431	0.9997417060059373	-0.02270141732547895	0.001080242451052426	0.02270420029344941	0.9997387466008362	-0.002637770654169216	-0.001020079101610956	0.00266161537482571	0.9999959376128602	-0.02270338090567357	0.001080242661145966	-0.002637775252085845	0.0005743707124154401	0.008672997757473143	0.9907894789166339	0.0005743707124154401	0.0005743707124154401	0.02825903905083965	0	0.0006068707411111023	0.01020553369234002	
279	19.51552614830702	246.2196507927577	2.71828	1.21358	1.16637e-05	0.2581069881028696	5.993044534209371	1.263861621190769	-1.238046052351134	-0.9302829541215486	13.23779961450413	4.615253460456734	-3.160756367224863	4.919999999972433	1.509999999991539	0.09999999999943968	0	0.105658371499408	0.09999999999943968	172.4999999990334	1.776819999990044	0.09999999999943968	91.18759999948904	0	0	0	3.14159	165.3220665983416	-4855.856771584628	-1861.268724098851	0	0	0	0	0	2	2.085	2.4952	0.00775795	0.1172	-0.02270338090567357	0.001080242661145966	-0.002637775252085845	29674106.26123359	0	0	5444.831795377658	5449.764345461759	5450.909577382348	124.201969813508	478761428.3863776	246.2196507927577	-7823.75405	0	0	0	0	0.105658371499408	1.776819999990044	0.09999999999943968	1.509999999991539	172.4999999990334	0.09999999999943968	0.09999999999943968	4.919999999972433	91.18759999948904	91.18759999948904	80.38499999954958	80.38499999954958	124.201969813508	1	124.201969813508	0	1	0	0	1	0	5444.831795377658	5444.831795377658	5449.764345461759	5449.764345461759	21883.89742787219	21883.89742787219	5450.909577382348	5450.909577382348	5450.909576006431	0.9997417060059373	-0.02270141732547895	0.001080242451052426	0.02270420029344941	0.9997387466008362	-0.002637770654169216	-0.001020079101610956	0.00266161537482571	0.9999959376128602	-0.02270338090567357	0.001080242661145966	-0.002637775252085845	0.0005743707124154401	0.008672997757473143	0.9907894789166339	0.0005743707124154401	0.0005743707124154401	0.02825903905083965	0	0.0006068707411111023	0.01020553369234002	
280	19.44582784063449	246.2196507927577	2.71828	1.21358	1.16637e-05	0.2581069881028696	5.993044534209371	1.263861621190769	-1.238046052351134	-0.9302829541215486	13.23779961450413	4.615253460456734	-3.160756367224863	4.919999999972433	1.509999999991539	0.09999999999943968	0	0.105658371499408	0.09999999999943968	172.4999999990334	1.776819999990044	0.09999999999943968	91.18759999948904	0	0	0	3.14159	165.3220665983416	-4855.856771584628	-1861.268724098851	0	0	0	0	0	2	2.085	2.4952	0.00775795	0.1172	-0.02270338090567357	0.001080242661145966	-0.002637775252085845	29674106.26123359	0	0	5444.831795377658	5449.764345461759	5450.909577382348	124.201969813508	478761428.3863776	246.2196507927577	-7823.75405	0	0	0	0	0.105658371499408	1.776819999990044	0.09999999999943968	1.509999999991539	172.4999999990334	0.09999999999943968	0.09999999999943968	4.919999999972433	91.18759999948904	91.18759999948904	80.38499999954958	80.38499999954958	124.201969813508	1	124.201969813508	0	1	0	0	1	0	5444.831795377658	5444.831795377658	5449.764345461759	5449.764345461759	21883.89742787219	21883.89742787219	5450.909577382348	5450.909577382348	5450.909576006431	0.9997417060059373	-0.02270141732547895	0.001080242451052426	0.02270420029344941	0.9997387466008362	-0.002637770654169216	-0.001020079101610956	0.00266161537482571	0.9999959376128602	-0.02270338090567357	0.001080242661145966	-0.002637775252085845	0.0005743707124154401	0.008672997757473143	0.9907894789166339	0.0005743707124154401	0.0005743707124154401	0.02825903905083965	0	0.0006068707411111023	0.01020553369234002	
281	19.37662560632618	246.2196507927577	2.71828	1.21358	1.16637e-05	0.2581069881028696	5.993044534209371	1.263861621190769	-1.238046052351134	-0.9302829541215486	13.23779961450413	4.615253460456734	-3.160756367224863	4.919999999972433	1.509999999991539	0.09999999999943968	0	0.105658371499408	0.09999999999943968	172.4999999990334	1.776819999990044	0.09999999999943968	91.18759999948904	0	0	0	3.14159	165.3220665983416	-4855.856771584628	-1861.268724098851	0	0	0	0	0	2	2.085	2.4952	0.00775795	0.1172	-0.02270338090567357	0.001080242661145966	-0.002637775252085845	29674106.26123359	0	0	5444.831795377658	5449.764345461759	5450.909577382348	124.201969813508	478761428.3863776	246.2196507927577	-7823.75405	0	0	0	0	0.105658371499408	1.776819999990044	0.09999999999943968	1.509999999991539	172.4999999990334	0.09999999999943968	0.09999999999943968	4.919999999972433	91.18759999948904	91.18759999948904	80.38499999954958	80.38499999954958	124.201969813508	1	124.201969813508	0	1	0	0	1	0	5444.831795377658	5444.831795377658	5449.764345461759	5449.764345461759	21883.89742787219	21883.89742787219	5450.909577382348	5450.909577382348	5450.909576006431	0.9997417060059373	-0.02270141732547895	0.001080242451052426	0.02270420029344941	0.9997387466008362	-0.002637770654169216	-0.001020079101610956	0.00266161537482571	0.9999959376128602	-0.02270338090567357	0.001080242661145966	-0.002637775252085845	0.0005743707124154401	0.008672997757473143	0.9907894789166339	0.0005743707124154401	0.0005743707124154401	0.02825903905083965	0	0.0006068707411111023	0.01020553369234002	
282	19.30791416800588	246.2196507927577	2.71828	1.21358	1.16637e-05	0.2581069881028696	5.993044534209371	1.263861621190769	-1.238046052351134	-0.9302829541215486	13.23779961450413	4.615253460456734	-3.160756367224863	4.919999999972433	1.509999999991539	0.09999999999943968	0	0.105658371499408	0.09999999999943968	172.4999999990334	1.776819999990044	0.09999999999943968	91.18759999948904	0	0	0	3.14159	165.3220665983416	-4855.856771584628	-1861.268724098851	0	0	0	0	0	2	2.085	2.4952	0.00775795	0.1172	-0.02270338090567357	0.001080242661145966	-0.002637775252085845	29674106.26123359	0	0	5444.831795377658	5449.764345461759	5450.909577382348	124.201969813508	478761428.3863776	246.2196507927577	-7823.75405	0	0	0	0	0.105658371499408	1.776819999990044	0.09999999999943968	1.509999999991539	172.4999999990334	0.09999999999943968	0.09999999999943968	4.919999999972433	91.18759999948904	91.18759999948904	80.38499999954958	80.38499999954958	124.201969813508	1	124.201969813508	0	1	0	0	1	0	5444.831795377658	5444.831795377658	5449.764345461759	5449.764345461759	21883.89742787219	21883.89742787219	5450.909577382348	5450.909577382348	5450.909576006431	0.9997417060059373	-0.02270141732547895	0.001080242451052426	0.02270420029344941	0.9997387466008362	-0.002637770654169216	-0.001020079101610956	0.00266161537482571	0.9999959376128602	-0.02270338090567357	0.001080242661145966	-0.002637775252085845	0.0005743707124154401	0.008672997757473143	0.9907894789166339	0.0005743707124154401	0.0005743707124154401	0.02825903905083965	0	0.0006068707411111023	0.01020553369234002	
283	19.23968832288925	246.2196507927577	2.71828	1.21358	1.16637e-05	0.2581069881028696	5.993044534209371	1.263861621190769	-1.238046052351134	-0.9302829541215486	13.23779961450413	4.615253460456734	-3.160756367224863	4.919999999972433	1.509999999991539	0.09999999999943968	0	0.105658371499408	0.09999999999943968	172.4999999990334	1.776819999990044	0.09999999999943968	91.18759999948904	0	0	0	3.14159	165.3220665983416	-4855.856771584628	-1861.268724098851	0	0	0	0	0	2	2.085	2.4952	0.00775795	0.1172	-0.02270338090567357	0.001080242661145966	-0.002637775252085845	29674106.26123359	0	0	5444.831795377658	5449.764345461759	5450.909577382348	124.201969813508	478761428.3863776	246.2196507927577	-7823.75405	0	0	0	0	0.105658371499408	1.776819999990044	0.09999999999943968	1.509999999991539	172.4999999990334	0.09999999999943968	0.09999999999943968	4.919999999972433	91.18759999948904	91.18759999948904	80.38499999954958	80.38499999954958	124.201969813508	1	124.201969813508	0	1	0	0	1	0	5444.831795377658	5444.831795377658	5449.764345461759	5449.764345461759	21883.89742787219	21883.89742787219	5450.909577382348	5450.909577382348	5450.909576006431	0.9997417060059373	-0.02270141732547895	0.001080242451052426	0.02270420029344941	0.9997387466008362	-0.002637770654169216	-0.001020079101610956	0.00266161537482571	0.9999959376128602	-0.02270338090567357	0.001080242661145966	-0.002637775252085845	0.0005743707124154401	0.008672997757473143	0.9907894789166339	0.0005743707124154401	0.0005743707124154401	0.02825903905083965	0	0.0006068707411111023	0.01020553369234002	
284	19.17194294147063	246.2196507927577	2.71828	1.21358	1.16637e-05	0.2581069881028696	5.993044534209371	1.263861621190769	-1.238046052351134	-0.9302829541215486	13.23779961450413	4.615253460456734	-3.160756367224863	4.919999999972433	1.509999999991539	0.09999999999943968	0	0.105658371499408	0.09999999999943968	172.4999999990334	1.776819999990044	0.09999999999943968	91.18759999948904	0	0	0	3.14159	165.3220665983416	-4855.856771584628	-1861.268724098851	0	0	0	0	0	2	2.085	2.4952	0.00775795	0.1172	-0.02270338090567357	0.001080242661145966	-0.002637775252085845	29674106.26123359	0	0	5444.831795377658	5449.764345461759	5450.909577382348	124.201969813508	478761428.3863776	246.2196507927577	-7823.75405	0	0	0	0	0.105658371499408	1.776819999990044	0.09999999999943968	1.509999999991539	172.4999999990334	0.09999999999943968	0.09999999999943968	4.919999999972433	91.18759999948904	91.18759999948904	80.38499999954958	80.38499999954958	124.201969813508	1	124.201969813508	0	1	0	0	1	0	5444.831795377658	5444.831795377658	5449.764345461759	5449.764345461759	21883.89742787219	21883.89742787219	5450.909577382348	5450.909577382348	5450.909576006431	0.9997417060059373	-0.02270141732547895	0.001080242451052426	0.02270420029344941	0.9997387466008362	-0.002637770654169216	-0.001020079101610956	0.00266161537482571	0.9999959376128602	-0.02270338090567357	0.001080242661145966	-0.002637775252085845	0.0005743707124154401	0.008672997757473143	0.9907894789166339	0.0005743707124154401	0.0005743707124154401	0.02825903905083965	0	0.0006068707411111023	0.01020553369234002	
285	19.10467296623739	246.2196507927577	2.71828	1.21358	1.16637e-05	0.2581069881028696	5.993044534209371	1.263861621190769	-1.238046052351134	-0.9302829541215486	13.23779961450413	4.615253460456734	-3.160756367224863	4.919999999972433	1.509999999991539	0.09999999999943968	0	0.105658371499408	0.09999999999943968	172.4999999990334	1.776819999990044	0.09999999999943968	91.18759999948904	0	0	0	3.14159	165.3220665983416	-4855.856771584628	-1861.268724098851	0	0	0	0	0	2	2.085	2.4952	0.00775795	0.1172	-0.02270338090567357	0.001080242661145966	-0.002637775252085845	29674106.26123359	0	0	5444.831795377658	5449.764345461759	5450.909577382348	124.201969813508	478761428.3863776	246.2196507927577	-7823.75405	0	0	0	0	0.105658371499408	1.776819999990044	0.09999999999943968	1.509999999991539	172.4999999990334	0.09999999999943968	0.09999999999943968	4.919999999972433	91.18759999948904	91.18759999948904	80.38499999954958	80.38499999954958	124.201969813508	1	124.201969813508	0	1	0	0	1	0	5444.831795377658	5444.831795377658	5449.764345461759	5449.764345461759	21883.89742787219	21883.89742787219	5450.909577382348	5450.909577382348	5450.909576006431	0.9997417060059373	-0.02270141732547895	0.001080242451052426	0.02270420029344941	0.9997387466008362	-0.002637770654169216	-0.001020079101610956	0.00266161537482571	0.9999959376128602	-0.02270338090567357	0.001080242661145966	-0.002637775252085845	0.0005743707124154401	0.008672997757473143	0.9907894789166339	0.0005743707124154401	0.0005743707124154401	0.02825903905083965	0	0.0006068707411111023	0.01020553369234002	
286	19.03787341041139	246.2196507927577	2.71828	1.21358	1.16637e-05	0.2581069881028696	5.993044534209371	1.263861621190769	-1.238046052351134	-0.9302829541215486	13.23779961450413	4.615253460456734	-3.160756367224863	4.919999999972433	1.509999999991539	0.09999999999943968	0	0.105658371499408	0.09999999999943968	172.4999999990334	1.776819999990044	0.09999999999943968	91.18759999948904	0	0	0	3.14159	165.3220665983416	-4855.856771584628	-1861.268724098851	0	0	0	0	0	2	2.085	2.4952	0.00775795	0.1172	-0.02270338090567357	0.001080242661145966	-0.002637775252085845	29674106.26123359	0	0	5444.831795377658	5449.764345461759	5450.909577382348	124.201969813508	478761428.3863776	246.2196507927577	-7823.75405	0	0	0	0	0.105658371499408	1.776819999990044	0.09999999999943968	1.509999999991539	172.4999999990334	0.09999999999943968	0.09999999999943968	4.919999999972433	91.18759999948904	91.18759999948904	80.38499999954958	80.38499999954958	124.201969813508	1	124.201969813508	0	1	0	0	1	0	5444.831795377658	5444.831795377658	5449.764345461759	5449.764345461759	21883.89742787219	21883.89742787219	5450.909577382348	5450.909577382348	5450.909576006431	0.9997417060059373	-0.02270141732547895	0.001080242451052426	0.02270420029344941	0.9997387466008362	-0.002637770654169216	-0.001020079101610956	0.00266161537482571	0.9999959376128602	-0.02270338090567357	0.001080242661145966	-0.002637775252085845	0.0005743707124154401	0.008672997757473143	0.9907894789166339	0.0005743707124154401	0.0005743707124154401	0.02825903905083965	0	0.0006068707411111023	0.01020553369234002	
287	18.97153935671658	246.2196507927577	2.71828	1.21358	1.16637e-05	0.2581069881028696	5.993044534209371	1.263861621190769	-1.238046052351134	-0.9302829541215486	13.23779961450413	4.615253460456734	-3.160756367224863	4.919999999972433	1.509999999991539	0.09999999999943968	0	0.105658371499408	0.09999999999943968	172.4999999990334	1.776819999990044	0.09999999999943968	91.18759999948904	0	0	0	3.14159	165.3220665983416	-4855.856771584628	-1861.268724098851	0	0	0	0	0	2	2.085	2.4952	0.00775795	0.1172	-0.02270338090567357	0.001080242661145966	-0.002637775252085845	29674106.26123359	0	0	5444.831795377658	5449.764345461759	5450.909577382348	124.201969813508	478761428.3863776	246.2196507927577	-7823.75405	0	0	0	0	0.105658371499408	1.776819999990044	0.09999999999943968	1.509999999991539	172.4999999990334	0.09999999999943968	0.09999999999943968	4.919999999972433	91.18759999948904	91.18759999948904	80.38499999954958	80.38499999954958	124.201969813508	1	124.201969813508	0	1	0	0	1	0	5444.831795377658	5444.831795377658	5449.764345461759	5449.764345461759	21883.89742787219	21883.89742787219	5450.909577382348	5450.909577382348	5450.909576006431	0.9997417060059373	-0.02270141732547895	0.001080242451052426	0.02270420029344941	0.9997387466008362	-0.002637770654169216	-0.001020079101610956	0.00266161537482571	0.9999959376128602	-0.02270338090567357	0.001080242661145966	-0.002637775252085845	0.0005743707124154401	0.008672997757473143	0.9907894789166339	0.0005743707124154401	0.0005743707124154401	0.02825903905083965	0	0.0006068707411111023	0.01020553369234002	
288	18.90566595617242	246.2196507927577	2.71828	1.21358	1.16637e-05	0.2581069881028696	5.993044534209371	1.263861621190769	-1.238046052351134	-0.9302829541215486	13.23779961450413	4.615253460456734	-3.160756367224863	4.919999999972433	1.509999999991539	0.09999999999943968	0	0.105658371499408	0.09999999999943968	172.4999999990334	1.776819999990044	0.09999999999943968	91.18759999948904	0	0	0	3.14159	165.3220665983416	-4855.856771584628	-1861.268724098851	0	0	0	0	0	2	2.085	2.4952	0.00775795	0.1172	-0.02270338090567357	0.001080242661145966	-0.002637775252085845	29674106.26123359	0	0	5444.831795377658	5449.764345461759	5450.909577382348	124.201969813508	478761428.3863776	246.2196507927577	-7823.75405	0	0	0	0	0.105658371499408	1.776819999990044	0.09999999999943968	1.509999999991539	172.4999999990334	0.09999999999943968	0.09999999999943968	4.919999999972433	91.18759999948904	91.18759999948904	80.38499999954958	80.38499999954958	124.201969813508	1	124.201969813508	0	1	0	0	1	0	5444.831795377658	5444.831795377658	5449.764345461759	5449.764345461759	21883.89742787219	21883.89742787219	5450.909577382348	5450.909577382348	5450.909576006431	0.9997417060059373	-0.02270141732547895	0.001080242451052426	0.02270420029344941	0.9997387466008362	-0.002637770654169216	-0.001020079101610956	0.00266161537482571	0.9999959376128602	-0.02270338090567357	0.001080242661145966	-0.002637775252085845	0.0005743707124154401	0.008672997757473143	0.9907894789166339	0.0005743707124154401	0.0005743707124154401	0.02825903905083965	0	0.0006068707411111023	0.01020553369234002	
289	18.84024842691231	246.2196507927577	2.71828	1.21358	1.16637e-05	0.2581069881028696	5.993044534209371	1.263861621190769	-1.238046052351134	-0.9302829541215486	13.23779961450413	4.615253460456734	-3.160756367224863	4.919999999972433	1.509999999991539	0.09999999999943968	0	0.105658371499408	0.09999999999943968	172.4999999990334	1.776819999990044	0.09999999999943968	91.18759999948904	0	0	0	3.14159	165.3220665983416	-4855.856771584628	-1861.268724098851	0	0	0	0	0	2	2.085	2.4952	0.00775795	0.1172	-0.02270338090567357	0.001080242661145966	-0.002637775252085845	29674106.26123359	0	0	5444.831795377658	5449.764345461759	5450.909577382348	124.201969813508	478761428.3863776	246.2196507927577	-7823.75405	0	0	0	0	0.105658371499408	1.776819999990044	0.09999999999943968	1.509999999991539	172.4999999990334	0.09999999999943968	0.09999999999943968	4.919999999972433	91.18759999948904	91.18759999948904	80.38499999954958	80.38499999954958	124.201969813508	1	124.201969813508	0	1	0	0	1	0	5444.831795377658	5444.831795377658	5449.764345461759	5449.764345461759	21883.89742787219	21883.89742787219	5450.909577382348	5450.909577382348	5450.909576006431	0.9997417060059373	-0.02270141732547895	0.001080242451052426	0.02270420029344941	0.9997387466008362	-0.002637770654169216	-0.001020079101610956	0.00266161537482571	0.9999959376128602	-0.02270338090567357	0.001080242661145966	-0.002637775252085845	0.0005743707124154401	0.008672997757473143	0.9907894789166339	0.0005743707124154401	0.0005743707124154401	0.02825903905083965	0	0.0006068707411111023	0.01020553369234002	
290	18.77528205302641	246.2196507927577	2.71828	1.21358	1.16637e-05	0.2581069881028696	5.993044534209371	1.263861621190769	-1.238046052351134	-0.9302829541215486	13.23779961450413	4.615253460456734	-3.160756367224863	4.919999999972433	1.509999999991539	0.09999999999943968	0	0.105658371499408	0.09999999999943968	172.4999999990334	1.776819999990044	0.09999999999943968	91.18759999948904	0	0	0	3.14159	165.3220665983416	-4855.856771584628	-1861.268724098851	0	0	0	0	0	2	2.085	2.4952	0.00775795	0.1172	-0.02270338090567357	0.001080242661145966	-0.002637775252085845	29674106.26123359	0	0	5444.831795377658	5449.764345461759	5450.909577382348	124.201969813508	478761428.3863776	246.2196507927577	-7823.75405	0	0	0	0	0.105658371499408	1.776819999990044	0.09999999999943968	1.509999999991539	172.4999999990334	0.09999999999943968	0.09999999999943968	4.919999999972433	91.18759999948904	91.18759999948904	80.38499999954958	80.38499999954958	124.201969813508	1	124.201969813508	0	1	0	0	1	0	5444.831795377658	5444.831795377658	5449.764345461759	5449.764345461759	21883.89742787219	21883.89742787219	5450.909577382348	5450.909577382348	5450.909576006431	0.9997417060059373	-0.02270141732547895	0.001080242451052426	0.02270420029344941	0.9997387466008362	-0.002637770654169216	-0.001020079101610956	0.00266161537482571	0.9999959376128602	-0.02270338090567357	0.001080242661145966	-0.002637775252085845	0.0005743707124154401	0.008672997757473143	0.9907894789166339	0.0005743707124154401	0.0005743707124154401	0.02825903905083965	0	0.0006068707411111023	0.01020553369234002	
291	18.71076218342838	246.2196507927577	2.71828	1.21358	1.16637e-05	0.2581069881028696	5.993044534209371	1.263861621190769	-1.238046052351134	-0.9302829541215486	13.23779961450413	4.615253460456734	-3.160756367224863	4.919999999972433	1.509999999991539	0.09999999999943968	0	0.105658371499408	0.09999999999943968	172.4999999990334	1.776819999990044	0.09999999999943968	91.18759999948904	0	0	0	3.14159	165.3220665983416	-4855.856771584628	-1861.268724098851	0	0	0	0	0	2	2.085	2.4952	0.00775795	0.1172	-0.02270338090567357	0.001080242661145966	-0.002637775252085845	29674106.26123359	0	0	5444.831795377658	5449.764345461759	5450.909577382348	124.201969813508	478761428.3863776	246.2196507927577	-7823.75405	0	0	0	0	0.105658371499408	1.776819999990044	0.09999999999943968	1.509999999991539	172.4999999990334	0.09999999999943968	0.09999999999943968	4.919999999972433	91.18759999948904	91.18759999948904	80.38499999954958	80.38499999954958	124.201969813508	1	124.201969813508	0	1	0	0	1	0	5444.831795377658	5444.831795377658	5449.764345461759	5449.764345461759	21883.89742787219	21883.89742787219	5450.909577382348	5450.909577382348	5450.909576006431	0.9997417060059373	-0.02270141732547895	0.001080242451052426	0.02270420029344941	0.9997387466008362	-0.002637770654169216	-0.001020079101610956	0.00266161537482571	0.9999959376128602	-0.02270338090567357	0.001080242661145966	-0.002637775252085845	0.0005743707124154401	0.008672997757473143	0.9907894789166339	0.0005743707124154401	0.0005743707124154401	0.02825903905083965	0	0.0006068707411111023	0.01020553369234002	
292	18.6466842307454	246.2196507927577	2.71828	1.21358	1.16637e-05	0.2581069881028696	5.993044534209371	1.263861621190769	-1.238046052351134	-0.9302829541215486	13.23779961450413	4.615253460456734	-3.160756367224863	4.919999999972433	1.509999999991539	0.09999999999943968	0	0.105658371499408	0.09999999999943968	172.4999999990334	1.776819999990044	0.09999999999943968	91.18759999948904	0	0	0	3.14159	165.3220665983416	-4855.856771584628	-1861.268724098851	0	0	0	0	0	2	2.085	2.4952	0.00775795	0.1172	-0.02270338090567357	0.001080242661145966	-0.002637775252085845	29674106.26123359	0	0	5444.831795377658	5449.764345461759	5450.909577382348	124.201969813508	478761428.3863776	246.2196507927577	-7823.75405	0	0	0	0	0.105658371499408	1.776819999990044	0.09999999999943968	1.509999999991539	172.4999999990334	0.09999999999943968	0.09999999999943968	4.919999999972433	91.18759999948904	91.18759999948904	80.38499999954958	80.38499999954958	124.201969813508	1	124.201969813508	0	1	0	0	1	0	5444.831795377658	5444.831795377658	5449.764345461759	5449.764345461759	21883.89742787219	21883.89742787219	5450.909577382348	5450.909577382348	5450.909576006431	0.9997417060059373	-0.02270141732547895	0.001080242451052426	0.02270420029344941	0.9997387466008362	-0.002637770654169216	-0.001020079101610956	0.00266161537482571	0.9999959376128602	-0.02270338090567357	0.001080242661145966	-0.002637775252085845	0.0005743707124154401	0.008672997757473143	0.9907894789166339	0.0005743707124154401	0.0005743707124154401	0.02825903905083965	0	0.0006068707411111023	0.01020553369234002	
293	18.58304367023091	246.2196507927577	2.71828	1.21358	1.16637e-05	0.2581069881028696	5.993044534209371	1.263861621190769	-1.238046052351134	-0.9302829541215486	13.23779961450413	4.615253460456734	-3.160756367224863	4.919999999972433	1.509999999991539	0.09999999999943968	0	0.105658371499408	0.09999999999943968	172.4999999990334	1.776819999990044	0.09999999999943968	91.18759999948904	0	0	0	3.14159	165.3220665983416	-4855.856771584628	-1861.268724098851	0	0	0	0	0	2	2.085	2.4952	0.00775795	0.1172	-0.02270338090567357	0.001080242661145966	-0.002637775252085845	29674106.26123359	0	0	5444.831795377658	5449.764345461759	5450.909577382348	124.201969813508	478761428.3863776	246.2196507927577	-7823.75405	0	0	0	0	0.105658371499408	1.776819999990044	0.09999999999943968	1.509999999991539	172.4999999990334	0.09999999999943968	0.09999999999943968	4.919999999972433	91.18759999948904	91.18759999948904	80.38499999954958	80.38499999954958	124.201969813508	1	124.201969813508	0	1	0	0	1	0	5444.831795377658	5444.831795377658	5449.764345461759	5449.764345461759	21883.89742787219	21883.89742787219	5450.909577382348	5450.909577382348	5450.909576006431	0.9997417060059373	-0.02270141732547895	0.001080242451052426	0.02270420029344941	0.9997387466008362	-0.002637770654169216	-0.001020079101610956	0.00266161537482571	0.9999959376128602	-0.02270338090567357	0.001080242661145966	-0.002637775252085845	0.0005743707124154401	0.008672997757473143	0.9907894789166339	0.0005743707124154401	0.0005743707124154401	0.02825903905083965	0	0.0006068707411111023	0.01020553369234002	
294	18.51983603869952	246.2196507927577	2.71828	1.21358	1.16637e-05	0.2581069881028696	5.993044534209371	1.263861621190769	-1.238046052351134	-0.9302829541215486	13.23779961450413	4.615253460456734	-3.160756367224863	4.919999999972433	1.509999999991539	0.09999999999943968	0	0.105658371499408	0.09999999999943968	172.4999999990334	1.776819999990044	0.09999999999943968	91.18759999948904	0	0	0	3.14159	165.3220665983416	-4855.856771584628	-1861.268724098851	0	0	0	0	0	2	2.085	2.4952	0.00775795	0.1172	-0.02270338090567357	0.001080242661145966	-0.002637775252085845	29674106.26123359	0	0	5444.831795377658	5449.764345461759	5450.909577382348	124.201969813508	478761428.3863776	246.2196507927577	-7823.75405	0	0	0	0	0.105658371499408	1.776819999990044	0.09999999999943968	1.509999999991539	172.4999999990334	0.09999999999943968	0.09999999999943968	4.919999999972433	91.18759999948904	91.18759999948904	80.38499999954958	80.38499999954958	124.201969813508	1	124.201969813508	0	1	0	0	1	0	5444.831795377658	5444.831795377658	5449.764345461759	5449.764345461759	21883.89742787219	21883.89742787219	5450.909577382348	5450.909577382348	5450.909576006431	0.9997417060059373	-0.02270141732547895	0.001080242451052426	0.02270420029344941	0.9997387466008362	-0.002637770654169216	-0.001020079101610956	0.00266161537482571	0.9999959376128602	-0.02270338090567357	0.001080242661145966	-0.002637775252085845	0.0005743707124154401	0.008672997757473143	0.9907894789166339	0.0005743707124154401	0.0005743707124154401	0.02825903905083965	0	0.0006068707411111023	0.01020553369234002	
295	18.45705693348359	246.2196507927577	2.71828	1.21358	1.16637e-05	0.2581069881028696	5.993044534209371	1.263861621190769	-1.238046052351134	-0.9302829541215486	13.23779961450413	4.615253460456734	-3.160756367224863	4.919999999972433	1.509999999991539	0.09999999999943968	0	0.105658371499408	0.09999999999943968	172.4999999990334	1.776819999990044	0.09999999999943968	91.18759999948904	0	0	0	3.14159	165.3220665983416	-4855.856771584628	-1861.268724098851	0	0	0	0	0	2	2.085	2.4952	0.00775795	0.1172	-0.02270338090567357	0.001080242661145966	-0.002637775252085845	29674106.26123359	0	0	5444.831795377658	5449.764345461759	5450.909577382348	124.201969813508	478761428.3863776	246.2196507927577	-7823.75405	0	0	0	0	0.105658371499408	1.776819999990044	0.09999999999943968	1.509999999991539	172.4999999990334	0.09999999999943968	0.09999999999943968	4.919999999972433	91.18759999948904	91.18759999948904	80.38499999954958	80.38499999954958	124.201969813508	1	124.201969813508	0	1	0	0	1	0	5444.831795377658	5444.831795377658	5449.764345461759	5449.764345461759	21883.89742787219	21883.89742787219	5450.909577382348	5450.909577382348	5450.909576006431	0.9997417060059373	-0.02270141732547895	0.001080242451052426	0.02270420029344941	0.9997387466008362	-0.002637770654169216	-0.001020079101610956	0.00266161537482571	0.9999959376128602	-0.02270338090567357	0.001080242661145966	-0.002637775252085845	0.0005743707124154401	0.008672997757473143	0.9907894789166339	0.0005743707124154401	0.0005743707124154401	0.02825903905083965	0	0.0006068707411111023	0.01020553369234002	
296	18.39470201141101	246.2196507927577	2.71828	1.21358	1.16637e-05	0.2581069881028696	5.993044534209371	1.263861621190769	-1.238046052351134	-0.9302829541215486	13.23779961450413	4.615253460456734	-3.160756367224863	4.919999999972433	1.509999999991539	0.09999999999943968	0	0.105658371499408	0.09999999999943968	172.4999999990334	1.776819999990044	0.09999999999943968	91.18759999948904	0	0	0	3.14159	165.3220665983416	-4855.856771584628	-1861.268724098851	0	0	0	0	0	2	2.085	2.4952	0.00775795	0.1172	-0.02270338090567357	0.001080242661145966	-0.002637775252085845	29674106.26123359	0	0	5444.831795377658	5449.764345461759	5450.909577382348	124.201969813508	478761428.3863776	246.2196507927577	-7823.75405	0	0	0	0	0.105658371499408	1.776819999990044	0.09999999999943968	1.509999999991539	172.4999999990334	0.09999999999943968	0.09999999999943968	4.919999999972433	91.18759999948904	91.18759999948904	80.38499999954958	80.38499999954958	124.201969813508	1	124.201969813508	0	1	0	0	1	0	5444.831795377658	5444.831795377658	5449.764345461759	5449.764345461759	21883.89742787219	21883.89742787219	5450.909577382348	5450.909577382348	5450.909576006431	0.9997417060059373	-0.02270141732547895	0.001080242451052426	0.02270420029344941	0.9997387466008362	-0.002637770654169216	-0.001020079101610956	0.00266161537482571	0.9999959376128602	-0.02270338090567357	0.001080242661145966	-0.002637775252085845	0.0005743707124154401	0.008672997757473143	0.9907894789166339	0.0005743707124154401	0.0005743707124154401	0.02825903905083965	0	0.0006068707411111023	0.01020553369234002	
297	18.33276698780356	246.2196507927577	2.71828	1.21358	1.16637e-05	0.2581069881028696	5.993044534209371	1.263861621190769	-1.238046052351134	-0.9302829541215486	13.23779961450413	4.615253460456734	-3.160756367224863	4.919999999972433	1.509999999991539	0.09999999999943968	0	0.105658371499408	0.09999999999943968	172.4999999990334	1.776819999990044	0.09999999999943968	91.18759999948904	0	0	0	3.14159	165.3220665983416	-4855.856771584628	-1861.268724098851	0	0	0	0	0	2	2.085	2.4952	0.00775795	0.1172	-0.02270338090567357	0.001080242661145966	-0.002637775252085845	29674106.26123359	0	0	5444.831795377658	5449.764345461759	5450.909577382348	124.201969813508	478761428.3863776	246.2196507927577	-7823.75405	0	0	0	0	0.105658371499408	1.776819999990044	0.09999999999943968	1.509999999991539	172.4999999990334	0.09999999999943968	0.09999999999943968	4.919999999972433	91.18759999948904	91.18759999948904	80.38499999954958	80.38499999954958	124.201969813508	1	124.201969813508	0	1	0	0	1	0	5444.831795377658	5444.831795377658	5449.764345461759	5449.764345461759	21883.89742787219	21883.89742787219	5450.909577382348	5450.909577382348	5450.909576006431	0.9997417060059373	-0.02270141732547895	0.001080242451052426	0.02270420029344941	0.9997387466008362	-0.002637770654169216	-0.001020079101610956	0.00266161537482571	0.9999959376128602	-0.02270338090567357	0.001080242661145966	-0.002637775252085845	0.0005743707124154401	0.008672997757473143	0.9907894789166339	0.0005743707124154401	0.0005743707124154401	0.02825903905083965	0	0.0006068707411111023	0.01020553369234002	
298	18.2712476354955	246.2196507927577	2.71828	1.21358	1.16637e-05	0.2581069881028696	5.993044534209371	1.263861621190769	-1.238046052351134	-0.9302829541215486	13.23779961450413	4.615253460456734	-3.160756367224863	4.919999999972433	1.509999999991539	0.09999999999943968	0	0.105658371499408	0.09999999999943968	172.4999999990334	1.776819999990044	0.09999999999943968	91.18759999948904	0	0	0	3.14159	165.3220665983416	-4855.856771584628	-1861.268724098851	0	0	0	0	0	2	2.085	2.4952	0.00775795	0.1172	-0.02270338090567357	0.001080242661145966	-0.002637775252085845	29674106.26123359	0	0	5444.831795377658	5449.764345461759	5450.909577382348	124.201969813508	478761428.3863776	246.2196507927577	-7823.75405	0	0	0	0	0.105658371499408	1.776819999990044	0.09999999999943968	1.509999999991539	172.4999999990334	0.09999999999943968	0.09999999999943968	4.919999999972433	91.18759999948904	91.18759999948904	80.38499999954958	80.38499999954958	124.201969813508	1	124.201969813508	0	1	0	0	1	0	5444.831795377658	5444.831795377658	5449.764345461759	5449.764345461759	21883.89742787219	21883.89742787219	5450.909577382348	5450.909577382348	5450.909576006431	0.9997417060059373	-0.02270141732547895	0.001080242451052426	0.02270420029344941	0.9997387466008362	-0.002637770654169216	-0.001020079101610956	0.00266161537482571	0.9999959376128602	-0.02270338090567357	0.001080242661145966	-0.002637775252085845	0.0005743707124154401	0.008672997757473143	0.9907894789166339	0.0005743707124154401	0.0005743707124154401	0.02825903905083965	0	0.0006068707411111023	0.01020553369234002	
299	18.21013978387176	246.2196507927577	2.71828	1.21358	1.16637e-05	0.2581069881028696	5.993044534209371	1.263861621190769	-1.238046052351134	-0.9302829541215486	13.23779961450413	4.615253460456734	-3.160756367224863	4.919999999972433	1.509999999991539	0.09999999999943968	0	0.105658371499408	0.09999999999943968	172.4999999990334	1.776819999990044	0.09999999999943968	91.18759999948904	0	0	0	3.14159	165.3220665983416	-4855.856771584628	-1861.268724098851	0	0	0	0	0	2	2.085	2.4952	0.00775795	0.1172	-0.02270338090567357	0.001080242661145966	-0.002637775252085845	29674106.26123359	0	0	5444.831795377658	5449.764345461759	5450.909577382348	124.201969813508	478761428.3863776	246.2196507927577	-7823.75405	0	0	0	0	0.105658371499408	1.776819999990044	0.09999999999943968	1.509999999991539	172.4999999990334	0.09999999999943968	0.09999999999943968	4.919999999972433	91.18759999948904	91.18759999948904	80.38499999954958	80.38499999954958	124.201969813508	1	124.201969813508	0	1	0	0	1	0	5444.831795377658	5444.831795377658	5449.764345461759	5449.764345461759	21883.89742787219	21883.89742787219	5450.909577382348	5450.909577382348	5450.909576006431	0.9997417060059373	-0.02270141732547895	0.001080242451052426	0.02270420029344941	0.9997387466008362	-0.002637770654169216	-0.001020079101610956	0.00266161537482571	0.9999959376128602	-0.02270338090567357	0.001080242661145966	-0.002637775252085845	0.0005743707124154401	0.008672997757473143	0.9907894789166339	0.0005743707124154401	0.0005743707124154401	0.02825903905083965	0	0.0006068707411111023	0.01020553369234002	
300	18.14943931792553	246.2196507927577	2.71828	1.21358	1.16637e-05	0.2581069881028696	5.993044534209371	1.263861621190769	-1.238046052351134	-0.9302829541215486	13.23779961450413	4.615253460456734	-3.160756367224863	4.919999999972433	1.509999999991539	0.09999999999943968	0	0.105658371499408	0.09999999999943968	172.4999999990334	1.776819999990044	0.09999999999943968	91.18759999948904	0	0	0	3.14159	165.3220665983416	-4855.856771584628	-1861.268724098851	0	0	0	0	0	2	2.085	2.4952	0.00775795	0.1172	-0.02270338090567357	0.001080242661145966	-0.002637775252085845	29674106.26123359	0	0	5444.831795377658	5449.764345461759	5450.909577382348	124.201969813508	478761428.3863776	246.2196507927577	-7823.75405	0	0	0	0	0.105658371499408	1.776819999990044	0.09999999999943968	1.509999999991539	172.4999999990334	0.09999999999943968	0.09999999999943968	4.919999999972433	91.18759999948904	91.18759999948904	80.38499999954958	80.38499999954958	124.201969813508	1	124.201969813508	0	1	0	0	1	0	5444.831795377658	5444.831795377658	5449.764345461759	5449.764345461759	21883.89742787219	21883.89742787219	5450.909577382348	5450.909577382348	5450.909576006431	0.9997417060059373	-0.02270141732547895	0.001080242451052426	0.02270420029344941	0.9997387466008362	-0.002637770654169216	-0.001020079101610956	0.00266161537482571	0.9999959376128602	-0.02270338090567357	0.001080242661145966	-0.002637775252085845	0.0005743707124154401	0.008672997757473143	0.9907894789166339	0.0005743707124154401	0.0005743707124154401	0.02825903905083965	0	0.0006068707411111023	0.01020553369234002	
301	18.08914217733441	246.2196507927577	2.71828	1.21358	1.16637e-05	0.2581069881028696	5.993044534209371	1.263861621190769	-1.238046052351134	-0.9302829541215486	13.23779961450413	4.615253460456734	-3.160756367224863	4.919999999972433	1.509999999991539	0.09999999999943968	0	0.105658371499408	0.09999999999943968	172.4999999990334	1.776819999990044	0.09999999999943968	91.18759999948904	0	0	0	3.14159	165.3220665983416	-4855.856771584628	-1861.268724098851	0	0	0	0	0	2	2.085	2.4952	0.00775795	0.1172	-0.02270338090567357	0.001080242661145966	-0.002637775252085845	29674106.26123359	0	0	5444.831795377658	5449.764345461759	5450.909577382348	124.201969813508	478761428.3863776	246.2196507927577	-7823.75405	0	0	0	0	0.105658371499408	1.776819999990044	0.09999999999943968	1.509999999991539	172.4999999990334	0.09999999999943968	0.09999999999943968	4.919999999972433	91.18759999948904	91.18759999948904	80.38499999954958	80.38499999954958	124.201969813508	1	124.201969813508	0	1	0	0	1	0	5444.831795377658	5444.831795377658	5449.764345461759	5449.764345461759	21883.89742787219	21883.89742787219	5450.909577382348	5450.909577382348	5450.909576006431	0.9997417060059373	-0.02270141732547895	0.001080242451052426	0.02270420029344941	0.9997387466008362	-0.002637770654169216	-0.001020079101610956	0.00266161537482571	0.9999959376128602	-0.02270338090567357	0.001080242661145966	-0.002637775252085845	0.0005743707124154401	0.008672997757473143	0.9907894789166339	0.0005743707124154401	0.0005743707124154401	0.02825903905083965	0	0.0006068707411111023	0.01020553369234002	
302	18.02924435555516	246.2196507927577	2.71828	1.21358	1.16637e-05	0.2581069881028696	5.993044534209371	1.263861621190769	-1.238046052351134	-0.9302829541215486	13.23779961450413	4.615253460456734	-3.160756367224863	4.919999999972433	1.509999999991539	0.09999999999943968	0	0.105658371499408	0.09999999999943968	172.4999999990334	1.776819999990044	0.09999999999943968	91.18759999948904	0	0	0	3.14159	165.3220665983416	-4855.856771584628	-1861.268724098851	0	0	0	0	0	2	2.085	2.4952	0.00775795	0.1172	-0.02270338090567357	0.001080242661145966	-0.002637775252085845	29674106.26123359	0	0	5444.831795377658	5449.764345461759	5450.909577382348	124.201969813508	478761428.3863776	246.2196507927577	-7823.75405	0	0	0	0	0.105658371499408	1.776819999990044	0.09999999999943968	1.509999999991539	172.4999999990334	0.09999999999943968	0.09999999999943968	4.919999999972433	91.18759999948904	91.18759999948904	80.38499999954958	80.38499999954958	124.201969813508	1	124.201969813508	0	1	0	0	1	0	5444.831795377658	5444.831795377658	5449.764345461759	5449.764345461759	21883.89742787219	21883.89742787219	5450.909577382348	5450.909577382348	5450.909576006431	0.9997417060059373	-0.02270141732547895	0.001080242451052426	0.02270420029344941	0.9997387466008362	-0.002637770654169216	-0.001020079101610956	0.00266161537482571	0.9999959376128602	-0.02270338090567357	0.001080242661145966	-0.002637775252085845	0.0005743707124154401	0.008672997757473143	0.9907894789166339	0.0005743707124154401	0.0005743707124154401	0.02825903905083965	0	0.0006068707411111023	0.01020553369234002	
303	17.96974189893616	246.2196507927577	2.71828	1.21358	1.16637e-05	0.2581069881028696	5.993044534209371	1.263861621190769	-1.238046052351134	-0.9302829541215486	13.23779961450413	4.615253460456734	-3.160756367224863	4.919999999972433	1.509999999991539	0.09999999999943968	0	0.105658371499408	0.09999999999943968	172.4999999990334	1.776819999990044	0.09999999999943968	91.18759999948904	0	0	0	3.14159	165.3220665983416	-4855.856771584628	-1861.268724098851	0	0	0	0	0	2	2.085	2.4952	0.00775795	0.1172	-0.02270338090567357	0.001080242661145966	-0.002637775252085845	29674106.26123359	0	0	5444.831795377658	5449.764345461759	5450.909577382348	124.201969813508	478761428.3863776	246.2196507927577	-7823.75405	0	0	0	0	0.105658371499408	1.776819999990044	0.09999999999943968	1.509999999991539	172.4999999990334	0.09999999999943968	0.09999999999943968	4.919999999972433	91.18759999948904	91.18759999948904	80.38499999954958	80.38499999954958	124.201969813508	1	124.201969813508	0	1	0	0	1	0	5444.831795377658	5444.831795377658	5449.764345461759	5449.764345461759	21883.89742787219	21883.89742787219	5450.909577382348	5450.909577382348	5450.909576006431	0.9997417060059373	-0.02270141732547895	0.001080242451052426	0.02270420029344941	0.9997387466008362	-0.002637770654169216	-0.001020079101610956	0.00266161537482571	0.9999959376128602	-0.02270338090567357	0.001080242661145966	-0.002637775252085845	0.0005743707124154401	0.008672997757473143	0.9907894789166339	0.0005743707124154401	0.0005743707124154401	0.02825903905083965	0	0.0006068707411111023	0.01020553369234002	
304	17.91063090584756	246.2196507927577	2.71828	1.21358	1.16637e-05	0.2581069881028696	5.993044534209371	1.263861621190769	-1.238046052351134	-0.9302829541215486	13.23779961450413	4.615253460456734	-3.160756367224863	4.919999999972433	1.509999999991539	0.09999999999943968	0	0.105658371499408	0.09999999999943968	172.4999999990334	1.776819999990044	0.09999999999943968	91.18759999948904	0	0	0	3.14159	165.3220665983416	-4855.856771584628	-1861.268724098851	0	0	0	0	0	2	2.085	2.4952	0.00775795	0.1172	-0.02270338090567357	0.001080242661145966	-0.002637775252085845	29674106.26123359	0	0	5444.831795377658	5449.764345461759	5450.909577382348	124.201969813508	478761428.3863776	246.2196507927577	-7823.75405	0	0	0	0	0.105658371499408	1.776819999990044	0.09999999999943968	1.509999999991539	172.4999999990334	0.09999999999943968	0.09999999999943968	4.919999999972433	91.18759999948904	91.18759999948904	80.38499999954958	80.38499999954958	124.201969813508	1	124.201969813508	0	1	0	0	1	0	5444.831795377658	5444.831795377658	5449.764345461759	5449.764345461759	21883.89742787219	21883.89742787219	5450.909577382348	5450.909577382348	5450.909576006431	0.9997417060059373	-0.02270141732547895	0.001080242451052426	0.02270420029344941	0.9997387466008362	-0.002637770654169216	-0.001020079101610956	0.00266161537482571	0.9999959376128602	-0.02270338090567357	0.001080242661145966	-0.002637775252085845	0.0005743707124154401	0.008672997757473143	0.9907894789166339	0.0005743707124154401	0.0005743707124154401	0.02825903905083965	0	0.0006068707411111023	0.01020553369234002	
305	17.85190752582839	246.2196507927577	2.71828	1.21358	1.16637e-05	0.2581069881028696	5.993044534209371	1.263861621190769	-1.238046052351134	-0.9302829541215486	13.23779961450413	4.615253460456734	-3.160756367224863	4.919999999972433	1.509999999991539	0.09999999999943968	0	0.105658371499408	0.09999999999943968	172.4999999990334	1.776819999990044	0.09999999999943968	91.18759999948904	0	0	0	3.14159	165.3220665983416	-4855.856771584628	-1861.268724098851	0	0	0	0	0	2	2.085	2.4952	0.00775795	0.1172	-0.02270338090567357	0.001080242661145966	-0.002637775252085845	29674106.26123359	0	0	5444.831795377658	5449.764345461759	5450.909577382348	124.201969813508	478761428.3863776	246.2196507927577	-7823.75405	0	0	0	0	0.105658371499408	1.776819999990044	0.09999999999943968	1.509999999991539	172.4999999990334	0.09999999999943968	0.09999999999943968	4.919999999972433	91.18759999948904	91.18759999948904	80.38499999954958	80.38499999954958	124.201969813508	1	124.201969813508	0	1	0	0	1	0	5444.831795377658	5444.831795377658	5449.764345461759	5449.764345461759	21883.89742787219	21883.89742787219	5450.909577382348	5450.909577382348	5450.909576006431	0.9997417060059373	-0.02270141732547895	0.001080242451052426	0.02270420029344941	0.9997387466008362	-0.002637770654169216	-0.001020079101610956	0.00266161537482571	0.9999959376128602	-0.02270338090567357	0.001080242661145966	-0.002637775252085845	0.0005743707124154401	0.008672997757473143	0.9907894789166339	0.0005743707124154401	0.0005743707124154401	0.02825903905083965	0	0.0006068707411111023	0.01020553369234002	
306	17.79356795875051	246.2196507927577	2.71828	1.21358	1.16637e-05	0.2581069881028696	5.993044534209371	1.263861621190769	-1.238046052351134	-0.9302829541215486	13.23779961450413	4.615253460456734	-3.160756367224863	4.919999999972433	1.509999999991539	0.09999999999943968	0	0.105658371499408	0.09999999999943968	172.4999999990334	1.776819999990044	0.09999999999943968	91.18759999948904	0	0	0	3.14159	165.3220665983416	-4855.856771584628	-1861.268724098851	0	0	0	0	0	2	2.085	2.4952	0.00775795	0.1172	-0.02270338090567357	0.001080242661145966	-0.002637775252085845	29674106.26123359	0	0	5444.831795377658	5449.764345461759	5450.909577382348	124.201969813508	478761428.3863776	246.2196507927577	-7823.75405	0	0	0	0	0.105658371499408	1.776819999990044	0.09999999999943968	1.509999999991539	172.4999999990334	0.09999999999943968	0.09999999999943968	4.919999999972433	91.18759999948904	91.18759999948904	80.38499999954958	80.38499999954958	124.201969813508	1	124.201969813508	0	1	0	0	1	0	5444.831795377658	5444.831795377658	5449.764345461759	5449.764345461759	21883.89742787219	21883.89742787219	5450.909577382348	5450.909577382348	5450.909576006431	0.9997417060059373	-0.02270141732547895	0.001080242451052426	0.02270420029344941	0.9997387466008362	-0.002637770654169216	-0.001020079101610956	0.00266161537482571	0.9999959376128602	-0.02270338090567357	0.001080242661145966	-0.002637775252085845	0.0005743707124154401	0.008672997757473143	0.9907894789166339	0.0005743707124154401	0.0005743707124154401	0.02825903905083965	0	0.0006068707411111023	0.01020553369234002	
307	17.73560845399889	246.2196507927577	2.71828	1.21358	1.16637e-05	0.2581069881028696	5.993044534209371	1.263861621190769	-1.238046052351134	-0.9302829541215486	13.23779961450413	4.615253460456734	-3.160756367224863	4.919999999972433	1.509999999991539	0.09999999999943968	0	0.105658371499408	0.09999999999943968	172.4999999990334	1.776819999990044	0.09999999999943968	91.18759999948904	0	0	0	3.14159	165.3220665983416	-4855.856771584628	-1861.268724098851	0	0	0	0	0	2	2.085	2.4952	0.00775795	0.1172	-0.02270338090567357	0.001080242661145966	-0.002637775252085845	29674106.26123359	0	0	5444.831795377658	5449.764345461759	5450.909577382348	124.201969813508	478761428.3863776	246.2196507927577	-7823.75405	0	0	0	0	0.105658371499408	1.776819999990044	0.09999999999943968	1.509999999991539	172.4999999990334	0.09999999999943968	0.09999999999943968	4.919999999972433	91.18759999948904	91.18759999948904	80.38499999954958	80.38499999954958	124.201969813508	1	124.201969813508	0	1	0	0	1	0	5444.831795377658	5444.831795377658	5449.764345461759	5449.764345461759	21883.89742787219	21883.89742787219	5450.909577382348	5450.909577382348	5450.909576006431	0.9997417060059373	-0.02270141732547895	0.001080242451052426	0.02270420029344941	0.9997387466008362	-0.002637770654169216	-0.001020079101610956	0.00266161537482571	0.9999959376128602	-0.02270338090567357	0.001080242661145966	-0.002637775252085845	0.0005743707124154401	0.008672997757473143	0.9907894789166339	0.0005743707124154401	0.0005743707124154401	0.02825903905083965	0	0.0006068707411111023	0.01020553369234002	
308	17.67802530966772	246.2196507927577	2.71828	1.21358	1.16637e-05	0.2581069881028696	5.993044534209371	1.263861621190769	-1.238046052351134	-0.9302829541215486	13.23779961450413	4.615253460456734	-3.160756367224863	4.919999999972433	1.509999999991539	0.09999999999943968	0	0.105658371499408	0.09999999999943968	172.4999999990334	1.776819999990044	0.09999999999943968	91.18759999948904	0	0	0	3.14159	165.3220665983416	-4855.856771584628	-1861.268724098851	0	0	0	0	0	2	2.085	2.4952	0.00775795	0.1172	-0.02270338090567357	0.001080242661145966	-0.002637775252085845	29674106.26123359	0	0	5444.831795377658	5449.764345461759	5450.909577382348	124.201969813508	478761428.3863776	246.2196507927577	-7823.75405	0	0	0	0	0.105658371499408	1.776819999990044	0.09999999999943968	1.509999999991539	172.4999999990334	0.09999999999943968	0.09999999999943968	4.919999999972433	91.18759999948904	91.18759999948904	80.38499999954958	80.38499999954958	124.201969813508	1	124.201969813508	0	1	0	0	1	0	5444.831795377658	5444.831795377658	5449.764345461759	5449.764345461759	21883.89742787219	21883.89742787219	5450.909577382348	5450.909577382348	5450.909576006431	0.9997417060059373	-0.02270141732547895	0.001080242451052426	0.02270420029344941	0.9997387466008362	-0.002637770654169216	-0.001020079101610956	0.00266161537482571	0.9999959376128602	-0.02270338090567357	0.001080242661145966	-0.002637775252085845	0.0005743707124154401	0.008672997757473143	0.9907894789166339	0.0005743707124154401	0.0005743707124154401	0.02825903905083965	0	0.0006068707411111023	0.01020553369234002	
309	17.62081487177236	246.2196507927577	2.71828	1.21358	1.16637e-05	0.2581069881028696	5.993044534209371	1.263861621190769	-1.238046052351134	-0.9302829541215486	13.23779961450413	4.615253460456734	-3.160756367224863	4.919999999972433	1.509999999991539	0.09999999999943968	0	0.105658371499408	0.09999999999943968	172.4999999990334	1.776819999990044	0.09999999999943968	91.18759999948904	0	0	0	3.14159	165.3220665983416	-4855.856771584628	-1861.268724098851	0	0	0	0	0	2	2.085	2.4952	0.00775795	0.1172	-0.02270338090567357	0.001080242661145966	-0.002637775252085845	29674106.26123359	0	0	5444.831795377658	5449.764345461759	5450.909577382348	124.201969813508	478761428.3863776	246.2196507927577	-7823.75405	0	0	0	0	0.105658371499408	1.776819999990044	0.09999999999943968	1.509999999991539	172.4999999990334	0.09999999999943968	0.09999999999943968	4.919999999972433	91.18759999948904	91.18759999948904	80.38499999954958	80.38499999954958	124.201969813508	1	124.201969813508	0	1	0	0	1	0	5444.831795377658	5444.831795377658	5449.764345461759	5449.764345461759	21883.89742787219	21883.89742787219	5450.909577382348	5450.909577382348	5450.909576006431	0.9997417060059373	-0.02270141732547895	0.001080242451052426	0.02270420029344941	0.9997387466008362	-0.002637770654169216	-0.001020079101610956	0.00266161537482571	0.9999959376128602	-0.02270338090567357	0.001080242661145966	-0.002637775252085845	0.0005743707124154401	0.008672997757473143	0.9907894789166339	0.0005743707124154401	0.0005743707124154401	0.02825903905083965	0	0.0006068707411111023	0.01020553369234002	
310	17.56397353347631	246.2196507927577	2.71828	1.21358	1.16637e-05	0.2581069881028696	5.993044534209371	1.263861621190769	-1.238046052351134	-0.9302829541215486	13.23779961450413	4.615253460456734	-3.160756367224863	4.919999999972433	1.509999999991539	0.09999999999943968	0	0.105658371499408	0.09999999999943968	172.4999999990334	1.776819999990044	0.09999999999943968	91.18759999948904	0	0	0	3.14159	165.3220665983416	-4855.856771584628	-1861.268724098851	0	0	0	0	0	2	2.085	2.4952	0.00775795	0.1172	-0.02270338090567357	0.001080242661145966	-0.002637775252085845	29674106.26123359	0	0	5444.831795377658	5449.764345461759	5450.909577382348	124.201969813508	478761428.3863776	246.2196507927577	-7823.75405	0	0	0	0	0.105658371499408	1.776819999990044	0.09999999999943968	1.509999999991539	172.4999999990334	0.09999999999943968	0.09999999999943968	4.919999999972433	91.18759999948904	91.18759999948904	80.38499999954958	80.38499999954958	124.201969813508	1	124.201969813508	0	1	0	0	1	0	5444.831795377658	5444.831795377658	5449.764345461759	5449.764345461759	21883.89742787219	21883.89742787219	5450.909577382348	5450.909577382348	5450.909576006431	0.9997417060059373	-0.02270141732547895	0.001080242451052426	0.02270420029344941	0.9997387466008362	-0.002637770654169216	-0.001020079101610956	0.00266161537482571	0.9999959376128602	-0.02270338090567357	0.001080242661145966	-0.002637775252085845	0.0005743707124154401	0.008672997757473143	0.9907894789166339	0.0005743707124154401	0.0005743707124154401	0.02825903905083965	0	0.0006068707411111023	0.01020553369234002	
311	17.50749773433331	246.2196507927577	2.71828	1.21358	1.16637e-05	0.2581069881028696	5.993044534209371	1.263861621190769	-1.238046052351134	-0.9302829541215486	13.23779961450413	4.615253460456734	-3.160756367224863	4.919999999972433	1.509999999991539	0.09999999999943968	0	0.105658371499408	0.09999999999943968	172.4999999990334	1.776819999990044	0.09999999999943968	91.18759999948904	0	0	0	3.14159	165.3220665983416	-4855.856771584628	-1861.268724098851	0	0	0	0	0	2	2.085	2.4952	0.00775795	0.1172	-0.02270338090567357	0.001080242661145966	-0.002637775252085845	29674106.26123359	0	0	5444.831795377658	5449.764345461759	5450.909577382348	124.201969813508	478761428.3863776	246.2196507927577	-7823.75405	0	0	0	0	0.105658371499408	1.776819999990044	0.09999999999943968	1.509999999991539	172.4999999990334	0.09999999999943968	0.09999999999943968	4.919999999972433	91.18759999948904	91.18759999948904	80.38499999954958	80.38499999954958	124.201969813508	1	124.201969813508	0	1	0	0	1	0	5444.831795377658	5444.831795377658	5449.764345461759	5449.764345461759	21883.89742787219	21883.89742787219	5450.909577382348	5450.909577382348	5450.909576006431	0.9997417060059373	-0.02270141732547895	0.001080242451052426	0.02270420029344941	0.9997387466008362	-0.002637770654169216	-0.001020079101610956	0.00266161537482571	0.9999959376128602	-0.02270338090567357	0.001080242661145966	-0.002637775252085845	0.0005743707124154401	0.008672997757473143	0.9907894789166339	0.0005743707124154401	0.0005743707124154401	0.02825903905083965	0	0.0006068707411111023	0.01020553369234002	
312	17.45138395954378	246.2196507927577	2.71828	1.21358	1.16637e-05	0.2581069881028696	5.993044534209371	1.263861621190769	-1.238046052351134	-0.9302829541215486	13.23779961450413	4.615253460456734	-3.160756367224863	4.919999999972433	1.509999999991539	0.09999999999943968	0	0.105658371499408	0.09999999999943968	172.4999999990334	1.776819999990044	0.09999999999943968	91.18759999948904	0	0	0	3.14159	165.3220665983416	-4855.856771584628	-1861.268724098851	0	0	0	0	0	2	2.085	2.4952	0.00775795	0.1172	-0.02270338090567357	0.001080242661145966	-0.002637775252085845	29674106.26123359	0	0	5444.831795377658	5449.764345461759	5450.909577382348	124.201969813508	478761428.3863776	246.2196507927577	-7823.75405	0	0	0	0	0.105658371499408	1.776819999990044	0.09999999999943968	1.509999999991539	172.4999999990334	0.09999999999943968	0.09999999999943968	4.919999999972433	91.18759999948904	91.18759999948904	80.38499999954958	80.38499999954958	124.201969813508	1	124.201969813508	0	1	0	0	1	0	5444.831795377658	5444.831795377658	5449.764345461759	5449.764345461759	21883.89742787219	21883.89742787219	5450.909577382348	5450.909577382348	5450.909576006431	0.9997417060059373	-0.02270141732547895	0.001080242451052426	0.02270420029344941	0.9997387466008362	-0.002637770654169216	-0.001020079101610956	0.00266161537482571	0.9999959376128602	-0.02270338090567357	0.001080242661145966	-0.002637775252085845	0.0005743707124154401	0.008672997757473143	0.9907894789166339	0.0005743707124154401	0.0005743707124154401	0.02825903905083965	0	0.0006068707411111023	0.01020553369234002	
313	17.39562873922574	246.2196507927577	2.71828	1.21358	1.16637e-05	0.2581069881028696	5.993044534209371	1.263861621190769	-1.238046052351134	-0.9302829541215486	13.23779961450413	4.615253460456734	-3.160756367224863	4.919999999972433	1.509999999991539	0.09999999999943968	0	0.105658371499408	0.09999999999943968	172.4999999990334	1.776819999990044	0.09999999999943968	91.18759999948904	0	0	0	3.14159	165.3220665983416	-4855.856771584628	-1861.268724098851	0	0	0	0	0	2	2.085	2.4952	0.00775795	0.1172	-0.02270338090567357	0.001080242661145966	-0.002637775252085845	29674106.26123359	0	0	5444.831795377658	5449.764345461759	5450.909577382348	124.201969813508	478761428.3863776	246.2196507927577	-7823.75405	0	0	0	0	0.105658371499408	1.776819999990044	0.09999999999943968	1.509999999991539	172.4999999990334	0.09999999999943968	0.09999999999943968	4.919999999972433	91.18759999948904	91.18759999948904	80.38499999954958	80.38499999954958	124.201969813508	1	124.201969813508	0	1	0	0	1	0	5444.831795377658	5444.831795377658	5449.764345461759	5449.764345461759	21883.89742787219	21883.89742787219	5450.909577382348	5450.909577382348	5450.909576006431	0.9997417060059373	-0.02270141732547895	0.001080242451052426	0.02270420029344941	0.9997387466008362	-0.002637770654169216	-0.001020079101610956	0.00266161537482571	0.9999959376128602	-0.02270338090567357	0.001080242661145966	-0.002637775252085845	0.0005743707124154401	0.008672997757473143	0.9907894789166339	0.0005743707124154401	0.0005743707124154401	0.02825903905083965	0	0.0006068707411111023	0.01020553369234002	
314	17.34022864769955	246.2196507927577	2.71828	1.21358	1.16637e-05	0.2581069881028696	5.993044534209371	1.263861621190769	-1.238046052351134	-0.9302829541215486	13.23779961450413	4.615253460456734	-3.160756367224863	4.919999999972433	1.509999999991539	0.09999999999943968	0	0.105658371499408	0.09999999999943968	172.4999999990334	1.776819999990044	0.09999999999943968	91.18759999948904	0	0	0	3.14159	165.3220665983416	-4855.856771584628	-1861.268724098851	0	0	0	0	0	2	2.085	2.4952	0.00775795	0.1172	-0.02270338090567357	0.001080242661145966	-0.002637775252085845	29674106.26123359	0	0	5444.831795377658	5449.764345461759	5450.909577382348	124.201969813508	478761428.3863776	246.2196507927577	-7823.75405	0	0	0	0	0.105658371499408	1.776819999990044	0.09999999999943968	1.509999999991539	172.4999999990334	0.09999999999943968	0.09999999999943968	4.919999999972433	91.18759999948904	91.18759999948904	80.38499999954958	80.38499999954958	124.201969813508	1	124.201969813508	0	1	0	0	1	0	5444.831795377658	5444.831795377658	5449.764345461759	5449.764345461759	21883.89742787219	21883.89742787219	5450.909577382348	5450.909577382348	5450.909576006431	0.9997417060059373	-0.02270141732547895	0.001080242451052426	0.02270420029344941	0.9997387466008362	-0.002637770654169216	-0.001020079101610956	0.00266161537482571	0.9999959376128602	-0.02270338090567357	0.001080242661145966	-0.002637775252085845	0.0005743707124154401	0.008672997757473143	0.9907894789166339	0.0005743707124154401	0.0005743707124154401	0.02825903905083965	0	0.0006068707411111023	0.01020553369234002	
315	17.28518030278622	246.2196507927577	2.71828	1.21358	1.16637e-05	0.2581069881028696	5.993044534209371	1.263861621190769	-1.238046052351134	-0.9302829541215486	13.23779961450413	4.615253460456734	-3.160756367224863	4.919999999972433	1.509999999991539	0.09999999999943968	0	0.105658371499408	0.09999999999943968	172.4999999990334	1.776819999990044	0.09999999999943968	91.18759999948904	0	0	0	3.14159	165.3220665983416	-4855.856771584628	-1861.268724098851	0	0	0	0	0	2	2.085	2.4952	0.00775795	0.1172	-0.02270338090567357	0.001080242661145966	-0.002637775252085845	29674106.26123359	0	0	5444.831795377658	5449.764345461759	5450.909577382348	124.201969813508	478761428.3863776	246.2196507927577	-7823.75405	0	0	0	0	0.105658371499408	1.776819999990044	0.09999999999943968	1.509999999991539	172.4999999990334	0.09999999999943968	0.09999999999943968	4.919999999972433	91.18759999948904	91.18759999948904	80.38499999954958	80.38499999954958	124.201969813508	1	124.201969813508	0	1	0	0	1	0	5444.831795377658	5444.831795377658	5449.764345461759	5449.764345461759	21883.89742787219	21883.89742787219	5450.909577382348	5450.909577382348	5450.909576006431	0.9997417060059373	-0.02270141732547895	0.001080242451052426	0.02270420029344941	0.9997387466008362	-0.002637770654169216	-0.001020079101610956	0.00266161537482571	0.9999959376128602	-0.02270338090567357	0.001080242661145966	-0.002637775252085845	0.0005743707124154401	0.008672997757473143	0.9907894789166339	0.0005743707124154401	0.0005743707124154401	0.02825903905083965	0	0.0006068707411111023	0.01020553369234002	
316	17.23048036511917	246.2196507927577	2.71828	1.21358	1.16637e-05	0.2581069881028696	5.993044534209371	1.263861621190769	-1.238046052351134	-0.9302829541215486	13.23779961450413	4.615253460456734	-3.160756367224863	4.919999999972433	1.509999999991539	0.09999999999943968	0	0.105658371499408	0.09999999999943968	172.4999999990334	1.776819999990044	0.09999999999943968	91.18759999948904	0	0	0	3.14159	165.3220665983416	-4855.856771584628	-1861.268724098851	0	0	0	0	0	2	2.085	2.4952	0.00775795	0.1172	-0.02270338090567357	0.001080242661145966	-0.002637775252085845	29674106.26123359	0	0	5444.831795377658	5449.764345461759	5450.909577382348	124.201969813508	478761428.3863776	246.2196507927577	-7823.75405	0	0	0	0	0.105658371499408	1.776819999990044	0.09999999999943968	1.509999999991539	172.4999999990334	0.09999999999943968	0.09999999999943968	4.919999999972433	91.18759999948904	91.18759999948904	80.38499999954958	80.38499999954958	124.201969813508	1	124.201969813508	0	1	0	0	1	0	5444.831795377658	5444.831795377658	5449.764345461759	5449.764345461759	21883.89742787219	21883.89742787219	5450.909577382348	5450.909577382348	5450.909576006431	0.9997417060059373	-0.02270141732547895	0.001080242451052426	0.02270420029344941	0.9997387466008362	-0.002637770654169216	-0.001020079101610956	0.00266161537482571	0.9999959376128602	-0.02270338090567357	0.001080242661145966	-0.002637775252085845	0.0005743707124154401	0.008672997757473143	0.9907894789166339	0.0005743707124154401	0.0005743707124154401	0.02825903905083965	0	0.0006068707411111023	0.01020553369234002	
317	17.17612553746895	246.2196507927577	2.71828	1.21358	1.16637e-05	0.2581069881028696	5.993044534209371	1.263861621190769	-1.238046052351134	-0.9302829541215486	13.23779961450413	4.615253460456734	-3.160756367224863	4.919999999972433	1.509999999991539	0.09999999999943968	0	0.105658371499408	0.09999999999943968	172.4999999990334	1.776819999990044	0.09999999999943968	91.18759999948904	0	0	0	3.14159	165.3220665983416	-4855.856771584628	-1861.268724098851	0	0	0	0	0	2	2.085	2.4952	0.00775795	0.1172	-0.02270338090567357	0.001080242661145966	-0.002637775252085845	29674106.26123359	0	0	5444.831795377658	5449.764345461759	5450.909577382348	124.201969813508	478761428.3863776	246.2196507927577	-7823.75405	0	0	0	0	0.105658371499408	1.776819999990044	0.09999999999943968	1.509999999991539	172.4999999990334	0.09999999999943968	0.09999999999943968	4.919999999972433	91.18759999948904	91.18759999948904	80.38499999954958	80.38499999954958	124.201969813508	1	124.201969813508	0	1	0	0	1	0	5444.831795377658	5444.831795377658	5449.764345461759	5449.764345461759	21883.89742787219	21883.89742787219	5450.909577382348	5450.909577382348	5450.909576006431	0.9997417060059373	-0.02270141732547895	0.001080242451052426	0.02270420029344941	0.9997387466008362	-0.002637770654169216	-0.001020079101610956	0.00266161537482571	0.9999959376128602	-0.02270338090567357	0.001080242661145966	-0.002637775252085845	0.0005743707124154401	0.008672997757473143	0.9907894789166339	0.0005743707124154401	0.0005743707124154401	0.02825903905083965	0	0.0006068707411111023	0.01020553369234002	
318	17.12211256408068	246.2196507927577	2.71828	1.21358	1.16637e-05	0.2581069881028696	5.993044534209371	1.263861621190769	-1.238046052351134	-0.9302829541215486	13.23779961450413	4.615253460456734	-3.160756367224863	4.919999999972433	1.509999999991539	0.09999999999943968	0	0.105658371499408	0.09999999999943968	172.4999999990334	1.776819999990044	0.09999999999943968	91.18759999948904	0	0	0	3.14159	165.3220665983416	-4855.856771584628	-1861.268724098851	0	0	0	0	0	2	2.085	2.4952	0.00775795	0.1172	-0.02270338090567357	0.001080242661145966	-0.002637775252085845	29674106.26123359	0	0	5444.831795377658	5449.764345461759	5450.909577382348	124.201969813508	478761428.3863776	246.2196507927577	-7823.75405	0	0	0	0	0.105658371499408	1.776819999990044	0.09999999999943968	1.509999999991539	172.4999999990334	0.09999999999943968	0.09999999999943968	4.919999999972433	91.18759999948904	91.18759999948904	80.38499999954958	80.38499999954958	124.201969813508	1	124.201969813508	0	1	0	0	1	0	5444.831795377658	5444.831795377658	5449.764345461759	5449.764345461759	21883.89742787219	21883.89742787219	5450.909577382348	5450.909577382348	5450.909576006431	0.9997417060059373	-0.02270141732547895	0.001080242451052426	0.02270420029344941	0.9997387466008362	-0.002637770654169216	-0.001020079101610956	0.00266161537482571	0.9999959376128602	-0.02270338090567357	0.001080242661145966	-0.002637775252085845	0.0005743707124154401	0.008672997757473143	0.9907894789166339	0.0005743707124154401	0.0005743707124154401	0.02825903905083965	0	0.0006068707411111023	0.01020553369234002	
319	17.068438230024	246.2196507927577	2.71828	1.21358	1.16637e-05	0.2581069881028696	5.993044534209371	1.263861621190769	-1.238046052351134	-0.9302829541215486	13.23779961450413	4.615253460456734	-3.160756367224863	4.919999999972433	1.509999999991539	0.09999999999943968	0	0.105658371499408	0.09999999999943968	172.4999999990334	1.776819999990044	0.09999999999943968	91.18759999948904	0	0	0	3.14159	165.3220665983416	-4855.856771584628	-1861.268724098851	0	0	0	0	0	2	2.085	2.4952	0.00775795	0.1172	-0.02270338090567357	0.001080242661145966	-0.002637775252085845	29674106.26123359	0	0	5444.831795377658	5449.764345461759	5450.909577382348	124.201969813508	478761428.3863776	246.2196507927577	-7823.75405	0	0	0	0	0.105658371499408	1.776819999990044	0.09999999999943968	1.509999999991539	172.4999999990334	0.09999999999943968	0.09999999999943968	4.919999999972433	91.18759999948904	91.18759999948904	80.38499999954958	80.38499999954958	124.201969813508	1	124.201969813508	0	1	0	0	1	0	5444.831795377658	5444.831795377658	5449.764345461759	5449.764345461759	21883.89742787219	21883.89742787219	5450.909577382348	5450.909577382348	5450.909576006431	0.9997417060059373	-0.02270141732547895	0.001080242451052426	0.02270420029344941	0.9997387466008362	-0.002637770654169216	-0.001020079101610956	0.00266161537482571	0.9999959376128602	-0.02270338090567357	0.001080242661145966	-0.002637775252085845	0.0005743707124154401	0.008672997757473143	0.9907894789166339	0.0005743707124154401	0.0005743707124154401	0.02825903905083965	0	0.0006068707411111023	0.01020553369234002	
320	17.01509936055518	246.2196507927577	2.71828	1.21358	1.16637e-05	0.2581069881028696	5.993044534209371	1.263861621190769	-1.238046052351134	-0.9302829541215486	13.23779961450413	4.615253460456734	-3.160756367224863	4.919999999972433	1.509999999991539	0.09999999999943968	0	0.105658371499408	0.09999999999943968	172.4999999990334	1.776819999990044	0.09999999999943968	91.18759999948904	0	0	0	3.14159	165.3220665983416	-4855.856771584628	-1861.268724098851	0	0	0	0	0	2	2.085	2.4952	0.00775795	0.1172	-0.02270338090567357	0.001080242661145966	-0.002637775252085845	29674106.26123359	0	0	5444.831795377658	5449.764345461759	5450.909577382348	124.201969813508	478761428.3863776	246.2196507927577	-7823.75405	0	0	0	0	0.105658371499408	1.776819999990044	0.09999999999943968	1.509999999991539	172.4999999990334	0.09999999999943968	0.09999999999943968	4.919999999972433	91.18759999948904	91.18759999948904	80.38499999954958	80.38499999954958	124.201969813508	1	124.201969813508	0	1	0	0	1	0	5444.831795377658	5444.831795377658	5449.764345461759	5449.764345461759	21883.89742787219	21883.89742787219	5450.909577382348	5450.909577382348	5450.909576006431	0.9997417060059373	-0.02270141732547895	0.001080242451052426	0.02270420029344941	0.9997387466008362	-0.002637770654169216	-0.001020079101610956	0.00266161537482571	0.9999959376128602	-0.02270338090567357	0.001080242661145966	-0.002637775252085845	0.0005743707124154401	0.008672997757473143	0.9907894789166339	0.0005743707124154401	0.0005743707124154401	0.02825903905083965	0	0.0006068707411111023	0.01020553369234002	
321	16.96209282049115	246.2196507927577	2.71828	1.21358	1.16637e-05	0.2581069881028696	5.993044534209371	1.263861621190769	-1.238046052351134	-0.9302829541215486	13.23779961450413	4.615253460456734	-3.160756367224863	4.919999999972433	1.509999999991539	0.09999999999943968	0	0.105658371499408	0.09999999999943968	172.4999999990334	1.776819999990044	0.09999999999943968	91.18759999948904	0	0	0	3.14159	165.3220665983416	-4855.856771584628	-1861.268724098851	0	0	0	0	0	2	2.085	2.4952	0.00775795	0.1172	-0.02270338090567357	0.001080242661145966	-0.002637775252085845	29674106.26123359	0	0	5444.831795377658	5449.764345461759	5450.909577382348	124.201969813508	478761428.3863776	246.2196507927577	-7823.75405	0	0	0	0	0.105658371499408	1.776819999990044	0.09999999999943968	1.509999999991539	172.4999999990334	0.09999999999943968	0.09999999999943968	4.919999999972433	91.18759999948904	91.18759999948904	80.38499999954958	80.38499999954958	124.201969813508	1	124.201969813508	0	1	0	0	1	0	5444.831795377658	5444.831795377658	5449.764345461759	5449.764345461759	21883.89742787219	21883.89742787219	5450.909577382348	5450.909577382348	5450.909576006431	0.9997417060059373	-0.02270141732547895	0.001080242451052426	0.02270420029344941	0.9997387466008362	-0.002637770654169216	-0.001020079101610956	0.00266161537482571	0.9999959376128602	-0.02270338090567357	0.001080242661145966	-0.002637775252085845	0.0005743707124154401	0.008672997757473143	0.9907894789166339	0.0005743707124154401	0.0005743707124154401	0.02825903905083965	0	0.0006068707411111023	0.01020553369234002	
322	16.90941551359521	246.2196507927577	2.71828	1.21358	1.16637e-05	0.2581069881028696	5.993044534209371	1.263861621190769	-1.238046052351134	-0.9302829541215486	13.23779961450413	4.615253460456734	-3.160756367224863	4.919999999972433	1.509999999991539	0.09999999999943968	0	0.105658371499408	0.09999999999943968	172.4999999990334	1.776819999990044	0.09999999999943968	91.18759999948904	0	0	0	3.14159	165.3220665983416	-4855.856771584628	-1861.268724098851	0	0	0	0	0	2	2.085	2.4952	0.00775795	0.1172	-0.02270338090567357	0.001080242661145966	-0.002637775252085845	29674106.26123359	0	0	5444.831795377658	5449.764345461759	5450.909577382348	124.201969813508	478761428.3863776	246.2196507927577	-7823.75405	0	0	0	0	0.105658371499408	1.776819999990044	0.09999999999943968	1.509999999991539	172.4999999990334	0.09999999999943968	0.09999999999943968	4.919999999972433	91.18759999948904	91.18759999948904	80.38499999954958	80.38499999954958	124.201969813508	1	124.201969813508	0	1	0	0	1	0	5444.831795377658	5444.831795377658	5449.764345461759	5449.764345461759	21883.89742787219	21883.89742787219	5450.909577382348	5450.909577382348	5450.909576006431	0.9997417060059373	-0.02270141732547895	0.001080242451052426	0.02270420029344941	0.9997387466008362	-0.002637770654169216	-0.001020079101610956	0.00266161537482571	0.9999959376128602	-0.02270338090567357	0.001080242661145966	-0.002637775252085845	0.0005743707124154401	0.008672997757473143	0.9907894789166339	0.0005743707124154401	0.0005743707124154401	0.02825903905083965	0	0.0006068707411111023	0.01020553369234002	
323	16.85706438197417	246.2196507927577	2.71828	1.21358	1.16637e-05	0.2581069881028696	5.993044534209371	1.263861621190769	-1.238046052351134	-0.9302829541215486	13.23779961450413	4.615253460456734	-3.160756367224863	4.919999999972433	1.509999999991539	0.09999999999943968	0	0.105658371499408	0.09999999999943968	172.4999999990334	1.776819999990044	0.09999999999943968	91.18759999948904	0	0	0	3.14159	165.3220665983416	-4855.856771584628	-1861.268724098851	0	0	0	0	0	2	2.085	2.4952	0.00775795	0.1172	-0.02270338090567357	0.001080242661145966	-0.002637775252085845	29674106.26123359	0	0	5444.831795377658	5449.764345461759	5450.909577382348	124.201969813508	478761428.3863776	246.2196507927577	-7823.75405	0	0	0	0	0.105658371499408	1.776819999990044	0.09999999999943968	1.509999999991539	172.4999999990334	0.09999999999943968	0.09999999999943968	4.919999999972433	91.18759999948904	91.18759999948904	80.38499999954958	80.38499999954958	124.201969813508	1	124.201969813508	0	1	0	0	1	0	5444.831795377658	5444.831795377658	5449.764345461759	5449.764345461759	21883.89742787219	21883.89742787219	5450.909577382348	5450.909577382348	5450.909576006431	0.9997417060059373	-0.02270141732547895	0.001080242451052426	0.02270420029344941	0.9997387466008362	-0.002637770654169216	-0.001020079101610956	0.00266161537482571	0.9999959376128602	-0.02270338090567357	0.001080242661145966	-0.002637775252085845	0.0005743707124154401	0.008672997757473143	0.9907894789166339	0.0005743707124154401	0.0005743707124154401	0.02825903905083965	0	0.0006068707411111023	0.01020553369234002	
324	16.8050364054866	246.2196507927577	2.71828	1.21358	1.16637e-05	0.2581069881028696	5.993044534209371	1.263861621190769	-1.238046052351134	-0.9302829541215486	13.23779961450413	4.615253460456734	-3.160756367224863	4.919999999972433	1.509999999991539	0.09999999999943968	0	0.105658371499408	0.09999999999943968	172.4999999990334	1.776819999990044	0.09999999999943968	91.18759999948904	0	0	0	3.14159	165.3220665983416	-4855.856771584628	-1861.268724098851	0	0	0	0	0	2	2.085	2.4952	0.00775795	0.1172	-0.02270338090567357	0.001080242661145966	-0.002637775252085845	29674106.26123359	0	0	5444.831795377658	5449.764345461759	5450.909577382348	124.201969813508	478761428.3863776	246.2196507927577	-7823.75405	0	0	0	0	0.105658371499408	1.776819999990044	0.09999999999943968	1.509999999991539	172.4999999990334	0.09999999999943968	0.09999999999943968	4.919999999972433	91.18759999948904	91.18759999948904	80.38499999954958	80.38499999954958	124.201969813508	1	124.201969813508	0	1	0	0	1	0	5444.831795377658	5444.831795377658	5449.764345461759	5449.764345461759	21883.89742787219	21883.89742787219	5450.909577382348	5450.909577382348	5450.909576006431	0.9997417060059373	-0.02270141732547895	0.001080242451052426	0.02270420029344941	0.9997387466008362	-0.002637770654169216	-0.001020079101610956	0.00266161537482571	0.9999959376128602	-0.02270338090567357	0.001080242661145966	-0.002637775252085845	0.0005743707124154401	0.008672997757473143	0.9907894789166339	0.0005743707124154401	0.0005743707124154401	0.02825903905083965	0	0.0006068707411111023	0.01020553369234002	
325	16.75332860116202	246.2196507927577	2.71828	1.21358	1.16637e-05	0.2581069881028696	5.993044534209371	1.263861621190769	-1.238046052351134	-0.9302829541215486	13.23779961450413	4.615253460456734	-3.160756367224863	4.919999999972433	1.509999999991539	0.09999999999943968	0	0.105658371499408	0.09999999999943968	172.4999999990334	1.776819999990044	0.09999999999943968	91.18759999948904	0	0	0	3.14159	165.3220665983416	-4855.856771584628	-1861.268724098851	0	0	0	0	0	2	2.085	2.4952	0.00775795	0.1172	-0.02270338090567357	0.001080242661145966	-0.002637775252085845	29674106.26123359	0	0	5444.831795377658	5449.764345461759	5450.909577382348	124.201969813508	478761428.3863776	246.2196507927577	-7823.75405	0	0	0	0	0.105658371499408	1.776819999990044	0.09999999999943968	1.509999999991539	172.4999999990334	0.09999999999943968	0.09999999999943968	4.919999999972433	91.18759999948904	91.18759999948904	80.38499999954958	80.38499999954958	124.201969813508	1	124.201969813508	0	1	0	0	1	0	5444.831795377658	5444.831795377658	5449.764345461759	5449.764345461759	21883.89742787219	21883.89742787219	5450.909577382348	5450.909577382348	5450.909576006431	0.9997417060059373	-0.02270141732547895	0.001080242451052426	0.02270420029344941	0.9997387466008362	-0.002637770654169216	-0.001020079101610956	0.00266161537482571	0.9999959376128602	-0.02270338090567357	0.001080242661145966	-0.002637775252085845	0.0005743707124154401	0.008672997757473143	0.9907894789166339	0.0005743707124154401	0.0005743707124154401	0.02825903905083965	0	0.0006068707411111023	0.01020553369234002	
326	16.70193802263085	246.2196507927577	2.71828	1.21358	1.16637e-05	0.2581069881028696	5.993044534209371	1.263861621190769	-1.238046052351134	-0.9302829541215486	13.23779961450413	4.615253460456734	-3.160756367224863	4.919999999972433	1.509999999991539	0.09999999999943968	0	0.105658371499408	0.09999999999943968	172.4999999990334	1.776819999990044	0.09999999999943968	91.18759999948904	0	0	0	3.14159	165.3220665983416	-4855.856771584628	-1861.268724098851	0	0	0	0	0	2	2.085	2.4952	0.00775795	0.1172	-0.02270338090567357	0.001080242661145966	-0.002637775252085845	29674106.26123359	0	0	5444.831795377658	5449.764345461759	5450.909577382348	124.201969813508	478761428.3863776	246.2196507927577	-7823.75405	0	0	0	0	0.105658371499408	1.776819999990044	0.09999999999943968	1.509999999991539	172.4999999990334	0.09999999999943968	0.09999999999943968	4.919999999972433	91.18759999948904	91.18759999948904	80.38499999954958	80.38499999954958	124.201969813508	1	124.201969813508	0	1	0	0	1	0	5444.831795377658	5444.831795377658	5449.764345461759	5449.764345461759	21883.89742787219	21883.89742787219	5450.909577382348	5450.909577382348	5450.909576006431	0.9997417060059373	-0.02270141732547895	0.001080242451052426	0.02270420029344941	0.9997387466008362	-0.002637770654169216	-0.001020079101610956	0.00266161537482571	0.9999959376128602	-0.02270338090567357	0.001080242661145966	-0.002637775252085845	0.0005743707124154401	0.008672997757473143	0.9907894789166339	0.0005743707124154401	0.0005743707124154401	0.02825903905083965	0	0.0006068707411111023	0.01020553369234002	
327	16.6508617595647	246.2196507927577	2.71828	1.21358	1.16637e-05	0.2581069881028696	5.993044534209371	1.263861621190769	-1.238046052351134	-0.9302829541215486	13.23779961450413	4.615253460456734	-3.160756367224863	4.919999999972433	1.509999999991539	0.09999999999943968	0	0.105658371499408	0.09999999999943968	172.4999999990334	1.776819999990044	0.09999999999943968	91.18759999948904	0	0	0	3.14159	165.3220665983416	-4855.856771584628	-1861.268724098851	0	0	0	0	0	2	2.085	2.4952	0.00775795	0.1172	-0.02270338090567357	0.001080242661145966	-0.002637775252085845	29674106.26123359	0	0	5444.831795377658	5449.764345461759	5450.909577382348	124.201969813508	478761428.3863776	246.2196507927577	-7823.75405	0	0	0	0	0.105658371499408	1.776819999990044	0.09999999999943968	1.509999999991539	172.4999999990334	0.09999999999943968	0.09999999999943968	4.919999999972433	91.18759999948904	91.18759999948904	80.38499999954958	80.38499999954958	124.201969813508	1	124.201969813508	0	1	0	0	1	0	5444.831795377658	5444.831795377658	5449.764345461759	5449.764345461759	21883.89742787219	21883.89742787219	5450.909577382348	5450.909577382348	5450.909576006431	0.9997417060059373	-0.02270141732547895	0.001080242451052426	0.02270420029344941	0.9997387466008362	-0.002637770654169216	-0.001020079101610956	0.00266161537482571	0.9999959376128602	-0.02270338090567357	0.001080242661145966	-0.002637775252085845	0.0005743707124154401	0.008672997757473143	0.9907894789166339	0.0005743707124154401	0.0005743707124154401	0.02825903905083965	0	0.0006068707411111023	0.01020553369234002	
328	16.60009693712701	246.2196507927577	2.71828	1.21358	1.16637e-05	0.2581069881028696	5.993044534209371	1.263861621190769	-1.238046052351134	-0.9302829541215486	13.23779961450413	4.615253460456734	-3.160756367224863	4.919999999972433	1.509999999991539	0.09999999999943968	0	0.105658371499408	0.09999999999943968	172.4999999990334	1.776819999990044	0.09999999999943968	91.18759999948904	0	0	0	3.14159	165.3220665983416	-4855.856771584628	-1861.268724098851	0	0	0	0	0	2	2.085	2.4952	0.00775795	0.1172	-0.02270338090567357	0.001080242661145966	-0.002637775252085845	29674106.26123359	0	0	5444.831795377658	5449.764345461759	5450.909577382348	124.201969813508	478761428.3863776	246.2196507927577	-7823.75405	0	0	0	0	0.105658371499408	1.776819999990044	0.09999999999943968	1.509999999991539	172.4999999990334	0.09999999999943968	0.09999999999943968	4.919999999972433	91.18759999948904	91.18759999948904	80.38499999954958	80.38499999954958	124.201969813508	1	124.201969813508	0	1	0	0	1	0	5444.831795377658	5444.831795377658	5449.764345461759	5449.764345461759	21883.89742787219	21883.89742787219	5450.909577382348	5450.909577382348	5450.909576006431	0.9997417060059373	-0.02270141732547895	0.001080242451052426	0.02270420029344941	0.9997387466008362	-0.002637770654169216	-0.001020079101610956	0.00266161537482571	0.9999959376128602	-0.02270338090567357	0.001080242661145966	-0.002637775252085845	0.0005743707124154401	0.008672997757473143	0.9907894789166339	0.0005743707124154401	0.0005743707124154401	0.02825903905083965	0	0.0006068707411111023	0.01020553369234002	
329	16.54964071543361	246.2196507927577	2.71828	1.21358	1.16637e-05	0.2581069881028696	5.993044534209371	1.263861621190769	-1.238046052351134	-0.9302829541215486	13.23779961450413	4.615253460456734	-3.160756367224863	4.919999999972433	1.509999999991539	0.09999999999943968	0	0.105658371499408	0.09999999999943968	172.4999999990334	1.776819999990044	0.09999999999943968	91.18759999948904	0	0	0	3.14159	165.3220665983416	-4855.856771584628	-1861.268724098851	0	0	0	0	0	2	2.085	2.4952	0.00775795	0.1172	-0.02270338090567357	0.001080242661145966	-0.002637775252085845	29674106.26123359	0	0	5444.831795377658	5449.764345461759	5450.909577382348	124.201969813508	478761428.3863776	246.2196507927577	-7823.75405	0	0	0	0	0.105658371499408	1.776819999990044	0.09999999999943968	1.509999999991539	172.4999999990334	0.09999999999943968	0.09999999999943968	4.919999999972433	91.18759999948904	91.18759999948904	80.38499999954958	80.38499999954958	124.201969813508	1	124.201969813508	0	1	0	0	1	0	5444.831795377658	5444.831795377658	5449.764345461759	5449.764345461759	21883.89742787219	21883.89742787219	5450.909577382348	5450.909577382348	5450.909576006431	0.9997417060059373	-0.02270141732547895	0.001080242451052426	0.02270420029344941	0.9997387466008362	-0.002637770654169216	-0.001020079101610956	0.00266161537482571	0.9999959376128602	-0.02270338090567357	0.001080242661145966	-0.002637775252085845	0.0005743707124154401	0.008672997757473143	0.9907894789166339	0.0005743707124154401	0.0005743707124154401	0.02825903905083965	0	0.0006068707411111023	0.01020553369234002	
330	16.49949028902321	246.2196507927577	2.71828	1.21358	1.16637e-05	0.2581069881028696	5.993044534209371	1.263861621190769	-1.238046052351134	-0.9302829541215486	13.23779961450413	4.615253460456734	-3.160756367224863	4.919999999972433	1.509999999991539	0.09999999999943968	0	0.105658371499408	0.09999999999943968	172.4999999990334	1.776819999990044	0.09999999999943968	91.18759999948904	0	0	0	3.14159	165.3220665983416	-4855.856771584628	-1861.268724098851	0	0	0	0	0	2	2.085	2.4952	0.00775795	0.1172	-0.02270338090567357	0.001080242661145966	-0.002637775252085845	29674106.26123359	0	0	5444.831795377658	5449.764345461759	5450.909577382348	124.201969813508	478761428.3863776	246.2196507927577	-7823.75405	0	0	0	0	0.105658371499408	1.776819999990044	0.09999999999943968	1.509999999991539	172.4999999990334	0.09999999999943968	0.09999999999943968	4.919999999972433	91.18759999948904	91.18759999948904	80.38499999954958	80.38499999954958	124.201969813508	1	124.201969813508	0	1	0	0	1	0	5444.831795377658	5444.831795377658	5449.764345461759	5449.764345461759	21883.89742787219	21883.89742787219	5450.909577382348	5450.909577382348	5450.909576006431	0.9997417060059373	-0.02270141732547895	0.001080242451052426	0.02270420029344941	0.9997387466008362	-0.002637770654169216	-0.001020079101610956	0.00266161537482571	0.9999959376128602	-0.02270338090567357	0.001080242661145966	-0.002637775252085845	0.0005743707124154401	0.008672997757473143	0.9907894789166339	0.0005743707124154401	0.0005743707124154401	0.02825903905083965	0	0.0006068707411111023	0.01020553369234002	
331	16.44964288633733	246.2196507927577	2.71828	1.21358	1.16637e-05	0.2581069881028696	5.993044534209371	1.263861621190769	-1.238046052351134	-0.9302829541215486	13.23779961450413	4.615253460456734	-3.160756367224863	4.919999999972433	1.509999999991539	0.09999999999943968	0	0.105658371499408	0.09999999999943968	172.4999999990334	1.776819999990044	0.09999999999943968	91.18759999948904	0	0	0	3.14159	165.3220665983416	-4855.856771584628	-1861.268724098851	0	0	0	0	0	2	2.085	2.4952	0.00775795	0.1172	-0.02270338090567357	0.001080242661145966	-0.002637775252085845	29674106.26123359	0	0	5444.831795377658	5449.764345461759	5450.909577382348	124.201969813508	478761428.3863776	246.2196507927577	-7823.75405	0	0	0	0	0.105658371499408	1.776819999990044	0.09999999999943968	1.509999999991539	172.4999999990334	0.09999999999943968	0.09999999999943968	4.919999999972433	91.18759999948904	91.18759999948904	80.38499999954958	80.38499999954958	124.201969813508	1	124.201969813508	0	1	0	0	1	0	5444.831795377658	5444.831795377658	5449.764345461759	5449.764345461759	21883.89742787219	21883.89742787219	5450.909577382348	5450.909577382348	5450.909576006431	0.9997417060059373	-0.02270141732547895	0.001080242451052426	0.02270420029344941	0.9997387466008362	-0.002637770654169216	-0.001020079101610956	0.00266161537482571	0.9999959376128602	-0.02270338090567357	0.001080242661145966	-0.002637775252085845	0.0005743707124154401	0.008672997757473143	0.9907894789166339	0.0005743707124154401	0.0005743707124154401	0.02825903905083965	0	0.0006068707411111023	0.01020553369234002	
332	16.40009576920981	246.2196507927577	2.71828	1.21358	1.16637e-05	0.2581069881028696	5.993044534209371	1.263861621190769	-1.238046052351134	-0.9302829541215486	13.23779961450413	4.615253460456734	-3.160756367224863	4.919999999972433	1.509999999991539	0.09999999999943968	0	0.105658371499408	0.09999999999943968	172.4999999990334	1.776819999990044	0.09999999999943968	91.18759999948904	0	0	0	3.14159	165.3220665983416	-4855.856771584628	-1861.268724098851	0	0	0	0	0	2	2.085	2.4952	0.00775795	0.1172	-0.02270338090567357	0.001080242661145966	-0.002637775252085845	29674106.26123359	0	0	5444.831795377658	5449.764345461759	5450.909577382348	124.201969813508	478761428.3863776	246.2196507927577	-7823.75405	0	0	0	0	0.105658371499408	1.776819999990044	0.09999999999943968	1.509999999991539	172.4999999990334	0.09999999999943968	0.09999999999943968	4.919999999972433	91.18759999948904	91.18759999948904	80.38499999954958	80.38499999954958	124.201969813508	1	124.201969813508	0	1	0	0	1	0	5444.831795377658	5444.831795377658	5449.764345461759	5449.764345461759	21883.89742787219	21883.89742787219	5450.909577382348	5450.909577382348	5450.909576006431	0.9997417060059373	-0.02270141732547895	0.001080242451052426	0.02270420029344941	0.9997387466008362	-0.002637770654169216	-0.001020079101610956	0.00266161537482571	0.9999959376128602	-0.02270338090567357	0.001080242661145966	-0.002637775252085845	0.0005743707124154401	0.008672997757473143	0.9907894789166339	0.0005743707124154401	0.0005743707124154401	0.02825903905083965	0	0.0006068707411111023	0.01020553369234002	
333	16.35084623236534	246.2196507927577	2.71828	1.21358	1.16637e-05	0.2581069881028696	5.993044534209371	1.263861621190769	-1.238046052351134	-0.9302829541215486	13.23779961450413	4.615253460456734	-3.160756367224863	4.919999999972433	1.509999999991539	0.09999999999943968	0	0.105658371499408	0.09999999999943968	172.4999999990334	1.776819999990044	0.09999999999943968	91.18759999948904	0	0	0	3.14159	165.3220665983416	-4855.856771584628	-1861.268724098851	0	0	0	0	0	2	2.085	2.4952	0.00775795	0.1172	-0.02270338090567357	0.001080242661145966	-0.002637775252085845	29674106.26123359	0	0	5444.831795377658	5449.764345461759	5450.909577382348	124.201969813508	478761428.3863776	246.2196507927577	-7823.75405	0	0	0	0	0.105658371499408	1.776819999990044	0.09999999999943968	1.509999999991539	172.4999999990334	0.09999999999943968	0.09999999999943968	4.919999999972433	91.18759999948904	91.18759999948904	80.38499999954958	80.38499999954958	124.201969813508	1	124.201969813508	0	1	0	0	1	0	5444.831795377658	5444.831795377658	5449.764345461759	5449.764345461759	21883.89742787219	21883.89742787219	5450.909577382348	5450.909577382348	5450.909576006431	0.9997417060059373	-0.02270141732547895	0.001080242451052426	0.02270420029344941	0.9997387466008362	-0.002637770654169216	-0.001020079101610956	0.00266161537482571	0.9999959376128602	-0.02270338090567357	0.001080242661145966	-0.002637775252085845	0.0005743707124154401	0.008672997757473143	0.9907894789166339	0.0005743707124154401	0.0005743707124154401	0.02825903905083965	0	0.0006068707411111023	0.01020553369234002	
334	16.30189160292712	246.2196507927577	2.71828	1.21358	1.16637e-05	0.2581069881028696	5.993044534209371	1.263861621190769	-1.238046052351134	-0.9302829541215486	13.23779961450413	4.615253460456734	-3.160756367224863	4.919999999972433	1.509999999991539	0.09999999999943968	0	0.105658371499408	0.09999999999943968	172.4999999990334	1.776819999990044	0.09999999999943968	91.18759999948904	0	0	0	3.14159	165.3220665983416	-4855.856771584628	-1861.268724098851	0	0	0	0	0	2	2.085	2.4952	0.00775795	0.1172	-0.02270338090567357	0.001080242661145966	-0.002637775252085845	29674106.26123359	0	0	5444.831795377658	5449.764345461759	5450.909577382348	124.201969813508	478761428.3863776	246.2196507927577	-7823.75405	0	0	0	0	0.105658371499408	1.776819999990044	0.09999999999943968	1.509999999991539	172.4999999990334	0.09999999999943968	0.09999999999943968	4.919999999972433	91.18759999948904	91.18759999948904	80.38499999954958	80.38499999954958	124.201969813508	1	124.201969813508	0	1	0	0	1	0	5444.831795377658	5444.831795377658	5449.764345461759	5449.764345461759	21883.89742787219	21883.89742787219	5450.909577382348	5450.909577382348	5450.909576006431	0.9997417060059373	-0.02270141732547895	0.001080242451052426	0.02270420029344941	0.9997387466008362	-0.002637770654169216	-0.001020079101610956	0.00266161537482571	0.9999959376128602	-0.02270338090567357	0.001080242661145966	-0.002637775252085845	0.0005743707124154401	0.008672997757473143	0.9907894789166339	0.0005743707124154401	0.0005743707124154401	0.02825903905083965	0	0.0006068707411111023	0.01020553369234002	
335	16.25322923993331	246.2196507927577	2.71828	1.21358	1.16637e-05	0.2581069881028696	5.993044534209371	1.263861621190769	-1.238046052351134	-0.9302829541215486	13.23779961450413	4.615253460456734	-3.160756367224863	4.919999999972433	1.509999999991539	0.09999999999943968	0	0.105658371499408	0.09999999999943968	172.4999999990334	1.776819999990044	0.09999999999943968	91.18759999948904	0	0	0	3.14159	165.3220665983416	-4855.856771584628	-1861.268724098851	0	0	0	0	0	2	2.085	2.4952	0.00775795	0.1172	-0.02270338090567357	0.001080242661145966	-0.002637775252085845	29674106.26123359	0	0	5444.831795377658	5449.764345461759	5450.909577382348	124.201969813508	478761428.3863776	246.2196507927577	-7823.75405	0	0	0	0	0.105658371499408	1.776819999990044	0.09999999999943968	1.509999999991539	172.4999999990334	0.09999999999943968	0.09999999999943968	4.919999999972433	91.18759999948904	91.18759999948904	80.38499999954958	80.38499999954958	124.201969813508	1	124.201969813508	0	1	0	0	1	0	5444.831795377658	5444.831795377658	5449.764345461759	5449.764345461759	21883.89742787219	21883.89742787219	5450.909577382348	5450.909577382348	5450.909576006431	0.9997417060059373	-0.02270141732547895	0.001080242451052426	0.02270420029344941	0.9997387466008362	-0.002637770654169216	-0.001020079101610956	0.00266161537482571	0.9999959376128602	-0.02270338090567357	0.001080242661145966	-0.002637775252085845	0.0005743707124154401	0.008672997757473143	0.9907894789166339	0.0005743707124154401	0.0005743707124154401	0.02825903905083965	0	0.0006068707411111023	0.01020553369234002	
336	16.20485653386208	246.2196507927577	2.71828	1.21358	1.16637e-05	0.2581069881028696	5.993044534209371	1.263861621190769	-1.238046052351134	-0.9302829541215486	13.23779961450413	4.615253460456734	-3.160756367224863	4.919999999972433	1.509999999991539	0.09999999999943968	0	0.105658371499408	0.09999999999943968	172.4999999990334	1.776819999990044	0.09999999999943968	91.18759999948904	0	0	0	3.14159	165.3220665983416	-4855.856771584628	-1861.268724098851	0	0	0	0	0	2	2.085	2.4952	0.00775795	0.1172	-0.02270338090567357	0.001080242661145966	-0.002637775252085845	29674106.26123359	0	0	5444.831795377658	5449.764345461759	5450.909577382348	124.201969813508	478761428.3863776	246.2196507927577	-7823.75405	0	0	0	0	0.105658371499408	1.776819999990044	0.09999999999943968	1.509999999991539	172.4999999990334	0.09999999999943968	0.09999999999943968	4.919999999972433	91.18759999948904	91.18759999948904	80.38499999954958	80.38499999954958	124.201969813508	1	124.201969813508	0	1	0	0	1	0	5444.831795377658	5444.831795377658	5449.764345461759	5449.764345461759	21883.89742787219	21883.89742787219	5450.909577382348	5450.909577382348	5450.909576006431	0.9997417060059373	-0.02270141732547895	0.001080242451052426	0.02270420029344941	0.9997387466008362	-0.002637770654169216	-0.001020079101610956	0.00266161537482571	0.9999959376128602	-0.02270338090567357	0.001080242661145966	-0.002637775252085845	0.0005743707124154401	0.008672997757473143	0.9907894789166339	0.0005743707124154401	0.0005743707124154401	0.02825903905083965	0	0.0006068707411111023	0.01020553369234002	
337	16.15677090616516	246.2196507927577	2.71828	1.21358	1.16637e-05	0.2581069881028696	5.993044534209371	1.263861621190769	-1.238046052351134	-0.9302829541215486	13.23779961450413	4.615253460456734	-3.160756367224863	4.919999999972433	1.509999999991539	0.09999999999943968	0	0.105658371499408	0.09999999999943968	172.4999999990334	1.776819999990044	0.09999999999943968	91.18759999948904	0	0	0	3.14159	165.3220665983416	-4855.856771584628	-1861.268724098851	0	0	0	0	0	2	2.085	2.4952	0.00775795	0.1172	-0.02270338090567357	0.001080242661145966	-0.002637775252085845	29674106.26123359	0	0	5444.831795377658	5449.764345461759	5450.909577382348	124.201969813508	478761428.3863776	246.2196507927577	-7823.75405	0	0	0	0	0.105658371499408	1.776819999990044	0.09999999999943968	1.509999999991539	172.4999999990334	0.09999999999943968	0.09999999999943968	4.919999999972433	91.18759999948904	91.18759999948904	80.38499999954958	80.38499999954958	124.201969813508	1	124.201969813508	0	1	0	0	1	0	5444.831795377658	5444.831795377658	5449.764345461759	5449.764345461759	21883.89742787219	21883.89742787219	5450.909577382348	5450.909577382348	5450.909576006431	0.9997417060059373	-0.02270141732547895	0.001080242451052426	0.02270420029344941	0.9997387466008362	-0.002637770654169216	-0.001020079101610956	0.00266161537482571	0.9999959376128602	-0.02270338090567357	0.001080242661145966	-0.002637775252085845	0.0005743707124154401	0.008672997757473143	0.9907894789166339	0.0005743707124154401	0.0005743707124154401	0.02825903905083965	0	0.0006068707411111023	0.01020553369234002	
338	16.10896980880964	246.2196507927577	2.71828	1.21358	1.16637e-05	0.2581069881028696	5.993044534209371	1.263861621190769	-1.238046052351134	-0.9302829541215486	13.23779961450413	4.615253460456734	-3.160756367224863	4.919999999972433	1.509999999991539	0.09999999999943968	0	0.105658371499408	0.09999999999943968	172.4999999990334	1.776819999990044	0.09999999999943968	91.18759999948904	0	0	0	3.14159	165.3220665983416	-4855.856771584628	-1861.268724098851	0	0	0	0	0	2	2.085	2.4952	0.00775795	0.1172	-0.02270338090567357	0.001080242661145966	-0.002637775252085845	29674106.26123359	0	0	5444.831795377658	5449.764345461759	5450.909577382348	124.201969813508	478761428.3863776	246.2196507927577	-7823.75405	0	0	0	0	0.105658371499408	1.776819999990044	0.09999999999943968	1.509999999991539	172.4999999990334	0.09999999999943968	0.09999999999943968	4.919999999972433	91.18759999948904	91.18759999948904	80.38499999954958	80.38499999954958	124.201969813508	1	124.201969813508	0	1	0	0	1	0	5444.831795377658	5444.831795377658	5449.764345461759	5449.764345461759	21883.89742787219	21883.89742787219	5450.909577382348	5450.909577382348	5450.909576006431	0.9997417060059373	-0.02270141732547895	0.001080242451052426	0.02270420029344941	0.9997387466008362	-0.002637770654169216	-0.001020079101610956	0.00266161537482571	0.9999959376128602	-0.02270338090567357	0.001080242661145966	-0.002637775252085845	0.0005743707124154401	0.008672997757473143	0.9907894789166339	0.0005743707124154401	0.0005743707124154401	0.02825903905083965	0	0.0006068707411111023	0.01020553369234002	
339	16.0614507238279	246.2196507927577	2.71828	1.21358	1.16637e-05	0.2581069881028696	5.993044534209371	1.263861621190769	-1.238046052351134	-0.9302829541215486	13.23779961450413	4.615253460456734	-3.160756367224863	4.919999999972433	1.509999999991539	0.09999999999943968	0	0.105658371499408	0.09999999999943968	172.4999999990334	1.776819999990044	0.09999999999943968	91.18759999948904	0	0	0	3.14159	165.3220665983416	-4855.856771584628	-1861.268724098851	0	0	0	0	0	2	2.085	2.4952	0.00775795	0.1172	-0.02270338090567357	0.001080242661145966	-0.002637775252085845	29674106.26123359	0	0	5444.831795377658	5449.764345461759	5450.909577382348	124.201969813508	478761428.3863776	246.2196507927577	-7823.75405	0	0	0	0	0.105658371499408	1.776819999990044	0.09999999999943968	1.509999999991539	172.4999999990334	0.09999999999943968	0.09999999999943968	4.919999999972433	91.18759999948904	91.18759999948904	80.38499999954958	80.38499999954958	124.201969813508	1	124.201969813508	0	1	0	0	1	0	5444.831795377658	5444.831795377658	5449.764345461759	5449.764345461759	21883.89742787219	21883.89742787219	5450.909577382348	5450.909577382348	5450.909576006431	0.9997417060059373	-0.02270141732547895	0.001080242451052426	0.02270420029344941	0.9997387466008362	-0.002637770654169216	-0.001020079101610956	0.00266161537482571	0.9999959376128602	-0.02270338090567357	0.001080242661145966	-0.002637775252085845	0.0005743707124154401	0.008672997757473143	0.9907894789166339	0.0005743707124154401	0.0005743707124154401	0.02825903905083965	0	0.0006068707411111023	0.01020553369234002	
340	16.01421116287547	246.2196507927577	2.71828	1.21358	1.16637e-05	0.2581069881028696	5.993044534209371	1.263861621190769	-1.238046052351134	-0.9302829541215486	13.23779961450413	4.615253460456734	-3.160756367224863	4.919999999972433	1.509999999991539	0.09999999999943968	0	0.105658371499408	0.09999999999943968	172.4999999990334	1.776819999990044	0.09999999999943968	91.18759999948904	0	0	0	3.14159	165.3220665983416	-4855.856771584628	-1861.268724098851	0	0	0	0	0	2	2.085	2.4952	0.00775795	0.1172	-0.02270338090567357	0.001080242661145966	-0.002637775252085845	29674106.26123359	0	0	5444.831795377658	5449.764345461759	5450.909577382348	124.201969813508	478761428.3863776	246.2196507927577	-7823.75405	0	0	0	0	0.105658371499408	1.776819999990044	0.09999999999943968	1.509999999991539	172.4999999990334	0.09999999999943968	0.09999999999943968	4.919999999972433	91.18759999948904	91.18759999948904	80.38499999954958	80.38499999954958	124.201969813508	1	124.201969813508	0	1	0	0	1	0	5444.831795377658	5444.831795377658	5449.764345461759	5449.764345461759	21883.89742787219	21883.89742787219	5450.909577382348	5450.909577382348	5450.909576006431	0.9997417060059373	-0.02270141732547895	0.001080242451052426	0.02270420029344941	0.9997387466008362	-0.002637770654169216	-0.001020079101610956	0.00266161537482571	0.9999959376128602	-0.02270338090567357	0.001080242661145966	-0.002637775252085845	0.0005743707124154401	0.008672997757473143	0.9907894789166339	0.0005743707124154401	0.0005743707124154401	0.02825903905083965	0	0.0006068707411111023	0.01020553369234002	
341	15.96724866679665	246.2196507927577	2.71828	1.21358	1.16637e-05	0.2581069881028696	5.993044534209371	1.263861621190769	-1.238046052351134	-0.9302829541215486	13.23779961450413	4.615253460456734	-3.160756367224863	4.919999999972433	1.509999999991539	0.09999999999943968	0	0.105658371499408	0.09999999999943968	172.4999999990334	1.776819999990044	0.09999999999943968	91.18759999948904	0	0	0	3.14159	165.3220665983416	-4855.856771584628	-1861.268724098851	0	0	0	0	0	2	2.085	2.4952	0.00775795	0.1172	-0.02270338090567357	0.001080242661145966	-0.002637775252085845	29674106.26123359	0	0	5444.831795377658	5449.764345461759	5450.909577382348	124.201969813508	478761428.3863776	246.2196507927577	-7823.75405	0	0	0	0	0.105658371499408	1.776819999990044	0.09999999999943968	1.509999999991539	172.4999999990334	0.09999999999943968	0.09999999999943968	4.919999999972433	91.18759999948904	91.18759999948904	80.38499999954958	80.38499999954958	124.201969813508	1	124.201969813508	0	1	0	0	1	0	5444.831795377658	5444.831795377658	5449.764345461759	5449.764345461759	21883.89742787219	21883.89742787219	5450.909577382348	5450.909577382348	5450.909576006431	0.9997417060059373	-0.02270141732547895	0.001080242451052426	0.02270420029344941	0.9997387466008362	-0.002637770654169216	-0.001020079101610956	0.00266161537482571	0.9999959376128602	-0.02270338090567357	0.001080242661145966	-0.002637775252085845	0.0005743707124154401	0.008672997757473143	0.9907894789166339	0.0005743707124154401	0.0005743707124154401	0.02825903905083965	0	0.0006068707411111023	0.01020553369234002	
342	15.92056080519783	246.2196507927577	2.71828	1.21358	1.16637e-05	0.2581069881028696	5.993044534209371	1.263861621190769	-1.238046052351134	-0.9302829541215486	13.23779961450413	4.615253460456734	-3.160756367224863	4.919999999972433	1.509999999991539	0.09999999999943968	0	0.105658371499408	0.09999999999943968	172.4999999990334	1.776819999990044	0.09999999999943968	91.18759999948904	0	0	0	3.14159	165.3220665983416	-4855.856771584628	-1861.268724098851	0	0	0	0	0	2	2.085	2.4952	0.00775795	0.1172	-0.02270338090567357	0.001080242661145966	-0.002637775252085845	29674106.26123359	0	0	5444.831795377658	5449.764345461759	5450.909577382348	124.201969813508	478761428.3863776	246.2196507927577	-7823.75405	0	0	0	0	0.105658371499408	1.776819999990044	0.09999999999943968	1.509999999991539	172.4999999990334	0.09999999999943968	0.09999999999943968	4.919999999972433	91.18759999948904	91.18759999948904	80.38499999954958	80.38499999954958	124.201969813508	1	124.201969813508	0	1	0	0	1	0	5444.831795377658	5444.831795377658	5449.764345461759	5449.764345461759	21883.89742787219	21883.89742787219	5450.909577382348	5450.909577382348	5450.909576006431	0.9997417060059373	-0.02270141732547895	0.001080242451052426	0.02270420029344941	0.9997387466008362	-0.002637770654169216	-0.001020079101610956	0.00266161537482571	0.9999959376128602	-0.02270338090567357	0.001080242661145966	-0.002637775252085845	0.0005743707124154401	0.008672997757473143	0.9907894789166339	0.0005743707124154401	0.0005743707124154401	0.02825903905083965	0	0.0006068707411111023	0.01020553369234002	
343	15.87414517602816	246.2196507927577	2.71828	1.21358	1.16637e-05	0.2581069881028696	5.993044534209371	1.263861621190769	-1.238046052351134	-0.9302829541215486	13.23779961450413	4.615253460456734	-3.160756367224863	4.919999999972433	1.509999999991539	0.09999999999943968	0	0.105658371499408	0.09999999999943968	172.4999999990334	1.776819999990044	0.09999999999943968	91.18759999948904	0	0	0	3.14159	165.3220665983416	-4855.856771584628	-1861.268724098851	0	0	0	0	0	2	2.085	2.4952	0.00775795	0.1172	-0.02270338090567357	0.001080242661145966	-0.002637775252085845	29674106.26123359	0	0	5444.831795377658	5449.764345461759	5450.909577382348	124.201969813508	478761428.3863776	246.2196507927577	-7823.75405	0	0	0	0	0.105658371499408	1.776819999990044	0.09999999999943968	1.509999999991539	172.4999999990334	0.09999999999943968	0.09999999999943968	4.919999999972433	91.18759999948904	91.18759999948904	80.38499999954958	80.38499999954958	124.201969813508	1	124.201969813508	0	1	0	0	1	0	5444.831795377658	5444.831795377658	5449.764345461759	5449.764345461759	21883.89742787219	21883.89742787219	5450.909577382348	5450.909577382348	5450.909576006431	0.9997417060059373	-0.02270141732547895	0.001080242451052426	0.02270420029344941	0.9997387466008362	-0.002637770654169216	-0.001020079101610956	0.00266161537482571	0.9999959376128602	-0.02270338090567357	0.001080242661145966	-0.002637775252085845	0.0005743707124154401	0.008672997757473143	0.9907894789166339	0.0005743707124154401	0.0005743707124154401	0.02825903905083965	0	0.0006068707411111023	0.01020553369234002	
344	15.82799940516761	246.2196507927577	2.71828	1.21358	1.16637e-05	0.2581069881028696	5.993044534209371	1.263861621190769	-1.238046052351134	-0.9302829541215486	13.23779961450413	4.615253460456734	-3.160756367224863	4.919999999972433	1.509999999991539	0.09999999999943968	0	0.105658371499408	0.09999999999943968	172.4999999990334	1.776819999990044	0.09999999999943968	91.18759999948904	0	0	0	3.14159	165.3220665983416	-4855.856771584628	-1861.268724098851	0	0	0	0	0	2	2.085	2.4952	0.00775795	0.1172	-0.02270338090567357	0.001080242661145966	-0.002637775252085845	29674106.26123359	0	0	5444.831795377658	5449.764345461759	5450.909577382348	124.201969813508	478761428.3863776	246.2196507927577	-7823.75405	0	0	0	0	0.105658371499408	1.776819999990044	0.09999999999943968	1.509999999991539	172.4999999990334	0.09999999999943968	0.09999999999943968	4.919999999972433	91.18759999948904	91.18759999948904	80.38499999954958	80.38499999954958	124.201969813508	1	124.201969813508	0	1	0	0	1	0	5444.831795377658	5444.831795377658	5449.764345461759	5449.764345461759	21883.89742787219	21883.89742787219	5450.909577382348	5450.909577382348	5450.909576006431	0.9997417060059373	-0.02270141732547895	0.001080242451052426	0.02270420029344941	0.9997387466008362	-0.002637770654169216	-0.001020079101610956	0.00266161537482571	0.9999959376128602	-0.02270338090567357	0.001080242661145966	-0.002637775252085845	0.0005743707124154401	0.008672997757473143	0.9907894789166339	0.0005743707124154401	0.0005743707124154401	0.02825903905083965	0	0.0006068707411111023	0.01020553369234002	
345	15.7821211460222	246.2196507927577	2.71828	1.21358	1.16637e-05	0.2581069881028696	5.993044534209371	1.263861621190769	-1.238046052351134	-0.9302829541215486	13.23779961450413	4.615253460456734	-3.160756367224863	4.919999999972433	1.509999999991539	0.09999999999943968	0	0.105658371499408	0.09999999999943968	172.4999999990334	1.776819999990044	0.09999999999943968	91.18759999948904	0	0	0	3.14159	165.3220665983416	-4855.856771584628	-1861.268724098851	0	0	0	0	0	2	2.085	2.4952	0.00775795	0.1172	-0.02270338090567357	0.001080242661145966	-0.002637775252085845	29674106.26123359	0	0	5444.831795377658	5449.764345461759	5450.909577382348	124.201969813508	478761428.3863776	246.2196507927577	-7823.75405	0	0	0	0	0.105658371499408	1.776819999990044	0.09999999999943968	1.509999999991539	172.4999999990334	0.09999999999943968	0.09999999999943968	4.919999999972433	91.18759999948904	91.18759999948904	80.38499999954958	80.38499999954958	124.201969813508	1	124.201969813508	0	1	0	0	1	0	5444.831795377658	5444.831795377658	5449.764345461759	5449.764345461759	21883.89742787219	21883.89742787219	5450.909577382348	5450.909577382348	5450.909576006431	0.9997417060059373	-0.02270141732547895	0.001080242451052426	0.02270420029344941	0.9997387466008362	-0.002637770654169216	-0.001020079101610956	0.00266161537482571	0.9999959376128602	-0.02270338090567357	0.001080242661145966	-0.002637775252085845	0.0005743707124154401	0.008672997757473143	0.9907894789166339	0.0005743707124154401	0.0005743707124154401	0.02825903905083965	0	0.0006068707411111023	0.01020553369234002	
346	15.73650807912618	246.2196507927577	2.71828	1.21358	1.16637e-05	0.2581069881028696	5.993044534209371	1.263861621190769	-1.238046052351134	-0.9302829541215486	13.23779961450413	4.615253460456734	-3.160756367224863	4.919999999972433	1.509999999991539	0.09999999999943968	0	0.105658371499408	0.09999999999943968	172.4999999990334	1.776819999990044	0.09999999999943968	91.18759999948904	0	0	0	3.14159	165.3220665983416	-4855.856771584628	-1861.268724098851	0	0	0	0	0	2	2.085	2.4952	0.00775795	0.1172	-0.02270338090567357	0.001080242661145966	-0.002637775252085845	29674106.26123359	0	0	5444.831795377658	5449.764345461759	5450.909577382348	124.201969813508	478761428.3863776	246.2196507927577	-7823.75405	0	0	0	0	0.105658371499408	1.776819999990044	0.09999999999943968	1.509999999991539	172.4999999990334	0.09999999999943968	0.09999999999943968	4.919999999972433	91.18759999948904	91.18759999948904	80.38499999954958	80.38499999954958	124.201969813508	1	124.201969813508	0	1	0	0	1	0	5444.831795377658	5444.831795377658	5449.764345461759	5449.764345461759	21883.89742787219	21883.89742787219	5450.909577382348	5450.909577382348	5450.909576006431	0.9997417060059373	-0.02270141732547895	0.001080242451052426	0.02270420029344941	0.9997387466008362	-0.002637770654169216	-0.001020079101610956	0.00266161537482571	0.9999959376128602	-0.02270338090567357	0.001080242661145966	-0.002637775252085845	0.0005743707124154401	0.008672997757473143	0.9907894789166339	0.0005743707124154401	0.0005743707124154401	0.02825903905083965	0	0.0006068707411111023	0.01020553369234002	
347	15.69115791175117	246.2196507927577	2.71828	1.21358	1.16637e-05	0.2581069881028696	5.993044534209371	1.263861621190769	-1.238046052351134	-0.9302829541215486	13.23779961450413	4.615253460456734	-3.160756367224863	4.919999999972433	1.509999999991539	0.09999999999943968	0	0.105658371499408	0.09999999999943968	172.4999999990334	1.776819999990044	0.09999999999943968	91.18759999948904	0	0	0	3.14159	165.3220665983416	-4855.856771584628	-1861.268724098851	0	0	0	0	0	2	2.085	2.4952	0.00775795	0.1172	-0.02270338090567357	0.001080242661145966	-0.002637775252085845	29674106.26123359	0	0	5444.831795377658	5449.764345461759	5450.909577382348	124.201969813508	478761428.3863776	246.2196507927577	-7823.75405	0	0	0	0	0.105658371499408	1.776819999990044	0.09999999999943968	1.509999999991539	172.4999999990334	0.09999999999943968	0.09999999999943968	4.919999999972433	91.18759999948904	91.18759999948904	80.38499999954958	80.38499999954958	124.201969813508	1	124.201969813508	0	1	0	0	1	0	5444.831795377658	5444.831795377658	5449.764345461759	5449.764345461759	21883.89742787219	21883.89742787219	5450.909577382348	5450.909577382348	5450.909576006431	0.9997417060059373	-0.02270141732547895	0.001080242451052426	0.02270420029344941	0.9997387466008362	-0.002637770654169216	-0.001020079101610956	0.00266161537482571	0.9999959376128602	-0.02270338090567357	0.001080242661145966	-0.002637775252085845	0.0005743707124154401	0.008672997757473143	0.9907894789166339	0.0005743707124154401	0.0005743707124154401	0.02825903905083965	0	0.0006068707411111023	0.01020553369234002	
348	15.646068377522	246.2196507927577	2.71828	1.21358	1.16637e-05	0.2581069881028696	5.993044534209371	1.263861621190769	-1.238046052351134	-0.9302829541215486	13.23779961450413	4.615253460456734	-3.160756367224863	4.919999999972433	1.509999999991539	0.09999999999943968	0	0.105658371499408	0.09999999999943968	172.4999999990334	1.776819999990044	0.09999999999943968	91.18759999948904	0	0	0	3.14159	165.3220665983416	-4855.856771584628	-1861.268724098851	0	0	0	0	0	2	2.085	2.4952	0.00775795	0.1172	-0.02270338090567357	0.001080242661145966	-0.002637775252085845	29674106.26123359	0	0	5444.831795377658	5449.764345461759	5450.909577382348	124.201969813508	478761428.3863776	246.2196507927577	-7823.75405	0	0	0	0	0.105658371499408	1.776819999990044	0.09999999999943968	1.509999999991539	172.4999999990334	0.09999999999943968	0.09999999999943968	4.919999999972433	91.18759999948904	91.18759999948904	80.38499999954958	80.38499999954958	124.201969813508	1	124.201969813508	0	1	0	0	1	0	5444.831795377658	5444.831795377658	5449.764345461759	5449.764345461759	21883.89742787219	21883.89742787219	5450.909577382348	5450.909577382348	5450.909576006431	0.9997417060059373	-0.02270141732547895	0.001080242451052426	0.02270420029344941	0.9997387466008362	-0.002637770654169216	-0.001020079101610956	0.00266161537482571	0.9999959376128602	-0.02270338090567357	0.001080242661145966	-0.002637775252085845	0.0005743707124154401	0.008672997757473143	0.9907894789166339	0.0005743707124154401	0.0005743707124154401	0.02825903905083965	0	0.0006068707411111023	0.01020553369234002	
349	15.60123723603913	246.2196507927577	2.71828	1.21358	1.16637e-05	0.2581069881028696	5.993044534209371	1.263861621190769	-1.238046052351134	-0.9302829541215486	13.23779961450413	4.615253460456734	-3.160756367224863	4.919999999972433	1.509999999991539	0.09999999999943968	0	0.105658371499408	0.09999999999943968	172.4999999990334	1.776819999990044	0.09999999999943968	91.18759999948904	0	0	0	3.14159	165.3220665983416	-4855.856771584628	-1861.268724098851	0	0	0	0	0	2	2.085	2.4952	0.00775795	0.1172	-0.02270338090567357	0.001080242661145966	-0.002637775252085845	29674106.26123359	0	0	5444.831795377658	5449.764345461759	5450.909577382348	124.201969813508	478761428.3863776	246.2196507927577	-7823.75405	0	0	0	0	0.105658371499408	1.776819999990044	0.09999999999943968	1.509999999991539	172.4999999990334	0.09999999999943968	0.09999999999943968	4.919999999972433	91.18759999948904	91.18759999948904	80.38499999954958	80.38499999954958	124.201969813508	1	124.201969813508	0	1	0	0	1	0	5444.831795377658	5444.831795377658	5449.764345461759	5449.764345461759	21883.89742787219	21883.89742787219	5450.909577382348	5450.909577382348	5450.909576006431	0.9997417060059373	-0.02270141732547895	0.001080242451052426	0.02270420029344941	0.9997387466008362	-0.002637770654169216	-0.001020079101610956	0.00266161537482571	0.9999959376128602	-0.02270338090567357	0.001080242661145966	-0.002637775252085845	0.0005743707124154401	0.008672997757473143	0.9907894789166339	0.0005743707124154401	0.0005743707124154401	0.02825903905083965	0	0.0006068707411111023	0.01020553369234002	
350	15.55666227250759	246.2196507927577	2.71828	1.21358	1.16637e-05	0.2581069881028696	5.993044534209371	1.263861621190769	-1.238046052351134	-0.9302829541215486	13.23779961450413	4.615253460456734	-3.160756367224863	4.919999999972433	1.509999999991539	0.09999999999943968	0	0.105658371499408	0.09999999999943968	172.4999999990334	1.776819999990044	0.09999999999943968	91.18759999948904	0	0	0	3.14159	165.3220665983416	-4855.856771584628	-1861.268724098851	0	0	0	0	0	2	2.085	2.4952	0.00775795	0.1172	-0.02270338090567357	0.001080242661145966	-0.002637775252085845	29674106.26123359	0	0	5444.831795377658	5449.764345461759	5450.909577382348	124.201969813508	478761428.3863776	246.2196507927577	-7823.75405	0	0	0	0	0.105658371499408	1.776819999990044	0.09999999999943968	1.509999999991539	172.4999999990334	0.09999999999943968	0.09999999999943968	4.919999999972433	91.18759999948904	91.18759999948904	80.38499999954958	80.38499999954958	124.201969813508	1	124.201969813508	0	1	0	0	1	0	5444.831795377658	5444.831795377658	5449.764345461759	5449.764345461759	21883.89742787219	21883.89742787219	5450.909577382348	5450.909577382348	5450.909576006431	0.9997417060059373	-0.02270141732547895	0.001080242451052426	0.02270420029344941	0.9997387466008362	-0.002637770654169216	-0.001020079101610956	0.00266161537482571	0.9999959376128602	-0.02270338090567357	0.001080242661145966	-0.002637775252085845	0.0005743707124154401	0.008672997757473143	0.9907894789166339	0.0005743707124154401	0.0005743707124154401	0.02825903905083965	0	0.0006068707411111023	0.01020553369234002	
351	15.51234129737224	246.2196507927577	2.71828	1.21358	1.16637e-05	0.2581069881028696	5.993044534209371	1.263861621190769	-1.238046052351134	-0.9302829541215486	13.23779961450413	4.615253460456734	-3.160756367224863	4.919999999972433	1.509999999991539	0.09999999999943968	0	0.105658371499408	0.09999999999943968	172.4999999990334	1.776819999990044	0.09999999999943968	91.18759999948904	0	0	0	3.14159	165.3220665983416	-4855.856771584628	-1861.268724098851	0	0	0	0	0	2	2.085	2.4952	0.00775795	0.1172	-0.02270338090567357	0.001080242661145966	-0.002637775252085845	29674106.26123359	0	0	5444.831795377658	5449.764345461759	5450.909577382348	124.201969813508	478761428.3863776	246.2196507927577	-7823.75405	0	0	0	0	0.105658371499408	1.776819999990044	0.09999999999943968	1.509999999991539	172.4999999990334	0.09999999999943968	0.09999999999943968	4.919999999972433	91.18759999948904	91.18759999948904	80.38499999954958	80.38499999954958	124.201969813508	1	124.201969813508	0	1	0	0	1	0	5444.831795377658	5444.831795377658	5449.764345461759	5449.764345461759	21883.89742787219	21883.89742787219	5450.909577382348	5450.909577382348	5450.909576006431	0.9997417060059373	-0.02270141732547895	0.001080242451052426	0.02270420029344941	0.9997387466008362	-0.002637770654169216	-0.001020079101610956	0.00266161537482571	0.9999959376128602	-0.02270338090567357	0.001080242661145966	-0.002637775252085845	0.0005743707124154401	0.008672997757473143	0.9907894789166339	0.0005743707124154401	0.0005743707124154401	0.02825903905083965	0	0.0006068707411111023	0.01020553369234002	
352	15.46827214595925	246.2196507927577	2.71828	1.21358	1.16637e-05	0.2581069881028696	5.993044534209371	1.263861621190769	-1.238046052351134	-0.9302829541215486	13.23779961450413	4.615253460456734	-3.160756367224863	4.919999999972433	1.509999999991539	0.09999999999943968	0	0.105658371499408	0.09999999999943968	172.4999999990334	1.776819999990044	0.09999999999943968	91.18759999948904	0	0	0	3.14159	165.3220665983416	-4855.856771584628	-1861.268724098851	0	0	0	0	0	2	2.085	2.4952	0.00775795	0.1172	-0.02270338090567357	0.001080242661145966	-0.002637775252085845	29674106.26123359	0	0	5444.831795377658	5449.764345461759	5450.909577382348	124.201969813508	478761428.3863776	246.2196507927577	-7823.75405	0	0	0	0	0.105658371499408	1.776819999990044	0.09999999999943968	1.509999999991539	172.4999999990334	0.09999999999943968	0.09999999999943968	4.919999999972433	91.18759999948904	91.18759999948904	80.38499999954958	80.38499999954958	124.201969813508	1	124.201969813508	0	1	0	0	1	0	5444.831795377658	5444.831795377658	5449.764345461759	5449.764345461759	21883.89742787219	21883.89742787219	5450.909577382348	5450.909577382348	5450.909576006431	0.9997417060059373	-0.02270141732547895	0.001080242451052426	0.02270420029344941	0.9997387466008362	-0.002637770654169216	-0.001020079101610956	0.00266161537482571	0.9999959376128602	-0.02270338090567357	0.001080242661145966	-0.002637775252085845	0.0005743707124154401	0.008672997757473143	0.9907894789166339	0.0005743707124154401	0.0005743707124154401	0.02825903905083965	0	0.0006068707411111023	0.01020553369234002	
353	15.42445267812368	246.2196507927577	2.71828	1.21358	1.16637e-05	0.2581069881028696	5.993044534209371	1.263861621190769	-1.238046052351134	-0.9302829541215486	13.23779961450413	4.615253460456734	-3.160756367224863	4.919999999972433	1.509999999991539	0.09999999999943968	0	0.105658371499408	0.09999999999943968	172.4999999990334	1.776819999990044	0.09999999999943968	91.18759999948904	0	0	0	3.14159	165.3220665983416	-4855.856771584628	-1861.268724098851	0	0	0	0	0	2	2.085	2.4952	0.00775795	0.1172	-0.02270338090567357	0.001080242661145966	-0.002637775252085845	29674106.26123359	0	0	5444.831795377658	5449.764345461759	5450.909577382348	124.201969813508	478761428.3863776	246.2196507927577	-7823.75405	0	0	0	0	0.105658371499408	1.776819999990044	0.09999999999943968	1.509999999991539	172.4999999990334	0.09999999999943968	0.09999999999943968	4.919999999972433	91.18759999948904	91.18759999948904	80.38499999954958	80.38499999954958	124.201969813508	1	124.201969813508	0	1	0	0	1	0	5444.831795377658	5444.831795377658	5449.764345461759	5449.764345461759	21883.89742787219	21883.89742787219	5450.909577382348	5450.909577382348	5450.909576006431	0.9997417060059373	-0.02270141732547895	0.001080242451052426	0.02270420029344941	0.9997387466008362	-0.002637770654169216	-0.001020079101610956	0.00266161537482571	0.9999959376128602	-0.02270338090567357	0.001080242661145966	-0.002637775252085845	0.0005743707124154401	0.008672997757473143	0.9907894789166339	0.0005743707124154401	0.0005743707124154401	0.02825903905083965	0	0.0006068707411111023	0.01020553369234002	
354	15.38088077790299	246.2196507927577	2.71828	1.21358	1.16637e-05	0.2581069881028696	5.993044534209371	1.263861621190769	-1.238046052351134	-0.9302829541215486	13.23779961450413	4.615253460456734	-3.160756367224863	4.919999999972433	1.509999999991539	0.09999999999943968	0	0.105658371499408	0.09999999999943968	172.4999999990334	1.776819999990044	0.09999999999943968	91.18759999948904	0	0	0	3.14159	165.3220665983416	-4855.856771584628	-1861.268724098851	0	0	0	0	0	2	2.085	2.4952	0.00775795	0.1172	-0.02270338090567357	0.001080242661145966	-0.002637775252085845	29674106.26123359	0	0	5444.831795377658	5449.764345461759	5450.909577382348	124.201969813508	478761428.3863776	246.2196507927577	-7823.75405	0	0	0	0	0.105658371499408	1.776819999990044	0.09999999999943968	1.509999999991539	172.4999999990334	0.09999999999943968	0.09999999999943968	4.919999999972433	91.18759999948904	91.18759999948904	80.38499999954958	80.38499999954958	124.201969813508	1	124.201969813508	0	1	0	0	1	0	5444.831795377658	5444.831795377658	5449.764345461759	5449.764345461759	21883.89742787219	21883.89742787219	5450.909577382348	5450.909577382348	5450.909576006431	0.9997417060059373	-0.02270141732547895	0.001080242451052426	0.02270420029344941	0.9997387466008362	-0.002637770654169216	-0.001020079101610956	0.00266161537482571	0.9999959376128602	-0.02270338090567357	0.001080242661145966	-0.002637775252085845	0.0005743707124154401	0.008672997757473143	0.9907894789166339	0.0005743707124154401	0.0005743707124154401	0.02825903905083965	0	0.0006068707411111023	0.01020553369234002	
355	15.3375543531765	246.2196507927577	2.71828	1.21358	1.16637e-05	0.2581069881028696	5.993044534209371	1.263861621190769	-1.238046052351134	-0.9302829541215486	13.23779961450413	4.615253460456734	-3.160756367224863	4.919999999972433	1.509999999991539	0.09999999999943968	0	0.105658371499408	0.09999999999943968	172.4999999990334	1.776819999990044	0.09999999999943968	91.18759999948904	0	0	0	3.14159	165.3220665983416	-4855.856771584628	-1861.268724098851	0	0	0	0	0	2	2.085	2.4952	0.00775795	0.1172	-0.02270338090567357	0.001080242661145966	-0.002637775252085845	29674106.26123359	0	0	5444.831795377658	5449.764345461759	5450.909577382348	124.201969813508	478761428.3863776	246.2196507927577	-7823.75405	0	0	0	0	0.105658371499408	1.776819999990044	0.09999999999943968	1.509999999991539	172.4999999990334	0.09999999999943968	0.09999999999943968	4.919999999972433	91.18759999948904	91.18759999948904	80.38499999954958	80.38499999954958	124.201969813508	1	124.201969813508	0	1	0	0	1	0	5444.831795377658	5444.831795377658	5449.764345461759	5449.764345461759	21883.89742787219	21883.89742787219	5450.909577382348	5450.909577382348	5450.909576006431	0.9997417060059373	-0.02270141732547895	0.001080242451052426	0.02270420029344941	0.9997387466008362	-0.002637770654169216	-0.001020079101610956	0.00266161537482571	0.9999959376128602	-0.02270338090567357	0.001080242661145966	-0.002637775252085845	0.0005743707124154401	0.008672997757473143	0.9907894789166339	0.0005743707124154401	0.0005743707124154401	0.02825903905083965	0	0.0006068707411111023	0.01020553369234002	
356	15.2944713353305	246.2196507927577	2.71828	1.21358	1.16637e-05	0.2581069881028696	5.993044534209371	1.263861621190769	-1.238046052351134	-0.9302829541215486	13.23779961450413	4.615253460456734	-3.160756367224863	4.919999999972433	1.509999999991539	0.09999999999943968	0	0.105658371499408	0.09999999999943968	172.4999999990334	1.776819999990044	0.09999999999943968	91.18759999948904	0	0	0	3.14159	165.3220665983416	-4855.856771584628	-1861.268724098851	0	0	0	0	0	2	2.085	2.4952	0.00775795	0.1172	-0.02270338090567357	0.001080242661145966	-0.002637775252085845	29674106.26123359	0	0	5444.831795377658	5449.764345461759	5450.909577382348	124.201969813508	478761428.3863776	246.2196507927577	-7823.75405	0	0	0	0	0.105658371499408	1.776819999990044	0.09999999999943968	1.509999999991539	172.4999999990334	0.09999999999943968	0.09999999999943968	4.919999999972433	91.18759999948904	91.18759999948904	80.38499999954958	80.38499999954958	124.201969813508	1	124.201969813508	0	1	0	0	1	0	5444.831795377658	5444.831795377658	5449.764345461759	5449.764345461759	21883.89742787219	21883.89742787219	5450.909577382348	5450.909577382348	5450.909576006431	0.9997417060059373	-0.02270141732547895	0.001080242451052426	0.02270420029344941	0.9997387466008362	-0.002637770654169216	-0.001020079101610956	0.00266161537482571	0.9999959376128602	-0.02270338090567357	0.001080242661145966	-0.002637775252085845	0.0005743707124154401	0.008672997757473143	0.9907894789166339	0.0005743707124154401	0.0005743707124154401	0.02825903905083965	0	0.0006068707411111023	0.01020553369234002	
357	15.25162967892901	246.2196507927577	2.71828	1.21358	1.16637e-05	0.2581069881028696	5.993044534209371	1.263861621190769	-1.238046052351134	-0.9302829541215486	13.23779961450413	4.615253460456734	-3.160756367224863	4.919999999972433	1.509999999991539	0.09999999999943968	0	0.105658371499408	0.09999999999943968	172.4999999990334	1.776819999990044	0.09999999999943968	91.18759999948904	0	0	0	3.14159	165.3220665983416	-4855.856771584628	-1861.268724098851	0	0	0	0	0	2	2.085	2.4952	0.00775795	0.1172	-0.02270338090567357	0.001080242661145966	-0.002637775252085845	29674106.26123359	0	0	5444.831795377658	5449.764345461759	5450.909577382348	124.201969813508	478761428.3863776	246.2196507927577	-7823.75405	0	0	0	0	0.105658371499408	1.776819999990044	0.09999999999943968	1.509999999991539	172.4999999990334	0.09999999999943968	0.09999999999943968	4.919999999972433	91.18759999948904	91.18759999948904	80.38499999954958	80.38499999954958	124.201969813508	1	124.201969813508	0	1	0	0	1	0	5444.831795377658	5444.831795377658	5449.764345461759	5449.764345461759	21883.89742787219	21883.89742787219	5450.909577382348	5450.909577382348	5450.909576006431	0.9997417060059373	-0.02270141732547895	0.001080242451052426	0.02270420029344941	0.9997387466008362	-0.002637770654169216	-0.001020079101610956	0.00266161537482571	0.9999959376128602	-0.02270338090567357	0.001080242661145966	-0.002637775252085845	0.0005743707124154401	0.008672997757473143	0.9907894789166339	0.0005743707124154401	0.0005743707124154401	0.02825903905083965	0	0.0006068707411111023	0.01020553369234002	
358	15.20902736139011	246.2196507927577	2.71828	1.21358	1.16637e-05	0.2581069881028696	5.993044534209371	1.263861621190769	-1.238046052351134	-0.9302829541215486	13.23779961450413	4.615253460456734	-3.160756367224863	4.919999999972433	1.509999999991539	0.09999999999943968	0	0.105658371499408	0.09999999999943968	172.4999999990334	1.776819999990044	0.09999999999943968	91.18759999948904	0	0	0	3.14159	165.3220665983416	-4855.856771584628	-1861.268724098851	0	0	0	0	0	2	2.085	2.4952	0.00775795	0.1172	-0.02270338090567357	0.001080242661145966	-0.002637775252085845	29674106.26123359	0	0	5444.831795377658	5449.764345461759	5450.909577382348	124.201969813508	478761428.3863776	246.2196507927577	-7823.75405	0	0	0	0	0.105658371499408	1.776819999990044	0.09999999999943968	1.509999999991539	172.4999999990334	0.09999999999943968	0.09999999999943968	4.919999999972433	91.18759999948904	91.18759999948904	80.38499999954958	80.38499999954958	124.201969813508	1	124.201969813508	0	1	0	0	1	0	5444.831795377658	5444.831795377658	5449.764345461759	5449.764345461759	21883.89742787219	21883.89742787219	5450.909577382348	5450.909577382348	5450.909576006431	0.9997417060059373	-0.02270141732547895	0.001080242451052426	0.02270420029344941	0.9997387466008362	-0.002637770654169216	-0.001020079101610956	0.00266161537482571	0.9999959376128602	-0.02270338090567357	0.001080242661145966	-0.002637775252085845	0.0005743707124154401	0.008672997757473143	0.9907894789166339	0.0005743707124154401	0.0005743707124154401	0.02825903905083965	0	0.0006068707411111023	0.01020553369234002	
359	15.16666238266757	246.2196507927577	2.71828	1.21358	1.16637e-05	0.2581069881028696	5.993044534209371	1.263861621190769	-1.238046052351134	-0.9302829541215486	13.23779961450413	4.615253460456734	-3.160756367224863	4.919999999972433	1.509999999991539	0.09999999999943968	0	0.105658371499408	0.09999999999943968	172.4999999990334	1.776819999990044	0.09999999999943968	91.18759999948904	0	0	0	3.14159	165.3220665983416	-4855.856771584628	-1861.268724098851	0	0	0	0	0	2	2.085	2.4952	0.00775795	0.1172	-0.02270338090567357	0.001080242661145966	-0.002637775252085845	29674106.26123359	0	0	5444.831795377658	5449.764345461759	5450.909577382348	124.201969813508	478761428.3863776	246.2196507927577	-7823.75405	0	0	0	0	0.105658371499408	1.776819999990044	0.09999999999943968	1.509999999991539	172.4999999990334	0.09999999999943968	0.09999999999943968	4.919999999972433	91.18759999948904	91.18759999948904	80.38499999954958	80.38499999954958	124.201969813508	1	124.201969813508	0	1	0	0	1	0	5444.831795377658	5444.831795377658	5449.764345461759	5449.764345461759	21883.89742787219	21883.89742787219	5450.909577382348	5450.909577382348	5450.909576006431	0.9997417060059373	-0.02270141732547895	0.001080242451052426	0.02270420029344941	0.9997387466008362	-0.002637770654169216	-0.001020079101610956	0.00266161537482571	0.9999959376128602	-0.02270338090567357	0.001080242661145966	-0.002637775252085845	0.0005743707124154401	0.008672997757473143	0.9907894789166339	0.0005743707124154401	0.0005743707124154401	0.02825903905083965	0	0.0006068707411111023	0.01020553369234002	
360	15.12453276493794	246.2196507927577	2.71828	1.21358	1.16637e-05	0.2581069881028696	5.993044534209371	1.263861621190769	-1.238046052351134	-0.9302829541215486	13.23779961450413	4.615253460456734	-3.160756367224863	4.919999999972433	1.509999999991539	0.09999999999943968	0	0.105658371499408	0.09999999999943968	172.4999999990334	1.776819999990044	0.09999999999943968	91.18759999948904	0	0	0	3.14159	165.3220665983416	-4855.856771584628	-1861.268724098851	0	0	0	0	0	2	2.085	2.4952	0.00775795	0.1172	-0.02270338090567357	0.001080242661145966	-0.002637775252085845	29674106.26123359	0	0	5444.831795377658	5449.764345461759	5450.909577382348	124.201969813508	478761428.3863776	246.2196507927577	-7823.75405	0	0	0	0	0.105658371499408	1.776819999990044	0.09999999999943968	1.509999999991539	172.4999999990334	0.09999999999943968	0.09999999999943968	4.919999999972433	91.18759999948904	91.18759999948904	80.38499999954958	80.38499999954958	124.201969813508	1	124.201969813508	0	1	0	0	1	0	5444.831795377658	5444.831795377658	5449.764345461759	5449.764345461759	21883.89742787219	21883.89742787219	5450.909577382348	5450.909577382348	5450.909576006431	0.9997417060059373	-0.02270141732547895	0.001080242451052426	0.02270420029344941	0.9997387466008362	-0.002637770654169216	-0.001020079101610956	0.00266161537482571	0.9999959376128602	-0.02270338090567357	0.001080242661145966	-0.002637775252085845	0.0005743707124154401	0.008672997757473143	0.9907894789166339	0.0005743707124154401	0.0005743707124154401	0.02825903905083965	0	0.0006068707411111023	0.01020553369234002	
361	15.08263655229268	246.2196507927577	2.71828	1.21358	1.16637e-05	0.2581069881028696	5.993044534209371	1.263861621190769	-1.238046052351134	-0.9302829541215486	13.23779961450413	4.615253460456734	-3.160756367224863	4.919999999972433	1.509999999991539	0.09999999999943968	0	0.105658371499408	0.09999999999943968	172.4999999990334	1.776819999990044	0.09999999999943968	91.18759999948904	0	0	0	3.14159	165.3220665983416	-4855.856771584628	-1861.268724098851	0	0	0	0	0	2	2.085	2.4952	0.00775795	0.1172	-0.02270338090567357	0.001080242661145966	-0.002637775252085845	29674106.26123359	0	0	5444.831795377658	5449.764345461759	5450.909577382348	124.201969813508	478761428.3863776	246.2196507927577	-7823.75405	0	0	0	0	0.105658371499408	1.776819999990044	0.09999999999943968	1.509999999991539	172.4999999990334	0.09999999999943968	0.09999999999943968	4.919999999972433	91.18759999948904	91.18759999948904	80.38499999954958	80.38499999954958	124.201969813508	1	124.201969813508	0	1	0	0	1	0	5444.831795377658	5444.831795377658	5449.764345461759	5449.764345461759	21883.89742787219	21883.89742787219	5450.909577382348	5450.909577382348	5450.909576006431	0.9997417060059373	-0.02270141732547895	0.001080242451052426	0.02270420029344941	0.9997387466008362	-0.002637770654169216	-0.001020079101610956	0.00266161537482571	0.9999959376128602	-0.02270338090567357	0.001080242661145966	-0.002637775252085845	0.0005743707124154401	0.008672997757473143	0.9907894789166339	0.0005743707124154401	0.0005743707124154401	0.02825903905083965	0	0.0006068707411111023	0.01020553369234002	
362	15.04097181043552	246.2196507927577	2.71828	1.21358	1.16637e-05	0.2581069881028696	5.993044534209371	1.263861621190769	-1.238046052351134	-0.9302829541215486	13.23779961450413	4.615253460456734	-3.160756367224863	4.919999999972433	1.509999999991539	0.09999999999943968	0	0.105658371499408	0.09999999999943968	172.4999999990334	1.776819999990044	0.09999999999943968	91.18759999948904	0	0	0	3.14159	165.3220665983416	-4855.856771584628	-1861.268724098851	0	0	0	0	0	2	2.085	2.4952	0.00775795	0.1172	-0.02270338090567357	0.001080242661145966	-0.002637775252085845	29674106.26123359	0	0	5444.831795377658	5449.764345461759	5450.909577382348	124.201969813508	478761428.3863776	246.2196507927577	-7823.75405	0	0	0	0	0.105658371499408	1.776819999990044	0.09999999999943968	1.509999999991539	172.4999999990334	0.09999999999943968	0.09999999999943968	4.919999999972433	91.18759999948904	91.18759999948904	80.38499999954958	80.38499999954958	124.201969813508	1	124.201969813508	0	1	0	0	1	0	5444.831795377658	5444.831795377658	5449.764345461759	5449.764345461759	21883.89742787219	21883.89742787219	5450.909577382348	5450.909577382348	5450.909576006431	0.9997417060059373	-0.02270141732547895	0.001080242451052426	0.02270420029344941	0.9997387466008362	-0.002637770654169216	-0.001020079101610956	0.00266161537482571	0.9999959376128602	-0.02270338090567357	0.001080242661145966	-0.002637775252085845	0.0005743707124154401	0.008672997757473143	0.9907894789166339	0.0005743707124154401	0.0005743707124154401	0.02825903905083965	0	0.0006068707411111023	0.01020553369234002	
363	14.99953662638473	246.2196507927577	2.71828	1.21358	1.16637e-05	0.2581069881028696	5.993044534209371	1.263861621190769	-1.238046052351134	-0.9302829541215486	13.23779961450413	4.615253460456734	-3.160756367224863	4.919999999972433	1.509999999991539	0.09999999999943968	0	0.105658371499408	0.09999999999943968	172.4999999990334	1.776819999990044	0.09999999999943968	91.18759999948904	0	0	0	3.14159	165.3220665983416	-4855.856771584628	-1861.268724098851	0	0	0	0	0	2	2.085	2.4952	0.00775795	0.1172	-0.02270338090567357	0.001080242661145966	-0.002637775252085845	29674106.26123359	0	0	5444.831795377658	5449.764345461759	5450.909577382348	124.201969813508	478761428.3863776	246.2196507927577	-7823.75405	0	0	0	0	0.105658371499408	1.776819999990044	0.09999999999943968	1.509999999991539	172.4999999990334	0.09999999999943968	0.09999999999943968	4.919999999972433	91.18759999948904	91.18759999948904	80.38499999954958	80.38499999954958	124.201969813508	1	124.201969813508	0	1	0	0	1	0	5444.831795377658	5444.831795377658	5449.764345461759	5449.764345461759	21883.89742787219	21883.89742787219	5450.909577382348	5450.909577382348	5450.909576006431	0.9997417060059373	-0.02270141732547895	0.001080242451052426	0.02270420029344941	0.9997387466008362	-0.002637770654169216	-0.001020079101610956	0.00266161537482571	0.9999959376128602	-0.02270338090567357	0.001080242661145966	-0.002637775252085845	0.0005743707124154401	0.008672997757473143	0.9907894789166339	0.0005743707124154401	0.0005743707124154401	0.02825903905083965	0	0.0006068707411111023	0.01020553369234002	
364	14.95832910818038	246.2196507927577	2.71828	1.21358	1.16637e-05	0.2581069881028696	5.993044534209371	1.263861621190769	-1.238046052351134	-0.9302829541215486	13.23779961450413	4.615253460456734	-3.160756367224863	4.919999999972433	1.509999999991539	0.09999999999943968	0	0.105658371499408	0.09999999999943968	172.4999999990334	1.776819999990044	0.09999999999943968	91.18759999948904	0	0	0	3.14159	165.3220665983416	-4855.856771584628	-1861.268724098851	0	0	0	0	0	2	2.085	2.4952	0.00775795	0.1172	-0.02270338090567357	0.001080242661145966	-0.002637775252085845	29674106.26123359	0	0	5444.831795377658	5449.764345461759	5450.909577382348	124.201969813508	478761428.3863776	246.2196507927577	-7823.75405	0	0	0	0	0.105658371499408	1.776819999990044	0.09999999999943968	1.509999999991539	172.4999999990334	0.09999999999943968	0.09999999999943968	4.919999999972433	91.18759999948904	91.18759999948904	80.38499999954958	80.38499999954958	124.201969813508	1	124.201969813508	0	1	0	0	1	0	5444.831795377658	5444.831795377658	5449.764345461759	5449.764345461759	21883.89742787219	21883.89742787219	5450.909577382348	5450.909577382348	5450.909576006431	0.9997417060059373	-0.02270141732547895	0.001080242451052426	0.02270420029344941	0.9997387466008362	-0.002637770654169216	-0.001020079101610956	0.00266161537482571	0.9999959376128602	-0.02270338090567357	0.001080242661145966	-0.002637775252085845	0.0005743707124154401	0.008672997757473143	0.9907894789166339	0.0005743707124154401	0.0005743707124154401	0.02825903905083965	0	0.0006068707411111023	0.01020553369234002	
365	14.91734738459632	246.2196507927577	2.71828	1.21358	1.16637e-05	0.2581069881028696	5.993044534209371	1.263861621190769	-1.238046052351134	-0.9302829541215486	13.23779961450413	4.615253460456734	-3.160756367224863	4.919999999972433	1.509999999991539	0.09999999999943968	0	0.105658371499408	0.09999999999943968	172.4999999990334	1.776819999990044	0.09999999999943968	91.18759999948904	0	0	0	3.14159	165.3220665983416	-4855.856771584628	-1861.268724098851	0	0	0	0	0	2	2.085	2.4952	0.00775795	0.1172	-0.02270338090567357	0.001080242661145966	-0.002637775252085845	29674106.26123359	0	0	5444.831795377658	5449.764345461759	5450.909577382348	124.201969813508	478761428.3863776	246.2196507927577	-7823.75405	0	0	0	0	0.105658371499408	1.776819999990044	0.09999999999943968	1.509999999991539	172.4999999990334	0.09999999999943968	0.09999999999943968	4.919999999972433	91.18759999948904	91.18759999948904	80.38499999954958	80.38499999954958	124.201969813508	1	124.201969813508	0	1	0	0	1	0	5444.831795377658	5444.831795377658	5449.764345461759	5449.764345461759	21883.89742787219	21883.89742787219	5450.909577382348	5450.909577382348	5450.909576006431	0.9997417060059373	-0.02270141732547895	0.001080242451052426	0.02270420029344941	0.9997387466008362	-0.002637770654169216	-0.001020079101610956	0.00266161537482571	0.9999959376128602	-0.02270338090567357	0.001080242661145966	-0.002637775252085845	0.0005743707124154401	0.008672997757473143	0.9907894789166339	0.0005743707124154401	0.0005743707124154401	0.02825903905083965	0	0.0006068707411111023	0.01020553369234002	
366	14.87658960485699	246.2196507927577	2.71828	1.21358	1.16637e-05	0.2581069881028696	5.993044534209371	1.263861621190769	-1.238046052351134	-0.9302829541215486	13.23779961450413	4.615253460456734	-3.160756367224863	4.919999999972433	1.509999999991539	0.09999999999943968	0	0.105658371499408	0.09999999999943968	172.4999999990334	1.776819999990044	0.09999999999943968	91.18759999948904	0	0	0	3.14159	165.3220665983416	-4855.856771584628	-1861.268724098851	0	0	0	0	0	2	2.085	2.4952	0.00775795	0.1172	-0.02270338090567357	0.001080242661145966	-0.002637775252085845	29674106.26123359	0	0	5444.831795377658	5449.764345461759	5450.909577382348	124.201969813508	478761428.3863776	246.2196507927577	-7823.75405	0	0	0	0	0.105658371499408	1.776819999990044	0.09999999999943968	1.509999999991539	172.4999999990334	0.09999999999943968	0.09999999999943968	4.919999999972433	91.18759999948904	91.18759999948904	80.38499999954958	80.38499999954958	124.201969813508	1	124.201969813508	0	1	0	0	1	0	5444.831795377658	5444.831795377658	5449.764345461759	5449.764345461759	21883.89742787219	21883.89742787219	5450.909577382348	5450.909577382348	5450.909576006431	0.9997417060059373	-0.02270141732547895	0.001080242451052426	0.02270420029344941	0.9997387466008362	-0.002637770654169216	-0.001020079101610956	0.00266161537482571	0.9999959376128602	-0.02270338090567357	0.001080242661145966	-0.002637775252085845	0.0005743707124154401	0.008672997757473143	0.9907894789166339	0.0005743707124154401	0.0005743707124154401	0.02825903905083965	0	0.0006068707411111023	0.01020553369234002	
367	14.83605393835874	246.2196507927577	2.71828	1.21358	1.16637e-05	0.2581069881028696	5.993044534209371	1.263861621190769	-1.238046052351134	-0.9302829541215486	13.23779961450413	4.615253460456734	-3.160756367224863	4.919999999972433	1.509999999991539	0.09999999999943968	0	0.105658371499408	0.09999999999943968	172.4999999990334	1.776819999990044	0.09999999999943968	91.18759999948904	0	0	0	3.14159	165.3220665983416	-4855.856771584628	-1861.268724098851	0	0	0	0	0	2	2.085	2.4952	0.00775795	0.1172	-0.02270338090567357	0.001080242661145966	-0.002637775252085845	29674106.26123359	0	0	5444.831795377658	5449.764345461759	5450.909577382348	124.201969813508	478761428.3863776	246.2196507927577	-7823.75405	0	0	0	0	0.105658371499408	1.776819999990044	0.09999999999943968	1.509999999991539	172.4999999990334	0.09999999999943968	0.09999999999943968	4.919999999972433	91.18759999948904	91.18759999948904	80.38499999954958	80.38499999954958	124.201969813508	1	124.201969813508	0	1	0	0	1	0	5444.831795377658	5444.831795377658	5449.764345461759	5449.764345461759	21883.89742787219	21883.89742787219	5450.909577382348	5450.909577382348	5450.909576006431	0.9997417060059373	-0.02270141732547895	0.001080242451052426	0.02270420029344941	0.9997387466008362	-0.002637770654169216	-0.001020079101610956	0.00266161537482571	0.9999959376128602	-0.02270338090567357	0.001080242661145966	-0.002637775252085845	0.0005743707124154401	0.008672997757473143	0.9907894789166339	0.0005743707124154401	0.0005743707124154401	0.02825903905083965	0	0.0006068707411111023	0.01020553369234002	
368	14.79573857439581	246.2196507927577	2.71828	1.21358	1.16637e-05	0.2581069881028696	5.993044534209371	1.263861621190769	-1.238046052351134	-0.9302829541215486	13.23779961450413	4.615253460456734	-3.160756367224863	4.919999999972433	1.509999999991539	0.09999999999943968	0	0.105658371499408	0.09999999999943968	172.4999999990334	1.776819999990044	0.09999999999943968	91.18759999948904	0	0	0	3.14159	165.3220665983416	-4855.856771584628	-1861.268724098851	0	0	0	0	0	2	2.085	2.4952	0.00775795	0.1172	-0.02270338090567357	0.001080242661145966	-0.002637775252085845	29674106.26123359	0	0	5444.831795377658	5449.764345461759	5450.909577382348	124.201969813508	478761428.3863776	246.2196507927577	-7823.75405	0	0	0	0	0.105658371499408	1.776819999990044	0.09999999999943968	1.509999999991539	172.4999999990334	0.09999999999943968	0.09999999999943968	4.919999999972433	91.18759999948904	91.18759999948904	80.38499999954958	80.38499999954958	124.201969813508	1	124.201969813508	0	1	0	0	1	0	5444.831795377658	5444.831795377658	5449.764345461759	5449.764345461759	21883.89742787219	21883.89742787219	5450.909577382348	5450.909577382348	5450.909576006431	0.9997417060059373	-0.02270141732547895	0.001080242451052426	0.02270420029344941	0.9997387466008362	-0.002637770654169216	-0.001020079101610956	0.00266161537482571	0.9999959376128602	-0.02270338090567357	0.001080242661145966	-0.002637775252085845	0.0005743707124154401	0.008672997757473143	0.9907894789166339	0.0005743707124154401	0.0005743707124154401	0.02825903905083965	0	0.0006068707411111023	0.01020553369234002	
369	14.75564172189067	246.2196507927577	2.71828	1.21358	1.16637e-05	0.2581069881028696	5.993044534209371	1.263861621190769	-1.238046052351134	-0.9302829541215486	13.23779961450413	4.615253460456734	-3.160756367224863	4.919999999972433	1.509999999991539	0.09999999999943968	0	0.105658371499408	0.09999999999943968	172.4999999990334	1.776819999990044	0.09999999999943968	91.18759999948904	0	0	0	3.14159	165.3220665983416	-4855.856771584628	-1861.268724098851	0	0	0	0	0	2	2.085	2.4952	0.00775795	0.1172	-0.02270338090567357	0.001080242661145966	-0.002637775252085845	29674106.26123359	0	0	5444.831795377658	5449.764345461759	5450.909577382348	124.201969813508	478761428.3863776	246.2196507927577	-7823.75405	0	0	0	0	0.105658371499408	1.776819999990044	0.09999999999943968	1.509999999991539	172.4999999990334	0.09999999999943968	0.09999999999943968	4.919999999972433	91.18759999948904	91.18759999948904	80.38499999954958	80.38499999954958	124.201969813508	1	124.201969813508	0	1	0	0	1	0	5444.831795377658	5444.831795377658	5449.764345461759	5449.764345461759	21883.89742787219	21883.89742787219	5450.909577382348	5450.909577382348	5450.909576006431	0.9997417060059373	-0.02270141732547895	0.001080242451052426	0.02270420029344941	0.9997387466008362	-0.002637770654169216	-0.001020079101610956	0.00266161537482571	0.9999959376128602	-0.02270338090567357	0.001080242661145966	-0.002637775252085845	0.0005743707124154401	0.008672997757473143	0.9907894789166339	0.0005743707124154401	0.0005743707124154401	0.02825903905083965	0	0.0006068707411111023	0.01020553369234002	
370	14.7157616091288	246.2196507927577	2.71828	1.21358	1.16637e-05	0.2581069881028696	5.993044534209371	1.263861621190769	-1.238046052351134	-0.9302829541215486	13.23779961450413	4.615253460456734	-3.160756367224863	4.919999999972433	1.509999999991539	0.09999999999943968	0	0.105658371499408	0.09999999999943968	172.4999999990334	1.776819999990044	0.09999999999943968	91.18759999948904	0	0	0	3.14159	165.3220665983416	-4855.856771584628	-1861.268724098851	0	0	0	0	0	2	2.085	2.4952	0.00775795	0.1172	-0.02270338090567357	0.001080242661145966	-0.002637775252085845	29674106.26123359	0	0	5444.831795377658	5449.764345461759	5450.909577382348	124.201969813508	478761428.3863776	246.2196507927577	-7823.75405	0	0	0	0	0.105658371499408	1.776819999990044	0.09999999999943968	1.509999999991539	172.4999999990334	0.09999999999943968	0.09999999999943968	4.919999999972433	91.18759999948904	91.18759999948904	80.38499999954958	80.38499999954958	124.201969813508	1	124.201969813508	0	1	0	0	1	0	5444.831795377658	5444.831795377658	5449.764345461759	5449.764345461759	21883.89742787219	21883.89742787219	5450.909577382348	5450.909577382348	5450.909576006431	0.9997417060059373	-0.02270141732547895	0.001080242451052426	0.02270420029344941	0.9997387466008362	-0.002637770654169216	-0.001020079101610956	0.00266161537482571	0.9999959376128602	-0.02270338090567357	0.001080242661145966	-0.002637775252085845	0.0005743707124154401	0.008672997757473143	0.9907894789166339	0.0005743707124154401	0.0005743707124154401	0.02825903905083965	0	0.0006068707411111023	0.01020553369234002	
371	14.67609648349773	246.2196507927577	2.71828	1.21358	1.16637e-05	0.2581069881028696	5.993044534209371	1.263861621190769	-1.238046052351134	-0.9302829541215486	13.23779961450413	4.615253460456734	-3.160756367224863	4.919999999972433	1.509999999991539	0.09999999999943968	0	0.105658371499408	0.09999999999943968	172.4999999990334	1.776819999990044	0.09999999999943968	91.18759999948904	0	0	0	3.14159	165.3220665983416	-4855.856771584628	-1861.268724098851	0	0	0	0	0	2	2.085	2.4952	0.00775795	0.1172	-0.02270338090567357	0.001080242661145966	-0.002637775252085845	29674106.26123359	0	0	5444.831795377658	5449.764345461759	5450.909577382348	124.201969813508	478761428.3863776	246.2196507927577	-7823.75405	0	0	0	0	0.105658371499408	1.776819999990044	0.09999999999943968	1.509999999991539	172.4999999990334	0.09999999999943968	0.09999999999943968	4.919999999972433	91.18759999948904	91.18759999948904	80.38499999954958	80.38499999954958	124.201969813508	1	124.201969813508	0	1	0	0	1	0	5444.831795377658	5444.831795377658	5449.764345461759	5449.764345461759	21883.89742787219	21883.89742787219	5450.909577382348	5450.909577382348	5450.909576006431	0.9997417060059373	-0.02270141732547895	0.001080242451052426	0.02270420029344941	0.9997387466008362	-0.002637770654169216	-0.001020079101610956	0.00266161537482571	0.9999959376128602	-0.02270338090567357	0.001080242661145966	-0.002637775252085845	0.0005743707124154401	0.008672997757473143	0.9907894789166339	0.0005743707124154401	0.0005743707124154401	0.02825903905083965	0	0.0006068707411111023	0.01020553369234002	
372	14.63664461123026	246.2196507927577	2.71828	1.21358	1.16637e-05	0.2581069881028696	5.993044534209371	1.263861621190769	-1.238046052351134	-0.9302829541215486	13.23779961450413	4.615253460456734	-3.160756367224863	4.919999999972433	1.509999999991539	0.09999999999943968	0	0.105658371499408	0.09999999999943968	172.4999999990334	1.776819999990044	0.09999999999943968	91.18759999948904	0	0	0	3.14159	165.3220665983416	-4855.856771584628	-1861.268724098851	0	0	0	0	0	2	2.085	2.4952	0.00775795	0.1172	-0.02270338090567357	0.001080242661145966	-0.002637775252085845	29674106.26123359	0	0	5444.831795377658	5449.764345461759	5450.909577382348	124.201969813508	478761428.3863776	246.2196507927577	-7823.75405	0	0	0	0	0.105658371499408	1.776819999990044	0.09999999999943968	1.509999999991539	172.4999999990334	0.09999999999943968	0.09999999999943968	4.919999999972433	91.18759999948904	91.18759999948904	80.38499999954958	80.38499999954958	124.201969813508	1	124.201969813508	0	1	0	0	1	0	5444.831795377658	5444.831795377658	5449.764345461759	5449.764345461759	21883.89742787219	21883.89742787219	5450.909577382348	5450.909577382348	5450.909576006431	0.9997417060059373	-0.02270141732547895	0.001080242451052426	0.02270420029344941	0.9997387466008362	-0.002637770654169216	-0.001020079101610956	0.00266161537482571	0.9999959376128602	-0.02270338090567357	0.001080242661145966	-0.002637775252085845	0.0005743707124154401	0.008672997757473143	0.9907894789166339	0.0005743707124154401	0.0005743707124154401	0.02825903905083965	0	0.0006068707411111023	0.01020553369234002	
373	14.5974042771519	246.2196507927577	2.71828	1.21358	1.16637e-05	0.2581069881028696	5.993044534209371	1.263861621190769	-1.238046052351134	-0.9302829541215486	13.23779961450413	4.615253460456734	-3.160756367224863	4.919999999972433	1.509999999991539	0.09999999999943968	0	0.105658371499408	0.09999999999943968	172.4999999990334	1.776819999990044	0.09999999999943968	91.18759999948904	0	0	0	3.14159	165.3220665983416	-4855.856771584628	-1861.268724098851	0	0	0	0	0	2	2.085	2.4952	0.00775795	0.1172	-0.02270338090567357	0.001080242661145966	-0.002637775252085845	29674106.26123359	0	0	5444.831795377658	5449.764345461759	5450.909577382348	124.201969813508	478761428.3863776	246.2196507927577	-7823.75405	0	0	0	0	0.105658371499408	1.776819999990044	0.09999999999943968	1.509999999991539	172.4999999990334	0.09999999999943968	0.09999999999943968	4.919999999972433	91.18759999948904	91.18759999948904	80.38499999954958	80.38499999954958	124.201969813508	1	124.201969813508	0	1	0	0	1	0	5444.831795377658	5444.831795377658	5449.764345461759	5449.764345461759	21883.89742787219	21883.89742787219	5450.909577382348	5450.909577382348	5450.909576006431	0.9997417060059373	-0.02270141732547895	0.001080242451052426	0.02270420029344941	0.9997387466008362	-0.002637770654169216	-0.001020079101610956	0.00266161537482571	0.9999959376128602	-0.02270338090567357	0.001080242661145966	-0.002637775252085845	0.0005743707124154401	0.008672997757473143	0.9907894789166339	0.0005743707124154401	0.0005743707124154401	0.02825903905083965	0	0.0006068707411111023	0.01020553369234002	
374	14.55837378443224	246.2196507927577	2.71828	1.21358	1.16637e-05	0.2581069881028696	5.993044534209371	1.263861621190769	-1.238046052351134	-0.9302829541215486	13.23779961450413	4.615253460456734	-3.160756367224863	4.919999999972433	1.509999999991539	0.09999999999943968	0	0.105658371499408	0.09999999999943968	172.4999999990334	1.776819999990044	0.09999999999943968	91.18759999948904	0	0	0	3.14159	165.3220665983416	-4855.856771584628	-1861.268724098851	0	0	0	0	0	2	2.085	2.4952	0.00775795	0.1172	-0.02270338090567357	0.001080242661145966	-0.002637775252085845	29674106.26123359	0	0	5444.831795377658	5449.764345461759	5450.909577382348	124.201969813508	478761428.3863776	246.2196507927577	-7823.75405	0	0	0	0	0.105658371499408	1.776819999990044	0.09999999999943968	1.509999999991539	172.4999999990334	0.09999999999943968	0.09999999999943968	4.919999999972433	91.18759999948904	91.18759999948904	80.38499999954958	80.38499999954958	124.201969813508	1	124.201969813508	0	1	0	0	1	0	5444.831795377658	5444.831795377658	5449.764345461759	5449.764345461759	21883.89742787219	21883.89742787219	5450.909577382348	5450.909577382348	5450.909576006431	0.9997417060059373	-0.02270141732547895	0.001080242451052426	0.02270420029344941	0.9997387466008362	-0.002637770654169216	-0.001020079101610956	0.00266161537482571	0.9999959376128602	-0.02270338090567357	0.001080242661145966	-0.002637775252085845	0.0005743707124154401	0.008672997757473143	0.9907894789166339	0.0005743707124154401	0.0005743707124154401	0.02825903905083965	0	0.0006068707411111023	0.01020553369234002	
375	14.51955145434042	246.2196507927577	2.71828	1.21358	1.16637e-05	0.2581069881028696	5.993044534209371	1.263861621190769	-1.238046052351134	-0.9302829541215486	13.23779961450413	4.615253460456734	-3.160756367224863	4.919999999972433	1.509999999991539	0.09999999999943968	0	0.105658371499408	0.09999999999943968	172.4999999990334	1.776819999990044	0.09999999999943968	91.18759999948904	0	0	0	3.14159	165.3220665983416	-4855.856771584628	-1861.268724098851	0	0	0	0	0	2	2.085	2.4952	0.00775795	0.1172	-0.02270338090567357	0.001080242661145966	-0.002637775252085845	29674106.26123359	0	0	5444.831795377658	5449.764345461759	5450.909577382348	124.201969813508	478761428.3863776	246.2196507927577	-7823.75405	0	0	0	0	0.105658371499408	1.776819999990044	0.09999999999943968	1.509999999991539	172.4999999990334	0.09999999999943968	0.09999999999943968	4.919999999972433	91.18759999948904	91.18759999948904	80.38499999954958	80.38499999954958	124.201969813508	1	124.201969813508	0	1	0	0	1	0	5444.831795377658	5444.831795377658	5449.764345461759	5449.764345461759	21883.89742787219	21883.89742787219	5450.909577382348	5450.909577382348	5450.909576006431	0.9997417060059373	-0.02270141732547895	0.001080242451052426	0.02270420029344941	0.9997387466008362	-0.002637770654169216	-0.001020079101610956	0.00266161537482571	0.9999959376128602	-0.02270338090567357	0.001080242661145966	-0.002637775252085845	0.0005743707124154401	0.008672997757473143	0.9907894789166339	0.0005743707124154401	0.0005743707124154401	0.02825903905083965	0	0.0006068707411111023	0.01020553369234002	
376	14.48093562600441	246.2196507927577	2.71828	1.21358	1.16637e-05	0.2581069881028696	5.993044534209371	1.263861621190769	-1.238046052351134	-0.9302829541215486	13.23779961450413	4.615253460456734	-3.160756367224863	4.919999999972433	1.509999999991539	0.09999999999943968	0	0.105658371499408	0.09999999999943968	172.4999999990334	1.776819999990044	0.09999999999943968	91.18759999948904	0	0	0	3.14159	165.3220665983416	-4855.856771584628	-1861.268724098851	0	0	0	0	0	2	2.085	2.4952	0.00775795	0.1172	-0.02270338090567357	0.001080242661145966	-0.002637775252085845	29674106.26123359	0	0	5444.831795377658	5449.764345461759	5450.909577382348	124.201969813508	478761428.3863776	246.2196507927577	-7823.75405	0	0	0	0	0.105658371499408	1.776819999990044	0.09999999999943968	1.509999999991539	172.4999999990334	0.09999999999943968	0.09999999999943968	4.919999999972433	91.18759999948904	91.18759999948904	80.38499999954958	80.38499999954958	124.201969813508	1	124.201969813508	0	1	0	0	1	0	5444.831795377658	5444.831795377658	5449.764345461759	5449.764345461759	21883.89742787219	21883.89742787219	5450.909577382348	5450.909577382348	5450.909576006431	0.9997417060059373	-0.02270141732547895	0.001080242451052426	0.02270420029344941	0.9997387466008362	-0.002637770654169216	-0.001020079101610956	0.00266161537482571	0.9999959376128602	-0.02270338090567357	0.001080242661145966	-0.002637775252085845	0.0005743707124154401	0.008672997757473143	0.9907894789166339	0.0005743707124154401	0.0005743707124154401	0.02825903905083965	0	0.0006068707411111023	0.01020553369234002	
377	14.44252465617416	246.2196507927577	2.71828	1.21358	1.16637e-05	0.2581069881028696	5.993044534209371	1.263861621190769	-1.238046052351134	-0.9302829541215486	13.23779961450413	4.615253460456734	-3.160756367224863	4.919999999972433	1.509999999991539	0.09999999999943968	0	0.105658371499408	0.09999999999943968	172.4999999990334	1.776819999990044	0.09999999999943968	91.18759999948904	0	0	0	3.14159	165.3220665983416	-4855.856771584628	-1861.268724098851	0	0	0	0	0	2	2.085	2.4952	0.00775795	0.1172	-0.02270338090567357	0.001080242661145966	-0.002637775252085845	29674106.26123359	0	0	5444.831795377658	5449.764345461759	5450.909577382348	124.201969813508	478761428.3863776	246.2196507927577	-7823.75405	0	0	0	0	0.105658371499408	1.776819999990044	0.09999999999943968	1.509999999991539	172.4999999990334	0.09999999999943968	0.09999999999943968	4.919999999972433	91.18759999948904	91.18759999948904	80.38499999954958	80.38499999954958	124.201969813508	1	124.201969813508	0	1	0	0	1	0	5444.831795377658	5444.831795377658	5449.764345461759	5449.764345461759	21883.89742787219	21883.89742787219	5450.909577382348	5450.909577382348	5450.909576006431	0.9997417060059373	-0.02270141732547895	0.001080242451052426	0.02270420029344941	0.9997387466008362	-0.002637770654169216	-0.001020079101610956	0.00266161537482571	0.9999959376128602	-0.02270338090567357	0.001080242661145966	-0.002637775252085845	0.0005743707124154401	0.008672997757473143	0.9907894789166339	0.0005743707124154401	0.0005743707124154401	0.02825903905083965	0	0.0006068707411111023	0.01020553369234002	
378	14.40431691898851	246.2196507927577	2.71828	1.21358	1.16637e-05	0.2581069881028696	5.993044534209371	1.263861621190769	-1.238046052351134	-0.9302829541215486	13.23779961450413	4.615253460456734	-3.160756367224863	4.919999999972433	1.509999999991539	0.09999999999943968	0	0.105658371499408	0.09999999999943968	172.4999999990334	1.776819999990044	0.09999999999943968	91.18759999948904	0	0	0	3.14159	165.3220665983416	-4855.856771584628	-1861.268724098851	0	0	0	0	0	2	2.085	2.4952	0.00775795	0.1172	-0.02270338090567357	0.001080242661145966	-0.002637775252085845	29674106.26123359	0	0	5444.831795377658	5449.764345461759	5450.909577382348	124.201969813508	478761428.3863776	246.2196507927577	-7823.75405	0	0	0	0	0.105658371499408	1.776819999990044	0.09999999999943968	1.509999999991539	172.4999999990334	0.09999999999943968	0.09999999999943968	4.919999999972433	91.18759999948904	91.18759999948904	80.38499999954958	80.38499999954958	124.201969813508	1	124.201969813508	0	1	0	0	1	0	5444.831795377658	5444.831795377658	5449.764345461759	5449.764345461759	21883.89742787219	21883.89742787219	5450.909577382348	5450.909577382348	5450.909576006431	0.9997417060059373	-0.02270141732547895	0.001080242451052426	0.02270420029344941	0.9997387466008362	-0.002637770654169216	-0.001020079101610956	0.00266161537482571	0.9999959376128602	-0.02270338090567357	0.001080242661145966	-0.002637775252085845	0.0005743707124154401	0.008672997757473143	0.9907894789166339	0.0005743707124154401	0.0005743707124154401	0.02825903905083965	0	0.0006068707411111023	0.01020553369234002	
379	14.3663108057458	246.2196507927577	2.71828	1.21358	1.16637e-05	0.2581069881028696	5.993044534209371	1.263861621190769	-1.238046052351134	-0.9302829541215486	13.23779961450413	4.615253460456734	-3.160756367224863	4.919999999972433	1.509999999991539	0.09999999999943968	0	0.105658371499408	0.09999999999943968	172.4999999990334	1.776819999990044	0.09999999999943968	91.18759999948904	0	0	0	3.14159	165.3220665983416	-4855.856771584628	-1861.268724098851	0	0	0	0	0	2	2.085	2.4952	0.00775795	0.1172	-0.02270338090567357	0.001080242661145966	-0.002637775252085845	29674106.26123359	0	0	5444.831795377658	5449.764345461759	5450.909577382348	124.201969813508	478761428.3863776	246.2196507927577	-7823.75405	0	0	0	0	0.105658371499408	1.776819999990044	0.09999999999943968	1.509999999991539	172.4999999990334	0.09999999999943968	0.09999999999943968	4.919999999972433	91.18759999948904	91.18759999948904	80.38499999954958	80.38499999954958	124.201969813508	1	124.201969813508	0	1	0	0	1	0	5444.831795377658	5444.831795377658	5449.764345461759	5449.764345461759	21883.89742787219	21883.89742787219	5450.909577382348	5450.909577382348	5450.909576006431	0.9997417060059373	-0.02270141732547895	0.001080242451052426	0.02270420029344941	0.9997387466008362	-0.002637770654169216	-0.001020079101610956	0.00266161537482571	0.9999959376128602	-0.02270338090567357	0.001080242661145966	-0.002637775252085845	0.0005743707124154401	0.008672997757473143	0.9907894789166339	0.0005743707124154401	0.0005743707124154401	0.02825903905083965	0	0.0006068707411111023	0.01020553369234002	
380	14.32850472467805	246.2196507927577	2.71828	1.21358	1.16637e-05	0.2581069881028696	5.993044534209371	1.263861621190769	-1.238046052351134	-0.9302829541215486	13.23779961450413	4.615253460456734	-3.160756367224863	4.919999999972433	1.509999999991539	0.09999999999943968	0	0.105658371499408	0.09999999999943968	172.4999999990334	1.776819999990044	0.09999999999943968	91.18759999948904	0	0	0	3.14159	165.3220665983416	-4855.856771584628	-1861.268724098851	0	0	0	0	0	2	2.085	2.4952	0.00775795	0.1172	-0.02270338090567357	0.001080242661145966	-0.002637775252085845	29674106.26123359	0	0	5444.831795377658	5449.764345461759	5450.909577382348	124.201969813508	478761428.3863776	246.2196507927577	-7823.75405	0	0	0	0	0.105658371499408	1.776819999990044	0.09999999999943968	1.509999999991539	172.4999999990334	0.09999999999943968	0.09999999999943968	4.919999999972433	91.18759999948904	91.18759999948904	80.38499999954958	80.38499999954958	124.201969813508	1	124.201969813508	0	1	0	0	1	0	5444.831795377658	5444.831795377658	5449.764345461759	5449.764345461759	21883.89742787219	21883.89742787219	5450.909577382348	5450.909577382348	5450.909576006431	0.9997417060059373	-0.02270141732547895	0.001080242451052426	0.02270420029344941	0.9997387466008362	-0.002637770654169216	-0.001020079101610956	0.00266161537482571	0.9999959376128602	-0.02270338090567357	0.001080242661145966	-0.002637775252085845	0.0005743707124154401	0.008672997757473143	0.9907894789166339	0.0005743707124154401	0.0005743707124154401	0.02825903905083965	0	0.0006068707411111023	0.01020553369234002	
381	14.29089710072876	246.2196507927577	2.71828	1.21358	1.16637e-05	0.2581069881028696	5.993044534209371	1.263861621190769	-1.238046052351134	-0.9302829541215486	13.23779961450413	4.615253460456734	-3.160756367224863	4.919999999972433	1.509999999991539	0.09999999999943968	0	0.105658371499408	0.09999999999943968	172.4999999990334	1.776819999990044	0.09999999999943968	91.18759999948904	0	0	0	3.14159	165.3220665983416	-4855.856771584628	-1861.268724098851	0	0	0	0	0	2	2.085	2.4952	0.00775795	0.1172	-0.02270338090567357	0.001080242661145966	-0.002637775252085845	29674106.26123359	0	0	5444.831795377658	5449.764345461759	5450.909577382348	124.201969813508	478761428.3863776	246.2196507927577	-7823.75405	0	0	0	0	0.105658371499408	1.776819999990044	0.09999999999943968	1.509999999991539	172.4999999990334	0.09999999999943968	0.09999999999943968	4.919999999972433	91.18759999948904	91.18759999948904	80.38499999954958	80.38499999954958	124.201969813508	1	124.201969813508	0	1	0	0	1	0	5444.831795377658	5444.831795377658	5449.764345461759	5449.764345461759	21883.89742787219	21883.89742787219	5450.909577382348	5450.909577382348	5450.909576006431	0.9997417060059373	-0.02270141732547895	0.001080242451052426	0.02270420029344941	0.9997387466008362	-0.002637770654169216	-0.001020079101610956	0.00266161537482571	0.9999959376128602	-0.02270338090567357	0.001080242661145966	-0.002637775252085845	0.0005743707124154401	0.008672997757473143	0.9907894789166339	0.0005743707124154401	0.0005743707124154401	0.02825903905083965	0	0.0006068707411111023	0.01020553369234002	
382	14.25348637533418	246.2196507927577	2.71828	1.21358	1.16637e-05	0.2581069881028696	5.993044534209371	1.263861621190769	-1.238046052351134	-0.9302829541215486	13.23779961450413	4.615253460456734	-3.160756367224863	4.919999999972433	1.509999999991539	0.09999999999943968	0	0.105658371499408	0.09999999999943968	172.4999999990334	1.776819999990044	0.09999999999943968	91.18759999948904	0	0	0	3.14159	165.3220665983416	-4855.856771584628	-1861.268724098851	0	0	0	0	0	2	2.085	2.4952	0.00775795	0.1172	-0.02270338090567357	0.001080242661145966	-0.002637775252085845	29674106.26123359	0	0	5444.831795377658	5449.764345461759	5450.909577382348	124.201969813508	478761428.3863776	246.2196507927577	-7823.75405	0	0	0	0	0.105658371499408	1.776819999990044	0.09999999999943968	1.509999999991539	172.4999999990334	0.09999999999943968	0.09999999999943968	4.919999999972433	91.18759999948904	91.18759999948904	80.38499999954958	80.38499999954958	124.201969813508	1	124.201969813508	0	1	0	0	1	0	5444.831795377658	5444.831795377658	5449.764345461759	5449.764345461759	21883.89742787219	21883.89742787219	5450.909577382348	5450.909577382348	5450.909576006431	0.9997417060059373	-0.02270141732547895	0.001080242451052426	0.02270420029344941	0.9997387466008362	-0.002637770654169216	-0.001020079101610956	0.00266161537482571	0.9999959376128602	-0.02270338090567357	0.001080242661145966	-0.002637775252085845	0.0005743707124154401	0.008672997757473143	0.9907894789166339	0.0005743707124154401	0.0005743707124154401	0.02825903905083965	0	0.0006068707411111023	0.01020553369234002	
383	14.21627100620798	246.2196507927577	2.71828	1.21358	1.16637e-05	0.2581069881028696	5.993044534209371	1.263861621190769	-1.238046052351134	-0.9302829541215486	13.23779961450413	4.615253460456734	-3.160756367224863	4.919999999972433	1.509999999991539	0.09999999999943968	0	0.105658371499408	0.09999999999943968	172.4999999990334	1.776819999990044	0.09999999999943968	91.18759999948904	0	0	0	3.14159	165.3220665983416	-4855.856771584628	-1861.268724098851	0	0	0	0	0	2	2.085	2.4952	0.00775795	0.1172	-0.02270338090567357	0.001080242661145966	-0.002637775252085845	29674106.26123359	0	0	5444.831795377658	5449.764345461759	5450.909577382348	124.201969813508	478761428.3863776	246.2196507927577	-7823.75405	0	0	0	0	0.105658371499408	1.776819999990044	0.09999999999943968	1.509999999991539	172.4999999990334	0.09999999999943968	0.09999999999943968	4.919999999972433	91.18759999948904	91.18759999948904	80.38499999954958	80.38499999954958	124.201969813508	1	124.201969813508	0	1	0	0	1	0	5444.831795377658	5444.831795377658	5449.764345461759	5449.764345461759	21883.89742787219	21883.89742787219	5450.909577382348	5450.909577382348	5450.909576006431	0.9997417060059373	-0.02270141732547895	0.001080242451052426	0.02270420029344941	0.9997387466008362	-0.002637770654169216	-0.001020079101610956	0.00266161537482571	0.9999959376128602	-0.02270338090567357	0.001080242661145966	-0.002637775252085845	0.0005743707124154401	0.008672997757473143	0.9907894789166339	0.0005743707124154401	0.0005743707124154401	0.02825903905083965	0	0.0006068707411111023	0.01020553369234002	
384	14.17924946712932	246.2196507927577	2.71828	1.21358	1.16637e-05	0.2581069881028696	5.993044534209371	1.263861621190769	-1.238046052351134	-0.9302829541215486	13.23779961450413	4.615253460456734	-3.160756367224863	4.919999999972433	1.509999999991539	0.09999999999943968	0	0.105658371499408	0.09999999999943968	172.4999999990334	1.776819999990044	0.09999999999943968	91.18759999948904	0	0	0	3.14159	165.3220665983416	-4855.856771584628	-1861.268724098851	0	0	0	0	0	2	2.085	2.4952	0.00775795	0.1172	-0.02270338090567357	0.001080242661145966	-0.002637775252085845	29674106.26123359	0	0	5444.831795377658	5449.764345461759	5450.909577382348	124.201969813508	478761428.3863776	246.2196507927577	-7823.75405	0	0	0	0	0.105658371499408	1.776819999990044	0.09999999999943968	1.509999999991539	172.4999999990334	0.09999999999943968	0.09999999999943968	4.919999999972433	91.18759999948904	91.18759999948904	80.38499999954958	80.38499999954958	124.201969813508	1	124.201969813508	0	1	0	0	1	0	5444.831795377658	5444.831795377658	5449.764345461759	5449.764345461759	21883.89742787219	21883.89742787219	5450.909577382348	5450.909577382348	5450.909576006431	0.9997417060059373	-0.02270141732547895	0.001080242451052426	0.02270420029344941	0.9997387466008362	-0.002637770654169216	-0.001020079101610956	0.00266161537482571	0.9999959376128602	-0.02270338090567357	0.001080242661145966	-0.002637775252085845	0.0005743707124154401	0.008672997757473143	0.9907894789166339	0.0005743707124154401	0.0005743707124154401	0.02825903905083965	0	0.0006068707411111023	0.01020553369234002	
385	14.14242024773418	246.2196507927577	2.71828	1.21358	1.16637e-05	0.2581069881028696	5.993044534209371	1.263861621190769	-1.238046052351134	-0.9302829541215486	13.23779961450413	4.615253460456734	-3.160756367224863	4.919999999972433	1.509999999991539	0.09999999999943968	0	0.105658371499408	0.09999999999943968	172.4999999990334	1.776819999990044	0.09999999999943968	91.18759999948904	0	0	0	3.14159	165.3220665983416	-4855.856771584628	-1861.268724098851	0	0	0	0	0	2	2.085	2.4952	0.00775795	0.1172	-0.02270338090567357	0.001080242661145966	-0.002637775252085845	29674106.26123359	0	0	5444.831795377658	5449.764345461759	5450.909577382348	124.201969813508	478761428.3863776	246.2196507927577	-7823.75405	0	0	0	0	0.105658371499408	1.776819999990044	0.09999999999943968	1.509999999991539	172.4999999990334	0.09999999999943968	0.09999999999943968	4.919999999972433	91.18759999948904	91.18759999948904	80.38499999954958	80.38499999954958	124.201969813508	1	124.201969813508	0	1	0	0	1	0	5444.831795377658	5444.831795377658	5449.764345461759	5449.764345461759	21883.89742787219	21883.89742787219	5450.909577382348	5450.909577382348	5450.909576006431	0.9997417060059373	-0.02270141732547895	0.001080242451052426	0.02270420029344941	0.9997387466008362	-0.002637770654169216	-0.001020079101610956	0.00266161537482571	0.9999959376128602	-0.02270338090567357	0.001080242661145966	-0.002637775252085845	0.0005743707124154401	0.008672997757473143	0.9907894789166339	0.0005743707124154401	0.0005743707124154401	0.02825903905083965	0	0.0006068707411111023	0.01020553369234002	
386	14.10578185330999	246.2196507927577	2.71828	1.21358	1.16637e-05	0.2581069881028696	5.993044534209371	1.263861621190769	-1.238046052351134	-0.9302829541215486	13.23779961450413	4.615253460456734	-3.160756367224863	4.919999999972433	1.509999999991539	0.09999999999943968	0	0.105658371499408	0.09999999999943968	172.4999999990334	1.776819999990044	0.09999999999943968	91.18759999948904	0	0	0	3.14159	165.3220665983416	-4855.856771584628	-1861.268724098851	0	0	0	0	0	2	2.085	2.4952	0.00775795	0.1172	-0.02270338090567357	0.001080242661145966	-0.002637775252085845	29674106.26123359	0	0	5444.831795377658	5449.764345461759	5450.909577382348	124.201969813508	478761428.3863776	246.2196507927577	-7823.75405	0	0	0	0	0.105658371499408	1.776819999990044	0.09999999999943968	1.509999999991539	172.4999999990334	0.09999999999943968	0.09999999999943968	4.919999999972433	91.18759999948904	91.18759999948904	80.38499999954958	80.38499999954958	124.201969813508	1	124.201969813508	0	1	0	0	1	0	5444.831795377658	5444.831795377658	5449.764345461759	5449.764345461759	21883.89742787219	21883.89742787219	5450.909577382348	5450.909577382348	5450.909576006431	0.9997417060059373	-0.02270141732547895	0.001080242451052426	0.02270420029344941	0.9997387466008362	-0.002637770654169216	-0.001020079101610956	0.00266161537482571	0.9999959376128602	-0.02270338090567357	0.001080242661145966	-0.002637775252085845	0.0005743707124154401	0.008672997757473143	0.9907894789166339	0.0005743707124154401	0.0005743707124154401	0.02825903905083965	0	0.0006068707411111023	0.01020553369234002	
387	14.06933280459343	246.2196507927577	2.71828	1.21358	1.16637e-05	0.2581069881028696	5.993044534209371	1.263861621190769	-1.238046052351134	-0.9302829541215486	13.23779961450413	4.615253460456734	-3.160756367224863	4.919999999972433	1.509999999991539	0.09999999999943968	0	0.105658371499408	0.09999999999943968	172.4999999990334	1.776819999990044	0.09999999999943968	91.18759999948904	0	0	0	3.14159	165.3220665983416	-4855.856771584628	-1861.268724098851	0	0	0	0	0	2	2.085	2.4952	0.00775795	0.1172	-0.02270338090567357	0.001080242661145966	-0.002637775252085845	29674106.26123359	0	0	5444.831795377658	5449.764345461759	5450.909577382348	124.201969813508	478761428.3863776	246.2196507927577	-7823.75405	0	0	0	0	0.105658371499408	1.776819999990044	0.09999999999943968	1.509999999991539	172.4999999990334	0.09999999999943968	0.09999999999943968	4.919999999972433	91.18759999948904	91.18759999948904	80.38499999954958	80.38499999954958	124.201969813508	1	124.201969813508	0	1	0	0	1	0	5444.831795377658	5444.831795377658	5449.764345461759	5449.764345461759	21883.89742787219	21883.89742787219	5450.909577382348	5450.909577382348	5450.909576006431	0.9997417060059373	-0.02270141732547895	0.001080242451052426	0.02270420029344941	0.9997387466008362	-0.002637770654169216	-0.001020079101610956	0.00266161537482571	0.9999959376128602	-0.02270338090567357	0.001080242661145966	-0.002637775252085845	0.0005743707124154401	0.008672997757473143	0.9907894789166339	0.0005743707124154401	0.0005743707124154401	0.02825903905083965	0	0.0006068707411111023	0.01020553369234002	
388	14.03307163757128	246.2196507927577	2.71828	1.21358	1.16637e-05	0.2581069881028696	5.993044534209371	1.263861621190769	-1.238046052351134	-0.9302829541215486	13.23779961450413	4.615253460456734	-3.160756367224863	4.919999999972433	1.509999999991539	0.09999999999943968	0	0.105658371499408	0.09999999999943968	172.4999999990334	1.776819999990044	0.09999999999943968	91.18759999948904	0	0	0	3.14159	165.3220665983416	-4855.856771584628	-1861.268724098851	0	0	0	0	0	2	2.085	2.4952	0.00775795	0.1172	-0.02270338090567357	0.001080242661145966	-0.002637775252085845	29674106.26123359	0	0	5444.831795377658	5449.764345461759	5450.909577382348	124.201969813508	478761428.3863776	246.2196507927577	-7823.75405	0	0	0	0	0.105658371499408	1.776819999990044	0.09999999999943968	1.509999999991539	172.4999999990334	0.09999999999943968	0.09999999999943968	4.919999999972433	91.18759999948904	91.18759999948904	80.38499999954958	80.38499999954958	124.201969813508	1	124.201969813508	0	1	0	0	1	0	5444.831795377658	5444.831795377658	5449.764345461759	5449.764345461759	21883.89742787219	21883.89742787219	5450.909577382348	5450.909577382348	5450.909576006431	0.9997417060059373	-0.02270141732547895	0.001080242451052426	0.02270420029344941	0.9997387466008362	-0.002637770654169216	-0.001020079101610956	0.00266161537482571	0.9999959376128602	-0.02270338090567357	0.001080242661145966	-0.002637775252085845	0.0005743707124154401	0.008672997757473143	0.9907894789166339	0.0005743707124154401	0.0005743707124154401	0.02825903905083965	0	0.0006068707411111023	0.01020553369234002	
389	13.99699690328447	246.2196507927577	2.71828	1.21358	1.16637e-05	0.2581069881028696	5.993044534209371	1.263861621190769	-1.238046052351134	-0.9302829541215486	13.23779961450413	4.615253460456734	-3.160756367224863	4.919999999972433	1.509999999991539	0.09999999999943968	0	0.105658371499408	0.09999999999943968	172.4999999990334	1.776819999990044	0.09999999999943968	91.18759999948904	0	0	0	3.14159	165.3220665983416	-4855.856771584628	-1861.268724098851	0	0	0	0	0	2	2.085	2.4952	0.00775795	0.1172	-0.02270338090567357	0.001080242661145966	-0.002637775252085845	29674106.26123359	0	0	5444.831795377658	5449.764345461759	5450.909577382348	124.201969813508	478761428.3863776	246.2196507927577	-7823.75405	0	0	0	0	0.105658371499408	1.776819999990044	0.09999999999943968	1.509999999991539	172.4999999990334	0.09999999999943968	0.09999999999943968	4.919999999972433	91.18759999948904	91.18759999948904	80.38499999954958	80.38499999954958	124.201969813508	1	124.201969813508	0	1	0	0	1	0	5444.831795377658	5444.831795377658	5449.764345461759	5449.764345461759	21883.89742787219	21883.89742787219	5450.909577382348	5450.909577382348	5450.909576006431	0.9997417060059373	-0.02270141732547895	0.001080242451052426	0.02270420029344941	0.9997387466008362	-0.002637770654169216	-0.001020079101610956	0.00266161537482571	0.9999959376128602	-0.02270338090567357	0.001080242661145966	-0.002637775252085845	0.0005743707124154401	0.008672997757473143	0.9907894789166339	0.0005743707124154401	0.0005743707124154401	0.02825903905083965	0	0.0006068707411111023	0.01020553369234002	
390	13.96110716763502	246.2196507927577	2.71828	1.21358	1.16637e-05	0.2581069881028696	5.993044534209371	1.263861621190769	-1.238046052351134	-0.9302829541215486	13.23779961450413	4.615253460456734	-3.160756367224863	4.919999999972433	1.509999999991539	0.09999999999943968	0	0.105658371499408	0.09999999999943968	172.4999999990334	1.776819999990044	0.09999999999943968	91.18759999948904	0	0	0	3.14159	165.3220665983416	-4855.856771584628	-1861.268724098851	0	0	0	0	0	2	2.085	2.4952	0.00775795	0.1172	-0.02270338090567357	0.001080242661145966	-0.002637775252085845	29674106.26123359	0	0	5444.831795377658	5449.764345461759	5450.909577382348	124.201969813508	478761428.3863776	246.2196507927577	-7823.75405	0	0	0	0	0.105658371499408	1.776819999990044	0.09999999999943968	1.509999999991539	172.4999999990334	0.09999999999943968	0.09999999999943968	4.919999999972433	91.18759999948904	91.18759999948904	80.38499999954958	80.38499999954958	124.201969813508	1	124.201969813508	0	1	0	0	1	0	5444.831795377658	5444.831795377658	5449.764345461759	5449.764345461759	21883.89742787219	21883.89742787219	5450.909577382348	5450.909577382348	5450.909576006431	0.9997417060059373	-0.02270141732547895	0.001080242451052426	0.02270420029344941	0.9997387466008362	-0.002637770654169216	-0.001020079101610956	0.00266161537482571	0.9999959376128602	-0.02270338090567357	0.001080242661145966	-0.002637775252085845	0.0005743707124154401	0.008672997757473143	0.9907894789166339	0.0005743707124154401	0.0005743707124154401	0.02825903905083965	0	0.0006068707411111023	0.01020553369234002	
391	13.92540101119606	246.2196507927577	2.71828	1.21358	1.16637e-05	0.2581069881028696	5.993044534209371	1.263861621190769	-1.238046052351134	-0.9302829541215486	13.23779961450413	4.615253460456734	-3.160756367224863	4.919999999972433	1.509999999991539	0.09999999999943968	0	0.105658371499408	0.09999999999943968	172.4999999990334	1.776819999990044	0.09999999999943968	91.18759999948904	0	0	0	3.14159	165.3220665983416	-4855.856771584628	-1861.268724098851	0	0	0	0	0	2	2.085	2.4952	0.00775795	0.1172	-0.02270338090567357	0.001080242661145966	-0.002637775252085845	29674106.26123359	0	0	5444.831795377658	5449.764345461759	5450.909577382348	124.201969813508	478761428.3863776	246.2196507927577	-7823.75405	0	0	0	0	0.105658371499408	1.776819999990044	0.09999999999943968	1.509999999991539	172.4999999990334	0.09999999999943968	0.09999999999943968	4.919999999972433	91.18759999948904	91.18759999948904	80.38499999954958	80.38499999954958	124.201969813508	1	124.201969813508	0	1	0	0	1	0	5444.831795377658	5444.831795377658	5449.764345461759	5449.764345461759	21883.89742787219	21883.89742787219	5450.909577382348	5450.909577382348	5450.909576006431	0.9997417060059373	-0.02270141732547895	0.001080242451052426	0.02270420029344941	0.9997387466008362	-0.002637770654169216	-0.001020079101610956	0.00266161537482571	0.9999959376128602	-0.02270338090567357	0.001080242661145966	-0.002637775252085845	0.0005743707124154401	0.008672997757473143	0.9907894789166339	0.0005743707124154401	0.0005743707124154401	0.02825903905083965	0	0.0006068707411111023	0.01020553369234002	
392	13.88987702902464	246.2196507927577	2.71828	1.21358	1.16637e-05	0.2581069881028696	5.993044534209371	1.263861621190769	-1.238046052351134	-0.9302829541215486	13.23779961450413	4.615253460456734	-3.160756367224863	4.919999999972433	1.509999999991539	0.09999999999943968	0	0.105658371499408	0.09999999999943968	172.4999999990334	1.776819999990044	0.09999999999943968	91.18759999948904	0	0	0	3.14159	165.3220665983416	-4855.856771584628	-1861.268724098851	0	0	0	0	0	2	2.085	2.4952	0.00775795	0.1172	-0.02270338090567357	0.001080242661145966	-0.002637775252085845	29674106.26123359	0	0	5444.831795377658	5449.764345461759	5450.909577382348	124.201969813508	478761428.3863776	246.2196507927577	-7823.75405	0	0	0	0	0.105658371499408	1.776819999990044	0.09999999999943968	1.509999999991539	172.4999999990334	0.09999999999943968	0.09999999999943968	4.919999999972433	91.18759999948904	91.18759999948904	80.38499999954958	80.38499999954958	124.201969813508	1	124.201969813508	0	1	0	0	1	0	5444.831795377658	5444.831795377658	5449.764345461759	5449.764345461759	21883.89742787219	21883.89742787219	5450.909577382348	5450.909577382348	5450.909576006431	0.9997417060059373	-0.02270141732547895	0.001080242451052426	0.02270420029344941	0.9997387466008362	-0.002637770654169216	-0.001020079101610956	0.00266161537482571	0.9999959376128602	-0.02270338090567357	0.001080242661145966	-0.002637775252085845	0.0005743707124154401	0.008672997757473143	0.9907894789166339	0.0005743707124154401	0.0005743707124154401	0.02825903905083965	0	0.0006068707411111023	0.01020553369234002	
393	13.8545338304775	246.2196507927577	2.71828	1.21358	1.16637e-05	0.2581069881028696	5.993044534209371	1.263861621190769	-1.238046052351134	-0.9302829541215486	13.23779961450413	4.615253460456734	-3.160756367224863	4.919999999972433	1.509999999991539	0.09999999999943968	0	0.105658371499408	0.09999999999943968	172.4999999990334	1.776819999990044	0.09999999999943968	91.18759999948904	0	0	0	3.14159	165.3220665983416	-4855.856771584628	-1861.268724098851	0	0	0	0	0	2	2.085	2.4952	0.00775795	0.1172	-0.02270338090567357	0.001080242661145966	-0.002637775252085845	29674106.26123359	0	0	5444.831795377658	5449.764345461759	5450.909577382348	124.201969813508	478761428.3863776	246.2196507927577	-7823.75405	0	0	0	0	0.105658371499408	1.776819999990044	0.09999999999943968	1.509999999991539	172.4999999990334	0.09999999999943968	0.09999999999943968	4.919999999972433	91.18759999948904	91.18759999948904	80.38499999954958	80.38499999954958	124.201969813508	1	124.201969813508	0	1	0	0	1	0	5444.831795377658	5444.831795377658	5449.764345461759	5449.764345461759	21883.89742787219	21883.89742787219	5450.909577382348	5450.909577382348	5450.909576006431	0.9997417060059373	-0.02270141732547895	0.001080242451052426	0.02270420029344941	0.9997387466008362	-0.002637770654169216	-0.001020079101610956	0.00266161537482571	0.9999959376128602	-0.02270338090567357	0.001080242661145966	-0.002637775252085845	0.0005743707124154401	0.008672997757473143	0.9907894789166339	0.0005743707124154401	0.0005743707124154401	0.02825903905083965	0	0.0006068707411111023	0.01020553369234002	
394	13.81937003902959	246.2196507927577	2.71828	1.21358	1.16637e-05	0.2581069881028696	5.993044534209371	1.263861621190769	-1.238046052351134	-0.9302829541215486	13.23779961450413	4.615253460456734	-3.160756367224863	4.919999999972433	1.509999999991539	0.09999999999943968	0	0.105658371499408	0.09999999999943968	172.4999999990334	1.776819999990044	0.09999999999943968	91.18759999948904	0	0	0	3.14159	165.3220665983416	-4855.856771584628	-1861.268724098851	0	0	0	0	0	2	2.085	2.4952	0.00775795	0.1172	-0.02270338090567357	0.001080242661145966	-0.002637775252085845	29674106.26123359	0	0	5444.831795377658	5449.764345461759	5450.909577382348	124.201969813508	478761428.3863776	246.2196507927577	-7823.75405	0	0	0	0	0.105658371499408	1.776819999990044	0.09999999999943968	1.509999999991539	172.4999999990334	0.09999999999943968	0.09999999999943968	4.919999999972433	91.18759999948904	91.18759999948904	80.38499999954958	80.38499999954958	124.201969813508	1	124.201969813508	0	1	0	0	1	0	5444.831795377658	5444.831795377658	5449.764345461759	5449.764345461759	21883.89742787219	21883.89742787219	5450.909577382348	5450.909577382348	5450.909576006431	0.9997417060059373	-0.02270141732547895	0.001080242451052426	0.02270420029344941	0.9997387466008362	-0.002637770654169216	-0.001020079101610956	0.00266161537482571	0.9999959376128602	-0.02270338090567357	0.001080242661145966	-0.002637775252085845	0.0005743707124154401	0.008672997757473143	0.9907894789166339	0.0005743707124154401	0.0005743707124154401	0.02825903905083965	0	0.0006068707411111023	0.01020553369234002	
395	13.78438429209534	246.2196507927577	2.71828	1.21358	1.16637e-05	0.2581069881028696	5.993044534209371	1.263861621190769	-1.238046052351134	-0.9302829541215486	13.23779961450413	4.615253460456734	-3.160756367224863	4.919999999972433	1.509999999991539	0.09999999999943968	0	0.105658371499408	0.09999999999943968	172.4999999990334	1.776819999990044	0.09999999999943968	91.18759999948904	0	0	0	3.14159	165.3220665983416	-4855.856771584628	-1861.268724098851	0	0	0	0	0	2	2.085	2.4952	0.00775795	0.1172	-0.02270338090567357	0.001080242661145966	-0.002637775252085845	29674106.26123359	0	0	5444.831795377658	5449.764345461759	5450.909577382348	124.201969813508	478761428.3863776	246.2196507927577	-7823.75405	0	0	0	0	0.105658371499408	1.776819999990044	0.09999999999943968	1.509999999991539	172.4999999990334	0.09999999999943968	0.09999999999943968	4.919999999972433	91.18759999948904	91.18759999948904	80.38499999954958	80.38499999954958	124.201969813508	1	124.201969813508	0	1	0	0	1	0	5444.831795377658	5444.831795377658	5449.764345461759	5449.764345461759	21883.89742787219	21883.89742787219	5450.909577382348	5450.909577382348	5450.909576006431	0.9997417060059373	-0.02270141732547895	0.001080242451052426	0.02270420029344941	0.9997387466008362	-0.002637770654169216	-0.001020079101610956	0.00266161537482571	0.9999959376128602	-0.02270338090567357	0.001080242661145966	-0.002637775252085845	0.0005743707124154401	0.008672997757473143	0.9907894789166339	0.0005743707124154401	0.0005743707124154401	0.02825903905083965	0	0.0006068707411111023	0.01020553369234002	
396	13.74957524085267	246.2196507927577	2.71828	1.21358	1.16637e-05	0.2581069881028696	5.993044534209371	1.263861621190769	-1.238046052351134	-0.9302829541215486	13.23779961450413	4.615253460456734	-3.160756367224863	4.919999999972433	1.509999999991539	0.09999999999943968	0	0.105658371499408	0.09999999999943968	172.4999999990334	1.776819999990044	0.09999999999943968	91.18759999948904	0	0	0	3.14159	165.3220665983416	-4855.856771584628	-1861.268724098851	0	0	0	0	0	2	2.085	2.4952	0.00775795	0.1172	-0.02270338090567357	0.001080242661145966	-0.002637775252085845	29674106.26123359	0	0	5444.831795377658	5449.764345461759	5450.909577382348	124.201969813508	478761428.3863776	246.2196507927577	-7823.75405	0	0	0	0	0.105658371499408	1.776819999990044	0.09999999999943968	1.509999999991539	172.4999999990334	0.09999999999943968	0.09999999999943968	4.919999999972433	91.18759999948904	91.18759999948904	80.38499999954958	80.38499999954958	124.201969813508	1	124.201969813508	0	1	0	0	1	0	5444.831795377658	5444.831795377658	5449.764345461759	5449.764345461759	21883.89742787219	21883.89742787219	5450.909577382348	5450.909577382348	5450.909576006431	0.9997417060059373	-0.02270141732547895	0.001080242451052426	0.02270420029344941	0.9997387466008362	-0.002637770654169216	-0.001020079101610956	0.00266161537482571	0.9999959376128602	-0.02270338090567357	0.001080242661145966	-0.002637775252085845	0.0005743707124154401	0.008672997757473143	0.9907894789166339	0.0005743707124154401	0.0005743707124154401	0.02825903905083965	0	0.0006068707411111023	0.01020553369234002	
397	13.71494155006967	246.2196507927577	2.71828	1.21358	1.16637e-05	0.2581069881028696	5.993044534209371	1.263861621190769	-1.238046052351134	-0.9302829541215486	13.23779961450413	4.615253460456734	-3.160756367224863	4.919999999972433	1.509999999991539	0.09999999999943968	0	0.105658371499408	0.09999999999943968	172.4999999990334	1.776819999990044	0.09999999999943968	91.18759999948904	0	0	0	3.14159	165.3220665983416	-4855.856771584628	-1861.268724098851	0	0	0	0	0	2	2.085	2.4952	0.00775795	0.1172	-0.02270338090567357	0.001080242661145966	-0.002637775252085845	29674106.26123359	0	0	5444.831795377658	5449.764345461759	5450.909577382348	124.201969813508	478761428.3863776	246.2196507927577	-7823.75405	0	0	0	0	0.105658371499408	1.776819999990044	0.09999999999943968	1.509999999991539	172.4999999990334	0.09999999999943968	0.09999999999943968	4.919999999972433	91.18759999948904	91.18759999948904	80.38499999954958	80.38499999954958	124.201969813508	1	124.201969813508	0	1	0	0	1	0	5444.831795377658	5444.831795377658	5449.764345461759	5449.764345461759	21883.89742787219	21883.89742787219	5450.909577382348	5450.909577382348	5450.909576006431	0.9997417060059373	-0.02270141732547895	0.001080242451052426	0.02270420029344941	0.9997387466008362	-0.002637770654169216	-0.001020079101610956	0.00266161537482571	0.9999959376128602	-0.02270338090567357	0.001080242661145966	-0.002637775252085845	0.0005743707124154401	0.008672997757473143	0.9907894789166339	0.0005743707124154401	0.0005743707124154401	0.02825903905083965	0	0.0006068707411111023	0.01020553369234002	
398	13.68048189793381	246.2196507927577	2.71828	1.21358	1.16637e-05	0.2581069881028696	5.993044534209371	1.263861621190769	-1.238046052351134	-0.9302829541215486	13.23779961450413	4.615253460456734	-3.160756367224863	4.919999999972433	1.509999999991539	0.09999999999943968	0	0.105658371499408	0.09999999999943968	172.4999999990334	1.776819999990044	0.09999999999943968	91.18759999948904	0	0	0	3.14159	165.3220665983416	-4855.856771584628	-1861.268724098851	0	0	0	0	0	2	2.085	2.4952	0.00775795	0.1172	-0.02270338090567357	0.001080242661145966	-0.002637775252085845	29674106.26123359	0	0	5444.831795377658	5449.764345461759	5450.909577382348	124.201969813508	478761428.3863776	246.2196507927577	-7823.75405	0	0	0	0	0.105658371499408	1.776819999990044	0.09999999999943968	1.509999999991539	172.4999999990334	0.09999999999943968	0.09999999999943968	4.919999999972433	91.18759999948904	91.18759999948904	80.38499999954958	80.38499999954958	124.201969813508	1	124.201969813508	0	1	0	0	1	0	5444.831795377658	5444.831795377658	5449.764345461759	5449.764345461759	21883.89742787219	21883.89742787219	5450.909577382348	5450.909577382348	5450.909576006431	0.9997417060059373	-0.02270141732547895	0.001080242451052426	0.02270420029344941	0.9997387466008362	-0.002637770654169216	-0.001020079101610956	0.00266161537482571	0.9999959376128602	-0.02270338090567357	0.001080242661145966	-0.002637775252085845	0.0005743707124154401	0.008672997757473143	0.9907894789166339	0.0005743707124154401	0.0005743707124154401	0.02825903905083965	0	0.0006068707411111023	0.01020553369234002	
399	13.64619497588385	246.2196507927577	2.71828	1.21358	1.16637e-05	0.2581069881028696	5.993044534209371	1.263861621190769	-1.238046052351134	-0.9302829541215486	13.23779961450413	4.615253460456734	-3.160756367224863	4.919999999972433	1.509999999991539	0.09999999999943968	0	0.105658371499408	0.09999999999943968	172.4999999990334	1.776819999990044	0.09999999999943968	91.18759999948904	0	0	0	3.14159	165.3220665983416	-4855.856771584628	-1861.268724098851	0	0	0	0	0	2	2.085	2.4952	0.00775795	0.1172	-0.02270338090567357	0.001080242661145966	-0.002637775252085845	29674106.26123359	0	0	5444.831795377658	5449.764345461759	5450.909577382348	124.201969813508	478761428.3863776	246.2196507927577	-7823.75405	0	0	0	0	0.105658371499408	1.776819999990044	0.09999999999943968	1.509999999991539	172.4999999990334	0.09999999999943968	0.09999999999943968	4.919999999972433	91.18759999948904	91.18759999948904	80.38499999954958	80.38499999954958	124.201969813508	1	124.201969813508	0	1	0	0	1	0	5444.831795377658	5444.831795377658	5449.764345461759	5449.764345461759	21883.89742787219	21883.89742787219	5450.909577382348	5450.909577382348	5450.909576006431	0.9997417060059373	-0.02270141732547895	0.001080242451052426	0.02270420029344941	0.9997387466008362	-0.002637770654169216	-0.001020079101610956	0.00266161537482571	0.9999959376128602	-0.02270338090567357	0.001080242661145966	-0.002637775252085845	0.0005743707124154401	0.008672997757473143	0.9907894789166339	0.0005743707124154401	0.0005743707124154401	0.02825903905083965	0	0.0006068707411111023	0.01020553369234002	
