sqrts	xsec	
1	0	
1.9999	0	
2.9998	0	
3.9997	0	
4.9996	0	
5.9995	0	
6.9994	0	
7.9993	0	
8.9992	0	
9.9991	0	
10.999	0	
11.9989	0	
12.9988	0	
13.9987	0	
14.9986	0	
15.9985	0	
16.9984	0	
17.9983	0	
18.9982	0	
19.9981	0	
20.998	0	
21.9979	0	
22.9978	0	
23.9977	0	
24.9976	0	
25.9975	0	
26.9974	0	
27.9973	0	
28.9972	0	
29.9971	0	
30.997	0	
31.9969	0	
32.9968	0	
33.9967	0	
34.9966	0	
35.9965	0	
36.9964	0	
37.9963	0	
38.9962	0	
39.9961	0	
40.996	0	
41.9959	0	
42.9958	0	
43.9957	0	
44.9956	0	
45.9955	0	
46.9954	0	
47.9953	0	
48.9952	0	
49.9951	0	
50.995	0	
51.9949	0	
52.9948	0	
53.9947	0	
54.9946	0	
55.9945	0	
56.9944	0	
57.9943	0	
58.9942	0	
59.9941	0	
60.994	0	
61.9939	0	
62.9938	0	
63.9937	0	
64.9936	0	
65.9935	0	
66.9934	0	
67.9933	0	
68.9932	0	
69.9931	0	
70.993	0	
71.9929	0	
72.9928	0	
73.9927	0	
74.9926	0	
75.9925	0	
76.9924	0	
77.9923	0	
78.9922	0	
79.9921	0	
80.992	0	
81.9919	0	
82.9918	0	
83.9917	0	
84.9916	0	
85.9915	0	
86.9914	0	
87.9913	0	
88.9912	0	
89.9911	0	
90.991	0	
91.9909	0	
92.9908	0	
93.9907	0	
94.9906	0	
95.9905	0	
96.9904	0	
97.9903	0	
98.9902	0	
99.9901	0	
100.99	0	
101.99	0	
102.99	0	
103.99	0	
104.99	0	
105.989	0	
106.989	0	
107.989	0	
108.989	0	
109.989	0	
110.989	0	
111.989	0	
112.989	0	
113.989	0	
114.989	0	
115.988	0	
116.988	0	
117.988	0	
118.988	0	
119.988	0	
120.988	0	
121.988	0	
122.988	0	
123.988	0	
124.988	0	
125.987	0	
126.987	0	
127.987	0	
128.987	0	
129.987	0	
130.987	0	
131.987	0	
132.987	0	
133.987	0	
134.987	0	
135.986	0	
136.986	0	
137.986	0	
138.986	0	
139.986	0	
140.986	0	
141.986	0	
142.986	0	
143.986	0	
144.986	0	
145.985	0	
146.985	0	
147.985	0	
148.985	0	
149.985	0	
150.985	0	
151.985	0	
152.985	0	
153.985	0	
154.985	0	
155.984	0	
156.984	0	
157.984	0	
158.984	0	
159.984	0	
160.984	0	
161.984	0	
162.984	0	
163.984	0	
164.984	0	
165.983	0	
166.983	0	
167.983	0	
168.983	0	
169.983	0	
170.983	0	
171.983	0	
172.983	0	
173.983	0	
174.983	0	
175.982	0	
176.982	0	
177.982	0	
178.982	0	
179.982	0	
180.982	0	
181.982	0	
182.982	0	
183.982	0	
184.982	0	
185.981	0	
186.981	0	
187.981	0	
188.981	0	
189.981	0	
190.981	0	
191.981	0	
192.981	0	
193.981	0	
194.981	0	
195.98	0	
196.98	0	
197.98	0	
198.98	0	
199.98	0	
200.98	0	
201.98	0	
202.98	0	
203.98	0	
204.98	0	
205.979	0	
206.979	0	
207.979	0	
208.979	0	
209.979	0	
210.979	0	
211.979	0	
212.979	0	
213.979	0	
214.979	0	
215.978	0	
216.978	0	
217.978	0	
218.978	0	
219.978	0	
220.978	0	
221.978	0	
222.978	0	
223.978	0	
224.978	0	
225.977	0	
226.977	0	
227.977	0	
228.977	0	
229.977	0	
230.977	0	
231.977	0	
232.977	0	
233.977	0	
234.977	0	
235.976	0	
236.976	0	
237.976	0	
238.976	0	
239.976	0	
240.976	0	
241.976	0	
242.976	0	
243.976	0	
244.976	0	
245.975	0	
246.975	0	
247.975	0	
248.975	0	
249.975	0	
250.975	0	
251.975	0	
252.975	0	
253.975	0	
254.975	0	
255.974	0	
256.974	0	
257.974	0	
258.974	0	
259.974	0	
260.974	0	
261.974	0	
262.974	0	
263.974	0	
264.974	0	
265.973	0	
266.973	0	
267.973	0	
268.973	0	
269.973	0	
270.973	0	
271.973	0	
272.973	0	
273.973	0	
274.973	0	
275.972	0	
276.972	0	
277.972	0	
278.972	0	
279.972	0	
280.972	0	
281.972	0	
282.972	0	
283.972	0	
284.972	0	
285.971	0	
286.971	0	
287.971	0	
288.971	0	
289.971	0	
290.971	0	
291.971	0	
292.971	0	
293.971	0	
294.971	0	
295.971	0	
296.97	0	
297.97	0	
298.97	0	
299.97	0	
300.97	0	
301.97	0	
302.97	0	
303.97	0	
304.97	0	
305.97	0	
306.969	0	
307.969	0	
308.969	0	
309.969	0	
310.969	1.64379e-06	
311.969	8.31737e-07	
312.969	6.32964e-07	
313.969	5.32825e-07	
314.969	4.70078e-07	
315.969	4.26166e-07	
316.968	3.93291e-07	
317.968	3.67531e-07	
318.968	3.46669e-07	
319.968	3.29349e-07	
320.968	3.14684e-07	
321.968	3.02071e-07	
322.968	2.9108e-07	
323.968	2.814e-07	
324.968	2.72794e-07	
325.968	2.65082e-07	
326.967	2.58124e-07	
327.967	2.51807e-07	
328.967	2.46042e-07	
329.967	2.40755e-07	
330.967	2.35886e-07	
331.967	2.31384e-07	
332.967	2.27207e-07	
333.967	2.23319e-07	
334.967	2.1969e-07	
335.967	2.16292e-07	
336.966	2.13104e-07	
337.966	2.10105e-07	
338.966	2.07279e-07	
339.966	2.0461e-07	
340.966	2.02084e-07	
341.966	1.9969e-07	
342.966	1.97417e-07	
343.966	1.95256e-07	
344.966	1.93198e-07	
345.966	1.91236e-07	
346.965	1.89363e-07	
347.965	1.87572e-07	
348.965	1.85859e-07	
349.965	1.84217e-07	
350.965	1.82643e-07	
351.965	1.81132e-07	
352.965	1.7968e-07	
353.965	1.78283e-07	
354.965	1.76939e-07	
355.965	1.75644e-07	
356.964	1.74395e-07	
357.964	1.7319e-07	
358.964	1.72027e-07	
359.964	1.70903e-07	
360.964	1.69816e-07	
361.964	1.68764e-07	
362.964	1.67746e-07	
363.964	1.66759e-07	
364.964	1.65803e-07	
365.964	1.64876e-07	
366.963	1.63976e-07	
367.963	1.63103e-07	
368.963	1.62254e-07	
369.963	1.61429e-07	
370.963	1.60627e-07	
371.963	1.59847e-07	
372.963	1.59088e-07	
373.963	1.58349e-07	
374.963	1.57629e-07	
375.963	1.56927e-07	
376.962	1.56243e-07	
377.962	1.55576e-07	
378.962	1.54925e-07	
379.962	1.5429e-07	
380.962	1.53669e-07	
381.962	1.53064e-07	
382.962	1.52472e-07	
383.962	1.51893e-07	
384.962	1.51327e-07	
385.962	1.50774e-07	
386.961	1.50233e-07	
387.961	1.49703e-07	
388.961	1.49185e-07	
389.961	1.48677e-07	
390.961	1.4818e-07	
391.961	1.47693e-07	
392.961	1.47215e-07	
393.961	1.46747e-07	
394.961	1.46288e-07	
395.961	1.45837e-07	
396.96	1.45396e-07	
397.96	1.44962e-07	
398.96	1.44537e-07	
399.96	1.44119e-07	
400.96	1.43708e-07	
401.96	1.43305e-07	
402.96	1.42909e-07	
403.96	1.4252e-07	
404.96	1.42137e-07	
405.96	1.41761e-07	
406.959	1.41391e-07	
407.959	1.41027e-07	
408.959	1.40669e-07	
409.959	1.40317e-07	
410.959	1.3997e-07	
411.959	1.39629e-07	
412.959	1.39293e-07	
413.959	1.38962e-07	
414.959	1.38636e-07	
415.959	1.38315e-07	
416.958	1.37998e-07	
417.958	1.37686e-07	
418.958	1.37379e-07	
419.958	1.37076e-07	
420.958	1.36777e-07	
421.958	1.36482e-07	
422.958	1.36191e-07	
423.958	1.35904e-07	
424.958	1.35621e-07	
425.958	1.35342e-07	
426.957	1.35066e-07	
427.957	1.34793e-07	
428.957	1.34524e-07	
429.957	1.34259e-07	
430.957	1.33997e-07	
431.957	1.33737e-07	
432.957	1.33481e-07	
433.957	1.33228e-07	
434.957	1.32978e-07	
435.957	1.32731e-07	
436.956	1.32487e-07	
437.956	1.32245e-07	
438.956	1.32006e-07	
439.956	1.3177e-07	
440.956	1.31536e-07	
441.956	1.31305e-07	
442.956	1.31076e-07	
443.956	1.3085e-07	
444.956	1.30626e-07	
445.956	1.30404e-07	
446.955	1.30184e-07	
447.955	1.29967e-07	
448.955	1.29752e-07	
449.955	1.29539e-07	
450.955	1.29328e-07	
451.955	1.29118e-07	
452.955	1.28911e-07	
453.955	1.28706e-07	
454.955	1.28503e-07	
455.955	1.28301e-07	
456.954	1.28101e-07	
457.954	1.27903e-07	
458.954	1.27707e-07	
459.954	1.27512e-07	
460.954	1.27319e-07	
461.954	1.27128e-07	
462.954	1.26938e-07	
463.954	1.2675e-07	
464.954	1.26563e-07	
465.954	1.26378e-07	
466.953	1.26194e-07	
467.953	1.26011e-07	
468.953	1.2583e-07	
469.953	1.25651e-07	
470.953	1.25472e-07	
471.953	1.25295e-07	
472.953	1.2512e-07	
473.953	1.24945e-07	
474.953	1.24772e-07	
475.953	1.246e-07	
476.952	1.24429e-07	
477.952	1.24259e-07	
478.952	1.24091e-07	
479.952	1.23923e-07	
480.952	1.23757e-07	
481.952	1.23591e-07	
482.952	1.23427e-07	
483.952	1.23264e-07	
484.952	1.23102e-07	
485.952	1.2294e-07	
486.951	1.2278e-07	
487.951	1.22621e-07	
488.951	1.22463e-07	
489.951	1.22305e-07	
490.951	1.22149e-07	
491.951	1.21993e-07	
492.951	1.21838e-07	
493.951	1.21684e-07	
494.951	1.21531e-07	
495.951	1.21379e-07	
496.95	1.21227e-07	
497.95	1.21077e-07	
498.95	1.20927e-07	
499.95	3.46322e-06	
500.95	1.49659e-06	
501.95	1.13535e-06	
502.95	9.60192e-07	
503.95	8.5174e-07	
504.95	7.76083e-07	
505.95	7.19394e-07	
506.949	6.74841e-07	
507.949	6.38607e-07	
508.949	6.08369e-07	
509.949	5.82624e-07	
510.949	5.60348e-07	
511.949	5.40818e-07	
512.949	5.23504e-07	
513.949	5.08013e-07	
514.949	4.94039e-07	
515.949	4.81347e-07	
516.948	4.69748e-07	
517.948	4.59092e-07	
518.948	4.49254e-07	
519.948	4.40133e-07	
520.948	4.31644e-07	
521.948	4.23715e-07	
522.948	4.16287e-07	
523.948	4.09306e-07	
524.948	4.02729e-07	
525.948	3.96518e-07	
526.947	3.90638e-07	
527.947	3.85061e-07	
528.947	3.7976e-07	
529.947	3.74712e-07	
530.947	3.69899e-07	
531.947	3.653e-07	
532.947	3.60901e-07	
533.947	3.56687e-07	
534.947	3.52644e-07	
535.947	3.48762e-07	
536.946	3.45029e-07	
537.946	3.41435e-07	
538.946	3.37972e-07	
539.946	3.34632e-07	
540.946	3.31408e-07	
541.946	3.28292e-07	
542.946	3.25278e-07	
543.946	3.22362e-07	
544.946	3.19536e-07	
545.946	3.16797e-07	
546.945	3.1414e-07	
547.945	3.11561e-07	
548.945	3.09056e-07	
549.945	3.06621e-07	
550.945	3.04253e-07	
551.945	3.01949e-07	
552.945	2.99705e-07	
553.945	2.9752e-07	
554.945	2.9539e-07	
555.945	2.93313e-07	
556.944	2.91287e-07	
557.944	2.89309e-07	
558.944	2.87378e-07	
559.944	2.85492e-07	
560.944	2.83648e-07	
561.944	2.81846e-07	
562.944	2.80083e-07	
563.944	2.78359e-07	
564.944	2.76671e-07	
565.944	2.75018e-07	
566.943	2.73399e-07	
567.943	2.71814e-07	
568.943	2.70259e-07	
569.943	2.68736e-07	
570.943	2.67242e-07	
571.943	2.65776e-07	
572.943	2.64338e-07	
573.943	2.62926e-07	
574.943	2.6154e-07	
575.943	2.60179e-07	
576.942	2.58843e-07	
577.942	2.57529e-07	
578.942	2.56238e-07	
579.942	2.5497e-07	
580.942	2.53722e-07	
581.942	2.52495e-07	
582.942	2.51289e-07	
583.942	2.50102e-07	
584.942	2.48933e-07	
585.942	2.47783e-07	
586.941	2.46651e-07	
587.941	2.45537e-07	
588.941	2.44439e-07	
589.941	2.43358e-07	
590.941	2.42292e-07	
591.941	2.41243e-07	
592.941	2.40208e-07	
593.941	2.39188e-07	
594.941	2.38183e-07	
595.941	2.37192e-07	
596.94	2.36214e-07	
597.94	2.3525e-07	
598.94	2.34298e-07	
599.94	2.3336e-07	
600.94	2.32434e-07	
601.94	2.31519e-07	
602.94	2.30617e-07	
603.94	2.29726e-07	
604.94	2.28847e-07	
605.94	2.27978e-07	
606.939	2.27121e-07	
607.939	2.26273e-07	
608.939	2.25436e-07	
609.939	2.24609e-07	
610.939	2.23792e-07	
611.939	2.22985e-07	
612.939	2.22187e-07	
613.939	2.21398e-07	
614.939	2.20618e-07	
615.939	2.19847e-07	
616.938	2.19085e-07	
617.938	2.18331e-07	
618.938	2.17585e-07	
619.938	2.16848e-07	
620.938	9.46092e-06	
621.938	6.26203e-06	
622.938	5.0263e-06	
623.938	4.32294e-06	
624.938	3.85365e-06	
625.938	3.51158e-06	
626.937	3.24774e-06	
627.937	3.03604e-06	
628.937	2.86116e-06	
629.937	2.71343e-06	
630.937	2.58642e-06	
631.937	2.47562e-06	
632.937	2.37782e-06	
633.937	2.29062e-06	
634.937	2.21221e-06	
635.937	2.14116e-06	
636.936	2.07639e-06	
637.936	2.01699e-06	
638.936	1.96225e-06	
639.936	1.91158e-06	
640.936	1.86448e-06	
641.936	1.82055e-06	
642.936	1.77943e-06	
643.936	1.74084e-06	
644.936	1.70451e-06	
645.936	1.67022e-06	
646.935	1.6378e-06	
647.935	1.60706e-06	
648.935	1.57787e-06	
649.935	1.55009e-06	
650.935	1.52362e-06	
651.935	1.49834e-06	
652.935	1.47418e-06	
653.935	1.45104e-06	
654.935	1.42886e-06	
655.935	1.40757e-06	
656.934	1.38711e-06	
657.934	1.36742e-06	
658.934	1.34846e-06	
659.934	1.33018e-06	
660.934	1.31254e-06	
661.934	1.2955e-06	
662.934	1.27903e-06	
663.934	1.2631e-06	
664.934	1.24768e-06	
665.934	1.23273e-06	
666.933	1.21824e-06	
667.933	1.20418e-06	
668.933	1.19053e-06	
669.933	1.17727e-06	
670.933	1.16438e-06	
671.933	1.15184e-06	
672.933	1.13964e-06	
673.933	1.12776e-06	
674.933	8.11403e-06	
675.933	5.90001e-06	
676.932	4.95616e-06	
677.932	4.39697e-06	
678.932	4.01416e-06	
679.932	3.72953e-06	
680.932	3.50623e-06	
681.932	3.32431e-06	
682.932	3.17191e-06	
683.932	3.04146e-06	
684.932	2.92787e-06	
685.932	2.82758e-06	
686.931	2.73802e-06	
687.931	2.65727e-06	
688.931	7.76892e-05	
689.931	2.19175e-05	
690.931	1.63923e-05	
691.931	1.38303e-05	
692.931	1.22627e-05	
693.931	1.11711e-05	
694.931	1.03511e-05	
695.931	9.70366e-06	
696.93	9.17411e-06	
697.93	8.72945e-06	
698.93	8.34842e-06	
699.93	8.01659e-06	
700.93	7.7238e-06	
701.93	7.46262e-06	
702.93	7.22748e-06	
703.93	7.01414e-06	
704.93	6.81926e-06	
705.93	6.64019e-06	
706.929	6.47479e-06	
707.929	6.32133e-06	
708.929	6.17835e-06	
709.929	6.04465e-06	
710.929	5.91922e-06	
711.929	5.80119e-06	
712.929	5.68982e-06	
713.929	5.58448e-06	
714.929	5.4846e-06	
715.929	5.38971e-06	
716.928	5.29938e-06	
717.928	5.21324e-06	
718.928	5.13096e-06	
719.928	5.05224e-06	
720.928	4.97681e-06	
721.928	4.90444e-06	
722.928	4.83493e-06	
723.928	4.76807e-06	
724.928	4.70369e-06	
725.928	4.64163e-06	
726.927	4.58175e-06	
727.927	4.52393e-06	
728.927	4.46803e-06	
729.927	4.41394e-06	
730.927	4.36158e-06	
731.927	4.31084e-06	
732.927	4.26163e-06	
733.927	4.21388e-06	
734.927	4.16751e-06	
735.927	4.12246e-06	
736.926	4.07865e-06	
737.926	4.03604e-06	
738.926	3.99456e-06	
739.926	3.95417e-06	
740.926	3.9148e-06	
741.926	3.87643e-06	
742.926	3.83901e-06	
743.926	3.80249e-06	
744.926	3.76684e-06	
745.926	3.73202e-06	
746.925	3.69801e-06	
747.925	3.66476e-06	
748.925	3.63225e-06	
749.925	3.60045e-06	
750.925	3.56934e-06	
751.925	3.53889e-06	
752.925	3.50907e-06	
753.925	3.47986e-06	
754.925	3.45125e-06	
755.925	3.4232e-06	
756.924	3.39571e-06	
757.924	3.36875e-06	
758.924	3.34231e-06	
759.924	3.31637e-06	
760.924	3.2909e-06	
761.924	3.26591e-06	
762.924	3.24137e-06	
763.924	3.21727e-06	
764.924	3.19359e-06	
765.924	3.17032e-06	
766.923	3.14746e-06	
767.923	3.12499e-06	
768.923	3.10289e-06	
769.923	3.08116e-06	
770.923	3.05979e-06	
771.923	3.03876e-06	
772.923	3.01807e-06	
773.923	2.99771e-06	
774.923	2.97767e-06	
775.923	2.95794e-06	
776.922	2.93851e-06	
777.922	2.91938e-06	
778.922	2.90054e-06	
779.922	2.88197e-06	
780.922	2.86368e-06	
781.922	2.84565e-06	
782.922	2.82789e-06	
783.922	2.81038e-06	
784.922	2.79311e-06	
785.922	2.77609e-06	
786.921	2.75931e-06	
787.921	2.74275e-06	
788.921	2.72642e-06	
789.921	2.71031e-06	
790.921	2.69441e-06	
791.921	2.67873e-06	
792.921	2.66325e-06	
793.921	2.64797e-06	
794.921	2.63289e-06	
795.921	2.618e-06	
796.92	2.6033e-06	
797.92	2.58879e-06	
798.92	2.57445e-06	
799.92	2.56029e-06	
800.92	2.54631e-06	
801.92	2.53249e-06	
802.92	2.51884e-06	
803.92	2.50536e-06	
804.92	2.49203e-06	
805.92	2.47886e-06	
806.919	2.46585e-06	
807.919	2.45298e-06	
808.919	2.44026e-06	
809.919	5.11482e-06	
810.919	4.07733e-06	
811.919	3.70858e-06	
812.919	3.50026e-06	
813.919	3.35966e-06	
814.919	3.25514e-06	
815.919	3.17252e-06	
816.918	3.10441e-06	
817.918	3.0465e-06	
818.918	2.9961e-06	
819.918	2.95143e-06	
820.918	2.91125e-06	
821.918	2.87468e-06	
822.918	2.84106e-06	
823.918	2.80991e-06	
824.918	2.78082e-06	
825.918	2.75351e-06	
826.917	2.72773e-06	
827.917	2.7033e-06	
828.917	2.68003e-06	
829.917	2.65782e-06	
830.917	2.63653e-06	
831.917	2.61609e-06	
832.917	2.5964e-06	
833.917	2.5774e-06	
834.917	2.55903e-06	
835.917	2.54124e-06	
836.916	2.52397e-06	
837.916	2.5072e-06	
838.916	2.49089e-06	
839.916	2.475e-06	
840.916	2.45951e-06	
841.916	2.44439e-06	
842.916	2.42961e-06	
843.916	2.41517e-06	
844.916	2.40103e-06	
845.916	2.38719e-06	
846.915	2.37363e-06	
847.915	2.36033e-06	
848.915	2.34728e-06	
849.915	2.33446e-06	
850.915	2.32188e-06	
851.915	2.30951e-06	
852.915	2.29736e-06	
853.915	2.2854e-06	
854.915	2.27363e-06	
855.915	2.26205e-06	
856.914	2.25064e-06	
857.914	2.23941e-06	
858.914	2.22834e-06	
859.914	2.21743e-06	
860.914	2.20667e-06	
861.914	2.19607e-06	
862.914	2.1856e-06	
863.914	4.51704e-06	
864.914	3.70187e-06	
865.914	3.37761e-06	
866.913	3.18813e-06	
867.913	3.05822e-06	
868.913	2.96084e-06	
869.913	2.88354e-06	
870.913	2.81968e-06	
871.913	2.76535e-06	
872.913	2.71809e-06	
873.913	2.67624e-06	
874.913	2.63866e-06	
875.913	2.60451e-06	
876.912	2.57319e-06	
877.912	2.54422e-06	
878.912	2.51725e-06	
879.912	2.49198e-06	
880.912	2.46818e-06	
881.912	2.44568e-06	
882.912	2.42431e-06	
883.912	2.40395e-06	
884.912	2.38449e-06	
885.912	2.36583e-06	
886.911	2.34791e-06	
887.911	2.33065e-06	
888.911	2.31399e-06	
889.911	2.29789e-06	
890.911	2.28231e-06	
891.911	2.26719e-06	
892.911	2.25251e-06	
893.911	2.23824e-06	
894.911	2.22435e-06	
895.911	2.21081e-06	
896.91	2.19761e-06	
897.91	2.18472e-06	
898.91	2.17212e-06	
899.91	2.1598e-06	
900.91	2.14774e-06	
901.91	2.13593e-06	
902.91	2.12436e-06	
903.91	2.11302e-06	
904.91	2.10188e-06	
905.91	2.09096e-06	
906.909	2.08022e-06	
907.909	2.06968e-06	
908.909	2.05931e-06	
909.909	2.04912e-06	
910.909	2.03909e-06	
911.909	2.02921e-06	
912.909	2.01949e-06	
913.909	2.00992e-06	
914.909	2.00049e-06	
915.909	1.99119e-06	
916.908	1.98203e-06	
917.908	1.973e-06	
918.908	1.96408e-06	
919.908	1.95529e-06	
920.908	1.94661e-06	
921.908	1.93805e-06	
922.908	1.92959e-06	
923.908	1.92124e-06	
924.908	1.913e-06	
925.908	1.90485e-06	
926.907	1.8968e-06	
927.907	1.88884e-06	
928.907	1.88098e-06	
929.907	2.11869e-05	
930.907	9.26006e-06	
931.907	7.27743e-06	
932.907	6.32447e-06	
933.907	5.73492e-06	
934.907	5.32284e-06	
935.907	5.01302e-06	
936.906	4.76848e-06	
937.906	4.56862e-06	
938.906	4.40095e-06	
939.906	4.25739e-06	
940.906	4.13242e-06	
941.906	4.02219e-06	
942.906	3.92386e-06	
943.906	3.83531e-06	
944.906	3.75492e-06	
945.906	3.68141e-06	
946.905	3.6138e-06	
947.905	3.55126e-06	
948.905	3.49314e-06	
949.905	3.43889e-06	
950.905	3.38806e-06	
951.905	3.34027e-06	
952.905	3.29519e-06	
953.905	3.25255e-06	
954.905	3.2121e-06	
955.905	3.17365e-06	
956.904	3.13702e-06	
957.904	3.10204e-06	
958.904	3.06858e-06	
959.904	3.03651e-06	
960.904	3.00573e-06	
961.904	2.97614e-06	
962.904	2.94766e-06	
963.904	2.92021e-06	
964.904	2.89371e-06	
965.904	2.8681e-06	
966.903	2.84333e-06	
967.903	2.81934e-06	
968.903	2.79609e-06	
969.903	2.77353e-06	
970.903	2.75162e-06	
971.903	2.73033e-06	
972.903	2.70963e-06	
973.903	2.68947e-06	
974.903	2.66984e-06	
975.903	2.6507e-06	
976.902	2.63204e-06	
977.902	2.61383e-06	
978.902	2.59604e-06	
979.902	2.57867e-06	
980.902	2.56168e-06	
981.902	2.54506e-06	
982.902	2.52881e-06	
983.902	3.28538e-06	
984.902	2.87867e-06	
985.902	2.77055e-06	
986.901	2.70897e-06	
987.901	2.66508e-06	
988.901	2.63021e-06	
989.901	2.60073e-06	
990.901	2.5748e-06	
991.901	2.55139e-06	
992.901	2.52986e-06	
993.901	2.5098e-06	
994.901	2.49091e-06	
995.901	2.47299e-06	
996.9	2.45589e-06	
997.9	2.43949e-06	
998.9	2.4237e-06	
999.9	2.40845e-06	
1000.9	2.39368e-06	
1001.9	2.37935e-06	
1002.9	2.36542e-06	
1003.9	2.35185e-06	
1004.9	2.33861e-06	
1005.9	2.32568e-06	
1006.9	2.31305e-06	
1007.9	2.30068e-06	
1008.9	2.28857e-06	
1009.9	2.27669e-06	
1010.9	2.26505e-06	
1011.9	2.25362e-06	
1012.9	2.24239e-06	
1013.9	2.23136e-06	
1014.9	2.22051e-06	
1015.9	2.20984e-06	
1016.9	2.19935e-06	
1017.9	2.18902e-06	
1018.9	2.17884e-06	
1019.9	2.16882e-06	
1020.9	2.15894e-06	
1021.9	2.1492e-06	
1022.9	2.13961e-06	
1023.9	2.13014e-06	
1024.9	2.1208e-06	
1025.9	2.11158e-06	
1026.9	2.10249e-06	
1027.9	2.09351e-06	
1028.9	2.08464e-06	
1029.9	2.07589e-06	
1030.9	2.06724e-06	
1031.9	2.05869e-06	
1032.9	2.05025e-06	
1033.9	2.04191e-06	
1034.9	2.03366e-06	
1035.9	2.0255e-06	
1036.9	2.01744e-06	
1037.9	1.55975e-05	
1038.9	9.62591e-06	
1039.9	7.84253e-06	
1040.9	6.89428e-06	
1041.9	6.28027e-06	
1042.9	5.83951e-06	
1043.9	5.5022e-06	
1044.9	5.23254e-06	
1045.9	5.01e-06	
1046.9	4.82187e-06	
1047.9	4.65978e-06	
1048.9	4.51796e-06	
1049.9	4.39232e-06	
1050.9	4.27983e-06	
1051.89	4.1782e-06	
1052.89	4.08569e-06	
1053.89	4.0009e-06	
1054.89	3.92274e-06	
1055.89	3.85032e-06	
1056.89	3.78291e-06	
1057.89	3.7199e-06	
1058.89	3.66078e-06	
1059.89	3.60514e-06	
1060.89	3.55262e-06	
1061.89	3.50289e-06	
1062.89	3.45569e-06	
1063.89	3.41079e-06	
1064.89	3.36799e-06	
1065.89	3.32711e-06	
1066.89	3.28799e-06	
1067.89	3.2505e-06	
1068.89	3.2145e-06	
1069.89	3.17989e-06	
1070.89	3.14658e-06	
1071.89	3.11446e-06	
1072.89	3.08346e-06	
1073.89	3.05351e-06	
1074.89	3.02455e-06	
1075.89	2.9965e-06	
1076.89	2.96932e-06	
1077.89	2.94296e-06	
1078.89	2.91737e-06	
1079.89	2.89251e-06	
1080.89	2.86834e-06	
1081.89	2.84482e-06	
1082.89	2.82192e-06	
1083.89	2.79961e-06	
1084.89	2.77786e-06	
1085.89	2.75665e-06	
1086.89	2.73595e-06	
1087.89	2.71573e-06	
1088.89	2.69598e-06	
1089.89	2.67667e-06	
1090.89	2.65778e-06	
1091.89	2.63931e-06	
1092.89	2.62123e-06	
1093.89	2.60352e-06	
1094.89	2.58618e-06	
1095.89	2.56918e-06	
1096.89	2.55251e-06	
1097.89	2.53617e-06	
1098.89	2.52014e-06	
1099.89	2.50441e-06	
1100.89	2.48896e-06	
1101.89	2.4738e-06	
1102.89	2.4589e-06	
1103.89	2.44427e-06	
1104.89	2.42988e-06	
1105.89	2.41574e-06	
1106.89	2.40184e-06	
1107.89	2.38816e-06	
1108.89	2.37471e-06	
1109.89	2.36147e-06	
1110.89	2.34844e-06	
1111.89	2.33561e-06	
1112.89	2.32298e-06	
1113.89	2.31054e-06	
1114.89	2.29829e-06	
1115.89	2.28621e-06	
1116.89	2.27431e-06	
1117.89	2.26259e-06	
1118.89	2.25103e-06	
1119.89	2.23963e-06	
1120.89	2.22839e-06	
1121.89	2.2173e-06	
1122.89	2.20636e-06	
1123.89	2.19557e-06	
1124.89	2.18492e-06	
1125.89	2.17442e-06	
1126.89	2.16404e-06	
1127.89	2.1538e-06	
1128.89	2.14369e-06	
1129.89	2.13371e-06	
1130.89	2.12385e-06	
1131.89	2.11411e-06	
1132.89	2.10449e-06	
1133.89	2.09499e-06	
1134.89	2.0856e-06	
1135.89	2.07632e-06	
1136.89	2.06715e-06	
1137.89	2.05808e-06	
1138.89	2.04912e-06	
1139.89	2.04026e-06	
1140.89	2.0315e-06	
1141.89	2.02284e-06	
1142.89	2.01427e-06	
1143.89	2.0058e-06	
1144.89	1.99742e-06	
1145.89	1.98913e-06	
1146.89	1.98092e-06	
1147.89	1.97281e-06	
1148.89	1.96478e-06	
1149.89	1.95683e-06	
1150.89	1.94897e-06	
1151.88	1.94119e-06	
1152.88	1.93348e-06	
1153.88	1.92586e-06	
1154.88	1.91831e-06	
1155.88	1.91083e-06	
1156.88	1.90343e-06	
1157.88	1.8961e-06	
1158.88	1.88884e-06	
1159.88	1.88166e-06	
1160.88	1.87454e-06	
1161.88	1.86749e-06	
1162.88	1.8605e-06	
1163.88	1.85358e-06	
1164.88	1.84673e-06	
1165.88	1.83994e-06	
1166.88	1.83321e-06	
1167.88	1.82654e-06	
1168.88	1.81993e-06	
1169.88	1.81338e-06	
1170.88	1.80689e-06	
1171.88	1.80046e-06	
1172.88	1.79409e-06	
1173.88	1.78777e-06	
1174.88	1.7815e-06	
1175.88	1.77529e-06	
1176.88	1.76913e-06	
1177.88	1.76303e-06	
1178.88	1.75698e-06	
1179.88	1.75098e-06	
1180.88	1.74502e-06	
1181.88	1.73912e-06	
1182.88	1.73327e-06	
1183.88	1.72747e-06	
1184.88	1.72171e-06	
1185.88	1.716e-06	
1186.88	1.71033e-06	
1187.88	1.70472e-06	
1188.88	1.69914e-06	
1189.88	1.69361e-06	
1190.88	1.68813e-06	
1191.88	1.68268e-06	
1192.88	1.67729e-06	
1193.88	1.67193e-06	
1194.88	1.66661e-06	
1195.88	1.66134e-06	
1196.88	1.6561e-06	
1197.88	1.6509e-06	
1198.88	1.64575e-06	
1199.88	1.64063e-06	
1200.88	1.63555e-06	
1201.88	1.63051e-06	
1202.88	1.62551e-06	
1203.88	1.62054e-06	
1204.88	1.61561e-06	
1205.88	1.61072e-06	
1206.88	1.60586e-06	
1207.88	1.60103e-06	
1208.88	1.59625e-06	
1209.88	1.59149e-06	
1210.88	1.58677e-06	
1211.88	1.58208e-06	
1212.88	1.57743e-06	
1213.88	1.57281e-06	
1214.88	1.56822e-06	
1215.88	1.56366e-06	
1216.88	1.55913e-06	
1217.88	1.55464e-06	
1218.88	1.55018e-06	
1219.88	1.54574e-06	
1220.88	1.54134e-06	
1221.88	1.53697e-06	
1222.88	1.53262e-06	
1223.88	1.52831e-06	
1224.88	1.52402e-06	
1225.88	1.51976e-06	
1226.88	1.51553e-06	
1227.88	1.51133e-06	
1228.88	1.50716e-06	
1229.88	1.50301e-06	
1230.88	1.49889e-06	
1231.88	1.4948e-06	
1232.88	1.49073e-06	
1233.88	1.48669e-06	
1234.88	1.48267e-06	
1235.88	1.47868e-06	
1236.88	1.47472e-06	
1237.88	1.47078e-06	
1238.88	1.46686e-06	
1239.88	1.46297e-06	
1240.88	1.45911e-06	
1241.88	1.45526e-06	
1242.88	1.45145e-06	
1243.88	1.44765e-06	
1244.88	1.44388e-06	
1245.88	1.44013e-06	
1246.88	1.4364e-06	
1247.88	1.4327e-06	
1248.88	1.42902e-06	
1249.88	1.42536e-06	
1250.88	1.42172e-06	
1251.87	1.41811e-06	
1252.87	1.41451e-06	
1253.87	1.41094e-06	
1254.87	1.40739e-06	
1255.87	1.40386e-06	
1256.87	1.40035e-06	
1257.87	1.39686e-06	
1258.87	1.39339e-06	
1259.87	1.38994e-06	
1260.87	1.38651e-06	
1261.87	1.3831e-06	
1262.87	1.37971e-06	
1263.87	1.37634e-06	
1264.87	1.37298e-06	
1265.87	1.36965e-06	
1266.87	1.36634e-06	
1267.87	1.36304e-06	
1268.87	1.35976e-06	
1269.87	1.3565e-06	
1270.87	1.35326e-06	
1271.87	1.35004e-06	
1272.87	1.34683e-06	
1273.87	1.34364e-06	
1274.87	1.34047e-06	
1275.87	1.33732e-06	
1276.87	1.33418e-06	
1277.87	1.33106e-06	
1278.87	1.32796e-06	
1279.87	1.32487e-06	
1280.87	1.3218e-06	
1281.87	1.31875e-06	
1282.87	1.31571e-06	
1283.87	1.31269e-06	
1284.87	1.30969e-06	
1285.87	1.3067e-06	
1286.87	1.30373e-06	
1287.87	1.30077e-06	
1288.87	1.29783e-06	
1289.87	1.2949e-06	
1290.87	1.29199e-06	
1291.87	1.28909e-06	
1292.87	1.28621e-06	
1293.87	1.28334e-06	
1294.87	1.28049e-06	
1295.87	1.27765e-06	
1296.87	1.27482e-06	
1297.87	1.27201e-06	
1298.87	1.26922e-06	
1299.87	1.26644e-06	
1300.87	1.26367e-06	
1301.87	1.26091e-06	
1302.87	1.25817e-06	
1303.87	1.25545e-06	
1304.87	1.25273e-06	
1305.87	1.25003e-06	
1306.87	1.24735e-06	
1307.87	1.24467e-06	
1308.87	1.24201e-06	
1309.87	1.23937e-06	
1310.87	1.23673e-06	
1311.87	1.23411e-06	
1312.87	1.2315e-06	
1313.87	1.2289e-06	
1314.87	1.22632e-06	
1315.87	1.22375e-06	
1316.87	1.22119e-06	
1317.87	1.21864e-06	
1318.87	1.2161e-06	
1319.87	1.21358e-06	
1320.87	1.21107e-06	
1321.87	1.20857e-06	
1322.87	1.20608e-06	
1323.87	1.2036e-06	
1324.87	1.20114e-06	
1325.87	1.19868e-06	
1326.87	1.19624e-06	
1327.87	1.19381e-06	
1328.87	1.19139e-06	
1329.87	1.18898e-06	
1330.87	1.18658e-06	
1331.87	1.18419e-06	
1332.87	1.18181e-06	
1333.87	1.17945e-06	
1334.87	1.17709e-06	
1335.87	1.17475e-06	
1336.87	1.17241e-06	
1337.87	1.17009e-06	
1338.87	1.16778e-06	
1339.87	1.16547e-06	
1340.87	1.16318e-06	
1341.87	1.1609e-06	
1342.87	1.15862e-06	
1343.87	1.15636e-06	
1344.87	1.15411e-06	
1345.87	1.15186e-06	
1346.87	1.14963e-06	
1347.87	1.14741e-06	
1348.87	1.14519e-06	
1349.87	1.14299e-06	
1350.87	1.14079e-06	
1351.86	1.13861e-06	
1352.86	1.13643e-06	
1353.86	1.13426e-06	
1354.86	1.1321e-06	
1355.86	1.12996e-06	
1356.86	1.12782e-06	
1357.86	1.12568e-06	
1358.86	1.12356e-06	
1359.86	1.12145e-06	
1360.86	1.11935e-06	
1361.86	1.11725e-06	
1362.86	1.11516e-06	
1363.86	1.11309e-06	
1364.86	1.11102e-06	
1365.86	1.10895e-06	
1366.86	1.1069e-06	
1367.86	1.10486e-06	
1368.86	1.10282e-06	
1369.86	1.1008e-06	
1370.86	1.09878e-06	
1371.86	1.09677e-06	
1372.86	1.09476e-06	
1373.86	1.09277e-06	
1374.86	1.09078e-06	
1375.86	1.0888e-06	
1376.86	1.08683e-06	
1377.86	1.08487e-06	
1378.86	1.08291e-06	
1379.86	1.08097e-06	
1380.86	1.07903e-06	
1381.86	1.07709e-06	
1382.86	1.07517e-06	
1383.86	1.07325e-06	
1384.86	1.07134e-06	
1385.86	1.06944e-06	
1386.86	1.06755e-06	
1387.86	1.06566e-06	
1388.86	1.06378e-06	
1389.86	1.06191e-06	
1390.86	1.06004e-06	
1391.86	1.05818e-06	
1392.86	1.05633e-06	
1393.86	1.05449e-06	
1394.86	1.05265e-06	
1395.86	1.05082e-06	
1396.86	1.049e-06	
1397.86	1.04718e-06	
1398.86	1.04537e-06	
1399.86	1.04357e-06	
1400.86	1.04178e-06	
1401.86	1.03999e-06	
1402.86	1.0382e-06	
1403.86	1.03643e-06	
1404.86	1.03466e-06	
1405.86	1.0329e-06	
1406.86	1.03114e-06	
1407.86	1.02939e-06	
1408.86	1.02765e-06	
1409.86	1.02591e-06	
1410.86	1.02418e-06	
1411.86	1.02246e-06	
1412.86	1.02074e-06	
1413.86	1.01903e-06	
1414.86	1.01733e-06	
1415.86	1.01563e-06	
1416.86	1.01393e-06	
1417.86	1.01225e-06	
1418.86	1.01057e-06	
1419.86	1.00889e-06	
1420.86	1.00722e-06	
1421.86	1.00556e-06	
1422.86	1.0039e-06	
1423.86	1.00225e-06	
1424.86	1.00061e-06	
1425.86	9.9897e-07	
1426.86	9.97337e-07	
1427.86	9.95709e-07	
1428.86	9.94087e-07	
1429.86	9.92471e-07	
1430.86	9.90861e-07	
1431.86	9.89256e-07	
1432.86	9.87656e-07	
1433.86	9.86063e-07	
1434.86	9.84474e-07	
1435.86	9.82892e-07	
1436.86	9.81314e-07	
1437.86	9.79742e-07	
1438.86	9.78176e-07	
1439.86	9.76615e-07	
1440.86	9.75059e-07	
1441.86	9.73508e-07	
1442.86	9.71963e-07	
1443.86	9.70423e-07	
1444.86	9.68888e-07	
1445.86	9.67358e-07	
1446.86	9.65834e-07	
1447.86	9.64314e-07	
1448.86	9.628e-07	
1449.86	9.61291e-07	
1450.86	9.59787e-07	
1451.85	9.58287e-07	
1452.85	9.56793e-07	
1453.85	9.55304e-07	
1454.85	9.5382e-07	
1455.85	9.5234e-07	
1456.85	9.50866e-07	
1457.85	9.49396e-07	
1458.85	9.47931e-07	
1459.85	9.46471e-07	
1460.85	9.45015e-07	
1461.85	9.43565e-07	
1462.85	9.42119e-07	
1463.85	9.40677e-07	
1464.85	9.39241e-07	
1465.85	9.37809e-07	
1466.85	9.36381e-07	
1467.85	9.34959e-07	
1468.85	9.3354e-07	
1469.85	9.32127e-07	
1470.85	9.30717e-07	
1471.85	9.29313e-07	
1472.85	9.27912e-07	
1473.85	9.26517e-07	
1474.85	9.25125e-07	
1475.85	9.23738e-07	
1476.85	9.22356e-07	
1477.85	9.20977e-07	
1478.85	9.19603e-07	
1479.85	9.18234e-07	
1480.85	9.16868e-07	
1481.85	9.15507e-07	
1482.85	9.1415e-07	
1483.85	9.12797e-07	
1484.85	9.11449e-07	
1485.85	9.10104e-07	
1486.85	9.08764e-07	
1487.85	9.07428e-07	
1488.85	9.06096e-07	
1489.85	9.04768e-07	
1490.85	9.03444e-07	
1491.85	9.02124e-07	
1492.85	9.00808e-07	
1493.85	8.99497e-07	
1494.85	8.98189e-07	
1495.85	8.96885e-07	
1496.85	8.95585e-07	
1497.85	8.94289e-07	
1498.85	8.92996e-07	
1499.85	8.91708e-07	
1500.85	8.90424e-07	
1501.85	8.89143e-07	
1502.85	8.87866e-07	
1503.85	8.86593e-07	
1504.85	8.85324e-07	
1505.85	8.84058e-07	
1506.85	8.82797e-07	
1507.85	8.81539e-07	
1508.85	8.80284e-07	
1509.85	8.79034e-07	
1510.85	8.77787e-07	
1511.85	8.76543e-07	
1512.85	8.75304e-07	
1513.85	8.74067e-07	
1514.85	8.72835e-07	
1515.85	8.71606e-07	
1516.85	8.70381e-07	
1517.85	8.69159e-07	
1518.85	8.6794e-07	
1519.85	8.66726e-07	
1520.85	8.65514e-07	
1521.85	8.64306e-07	
1522.85	8.63102e-07	
1523.85	8.61901e-07	
1524.85	8.60704e-07	
1525.85	8.59509e-07	
1526.85	8.58319e-07	
1527.85	8.57131e-07	
1528.85	8.55947e-07	
1529.85	8.54766e-07	
1530.85	8.53589e-07	
1531.85	8.52415e-07	
1532.85	8.51244e-07	
1533.85	8.50077e-07	
1534.85	8.48913e-07	
1535.85	8.47752e-07	
1536.85	8.46594e-07	
1537.85	8.45439e-07	
1538.85	8.44288e-07	
1539.85	8.4314e-07	
1540.85	8.41995e-07	
1541.85	8.40853e-07	
1542.85	8.39714e-07	
1543.85	8.38579e-07	
1544.85	8.37446e-07	
1545.85	8.36317e-07	
1546.85	8.35191e-07	
1547.85	8.34067e-07	
1548.85	8.32947e-07	
1549.85	8.3183e-07	
1550.85	8.30716e-07	
1551.84	8.29605e-07	
1552.84	8.28497e-07	
1553.84	8.27392e-07	
1554.84	8.26289e-07	
1555.84	8.2519e-07	
1556.84	8.24094e-07	
1557.84	8.23001e-07	
1558.84	8.2191e-07	
1559.84	8.20823e-07	
1560.84	8.19738e-07	
1561.84	8.18657e-07	
1562.84	8.17578e-07	
1563.84	8.16502e-07	
1564.84	8.15428e-07	
1565.84	8.14358e-07	
1566.84	8.13291e-07	
1567.84	8.12226e-07	
1568.84	8.11164e-07	
1569.84	8.10105e-07	
1570.84	8.09048e-07	
1571.84	8.07995e-07	
1572.84	8.06944e-07	
1573.84	8.05895e-07	
1574.84	8.0485e-07	
1575.84	8.03807e-07	
1576.84	8.02767e-07	
1577.84	8.0173e-07	
1578.84	8.00695e-07	
1579.84	7.99663e-07	
1580.84	7.98633e-07	
1581.84	7.97607e-07	
1582.84	7.96582e-07	
1583.84	7.95561e-07	
1584.84	7.94542e-07	
1585.84	7.93525e-07	
1586.84	7.92512e-07	
1587.84	7.915e-07	
1588.84	7.90492e-07	
1589.84	7.89486e-07	
1590.84	7.88482e-07	
1591.84	7.87481e-07	
1592.84	7.86482e-07	
1593.84	7.85486e-07	
1594.84	7.84493e-07	
1595.84	7.83502e-07	
1596.84	7.82513e-07	
1597.84	7.81526e-07	
1598.84	7.80543e-07	
1599.84	7.79561e-07	
1600.84	7.78582e-07	
1601.84	7.77606e-07	
1602.84	7.76632e-07	
1603.84	7.7566e-07	
1604.84	7.74691e-07	
1605.84	7.73724e-07	
1606.84	7.72759e-07	
1607.84	7.71797e-07	
1608.84	7.70837e-07	
1609.84	7.6988e-07	
1610.84	7.68925e-07	
1611.84	7.67972e-07	
1612.84	7.67021e-07	
1613.84	7.66073e-07	
1614.84	7.65127e-07	
1615.84	7.64183e-07	
1616.84	7.63242e-07	
1617.84	7.62303e-07	
1618.84	7.61375e-07	
1619.84	7.60431e-07	
1620.84	7.59499e-07	
1621.84	7.58568e-07	
1622.84	7.5764e-07	
1623.84	7.56715e-07	
1624.84	7.55791e-07	
1625.84	7.5487e-07	
1626.84	7.5395e-07	
1627.84	7.53033e-07	
1628.84	7.52119e-07	
1629.84	7.51206e-07	
1630.84	7.50295e-07	
1631.84	7.49387e-07	
1632.84	7.4848e-07	
1633.84	7.47576e-07	
1634.84	7.46674e-07	
1635.84	7.45774e-07	
1636.84	7.44876e-07	
1637.84	7.4398e-07	
1638.84	7.43087e-07	
1639.84	7.42195e-07	
1640.84	7.41305e-07	
1641.84	7.40418e-07	
1642.84	7.39532e-07	
1643.84	7.38649e-07	
1644.84	7.37767e-07	
1645.84	7.36888e-07	
1646.84	7.36011e-07	
1647.84	7.35135e-07	
1648.84	7.34262e-07	
1649.84	7.3339e-07	
1650.84	7.32521e-07	
1651.83	7.31653e-07	
1652.83	7.30788e-07	
1653.83	7.29924e-07	
1654.83	7.29063e-07	
1655.83	7.28203e-07	
1656.83	7.27345e-07	
1657.83	7.2649e-07	
1658.83	7.25636e-07	
1659.83	7.24784e-07	
1660.83	7.23934e-07	
1661.83	7.23086e-07	
1662.83	7.2224e-07	
1663.83	7.21395e-07	
1664.83	7.20553e-07	
1665.83	7.19712e-07	
1666.83	7.18873e-07	
1667.83	7.18037e-07	
1668.83	7.17202e-07	
1669.83	7.16368e-07	
1670.83	7.15537e-07	
1671.83	7.14708e-07	
1672.83	7.1388e-07	
1673.83	7.13054e-07	
1674.83	7.1223e-07	
1675.83	7.11408e-07	
1676.83	7.10587e-07	
1677.83	7.09769e-07	
1678.83	7.08952e-07	
1679.83	7.08137e-07	
1680.83	7.07323e-07	
1681.83	7.06512e-07	
1682.83	7.05702e-07	
1683.83	7.04894e-07	
1684.83	7.04087e-07	
1685.83	7.03283e-07	
1686.83	7.0248e-07	
1687.83	7.01679e-07	
1688.83	7.0088e-07	
1689.83	7.00082e-07	
1690.83	6.99286e-07	
1691.83	6.98492e-07	
1692.83	6.97699e-07	
1693.83	6.96908e-07	
1694.83	6.96119e-07	
1695.83	6.95331e-07	
1696.83	6.94545e-07	
1697.83	6.93761e-07	
1698.83	6.92979e-07	
1699.83	6.92198e-07	
1700.83	6.91419e-07	
1701.83	6.90641e-07	
1702.83	6.89865e-07	
1703.83	6.89091e-07	
1704.83	6.88318e-07	
1705.83	6.87547e-07	
1706.83	6.86777e-07	
1707.83	6.86009e-07	
1708.83	6.85243e-07	
1709.83	6.84478e-07	
1710.83	6.83715e-07	
1711.83	6.82954e-07	
1712.83	6.82194e-07	
1713.83	6.81435e-07	
1714.83	6.80679e-07	
1715.83	6.79923e-07	
1716.83	6.7917e-07	
1717.83	6.78418e-07	
1718.83	6.77667e-07	
1719.83	6.76918e-07	
1720.83	6.7617e-07	
1721.83	6.75424e-07	
1722.83	6.7468e-07	
1723.83	6.73937e-07	
1724.83	6.73196e-07	
1725.83	6.72456e-07	
1726.83	6.71717e-07	
1727.83	6.7098e-07	
1728.83	6.70245e-07	
1729.83	6.69511e-07	
1730.83	6.68778e-07	
1731.83	6.68047e-07	
1732.83	6.67318e-07	
1733.83	6.6659e-07	
1734.83	6.65863e-07	
1735.83	6.65138e-07	
1736.83	6.64415e-07	
1737.83	6.63692e-07	
1738.83	6.62972e-07	
1739.83	6.62252e-07	
1740.83	6.61534e-07	
1741.83	6.60818e-07	
1742.83	6.60103e-07	
1743.83	6.59389e-07	
1744.83	6.58677e-07	
1745.83	6.57966e-07	
1746.83	6.57257e-07	
1747.83	6.56549e-07	
1748.83	6.55842e-07	
1749.83	6.55137e-07	
1750.83	6.54433e-07	
1751.82	6.53731e-07	
1752.82	6.53029e-07	
1753.82	6.5233e-07	
1754.82	6.51631e-07	
1755.82	6.50935e-07	
1756.82	6.5024e-07	
1757.82	6.49546e-07	
1758.82	6.48853e-07	
1759.82	6.48161e-07	
1760.82	6.47471e-07	
1761.82	6.46782e-07	
1762.82	6.46095e-07	
1763.82	6.45409e-07	
1764.82	6.44724e-07	
1765.82	6.4404e-07	
1766.82	6.43358e-07	
1767.82	6.42677e-07	
1768.82	6.41997e-07	
1769.82	6.41318e-07	
1770.82	6.40641e-07	
1771.82	6.39965e-07	
1772.82	6.39291e-07	
1773.82	6.38617e-07	
1774.82	6.37946e-07	
1775.82	6.37275e-07	
1776.82	6.36606e-07	
1777.82	6.35938e-07	
1778.82	6.35271e-07	
1779.82	6.34614e-07	
1780.82	6.33941e-07	
1781.82	6.33278e-07	
1782.82	6.32616e-07	
1783.82	6.31956e-07	
1784.82	6.31296e-07	
1785.82	6.30638e-07	
1786.82	6.29982e-07	
1787.82	6.29326e-07	
1788.82	6.28672e-07	
1789.82	6.28019e-07	
1790.82	6.27367e-07	
1791.82	6.26716e-07	
1792.82	6.26067e-07	
1793.82	6.25418e-07	
1794.82	6.24771e-07	
1795.82	6.24125e-07	
1796.82	6.23481e-07	
1797.82	6.22837e-07	
1798.82	6.22195e-07	
1799.82	6.21554e-07	
1800.82	6.20914e-07	
1801.82	6.20275e-07	
1802.82	6.19638e-07	
1803.82	6.19001e-07	
1804.82	6.18366e-07	
1805.82	6.17732e-07	
1806.82	6.17099e-07	
1807.82	6.16467e-07	
1808.82	6.15837e-07	
1809.82	6.15207e-07	
1810.82	6.14579e-07	
1811.82	6.13952e-07	
1812.82	6.13326e-07	
1813.82	6.12701e-07	
1814.82	6.12078e-07	
1815.82	6.11455e-07	
1816.82	6.10833e-07	
1817.82	6.10213e-07	
1818.82	6.09594e-07	
1819.82	6.08976e-07	
1820.82	6.08359e-07	
1821.82	6.07743e-07	
1822.82	6.07128e-07	
1823.82	6.06514e-07	
1824.82	6.05902e-07	
1825.82	6.0529e-07	
1826.82	6.0468e-07	
1827.82	6.04071e-07	
1828.82	6.03463e-07	
1829.82	6.02855e-07	
1830.82	6.02249e-07	
1831.82	6.01644e-07	
1832.82	6.01041e-07	
1833.82	6.00438e-07	
1834.82	5.99836e-07	
1835.82	5.99235e-07	
1836.82	5.98636e-07	
1837.82	5.98037e-07	
1838.82	5.9744e-07	
1839.82	5.96843e-07	
1840.82	5.96248e-07	
1841.82	5.95653e-07	
1842.82	5.9506e-07	
1843.82	5.94468e-07	
1844.82	5.93876e-07	
1845.82	5.93286e-07	
1846.82	5.92697e-07	
1847.82	5.92109e-07	
1848.82	5.91522e-07	
1849.82	5.90936e-07	
1850.82	5.90351e-07	
1851.81	5.89767e-07	
1852.81	5.89184e-07	
1853.81	5.88602e-07	
1854.81	5.88021e-07	
1855.81	5.8744e-07	
1856.81	5.86861e-07	
1857.81	5.86283e-07	
1858.81	5.85706e-07	
1859.81	5.8513e-07	
1860.81	5.84555e-07	
1861.81	5.83981e-07	
1862.81	5.83408e-07	
1863.81	5.82836e-07	
1864.81	5.82265e-07	
1865.81	5.81695e-07	
1866.81	5.81126e-07	
1867.81	5.80557e-07	
1868.81	5.7999e-07	
1869.81	5.79424e-07	
1870.81	5.78859e-07	
1871.81	5.78294e-07	
1872.81	5.77731e-07	
1873.81	5.77169e-07	
1874.81	5.76607e-07	
1875.81	5.76047e-07	
1876.81	5.75487e-07	
1877.81	5.74928e-07	
1878.81	5.74371e-07	
1879.81	5.73814e-07	
1880.81	5.73258e-07	
1881.81	5.72703e-07	
1882.81	5.7215e-07	
1883.81	5.71597e-07	
1884.81	5.71044e-07	
1885.81	5.70493e-07	
1886.81	5.69943e-07	
1887.81	5.69394e-07	
1888.81	5.68845e-07	
1889.81	5.68298e-07	
1890.81	5.67751e-07	
1891.81	5.67206e-07	
1892.81	5.66661e-07	
1893.81	5.66117e-07	
1894.81	5.65574e-07	
1895.81	5.65032e-07	
1896.81	5.64491e-07	
1897.81	5.63951e-07	
1898.81	5.63411e-07	
1899.81	5.62873e-07	
1900.81	5.62335e-07	
1901.81	5.61799e-07	
1902.81	5.61263e-07	
1903.81	5.60728e-07	
1904.81	5.60194e-07	
1905.81	5.59661e-07	
1906.81	5.59128e-07	
1907.81	5.58597e-07	
1908.81	5.58066e-07	
1909.81	5.57537e-07	
1910.81	5.57008e-07	
1911.81	5.5648e-07	
1912.81	5.55953e-07	
1913.81	5.55426e-07	
1914.81	5.54901e-07	
1915.81	5.54377e-07	
1916.81	5.53853e-07	
1917.81	5.5333e-07	
1918.81	5.52808e-07	
1919.81	5.52287e-07	
1920.81	5.51767e-07	
1921.81	5.51247e-07	
1922.81	5.50728e-07	
1923.81	5.50211e-07	
1924.81	5.49694e-07	
1925.81	5.49177e-07	
1926.81	5.48662e-07	
1927.81	5.48148e-07	
1928.81	5.47634e-07	
1929.81	5.47121e-07	
1930.81	5.46609e-07	
1931.81	5.46098e-07	
1932.81	5.45588e-07	
1933.81	5.45078e-07	
1934.81	5.44569e-07	
1935.81	5.44061e-07	
1936.81	5.43554e-07	
1937.81	5.43048e-07	
1938.81	5.42542e-07	
1939.81	5.42038e-07	
1940.81	5.41534e-07	
1941.81	5.41031e-07	
1942.81	5.40528e-07	
1943.81	5.40027e-07	
1944.81	5.39526e-07	
1945.81	5.39026e-07	
1946.81	5.38527e-07	
1947.81	5.38028e-07	
1948.81	5.37531e-07	
1949.81	5.37034e-07	
1950.81	5.36538e-07	
1951.8	5.36043e-07	
1952.8	5.35548e-07	
1953.8	5.35054e-07	
1954.8	5.34562e-07	
1955.8	5.34069e-07	
1956.8	5.33578e-07	
1957.8	5.33087e-07	
1958.8	5.32597e-07	
1959.8	5.32108e-07	
1960.8	5.3162e-07	
1961.8	5.31132e-07	
1962.8	5.30646e-07	
1963.8	5.30159e-07	
1964.8	5.29674e-07	
1965.8	5.2919e-07	
1966.8	5.28706e-07	
1967.8	5.28223e-07	
1968.8	5.2774e-07	
1969.8	5.27259e-07	
1970.8	5.26778e-07	
1971.8	5.26298e-07	
1972.8	5.25818e-07	
1973.8	5.2534e-07	
1974.8	5.24862e-07	
1975.8	5.24385e-07	
1976.8	5.23908e-07	
1977.8	5.23432e-07	
1978.8	5.22957e-07	
1979.8	5.22483e-07	
1980.8	5.2201e-07	
1981.8	5.21537e-07	
1982.8	5.21065e-07	
1983.8	5.20593e-07	
1984.8	5.20123e-07	
1985.8	5.19653e-07	
1986.8	5.19183e-07	
1987.8	5.18715e-07	
1988.8	5.18247e-07	
1989.8	5.1778e-07	
1990.8	5.17314e-07	
1991.8	5.16848e-07	
1992.8	5.16383e-07	
1993.8	5.15919e-07	
1994.8	5.15455e-07	
1995.8	5.14992e-07	
1996.8	5.1453e-07	
1997.8	5.14068e-07	
1998.8	5.13608e-07	
1999.8	5.13148e-07	
2000.8	5.12688e-07	
2001.8	5.12229e-07	
2002.8	5.11771e-07	
2003.8	5.11314e-07	
2004.8	5.10857e-07	
2005.8	5.10401e-07	
2006.8	5.09946e-07	
2007.8	5.09491e-07	
2008.8	5.09037e-07	
2009.8	5.08584e-07	
2010.8	5.08131e-07	
2011.8	5.07679e-07	
2012.8	5.07228e-07	
2013.8	5.06778e-07	
2014.8	5.06328e-07	
2015.8	5.05878e-07	
2016.8	5.0543e-07	
2017.8	5.04982e-07	
2018.8	5.04534e-07	
2019.8	5.04088e-07	
2020.8	5.03642e-07	
2021.8	5.03197e-07	
2022.8	5.02752e-07	
2023.8	5.02308e-07	
2024.8	5.01865e-07	
2025.8	5.01422e-07	
2026.8	5.0098e-07	
2027.8	5.00538e-07	
2028.8	5.00098e-07	
2029.8	4.99657e-07	
2030.8	4.99218e-07	
2031.8	4.98779e-07	
2032.8	4.98341e-07	
2033.8	4.97903e-07	
2034.8	4.97466e-07	
2035.8	4.9703e-07	
2036.8	4.96595e-07	
2037.8	4.9616e-07	
2038.8	4.95725e-07	
2039.8	4.95291e-07	
2040.8	4.94858e-07	
2041.8	4.94426e-07	
2042.8	4.93994e-07	
2043.8	4.93563e-07	
2044.8	4.93132e-07	
2045.8	4.92702e-07	
2046.8	4.92273e-07	
2047.8	4.91844e-07	
2048.8	4.91416e-07	
2049.8	4.90988e-07	
2050.8	4.90561e-07	
2051.79	4.90135e-07	
2052.79	4.89709e-07	
2053.79	4.89284e-07	
2054.79	4.8886e-07	
2055.79	4.88436e-07	
2056.79	4.88013e-07	
2057.79	4.8759e-07	
2058.79	4.87168e-07	
2059.79	4.86746e-07	
2060.79	4.86326e-07	
2061.79	4.85905e-07	
2062.79	4.85486e-07	
2063.79	4.85067e-07	
2064.79	4.84648e-07	
2065.79	4.8423e-07	
2066.79	4.83813e-07	
2067.79	4.83396e-07	
2068.79	4.8298e-07	
2069.79	4.82565e-07	
2070.79	4.8215e-07	
2071.79	4.81735e-07	
2072.79	4.81322e-07	
2073.79	4.80908e-07	
2074.79	4.80496e-07	
2075.79	4.80084e-07	
2076.79	4.79672e-07	
2077.79	4.79262e-07	
2078.79	4.78851e-07	
2079.79	4.78442e-07	
2080.79	4.78033e-07	
2081.79	4.77624e-07	
2082.79	4.77216e-07	
2083.79	4.76809e-07	
2084.79	4.76402e-07	
2085.79	4.75996e-07	
2086.79	4.7559e-07	
2087.79	4.75185e-07	
2088.79	4.7478e-07	
2089.79	4.74376e-07	
2090.79	4.73973e-07	
2091.79	4.7357e-07	
2092.79	4.73168e-07	
2093.79	4.72766e-07	
2094.79	4.72365e-07	
2095.79	4.71964e-07	
2096.79	4.71564e-07	
2097.79	4.71164e-07	
2098.79	4.70765e-07	
2099.79	4.70367e-07	
2100.79	4.69969e-07	
2101.79	4.69572e-07	
2102.79	4.69175e-07	
2103.79	4.68779e-07	
2104.79	4.68383e-07	
2105.79	4.67988e-07	
2106.79	4.67593e-07	
2107.79	4.67199e-07	
2108.79	4.66806e-07	
2109.79	4.66413e-07	
2110.79	4.6602e-07	
2111.79	4.65629e-07	
2112.79	4.65237e-07	
2113.79	4.64846e-07	
2114.79	4.64456e-07	
2115.79	4.64066e-07	
2116.79	4.63677e-07	
2117.79	4.63288e-07	
2118.79	4.629e-07	
2119.79	4.62513e-07	
2120.79	4.62126e-07	
2121.79	4.61739e-07	
2122.79	4.61353e-07	
2123.79	4.60967e-07	
2124.79	4.60582e-07	
2125.79	4.60198e-07	
2126.79	4.59814e-07	
2127.79	4.5943e-07	
2128.79	4.59048e-07	
2129.79	4.58665e-07	
2130.79	4.58283e-07	
2131.79	4.57902e-07	
2132.79	4.57521e-07	
2133.79	4.57141e-07	
2134.79	4.56761e-07	
2135.79	4.56382e-07	
2136.79	4.56003e-07	
2137.79	4.55624e-07	
2138.79	4.55247e-07	
2139.79	4.54869e-07	
2140.79	4.54493e-07	
2141.79	4.54116e-07	
2142.79	4.5374e-07	
2143.79	4.53365e-07	
2144.79	4.5299e-07	
2145.79	4.52616e-07	
2146.79	4.52242e-07	
2147.79	4.51869e-07	
2148.79	4.51496e-07	
2149.79	4.51124e-07	
2150.79	4.50752e-07	
2151.78	4.50381e-07	
2152.78	4.5001e-07	
2153.78	4.4964e-07	
2154.78	4.4927e-07	
2155.78	4.48901e-07	
2156.78	4.48533e-07	
2157.78	4.48164e-07	
2158.78	4.47797e-07	
2159.78	4.47429e-07	
2160.78	4.47062e-07	
2161.78	4.46695e-07	
2162.78	4.46329e-07	
2163.78	4.45964e-07	
2164.78	4.45599e-07	
2165.78	4.45235e-07	
2166.78	4.44871e-07	
2167.78	4.44508e-07	
2168.78	4.44145e-07	
2169.78	4.43782e-07	
2170.78	4.4342e-07	
2171.78	4.43058e-07	
2172.78	4.42697e-07	
2173.78	4.42337e-07	
2174.78	4.41976e-07	
2175.78	4.41617e-07	
2176.78	4.41258e-07	
2177.78	4.40899e-07	
2178.78	4.4054e-07	
2179.78	4.40183e-07	
2180.78	4.39825e-07	
2181.78	4.39468e-07	
2182.78	4.39112e-07	
2183.78	4.38756e-07	
2184.78	4.38401e-07	
2185.78	4.38046e-07	
2186.78	4.37691e-07	
2187.78	4.37337e-07	
2188.78	4.36983e-07	
2189.78	4.3663e-07	
2190.78	4.36277e-07	
2191.78	4.35925e-07	
2192.78	4.35573e-07	
2193.78	4.35222e-07	
2194.78	4.34871e-07	
2195.78	4.3452e-07	
2196.78	4.3417e-07	
2197.78	4.33821e-07	
2198.78	4.33472e-07	
2199.78	4.33123e-07	
2200.78	4.32775e-07	
2201.78	4.32427e-07	
2202.78	4.3208e-07	
2203.78	4.31733e-07	
2204.78	4.31387e-07	
2205.78	4.31041e-07	
2206.78	4.30695e-07	
2207.78	4.3035e-07	
2208.78	4.30005e-07	
2209.78	4.29661e-07	
2210.78	4.29318e-07	
2211.78	4.28974e-07	
2212.78	4.28631e-07	
2213.78	4.28289e-07	
2214.78	4.27947e-07	
2215.78	4.27605e-07	
2216.78	4.27264e-07	
2217.78	4.26923e-07	
2218.78	4.26583e-07	
2219.78	4.26243e-07	
2220.78	4.25904e-07	
2221.78	4.25565e-07	
2222.78	4.25226e-07	
2223.78	4.24888e-07	
2224.78	4.24551e-07	
2225.78	4.24213e-07	
2226.78	4.23877e-07	
2227.78	4.2354e-07	
2228.78	4.23204e-07	
2229.78	4.22869e-07	
2230.78	4.22534e-07	
2231.78	4.22199e-07	
2232.78	4.21865e-07	
2233.78	4.21531e-07	
2234.78	4.21197e-07	
2235.78	4.20864e-07	
2236.78	4.20532e-07	
2237.78	4.202e-07	
2238.78	4.19868e-07	
2239.78	4.19536e-07	
2240.78	4.19205e-07	
2241.78	4.18875e-07	
2242.78	4.18545e-07	
2243.78	4.18215e-07	
2244.78	4.17886e-07	
2245.78	4.17557e-07	
2246.78	4.17228e-07	
2247.78	4.169e-07	
2248.78	4.16573e-07	
2249.78	4.16245e-07	
2250.78	4.15919e-07	
2251.77	4.15592e-07	
2252.77	4.15266e-07	
2253.77	4.14941e-07	
2254.77	4.14615e-07	
2255.77	4.14291e-07	
2256.77	4.13966e-07	
2257.77	4.13642e-07	
2258.77	4.13319e-07	
2259.77	4.12995e-07	
2260.77	4.12673e-07	
2261.77	4.1235e-07	
2262.77	4.12028e-07	
2263.77	4.11707e-07	
2264.77	4.11386e-07	
2265.77	4.11065e-07	
2266.77	4.10744e-07	
2267.77	4.10424e-07	
2268.77	4.10105e-07	
2269.77	4.09791e-07	
2270.77	4.09472e-07	
2271.77	4.09153e-07	
2272.77	4.0883e-07	
2273.77	4.08513e-07	
2274.77	4.08196e-07	
2275.77	4.07879e-07	
2276.77	4.07562e-07	
2277.77	4.07246e-07	
2278.77	4.06931e-07	
2279.77	4.06615e-07	
2280.77	4.063e-07	
2281.77	4.05986e-07	
2282.77	4.05672e-07	
2283.77	4.05358e-07	
2284.77	4.05045e-07	
2285.77	4.04732e-07	
2286.77	4.04419e-07	
2287.77	4.04107e-07	
2288.77	4.03795e-07	
2289.77	4.03483e-07	
2290.77	4.03172e-07	
2291.77	4.02862e-07	
2292.77	4.02551e-07	
2293.77	4.02241e-07	
2294.77	4.01932e-07	
2295.77	4.01623e-07	
2296.77	4.01314e-07	
2297.77	4.01005e-07	
2298.77	4.00697e-07	
2299.77	4.0039e-07	
2300.77	4.00082e-07	
2301.77	3.99775e-07	
2302.77	3.99469e-07	
2303.77	3.99162e-07	
2304.77	3.98857e-07	
2305.77	3.98551e-07	
2306.77	3.98246e-07	
2307.77	3.97941e-07	
2308.77	3.97637e-07	
2309.77	3.97333e-07	
2310.77	3.97029e-07	
2311.77	3.96726e-07	
2312.77	3.96423e-07	
2313.77	3.96121e-07	
2314.77	3.95818e-07	
2315.77	3.95517e-07	
2316.77	3.95215e-07	
2317.77	3.94914e-07	
2318.77	3.94613e-07	
2319.77	3.94313e-07	
2320.77	3.94013e-07	
2321.77	3.93713e-07	
2322.77	3.93414e-07	
2323.77	3.93115e-07	
2324.77	3.92816e-07	
2325.77	3.92518e-07	
2326.77	3.9222e-07	
2327.77	3.91923e-07	
2328.77	3.91626e-07	
2329.77	3.91329e-07	
2330.77	3.91032e-07	
2331.77	3.90736e-07	
2332.77	3.90441e-07	
2333.77	3.90145e-07	
2334.77	3.8985e-07	
2335.77	3.89555e-07	
2336.77	3.89261e-07	
2337.77	3.88967e-07	
2338.77	3.88673e-07	
2339.77	3.8838e-07	
2340.77	3.88087e-07	
2341.77	3.87795e-07	
2342.77	3.87502e-07	
2343.77	3.8721e-07	
2344.77	3.86921e-07	
2345.77	3.86628e-07	
2346.77	3.86337e-07	
2347.77	3.86046e-07	
2348.77	3.85756e-07	
2349.77	3.85466e-07	
2350.76	3.85177e-07	
2351.76	3.84887e-07	
2352.76	3.84599e-07	
2353.76	3.8431e-07	
2354.76	3.84022e-07	
2355.76	3.83734e-07	
2356.76	3.83447e-07	
2357.76	3.83159e-07	
2358.76	3.82873e-07	
2359.76	3.82586e-07	
2360.76	3.823e-07	
2361.76	3.82014e-07	
2362.76	3.81729e-07	
2363.76	3.81444e-07	
2364.76	3.81159e-07	
2365.76	3.80874e-07	
2366.76	3.8059e-07	
2367.76	3.80306e-07	
2368.76	3.80023e-07	
2369.76	3.7974e-07	
2370.76	3.79457e-07	
2371.76	3.79175e-07	
2372.76	3.78892e-07	
2373.76	3.78611e-07	
2374.76	3.78329e-07	
2375.76	3.78048e-07	
2376.76	3.77767e-07	
2377.76	3.77487e-07	
2378.76	3.77206e-07	
2379.76	3.76926e-07	
2380.76	3.76647e-07	
2381.76	3.76368e-07	
2382.76	3.76089e-07	
2383.76	3.7581e-07	
2384.76	3.75532e-07	
2385.76	3.75254e-07	
2386.76	3.74976e-07	
2387.76	3.74699e-07	
2388.76	3.74422e-07	
2389.76	3.74146e-07	
2390.76	3.73869e-07	
2391.76	3.73593e-07	
2392.76	3.73317e-07	
2393.76	3.73042e-07	
2394.76	3.72767e-07	
2395.76	3.72492e-07	
2396.76	3.72218e-07	
2397.76	3.71944e-07	
2398.76	3.7167e-07	
2399.76	3.71396e-07	
2400.76	3.71123e-07	
2401.76	3.7085e-07	
2402.76	3.70578e-07	
2403.76	3.70306e-07	
2404.76	3.70034e-07	
2405.76	3.69762e-07	
2406.76	3.69491e-07	
2407.76	3.6922e-07	
2408.76	3.68949e-07	
2409.76	3.68679e-07	
2410.76	3.68409e-07	
2411.76	3.68139e-07	
2412.76	3.6787e-07	
2413.76	3.676e-07	
2414.76	3.67331e-07	
2415.76	3.67063e-07	
2416.76	3.66795e-07	
2417.76	3.66527e-07	
2418.76	3.66259e-07	
2419.76	3.65992e-07	
2420.76	3.65725e-07	
2421.76	3.65458e-07	
2422.76	3.65192e-07	
2423.76	3.64926e-07	
2424.76	3.6466e-07	
2425.76	3.64394e-07	
2426.76	3.64129e-07	
2427.76	3.63864e-07	
2428.76	3.636e-07	
2429.76	3.63335e-07	
2430.76	3.63071e-07	
2431.76	3.62808e-07	
2432.76	3.62544e-07	
2433.76	3.62281e-07	
2434.76	3.62018e-07	
2435.76	3.61756e-07	
2436.76	3.61493e-07	
2437.76	3.61232e-07	
2438.76	3.6097e-07	
2439.76	3.60709e-07	
2440.76	3.60448e-07	
2441.76	3.60187e-07	
2442.76	3.59926e-07	
2443.76	3.59666e-07	
2444.76	3.59406e-07	
2445.76	3.59147e-07	
2446.76	3.58887e-07	
2447.76	3.58628e-07	
2448.76	3.5837e-07	
2449.76	3.58111e-07	
2450.75	3.57853e-07	
2451.75	3.57595e-07	
2452.75	3.57338e-07	
2453.75	3.5708e-07	
2454.75	3.56823e-07	
2455.75	3.56567e-07	
2456.75	3.5631e-07	
2457.75	3.56054e-07	
2458.75	3.55798e-07	
2459.75	3.55543e-07	
2460.75	3.55287e-07	
2461.75	3.55032e-07	
2462.75	3.54778e-07	
2463.75	3.54523e-07	
2464.75	3.54269e-07	
2465.75	3.54015e-07	
2466.75	3.53762e-07	
2467.75	3.53508e-07	
2468.75	3.53255e-07	
2469.75	3.53003e-07	
2470.75	3.5275e-07	
2471.75	3.52498e-07	
2472.75	3.52246e-07	
2473.75	3.51995e-07	
2474.75	3.51743e-07	
2475.75	3.51492e-07	
2476.75	3.51241e-07	
2477.75	3.50991e-07	
2478.75	3.50741e-07	
2479.75	3.50491e-07	
2480.75	3.50241e-07	
2481.75	3.49992e-07	
2482.75	3.49742e-07	
2483.75	3.49494e-07	
2484.75	3.49245e-07	
2485.75	3.48997e-07	
2486.75	3.48749e-07	
2487.75	3.48501e-07	
2488.75	3.48253e-07	
2489.75	3.48006e-07	
2490.75	3.47759e-07	
2491.75	3.47512e-07	
2492.75	3.47266e-07	
2493.75	3.4702e-07	
2494.75	3.46774e-07	
2495.75	3.46528e-07	
2496.75	3.46283e-07	
2497.75	3.46038e-07	
2498.75	3.45793e-07	
2499.75	3.45549e-07	
2500.75	3.45304e-07	
2501.75	3.4506e-07	
2502.75	3.44817e-07	
2503.75	3.44573e-07	
2504.75	3.4433e-07	
2505.75	3.44087e-07	
2506.75	3.43844e-07	
2507.75	3.43602e-07	
2508.75	3.4336e-07	
2509.75	3.43118e-07	
2510.75	3.42876e-07	
2511.75	3.42635e-07	
2512.75	3.42394e-07	
2513.75	3.42153e-07	
2514.75	3.41912e-07	
2515.75	3.41672e-07	
2516.75	3.41432e-07	
2517.75	3.41192e-07	
2518.75	3.40953e-07	
2519.75	3.40713e-07	
2520.75	3.40474e-07	
2521.75	3.40236e-07	
2522.75	3.39997e-07	
2523.75	3.39759e-07	
2524.75	3.39521e-07	
2525.75	3.39283e-07	
2526.75	3.39046e-07	
2527.75	3.38808e-07	
2528.75	3.38572e-07	
2529.75	3.38335e-07	
2530.75	3.38098e-07	
2531.75	3.37862e-07	
2532.75	3.37626e-07	
2533.75	3.37391e-07	
2534.75	3.37155e-07	
2535.75	3.3692e-07	
2536.75	3.36685e-07	
2537.75	3.3645e-07	
2538.75	3.36216e-07	
2539.75	3.35982e-07	
2540.75	3.35748e-07	
2541.75	3.35514e-07	
2542.75	3.35281e-07	
2543.75	3.35047e-07	
2544.75	3.34815e-07	
2545.75	3.34582e-07	
2546.75	3.34349e-07	
2547.75	3.34117e-07	
2548.75	3.33885e-07	
2549.75	3.33654e-07	
2550.74	3.33422e-07	
2551.74	3.33191e-07	
2552.74	3.3296e-07	
2553.74	3.32729e-07	
2554.74	3.32499e-07	
2555.74	3.32269e-07	
2556.74	3.32039e-07	
2557.74	3.31809e-07	
2558.74	3.3158e-07	
2559.74	3.3135e-07	
2560.74	3.31121e-07	
2561.74	3.30893e-07	
2562.74	3.30664e-07	
2563.74	3.30436e-07	
2564.74	3.30208e-07	
2565.74	3.2998e-07	
2566.74	3.29752e-07	
2567.74	3.29525e-07	
2568.74	3.29298e-07	
2569.74	3.29071e-07	
2570.74	3.28845e-07	
2571.74	3.28623e-07	
2572.74	3.28397e-07	
2573.74	3.28171e-07	
2574.74	3.27941e-07	
2575.74	3.27715e-07	
2576.74	3.2749e-07	
2577.74	3.27265e-07	
2578.74	3.27041e-07	
2579.74	3.26816e-07	
2580.74	3.26592e-07	
2581.74	3.26368e-07	
2582.74	3.26144e-07	
2583.74	3.25921e-07	
2584.74	3.25698e-07	
2585.74	3.25475e-07	
2586.74	3.25252e-07	
2587.74	3.25029e-07	
2588.74	3.24807e-07	
2589.74	3.24585e-07	
2590.74	3.24363e-07	
2591.74	3.24141e-07	
2592.74	3.2392e-07	
2593.74	3.23699e-07	
2594.74	3.23478e-07	
2595.74	3.23257e-07	
2596.74	3.23037e-07	
2597.74	3.22817e-07	
2598.74	3.22597e-07	
2599.74	3.22377e-07	
2600.74	3.22157e-07	
2601.74	3.21938e-07	
2602.74	3.21719e-07	
2603.74	3.215e-07	
2604.74	3.21281e-07	
2605.74	3.21063e-07	
2606.74	3.20845e-07	
2607.74	3.20627e-07	
2608.74	3.20409e-07	
2609.74	3.20192e-07	
2610.74	3.19974e-07	
2611.74	3.19757e-07	
2612.74	3.1954e-07	
2613.74	3.19324e-07	
2614.74	3.19107e-07	
2615.74	3.18891e-07	
2616.74	3.18675e-07	
2617.74	3.1846e-07	
2618.74	3.18244e-07	
2619.74	3.18029e-07	
2620.74	3.17814e-07	
2621.74	3.17599e-07	
2622.74	3.17385e-07	
2623.74	3.1717e-07	
2624.74	3.16956e-07	
2625.74	3.16742e-07	
2626.74	3.16528e-07	
2627.74	3.16315e-07	
2628.74	3.16102e-07	
2629.74	3.15889e-07	
2630.74	3.15676e-07	
2631.74	3.15463e-07	
2632.74	3.15251e-07	
2633.74	3.15039e-07	
2634.74	3.14827e-07	
2635.74	3.14615e-07	
2636.74	3.14403e-07	
2637.74	3.14192e-07	
2638.74	3.13981e-07	
2639.74	3.1377e-07	
2640.74	3.1356e-07	
2641.74	3.13349e-07	
2642.74	3.13139e-07	
2643.74	3.12929e-07	
2644.74	3.12719e-07	
2645.74	3.1251e-07	
2646.74	3.123e-07	
2647.74	3.12091e-07	
2648.74	3.11882e-07	
2649.74	3.11673e-07	
2650.73	3.11465e-07	
2651.73	3.11257e-07	
2652.73	3.11049e-07	
2653.73	3.10841e-07	
2654.73	3.10633e-07	
2655.73	3.10426e-07	
2656.73	3.10218e-07	
2657.73	3.10011e-07	
2658.73	3.09805e-07	
2659.73	3.09598e-07	
2660.73	3.09392e-07	
2661.73	3.09185e-07	
2662.73	3.0898e-07	
2663.73	3.08774e-07	
2664.73	3.08568e-07	
2665.73	3.08363e-07	
2666.73	3.08158e-07	
2667.73	3.07953e-07	
2668.73	3.07748e-07	
2669.73	3.07544e-07	
2670.73	3.07339e-07	
2671.73	3.07135e-07	
2672.73	3.06931e-07	
2673.73	3.06728e-07	
2674.73	3.06524e-07	
2675.73	3.06321e-07	
2676.73	3.06118e-07	
2677.73	3.05915e-07	
2678.73	3.05712e-07	
2679.73	3.0551e-07	
2680.73	3.05308e-07	
2681.73	3.05106e-07	
2682.73	3.04904e-07	
2683.73	3.04702e-07	
2684.73	3.04501e-07	
2685.73	3.043e-07	
2686.73	3.04099e-07	
2687.73	3.03898e-07	
2688.73	3.03697e-07	
2689.73	3.03497e-07	
2690.73	3.03296e-07	
2691.73	3.03096e-07	
2692.73	3.02897e-07	
2693.73	3.02697e-07	
2694.73	3.02498e-07	
2695.73	3.02298e-07	
2696.73	3.02099e-07	
2697.73	3.01901e-07	
2698.73	3.01702e-07	
2699.73	3.01504e-07	
2700.73	3.01305e-07	
2701.73	3.01107e-07	
2702.73	3.0091e-07	
2703.73	3.00712e-07	
2704.73	3.00514e-07	
2705.73	3.00317e-07	
2706.73	3.0012e-07	
2707.73	2.99923e-07	
2708.73	2.99727e-07	
2709.73	2.9953e-07	
2710.73	2.99334e-07	
2711.73	2.99138e-07	
2712.73	2.98942e-07	
2713.73	2.98747e-07	
2714.73	2.98551e-07	
2715.73	2.98356e-07	
2716.73	2.98161e-07	
2717.73	2.97966e-07	
2718.73	2.97771e-07	
2719.73	2.97577e-07	
2720.73	2.97382e-07	
2721.73	2.97188e-07	
2722.73	2.96994e-07	
2723.73	2.96801e-07	
2724.73	2.96607e-07	
2725.73	2.96414e-07	
2726.73	2.96221e-07	
2727.73	2.96028e-07	
2728.73	2.95835e-07	
2729.73	2.95642e-07	
2730.73	2.9545e-07	
2731.73	2.95258e-07	
2732.73	2.95066e-07	
2733.73	2.94874e-07	
2734.73	2.94682e-07	
2735.73	2.94491e-07	
2736.73	2.943e-07	
2737.73	2.94568e-07	
2738.73	2.93918e-07	
2739.73	2.93727e-07	
2740.73	2.93537e-07	
2741.73	2.93346e-07	
2742.73	2.93156e-07	
2743.73	2.92966e-07	
2744.73	2.92776e-07	
2745.73	2.92587e-07	
2746.73	2.92398e-07	
2747.73	2.92208e-07	
2748.73	2.92019e-07	
2749.73	2.91831e-07	
2750.72	2.91642e-07	
2751.72	2.91453e-07	
2752.72	2.91265e-07	
2753.72	2.91077e-07	
2754.72	2.90889e-07	
2755.72	2.90702e-07	
2756.72	2.90514e-07	
2757.72	2.90327e-07	
2758.72	2.9014e-07	
2759.72	2.89953e-07	
2760.72	2.89766e-07	
2761.72	2.89579e-07	
2762.72	2.89393e-07	
2763.72	2.89207e-07	
2764.72	2.8902e-07	
2765.72	2.88835e-07	
2766.72	2.88649e-07	
2767.72	2.88464e-07	
2768.72	2.88278e-07	
2769.72	2.88093e-07	
2770.72	2.87908e-07	
2771.72	2.87723e-07	
2772.72	2.87539e-07	
2773.72	2.87354e-07	
2774.72	2.8717e-07	
2775.72	2.86986e-07	
2776.72	2.86802e-07	
2777.72	2.86619e-07	
2778.72	2.86435e-07	
2779.72	2.86252e-07	
2780.72	2.86068e-07	
2781.72	2.85885e-07	
2782.72	2.85702e-07	
2783.72	2.8552e-07	
2784.72	2.85337e-07	
2785.72	2.85155e-07	
2786.72	2.84973e-07	
2787.72	2.84791e-07	
2788.72	2.84609e-07	
2789.72	2.84428e-07	
2790.72	2.84246e-07	
2791.72	2.84065e-07	
2792.72	2.83884e-07	
2793.72	2.83703e-07	
2794.72	2.83522e-07	
2795.72	2.83342e-07	
2796.72	2.83161e-07	
2797.72	2.82981e-07	
2798.72	2.82801e-07	
2799.72	2.82621e-07	
2800.72	2.82442e-07	
2801.72	2.82262e-07	
2802.72	2.82085e-07	
2803.72	2.81906e-07	
2804.72	2.81727e-07	
2805.72	2.81546e-07	
2806.72	2.81367e-07	
2807.72	2.81189e-07	
2808.72	2.8101e-07	
2809.72	2.80832e-07	
2810.72	2.80654e-07	
2811.72	2.80477e-07	
2812.72	2.80299e-07	
2813.72	2.80122e-07	
2814.72	2.79944e-07	
2815.72	2.79767e-07	
2816.72	2.7959e-07	
2817.72	2.79414e-07	
2818.72	2.79237e-07	
2819.72	2.79061e-07	
2820.72	2.78884e-07	
2821.72	2.78708e-07	
2822.72	2.78532e-07	
2823.72	2.78357e-07	
2824.72	2.78181e-07	
2825.72	2.78006e-07	
2826.72	2.7783e-07	
2827.72	2.77655e-07	
2828.72	2.7748e-07	
2829.72	2.77306e-07	
2830.72	2.77131e-07	
2831.72	2.76957e-07	
2832.72	2.76782e-07	
2833.72	2.76608e-07	
2834.72	2.76434e-07	
2835.72	2.76261e-07	
2836.72	2.76087e-07	
2837.72	2.75914e-07	
2838.72	2.7574e-07	
2839.72	2.75567e-07	
2840.72	2.75394e-07	
2841.72	2.75222e-07	
2842.72	2.75049e-07	
2843.72	2.74877e-07	
2844.72	2.74704e-07	
2845.72	2.74532e-07	
2846.72	2.7436e-07	
2847.72	2.74188e-07	
2848.72	2.74017e-07	
2849.72	2.73845e-07	
2850.71	2.73674e-07	
2851.71	2.73503e-07	
2852.71	2.73332e-07	
2853.71	2.73161e-07	
2854.71	2.72991e-07	
2855.71	2.7282e-07	
2856.71	2.7265e-07	
2857.71	2.7248e-07	
2858.71	2.7231e-07	
2859.71	2.7214e-07	
2860.71	2.7197e-07	
2861.71	2.718e-07	
2862.71	2.71631e-07	
2863.71	2.71462e-07	
2864.71	2.71293e-07	
2865.71	2.71124e-07	
2866.71	2.70955e-07	
2867.71	2.70787e-07	
2868.71	2.70618e-07	
2869.71	2.7045e-07	
2870.71	2.70282e-07	
2871.71	2.70114e-07	
2872.71	2.69946e-07	
2873.71	2.69779e-07	
2874.71	2.69611e-07	
2875.71	2.69444e-07	
2876.71	2.69277e-07	
2877.71	2.6911e-07	
2878.71	2.68943e-07	
2879.71	2.68776e-07	
2880.71	2.6861e-07	
2881.71	2.68443e-07	
2882.71	2.68277e-07	
2883.71	2.68111e-07	
2884.71	2.67945e-07	
2885.71	2.67779e-07	
2886.71	2.67614e-07	
2887.71	2.67448e-07	
2888.71	2.67283e-07	
2889.71	2.67118e-07	
2890.71	2.66953e-07	
2891.71	2.66788e-07	
2892.71	2.66624e-07	
2893.71	2.66459e-07	
2894.71	2.66295e-07	
2895.71	2.6613e-07	
2896.71	2.65966e-07	
2897.71	2.65803e-07	
2898.71	2.65639e-07	
2899.71	2.65475e-07	
2900.71	2.65312e-07	
2901.71	2.65148e-07	
2902.71	2.64985e-07	
2903.71	2.64822e-07	
2904.71	2.64659e-07	
2905.71	2.64497e-07	
2906.71	2.64334e-07	
2907.71	2.64172e-07	
2908.71	2.6401e-07	
2909.71	2.63848e-07	
2910.71	2.63686e-07	
2911.71	2.63524e-07	
2912.71	2.63362e-07	
2913.71	2.63201e-07	
2914.71	2.63039e-07	
2915.71	2.62878e-07	
2916.71	2.62717e-07	
2917.71	2.62556e-07	
2918.71	2.62396e-07	
2919.71	2.62235e-07	
2920.71	2.62074e-07	
2921.71	2.61914e-07	
2922.71	2.61754e-07	
2923.71	2.61594e-07	
2924.71	2.61434e-07	
2925.71	2.61274e-07	
2926.71	2.61115e-07	
2927.71	2.60956e-07	
2928.71	2.60796e-07	
2929.71	2.60637e-07	
2930.71	2.60478e-07	
2931.71	2.60319e-07	
2932.71	2.60161e-07	
2933.71	2.60002e-07	
2934.71	2.59844e-07	
2935.71	2.59686e-07	
2936.71	2.59527e-07	
2937.71	2.59369e-07	
2938.71	2.59212e-07	
2939.71	2.59054e-07	
2940.71	2.58896e-07	
2941.71	2.58739e-07	
2942.71	2.58582e-07	
2943.71	2.58425e-07	
2944.71	2.58268e-07	
2945.71	2.58111e-07	
2946.71	2.57954e-07	
2947.71	2.57798e-07	
2948.71	2.57642e-07	
2949.71	2.57485e-07	
2950.7	2.57329e-07	
2951.7	2.57173e-07	
2952.7	2.57018e-07	
2953.7	2.56862e-07	
2954.7	2.56706e-07	
2955.7	2.56551e-07	
2956.7	2.56396e-07	
2957.7	2.56241e-07	
2958.7	2.56086e-07	
2959.7	2.55931e-07	
2960.7	2.55776e-07	
2961.7	2.55622e-07	
2962.7	2.55467e-07	
2963.7	2.55313e-07	
2964.7	2.55159e-07	
2965.7	2.55005e-07	
2966.7	2.54851e-07	
2967.7	2.54698e-07	
2968.7	2.54544e-07	
2969.7	2.54391e-07	
2970.7	2.54237e-07	
2971.7	2.54084e-07	
2972.7	2.53931e-07	
2973.7	2.53778e-07	
2974.7	2.53626e-07	
2975.7	2.53473e-07	
2976.7	2.53321e-07	
2977.7	2.53168e-07	
2978.7	2.53016e-07	
2979.7	2.52864e-07	
2980.7	2.52712e-07	
2981.7	2.52561e-07	
2982.7	2.52409e-07	
2983.7	2.52257e-07	
2984.7	2.52106e-07	
2985.7	2.51955e-07	
2986.7	2.51804e-07	
2987.7	2.51653e-07	
2988.7	2.51502e-07	
2989.7	2.51351e-07	
2990.7	2.51201e-07	
2991.7	2.51051e-07	
2992.7	2.509e-07	
2993.7	2.5075e-07	
2994.7	2.506e-07	
2995.7	2.5045e-07	
2996.7	2.50301e-07	
2997.7	2.50151e-07	
2998.7	2.50002e-07	
2999.7	2.49852e-07	
3000.7	2.49703e-07	
3001.7	2.49554e-07	
3002.7	2.49405e-07	
3003.7	2.49257e-07	
3004.7	2.49108e-07	
3005.7	2.48959e-07	
3006.7	2.48811e-07	
3007.7	2.48663e-07	
3008.7	2.48515e-07	
3009.7	2.48367e-07	
3010.7	2.48219e-07	
3011.7	2.48071e-07	
3012.7	2.47924e-07	
3013.7	2.47776e-07	
3014.7	2.47629e-07	
3015.7	2.47482e-07	
3016.7	2.47335e-07	
3017.7	2.47188e-07	
3018.7	2.47041e-07	
3019.7	2.46894e-07	
3020.7	2.46748e-07	
3021.7	2.46602e-07	
3022.7	2.46455e-07	
3023.7	2.46309e-07	
3024.7	2.46163e-07	
3025.7	2.46017e-07	
3026.7	2.45872e-07	
3027.7	2.45726e-07	
3028.7	2.4558e-07	
3029.7	2.45435e-07	
3030.7	2.4529e-07	
3031.7	2.45145e-07	
3032.7	2.45e-07	
3033.7	2.44855e-07	
3034.7	2.4471e-07	
3035.7	2.44566e-07	
3036.7	2.44421e-07	
3037.7	2.44277e-07	
3038.7	2.44133e-07	
3039.7	2.43989e-07	
3040.7	2.43845e-07	
3041.7	2.43701e-07	
3042.7	2.43557e-07	
3043.7	2.43414e-07	
3044.7	2.4327e-07	
3045.7	2.43127e-07	
3046.7	2.42984e-07	
3047.7	2.42841e-07	
3048.7	2.42698e-07	
3049.7	2.42555e-07	
3050.69	2.42413e-07	
3051.69	2.4227e-07	
3052.69	2.42128e-07	
3053.69	2.41985e-07	
3054.69	2.41843e-07	
3055.69	2.41701e-07	
3056.69	2.41559e-07	
3057.69	2.41417e-07	
3058.69	2.41276e-07	
3059.69	2.41134e-07	
3060.69	2.40993e-07	
3061.69	2.40852e-07	
3062.69	2.4071e-07	
3063.69	2.40569e-07	
3064.69	2.40429e-07	
3065.69	2.40288e-07	
3066.69	2.40147e-07	
3067.69	2.40007e-07	
3068.69	2.39866e-07	
3069.69	2.39726e-07	
3070.69	2.39586e-07	
3071.69	2.39446e-07	
3072.69	2.39306e-07	
3073.69	2.39166e-07	
3074.69	2.39026e-07	
3075.69	2.38887e-07	
3076.69	2.38747e-07	
3077.69	2.38608e-07	
3078.69	2.38469e-07	
3079.69	2.3833e-07	
3080.69	2.38191e-07	
3081.69	2.38052e-07	
3082.69	2.37913e-07	
3083.69	2.37775e-07	
3084.69	2.37636e-07	
3085.69	2.37498e-07	
3086.69	2.3736e-07	
3087.69	2.37222e-07	
3088.69	2.37084e-07	
3089.69	2.36946e-07	
3090.69	2.36808e-07	
3091.69	2.3667e-07	
3092.69	2.36533e-07	
3093.69	2.36396e-07	
3094.69	2.36258e-07	
3095.69	2.36121e-07	
3096.69	2.35984e-07	
3097.69	2.35847e-07	
3098.69	2.3571e-07	
3099.69	2.35574e-07	
3100.69	2.35437e-07	
3101.69	2.35301e-07	
3102.69	2.35165e-07	
3103.69	2.35028e-07	
3104.69	2.34892e-07	
3105.69	2.34756e-07	
3106.69	2.34621e-07	
3107.69	2.34485e-07	
3108.69	2.34349e-07	
3109.69	2.34214e-07	
3110.69	2.34078e-07	
3111.69	2.33943e-07	
3112.69	2.33808e-07	
3113.69	2.33673e-07	
3114.69	2.33538e-07	
3115.69	2.33403e-07	
3116.69	2.33318e-07	
3117.69	2.33134e-07	
3118.69	2.33e-07	
3119.69	2.32865e-07	
3120.69	2.32731e-07	
3121.69	2.32597e-07	
3122.69	2.32463e-07	
3123.69	2.32329e-07	
3124.69	2.32196e-07	
3125.69	2.32062e-07	
3126.69	2.31929e-07	
3127.69	2.31795e-07	
3128.69	2.31662e-07	
3129.69	2.31529e-07	
3130.69	2.31396e-07	
3131.69	2.31263e-07	
3132.69	2.3113e-07	
3133.69	2.30997e-07	
3134.69	2.30865e-07	
3135.69	2.30732e-07	
3136.69	2.306e-07	
3137.69	2.30468e-07	
3138.69	2.30336e-07	
3139.69	2.30204e-07	
3140.69	2.30072e-07	
3141.69	2.2994e-07	
3142.69	2.29808e-07	
3143.69	2.29677e-07	
3144.69	2.29545e-07	
3145.69	2.29414e-07	
3146.69	2.29283e-07	
3147.69	2.29152e-07	
3148.69	2.29021e-07	
3149.69	2.2889e-07	
3150.68	2.28759e-07	
3151.68	2.28628e-07	
3152.68	2.28498e-07	
3153.68	2.28367e-07	
3154.68	2.28237e-07	
3155.68	2.28107e-07	
3156.68	2.27977e-07	
3157.68	2.27847e-07	
3158.68	2.27717e-07	
3159.68	2.27587e-07	
3160.68	2.27458e-07	
3161.68	2.27328e-07	
3162.68	2.27199e-07	
3163.68	2.27069e-07	
3164.68	2.2694e-07	
3165.68	2.26811e-07	
3166.68	2.26682e-07	
3167.68	2.26553e-07	
3168.68	2.26424e-07	
3169.68	2.26296e-07	
3170.68	2.26167e-07	
3171.68	2.26039e-07	
3172.68	2.2591e-07	
3173.68	2.25782e-07	
3174.68	2.25654e-07	
3175.68	2.25526e-07	
3176.68	2.25398e-07	
3177.68	2.2527e-07	
3178.68	2.25143e-07	
3179.68	2.25015e-07	
3180.68	2.24888e-07	
3181.68	2.2476e-07	
3182.68	2.24633e-07	
3183.68	2.24506e-07	
3184.68	2.24379e-07	
3185.68	2.24252e-07	
3186.68	2.24125e-07	
3187.68	2.23998e-07	
3188.68	2.23872e-07	
3189.68	2.23745e-07	
3190.68	2.23619e-07	
3191.68	2.23493e-07	
3192.68	2.23367e-07	
3193.68	2.2324e-07	
3194.68	2.23115e-07	
3195.68	2.22989e-07	
3196.68	2.22863e-07	
3197.68	2.22737e-07	
3198.68	2.22612e-07	
3199.68	2.22486e-07	
3200.68	2.22361e-07	
3201.68	2.22236e-07	
3202.68	2.22111e-07	
3203.68	2.21986e-07	
3204.68	2.21861e-07	
3205.68	2.21736e-07	
3206.68	2.21613e-07	
3207.68	2.21488e-07	
3208.68	2.21364e-07	
3209.68	2.2124e-07	
3210.68	2.21115e-07	
3211.68	2.20991e-07	
3212.68	2.20867e-07	
3213.68	2.20743e-07	
3214.68	2.20619e-07	
3215.68	2.20494e-07	
3216.68	2.2037e-07	
3217.68	2.20247e-07	
3218.68	2.20123e-07	
3219.68	2.2e-07	
3220.68	2.19877e-07	
3221.68	2.19754e-07	
3222.68	2.19631e-07	
3223.68	2.19508e-07	
3224.68	2.19385e-07	
3225.68	2.19262e-07	
3226.68	2.1914e-07	
3227.68	2.19017e-07	
3228.68	2.18895e-07	
3229.68	2.18772e-07	
3230.68	2.1865e-07	
3231.68	2.18528e-07	
3232.68	2.18406e-07	
3233.68	2.18284e-07	
3234.68	2.18162e-07	
3235.68	2.18041e-07	
3236.68	2.17919e-07	
3237.68	2.17798e-07	
3238.68	2.17676e-07	
3239.68	2.17555e-07	
3240.68	2.17434e-07	
3241.68	2.17313e-07	
3242.68	2.17192e-07	
3243.68	2.17071e-07	
3244.68	2.1695e-07	
3245.68	2.16829e-07	
3246.68	2.16709e-07	
3247.68	2.16588e-07	
3248.68	2.16468e-07	
3249.68	2.16348e-07	
3250.67	2.16228e-07	
3251.67	2.16107e-07	
3252.67	2.15987e-07	
3253.67	2.15868e-07	
3254.67	2.15748e-07	
3255.67	2.15628e-07	
3256.67	2.15509e-07	
3257.67	2.15389e-07	
3258.67	2.1527e-07	
3259.67	2.1515e-07	
3260.67	2.15031e-07	
3261.67	2.14912e-07	
3262.67	2.14793e-07	
3263.67	2.14674e-07	
3264.67	2.14556e-07	
3265.67	2.14437e-07	
3266.67	2.14318e-07	
3267.67	2.142e-07	
3268.67	2.14081e-07	
3269.67	2.13963e-07	
3270.67	2.13845e-07	
3271.67	2.13727e-07	
3272.67	2.13609e-07	
3273.67	2.13491e-07	
3274.67	2.13373e-07	
3275.67	2.13255e-07	
3276.67	2.13138e-07	
3277.67	2.1302e-07	
3278.67	2.12903e-07	
3279.67	2.12785e-07	
3280.67	2.12668e-07	
3281.67	2.12551e-07	
3282.67	2.12434e-07	
3283.67	2.12317e-07	
3284.67	2.122e-07	
3285.67	2.12084e-07	
3286.67	2.11967e-07	
3287.67	2.1185e-07	
3288.67	2.11734e-07	
3289.67	2.11618e-07	
3290.67	2.11501e-07	
3291.67	2.11385e-07	
3292.67	2.11269e-07	
3293.67	2.11153e-07	
3294.67	2.11037e-07	
3295.67	2.10921e-07	
3296.67	2.10806e-07	
3297.67	2.1069e-07	
3298.67	2.10575e-07	
3299.67	2.10459e-07	
3300.67	2.10344e-07	
3301.67	2.10229e-07	
3302.67	2.10114e-07	
3303.67	2.09999e-07	
3304.67	2.09884e-07	
3305.67	2.09769e-07	
3306.67	2.09654e-07	
3307.67	2.09539e-07	
3308.67	2.09425e-07	
3309.67	2.0931e-07	
3310.67	2.09196e-07	
3311.67	2.09082e-07	
3312.67	2.08968e-07	
3313.67	2.08853e-07	
3314.67	2.08739e-07	
3315.67	2.08626e-07	
3316.67	2.08512e-07	
3317.67	2.08398e-07	
3318.67	2.08284e-07	
3319.67	2.08171e-07	
3320.67	2.08057e-07	
3321.67	2.07944e-07	
3322.67	2.07831e-07	
3323.67	2.07718e-07	
3324.67	2.07605e-07	
3325.67	2.07492e-07	
3326.67	2.07379e-07	
3327.67	2.07266e-07	
3328.67	2.07153e-07	
3329.67	2.07041e-07	
3330.67	2.06928e-07	
3331.67	2.06816e-07	
3332.67	2.06703e-07	
3333.67	2.06591e-07	
3334.67	2.06479e-07	
3335.67	2.06367e-07	
3336.67	2.06255e-07	
3337.67	2.06143e-07	
3338.67	2.06031e-07	
3339.67	2.05919e-07	
3340.67	2.05808e-07	
3341.67	2.05696e-07	
3342.67	2.05585e-07	
3343.67	2.05474e-07	
3344.67	2.05362e-07	
3345.67	2.05251e-07	
3346.67	2.0514e-07	
3347.67	2.05029e-07	
3348.67	2.04918e-07	
3349.67	2.04807e-07	
3350.66	2.04697e-07	
3351.66	2.04586e-07	
3352.66	2.04476e-07	
3353.66	2.04365e-07	
3354.66	2.04255e-07	
3355.66	2.04144e-07	
3356.66	2.04034e-07	
3357.66	2.03924e-07	
3358.66	2.03814e-07	
3359.66	2.03704e-07	
3360.66	2.03594e-07	
3361.66	2.03485e-07	
3362.66	2.03375e-07	
3363.66	2.03266e-07	
3364.66	2.03156e-07	
3365.66	2.03047e-07	
3366.66	2.02937e-07	
3367.66	2.02828e-07	
3368.66	2.02719e-07	
3369.66	2.0261e-07	
3370.66	2.02501e-07	
3371.66	2.02392e-07	
3372.66	2.02284e-07	
3373.66	2.02175e-07	
3374.66	2.02066e-07	
3375.66	2.01958e-07	
3376.66	2.01849e-07	
3377.66	2.01741e-07	
3378.66	2.01633e-07	
3379.66	2.01525e-07	
3380.66	2.01417e-07	
3381.66	2.01309e-07	
3382.66	2.01201e-07	
3383.66	2.01093e-07	
3384.66	2.00985e-07	
3385.66	2.00877e-07	
3386.66	2.0077e-07	
3387.66	2.00662e-07	
3388.66	2.00555e-07	
3389.66	2.00448e-07	
3390.66	2.00341e-07	
3391.66	2.00233e-07	
3392.66	2.00126e-07	
3393.66	2.00019e-07	
3394.66	1.99913e-07	
3395.66	1.99806e-07	
3396.66	1.99699e-07	
3397.66	1.99593e-07	
3398.66	1.99486e-07	
3399.66	1.9938e-07	
3400.66	1.99273e-07	
3401.66	1.99167e-07	
3402.66	1.99061e-07	
3403.66	1.98955e-07	
3404.66	1.98849e-07	
3405.66	1.98743e-07	
3406.66	1.98637e-07	
3407.66	1.98531e-07	
3408.66	1.98425e-07	
3409.66	1.9832e-07	
3410.66	1.98214e-07	
3411.66	1.98109e-07	
3412.66	1.98004e-07	
3413.66	1.97898e-07	
3414.66	1.97793e-07	
3415.66	1.97688e-07	
3416.66	1.97583e-07	
3417.66	1.97478e-07	
3418.66	1.97373e-07	
3419.66	1.97268e-07	
3420.66	1.97164e-07	
3421.66	1.97059e-07	
3422.66	1.96955e-07	
3423.66	1.9685e-07	
3424.66	1.96746e-07	
3425.66	1.96642e-07	
3426.66	1.96538e-07	
3427.66	1.96433e-07	
3428.66	1.96329e-07	
3429.66	1.96225e-07	
3430.66	1.96122e-07	
3431.66	1.96018e-07	
3432.66	1.95914e-07	
3433.66	1.95811e-07	
3434.66	1.95707e-07	
3435.66	1.95604e-07	
3436.66	1.955e-07	
3437.66	1.95397e-07	
3438.66	1.95294e-07	
3439.66	1.95191e-07	
3440.66	1.95088e-07	
3441.66	1.94985e-07	
3442.66	1.94882e-07	
3443.66	1.94779e-07	
3444.66	1.94676e-07	
3445.66	1.94574e-07	
3446.66	1.94471e-07	
3447.66	1.94369e-07	
3448.66	1.94266e-07	
3449.66	1.94164e-07	
3450.65	1.94062e-07	
3451.65	1.9396e-07	
3452.65	1.93858e-07	
3453.65	1.93756e-07	
3454.65	1.93654e-07	
3455.65	1.93552e-07	
3456.65	1.9345e-07	
3457.65	1.93348e-07	
3458.65	1.93247e-07	
3459.65	1.93145e-07	
3460.65	1.93044e-07	
3461.65	1.92943e-07	
3462.65	1.92841e-07	
3463.65	1.9274e-07	
3464.65	1.92639e-07	
3465.65	1.92538e-07	
3466.65	1.92437e-07	
3467.65	1.92336e-07	
3468.65	1.92235e-07	
3469.65	1.92135e-07	
3470.65	1.92034e-07	
3471.65	1.91933e-07	
3472.65	1.91833e-07	
3473.65	1.91733e-07	
3474.65	1.91632e-07	
3475.65	1.91532e-07	
3476.65	1.91432e-07	
3477.65	1.91332e-07	
3478.65	1.91232e-07	
3479.65	1.91132e-07	
3480.65	1.91032e-07	
3481.65	1.90932e-07	
3482.65	1.90833e-07	
3483.65	1.90733e-07	
3484.65	1.90633e-07	
3485.65	1.90534e-07	
3486.65	1.90435e-07	
3487.65	1.90335e-07	
3488.65	1.90236e-07	
3489.65	1.90137e-07	
3490.65	1.90038e-07	
3491.65	1.89939e-07	
3492.65	1.8984e-07	
3493.65	1.89741e-07	
3494.65	1.89642e-07	
3495.65	1.89544e-07	
3496.65	1.89445e-07	
3497.65	1.89346e-07	
3498.65	1.89248e-07	
3499.65	1.8915e-07	
3500.65	1.89051e-07	
3501.65	1.88953e-07	
3502.65	1.88855e-07	
3503.65	1.88757e-07	
3504.65	1.88659e-07	
3505.65	1.88561e-07	
3506.65	1.88463e-07	
3507.65	1.88365e-07	
3508.65	1.88268e-07	
3509.65	1.8817e-07	
3510.65	1.88072e-07	
3511.65	1.87975e-07	
3512.65	1.87877e-07	
3513.65	1.8778e-07	
3514.65	1.87683e-07	
3515.65	1.87586e-07	
3516.65	1.87489e-07	
3517.65	1.87392e-07	
3518.65	1.87295e-07	
3519.65	1.87198e-07	
3520.65	1.87101e-07	
3521.65	1.87004e-07	
3522.65	1.86908e-07	
3523.65	1.86811e-07	
3524.65	1.86715e-07	
3525.65	1.86618e-07	
3526.65	1.86522e-07	
3527.65	1.86425e-07	
3528.65	1.86329e-07	
3529.65	1.86233e-07	
3530.65	1.86137e-07	
3531.65	1.86041e-07	
3532.65	1.85945e-07	
3533.65	1.85849e-07	
3534.65	1.85754e-07	
3535.65	1.85658e-07	
3536.65	1.85562e-07	
3537.65	1.85467e-07	
3538.65	1.85371e-07	
3539.65	1.85276e-07	
3540.65	1.85181e-07	
3541.65	1.85085e-07	
3542.65	1.8499e-07	
3543.65	1.84895e-07	
3544.65	1.848e-07	
3545.65	1.84705e-07	
3546.65	1.8461e-07	
3547.65	1.84515e-07	
3548.65	1.84421e-07	
3549.65	1.84326e-07	
3550.64	1.84231e-07	
3551.64	1.84137e-07	
3552.64	1.84042e-07	
3553.64	1.83948e-07	
3554.64	1.83854e-07	
3555.64	1.8376e-07	
3556.64	1.83665e-07	
3557.64	1.83571e-07	
3558.64	1.83477e-07	
3559.64	1.83383e-07	
3560.64	1.8329e-07	
3561.64	1.83196e-07	
3562.64	1.83102e-07	
3563.64	1.83008e-07	
3564.64	1.82915e-07	
3565.64	1.82821e-07	
3566.64	1.82728e-07	
3567.64	1.82634e-07	
3568.64	1.82541e-07	
3569.64	1.82448e-07	
3570.64	1.82355e-07	
3571.64	1.82262e-07	
3572.64	1.82169e-07	
3573.64	1.82076e-07	
3574.64	1.81983e-07	
3575.64	1.8189e-07	
3576.64	1.81797e-07	
3577.64	1.81705e-07	
3578.64	1.81612e-07	
3579.64	1.8152e-07	
3580.64	1.81427e-07	
3581.64	1.81335e-07	
3582.64	1.81242e-07	
3583.64	1.8115e-07	
3584.64	1.81058e-07	
3585.64	1.80966e-07	
3586.64	1.80874e-07	
3587.64	1.80782e-07	
3588.64	1.8069e-07	
3589.64	1.80598e-07	
3590.64	1.80507e-07	
3591.64	1.80415e-07	
3592.64	1.80323e-07	
3593.64	1.80232e-07	
3594.64	1.8014e-07	
3595.64	1.80049e-07	
3596.64	1.79957e-07	
3597.64	1.79866e-07	
3598.64	1.79775e-07	
3599.64	1.79684e-07	
3600.64	1.79593e-07	
3601.64	1.79502e-07	
3602.64	1.79411e-07	
3603.64	1.7932e-07	
3604.64	1.79229e-07	
3605.64	1.79139e-07	
3606.64	1.79048e-07	
3607.64	1.78957e-07	
3608.64	1.78867e-07	
3609.64	1.78776e-07	
3610.64	1.78686e-07	
3611.64	1.78596e-07	
3612.64	1.78505e-07	
3613.64	1.78415e-07	
3614.64	1.78325e-07	
3615.64	1.78235e-07	
3616.64	1.78145e-07	
3617.64	1.78055e-07	
3618.64	1.77966e-07	
3619.64	1.77876e-07	
3620.64	1.77786e-07	
3621.64	1.77696e-07	
3622.64	1.77607e-07	
3623.64	1.77517e-07	
3624.64	1.77428e-07	
3625.64	1.77339e-07	
3626.64	1.77249e-07	
3627.64	1.7716e-07	
3628.64	1.77071e-07	
3629.64	1.76982e-07	
3630.64	1.76893e-07	
3631.64	1.76804e-07	
3632.64	1.76715e-07	
3633.64	1.76626e-07	
3634.64	1.76537e-07	
3635.64	1.76449e-07	
3636.64	1.7636e-07	
3637.64	1.76272e-07	
3638.64	1.76183e-07	
3639.64	1.76095e-07	
3640.64	1.76006e-07	
3641.64	1.75918e-07	
3642.64	1.7583e-07	
3643.64	1.75742e-07	
3644.64	1.75653e-07	
3645.64	1.75565e-07	
3646.64	1.75477e-07	
3647.64	1.7539e-07	
3648.64	1.75302e-07	
3649.64	1.75214e-07	
3650.63	1.75126e-07	
3651.63	1.75039e-07	
3652.63	1.74951e-07	
3653.63	1.74864e-07	
3654.63	1.74776e-07	
3655.63	1.74689e-07	
3656.63	1.74601e-07	
3657.63	1.74514e-07	
3658.63	1.74427e-07	
3659.63	1.7434e-07	
3660.63	1.74253e-07	
3661.63	1.74166e-07	
3662.63	1.74079e-07	
3663.63	1.73992e-07	
3664.63	1.73905e-07	
3665.63	1.73819e-07	
3666.63	1.73732e-07	
3667.63	1.73645e-07	
3668.63	1.73559e-07	
3669.63	1.73472e-07	
3670.63	1.73386e-07	
3671.63	1.733e-07	
3672.63	1.73213e-07	
3673.63	1.73127e-07	
3674.63	1.73041e-07	
3675.63	1.72955e-07	
3676.63	1.72869e-07	
3677.63	1.72783e-07	
3678.63	1.72697e-07	
3679.63	1.72611e-07	
3680.63	1.72525e-07	
3681.63	1.7244e-07	
3682.63	1.72354e-07	
3683.63	1.72269e-07	
3684.63	1.72183e-07	
3685.63	1.72098e-07	
3686.63	1.72012e-07	
3687.63	1.71927e-07	
3688.63	1.71842e-07	
3689.63	1.71756e-07	
3690.63	1.71671e-07	
3691.63	1.71586e-07	
3692.63	1.71501e-07	
3693.63	1.71416e-07	
3694.63	1.71331e-07	
3695.63	1.71247e-07	
3696.63	1.71162e-07	
3697.63	1.71077e-07	
3698.63	1.70992e-07	
3699.63	1.70908e-07	
3700.63	1.70823e-07	
3701.63	1.70739e-07	
3702.63	1.70655e-07	
3703.63	1.7057e-07	
3704.63	1.70486e-07	
3705.63	1.70402e-07	
3706.63	1.70318e-07	
3707.63	1.70234e-07	
3708.63	1.7015e-07	
3709.63	1.70066e-07	
3710.63	1.69982e-07	
3711.63	1.69898e-07	
3712.63	1.69814e-07	
3713.63	1.6973e-07	
3714.63	1.69647e-07	
3715.63	1.69563e-07	
3716.63	1.6948e-07	
3717.63	1.69396e-07	
3718.63	1.69313e-07	
3719.63	1.6923e-07	
3720.63	1.69146e-07	
3721.63	1.69063e-07	
3722.63	1.6898e-07	
3723.63	1.68897e-07	
3724.63	1.68814e-07	
3725.63	1.68731e-07	
3726.63	1.68648e-07	
3727.63	1.68565e-07	
3728.63	1.68482e-07	
3729.63	1.684e-07	
3730.63	1.68317e-07	
3731.63	1.68234e-07	
3732.63	1.68152e-07	
3733.63	1.68069e-07	
3734.63	1.67987e-07	
3735.63	1.67905e-07	
3736.63	1.67822e-07	
3737.63	1.6774e-07	
3738.63	1.67658e-07	
3739.63	1.67576e-07	
3740.63	1.67494e-07	
3741.63	1.67412e-07	
3742.63	1.6733e-07	
3743.63	1.67248e-07	
3744.63	1.67166e-07	
3745.63	1.67084e-07	
3746.63	1.67002e-07	
3747.63	1.66921e-07	
3748.63	1.66839e-07	
3749.63	1.66758e-07	
3750.62	1.66676e-07	
3751.62	1.66595e-07	
3752.62	1.66514e-07	
3753.62	1.66432e-07	
3754.62	1.66351e-07	
3755.62	1.6627e-07	
3756.62	1.66189e-07	
3757.62	1.66108e-07	
3758.62	1.66027e-07	
3759.62	1.65946e-07	
3760.62	1.65865e-07	
3761.62	1.65784e-07	
3762.62	1.65703e-07	
3763.62	1.65623e-07	
3764.62	1.65542e-07	
3765.62	1.65461e-07	
3766.62	1.65381e-07	
3767.62	1.653e-07	
3768.62	1.6522e-07	
3769.62	1.6514e-07	
3770.62	1.65059e-07	
3771.62	1.64979e-07	
3772.62	1.64899e-07	
3773.62	1.64819e-07	
3774.62	1.64739e-07	
3775.62	1.64659e-07	
3776.62	1.64579e-07	
3777.62	1.64499e-07	
3778.62	1.64419e-07	
3779.62	1.64339e-07	
3780.62	1.6426e-07	
3781.62	1.6418e-07	
3782.62	1.641e-07	
3783.62	1.64021e-07	
3784.62	1.63941e-07	
3785.62	1.63862e-07	
3786.62	1.63783e-07	
3787.62	1.63703e-07	
3788.62	1.63624e-07	
3789.62	1.63545e-07	
3790.62	1.63466e-07	
3791.62	1.63387e-07	
3792.62	1.63308e-07	
3793.62	1.63229e-07	
3794.62	1.6315e-07	
3795.62	1.63071e-07	
3796.62	1.62992e-07	
3797.62	1.62913e-07	
3798.62	1.62835e-07	
3799.62	1.62756e-07	
3800.62	1.62677e-07	
3801.62	1.62599e-07	
3802.62	1.6252e-07	
3803.62	1.62442e-07	
3804.62	1.62364e-07	
3805.62	1.62285e-07	
3806.62	1.62207e-07	
3807.62	1.62129e-07	
3808.62	1.62051e-07	
3809.62	1.61973e-07	
3810.62	1.61895e-07	
3811.62	1.61817e-07	
3812.62	1.61739e-07	
3813.62	1.61661e-07	
3814.62	1.61583e-07	
3815.62	1.61506e-07	
3816.62	1.61428e-07	
3817.62	1.6135e-07	
3818.62	1.61273e-07	
3819.62	1.61195e-07	
3820.62	1.61118e-07	
3821.62	1.6104e-07	
3822.62	1.60963e-07	
3823.62	1.60886e-07	
3824.62	1.60809e-07	
3825.62	1.60731e-07	
3826.62	1.60654e-07	
3827.62	1.60577e-07	
3828.62	1.605e-07	
3829.62	1.60423e-07	
3830.62	1.60346e-07	
3831.62	1.6027e-07	
3832.62	1.60193e-07	
3833.62	1.60116e-07	
3834.62	1.60039e-07	
3835.62	1.59963e-07	
3836.62	1.59886e-07	
3837.62	1.5981e-07	
3838.62	1.59733e-07	
3839.62	1.59657e-07	
3840.62	1.5958e-07	
3841.62	1.59504e-07	
3842.62	1.59428e-07	
3843.62	1.59352e-07	
3844.62	1.59276e-07	
3845.62	1.592e-07	
3846.62	1.59123e-07	
3847.62	1.59048e-07	
3848.62	1.58972e-07	
3849.62	1.58896e-07	
3850.61	1.5882e-07	
3851.61	1.58744e-07	
3852.61	1.58668e-07	
3853.61	1.58593e-07	
3854.61	1.58517e-07	
3855.61	1.58442e-07	
3856.61	1.58366e-07	
3857.61	1.58291e-07	
3858.61	1.58215e-07	
3859.61	1.5814e-07	
3860.61	1.58065e-07	
3861.61	1.5799e-07	
3862.61	1.57915e-07	
3863.61	1.57839e-07	
3864.61	1.57764e-07	
3865.61	1.57689e-07	
3866.61	1.57614e-07	
3867.61	1.57539e-07	
3868.61	1.57465e-07	
3869.61	1.5739e-07	
3870.61	1.57315e-07	
3871.61	1.5724e-07	
3872.61	1.57166e-07	
3873.61	1.57091e-07	
3874.61	1.57017e-07	
3875.61	1.56942e-07	
3876.61	1.56868e-07	
3877.61	1.56793e-07	
3878.61	1.56719e-07	
3879.61	1.56645e-07	
3880.61	1.5657e-07	
3881.61	1.56496e-07	
3882.61	1.56422e-07	
3883.61	1.56348e-07	
3884.61	1.56274e-07	
3885.61	1.562e-07	
3886.61	1.56126e-07	
3887.61	1.56052e-07	
3888.61	1.55979e-07	
3889.61	1.55905e-07	
3890.61	1.55831e-07	
3891.61	1.55758e-07	
3892.61	1.55684e-07	
3893.61	1.5561e-07	
3894.61	1.55537e-07	
3895.61	1.55464e-07	
3896.61	1.5539e-07	
3897.61	1.55317e-07	
3898.61	1.55244e-07	
3899.61	1.5517e-07	
3900.61	1.55097e-07	
3901.61	1.55024e-07	
3902.61	1.54951e-07	
3903.61	1.54878e-07	
3904.61	1.54805e-07	
3905.61	1.54732e-07	
3906.61	1.54659e-07	
3907.61	1.54586e-07	
3908.61	1.54514e-07	
3909.61	1.54441e-07	
3910.61	1.54368e-07	
3911.61	1.54296e-07	
3912.61	1.54223e-07	
3913.61	1.5415e-07	
3914.61	1.54078e-07	
3915.61	1.54006e-07	
3916.61	1.53933e-07	
3917.61	1.53861e-07	
3918.61	1.53789e-07	
3919.61	1.53716e-07	
3920.61	1.53644e-07	
3921.61	1.53572e-07	
3922.61	1.535e-07	
3923.61	1.53428e-07	
3924.61	1.53356e-07	
3925.61	1.53284e-07	
3926.61	1.53212e-07	
3927.61	1.53141e-07	
3928.61	1.53069e-07	
3929.61	1.52997e-07	
3930.61	1.52925e-07	
3931.61	1.52854e-07	
3932.61	1.52782e-07	
3933.61	1.52711e-07	
3934.61	1.52639e-07	
3935.61	1.52568e-07	
3936.61	1.52497e-07	
3937.61	1.52425e-07	
3938.61	1.52354e-07	
3939.61	1.52283e-07	
3940.61	1.52212e-07	
3941.61	1.52141e-07	
3942.61	1.5207e-07	
3943.61	1.51999e-07	
3944.61	1.51928e-07	
3945.61	1.51857e-07	
3946.61	1.51786e-07	
3947.61	1.51715e-07	
3948.61	1.51644e-07	
3949.61	1.51573e-07	
3950.6	1.51503e-07	
3951.6	1.51432e-07	
3952.6	1.51362e-07	
3953.6	1.51291e-07	
3954.6	1.51221e-07	
3955.6	1.5115e-07	
3956.6	1.5108e-07	
3957.6	1.5101e-07	
3958.6	1.50939e-07	
3959.6	1.50869e-07	
3960.6	1.50799e-07	
3961.6	1.50729e-07	
3962.6	1.50659e-07	
3963.6	1.50589e-07	
3964.6	1.50519e-07	
3965.6	1.50449e-07	
3966.6	1.50379e-07	
3967.6	1.50309e-07	
3968.6	1.50239e-07	
3969.6	1.50169e-07	
3970.6	1.501e-07	
3971.6	1.5003e-07	
3972.6	1.49961e-07	
3973.6	1.49891e-07	
3974.6	1.49821e-07	
3975.6	1.49752e-07	
3976.6	1.49683e-07	
3977.6	1.49613e-07	
3978.6	1.49544e-07	
3979.6	1.49475e-07	
3980.6	1.49405e-07	
3981.6	1.49336e-07	
3982.6	1.49267e-07	
3983.6	1.49198e-07	
3984.6	1.49129e-07	
3985.6	1.4906e-07	
3986.6	1.48991e-07	
3987.6	1.48922e-07	
3988.6	1.48853e-07	
3989.6	1.48785e-07	
3990.6	1.48716e-07	
3991.6	1.48647e-07	
3992.6	1.48579e-07	
3993.6	1.4851e-07	
3994.6	1.48441e-07	
3995.6	1.48373e-07	
3996.6	1.48305e-07	
3997.6	1.48236e-07	
3998.6	1.48168e-07	
3999.6	1.48099e-07	
4000.6	1.48031e-07	
4001.6	1.47963e-07	
4002.6	1.47895e-07	
4003.6	1.47827e-07	
4004.6	1.47759e-07	
4005.6	1.47691e-07	
4006.6	1.47623e-07	
4007.6	1.47555e-07	
4008.6	1.47487e-07	
4009.6	1.47419e-07	
4010.6	1.47351e-07	
4011.6	1.47283e-07	
4012.6	1.47216e-07	
4013.6	1.47148e-07	
4014.6	1.4708e-07	
4015.6	1.47013e-07	
4016.6	1.46945e-07	
4017.6	1.46878e-07	
4018.6	1.4681e-07	
4019.6	1.46743e-07	
4020.6	1.46676e-07	
4021.6	1.46608e-07	
4022.6	1.46541e-07	
4023.6	1.46474e-07	
4024.6	1.46407e-07	
4025.6	1.4634e-07	
4026.6	1.46273e-07	
4027.6	1.46206e-07	
4028.6	1.46139e-07	
4029.6	1.46072e-07	
4030.6	1.46005e-07	
4031.6	1.45938e-07	
4032.6	1.45871e-07	
4033.6	1.45804e-07	
4034.6	1.45738e-07	
4035.6	1.45671e-07	
4036.6	1.45604e-07	
4037.6	1.45538e-07	
4038.6	1.45471e-07	
4039.6	1.45405e-07	
4040.6	1.45338e-07	
4041.6	1.45272e-07	
4042.6	1.45206e-07	
4043.6	1.45139e-07	
4044.6	1.45073e-07	
4045.6	1.45007e-07	
4046.6	1.44941e-07	
4047.6	1.44875e-07	
4048.6	1.44809e-07	
4049.6	1.44743e-07	
4050.59	1.44677e-07	
4051.59	1.44611e-07	
4052.59	1.44545e-07	
4053.59	1.44479e-07	
4054.59	1.44413e-07	
4055.59	1.44347e-07	
4056.59	1.44282e-07	
4057.59	1.44216e-07	
4058.59	1.44151e-07	
4059.59	1.44085e-07	
4060.59	1.44019e-07	
4061.59	1.43954e-07	
4062.59	1.43888e-07	
4063.59	1.43823e-07	
4064.59	1.43758e-07	
4065.59	1.43692e-07	
4066.59	1.43627e-07	
4067.59	1.43562e-07	
4068.59	1.43497e-07	
4069.59	1.43432e-07	
4070.59	1.43367e-07	
4071.59	1.43301e-07	
4072.59	1.43236e-07	
4073.59	1.43172e-07	
4074.59	1.43107e-07	
4075.59	1.43042e-07	
4076.59	1.42977e-07	
4077.59	1.42912e-07	
4078.59	1.42847e-07	
4079.59	1.42783e-07	
4080.59	1.42718e-07	
4081.59	1.42653e-07	
4082.59	1.42589e-07	
4083.59	1.42524e-07	
4084.59	1.4246e-07	
4085.59	1.42395e-07	
4086.59	1.42331e-07	
4087.59	1.42267e-07	
4088.59	1.42202e-07	
4089.59	1.42138e-07	
4090.59	1.42074e-07	
4091.59	1.4201e-07	
4092.59	1.41946e-07	
4093.59	1.41882e-07	
4094.59	1.41818e-07	
4095.59	1.41754e-07	
4096.59	1.4169e-07	
4097.59	1.41626e-07	
4098.59	1.41562e-07	
4099.59	1.41498e-07	
4100.59	1.41434e-07	
4101.59	1.4137e-07	
4102.59	1.41307e-07	
4103.59	1.41243e-07	
4104.59	1.41179e-07	
4105.59	1.41116e-07	
4106.59	1.41053e-07	
4107.59	1.40989e-07	
4108.59	1.40926e-07	
4109.59	1.40863e-07	
4110.59	1.40799e-07	
4111.59	1.40736e-07	
4112.59	1.40673e-07	
4113.59	1.40609e-07	
4114.59	1.40546e-07	
4115.59	1.40482e-07	
4116.59	1.40419e-07	
4117.59	1.40356e-07	
4118.59	1.40293e-07	
4119.59	1.4023e-07	
4120.59	1.40167e-07	
4121.59	1.40104e-07	
4122.59	1.40042e-07	
4123.59	1.39979e-07	
4124.59	1.39916e-07	
4125.59	1.39853e-07	
4126.59	1.39791e-07	
4127.59	1.39728e-07	
4128.59	1.39665e-07	
4129.59	1.39603e-07	
4130.59	1.3954e-07	
4131.59	1.39478e-07	
4132.59	1.39415e-07	
4133.59	1.39353e-07	
4134.59	1.39291e-07	
4135.59	1.39228e-07	
4136.59	1.39166e-07	
4137.59	1.39104e-07	
4138.59	1.39042e-07	
4139.59	1.3898e-07	
4140.59	1.38917e-07	
4141.59	1.38855e-07	
4142.59	1.38793e-07	
4143.59	1.38731e-07	
4144.59	1.38669e-07	
4145.59	1.38608e-07	
4146.59	1.38546e-07	
4147.59	1.38484e-07	
4148.59	1.38422e-07	
4149.59	1.3836e-07	
4150.58	1.38299e-07	
4151.58	1.38237e-07	
4152.58	1.38175e-07	
4153.58	1.38114e-07	
4154.58	1.38052e-07	
4155.58	1.37991e-07	
4156.58	1.37929e-07	
4157.58	1.37868e-07	
4158.58	1.37807e-07	
4159.58	1.37745e-07	
4160.58	1.37684e-07	
4161.58	1.37623e-07	
4162.58	1.37562e-07	
4163.58	1.375e-07	
4164.58	1.37439e-07	
4165.58	1.37378e-07	
4166.58	1.37317e-07	
4167.58	1.37256e-07	
4168.58	1.37195e-07	
4169.58	1.37134e-07	
4170.58	1.37073e-07	
4171.58	1.37012e-07	
4172.58	1.36952e-07	
4173.58	1.36891e-07	
4174.58	1.3683e-07	
4175.58	1.3677e-07	
4176.58	1.36709e-07	
4177.58	1.36648e-07	
4178.58	1.36588e-07	
4179.58	1.36527e-07	
4180.58	1.36467e-07	
4181.58	1.36406e-07	
4182.58	1.36346e-07	
4183.58	1.36286e-07	
4184.58	1.36225e-07	
4185.58	1.36165e-07	
4186.58	1.36105e-07	
4187.58	1.36044e-07	
4188.58	1.35984e-07	
4189.58	1.35924e-07	
4190.58	1.35864e-07	
4191.58	1.35804e-07	
4192.58	1.35744e-07	
4193.58	1.35684e-07	
4194.58	1.35624e-07	
4195.58	1.35564e-07	
4196.58	1.35504e-07	
4197.58	1.35445e-07	
4198.58	1.35385e-07	
4199.58	1.35325e-07	
4200.58	1.35265e-07	
4201.58	1.35206e-07	
4202.58	1.35146e-07	
4203.58	1.35087e-07	
4204.58	1.35027e-07	
4205.58	1.34968e-07	
4206.58	1.34908e-07	
4207.58	1.34849e-07	
4208.58	1.34789e-07	
4209.58	1.3473e-07	
4210.58	1.34671e-07	
4211.58	1.34611e-07	
4212.58	1.34552e-07	
4213.58	1.34493e-07	
4214.58	1.34434e-07	
4215.58	1.34375e-07	
4216.58	1.34316e-07	
4217.58	1.34257e-07	
4218.58	1.34198e-07	
4219.58	1.34139e-07	
4220.58	1.3408e-07	
4221.58	1.34021e-07	
4222.58	1.33962e-07	
4223.58	1.33903e-07	
4224.58	1.33845e-07	
4225.58	1.33786e-07	
4226.58	1.33727e-07	
4227.58	1.33669e-07	
4228.58	1.3361e-07	
4229.58	1.33551e-07	
4230.58	1.33493e-07	
4231.58	1.33434e-07	
4232.58	1.33376e-07	
4233.58	1.33318e-07	
4234.58	1.33259e-07	
4235.58	1.33201e-07	
4236.58	1.33142e-07	
4237.58	1.33084e-07	
4238.58	1.33026e-07	
4239.58	1.32968e-07	
4240.58	1.3291e-07	
4241.58	1.32852e-07	
4242.58	1.32793e-07	
4243.58	1.32735e-07	
4244.58	1.32677e-07	
4245.58	1.3262e-07	
4246.58	1.32562e-07	
4247.58	1.32504e-07	
4248.58	1.32446e-07	
4249.58	1.32388e-07	
4250.57	1.3233e-07	
4251.57	1.32273e-07	
4252.57	1.32215e-07	
4253.57	1.32157e-07	
4254.57	1.321e-07	
4255.57	1.32042e-07	
4256.57	1.31984e-07	
4257.57	1.31927e-07	
4258.57	1.31869e-07	
4259.57	1.31812e-07	
4260.57	1.31755e-07	
4261.57	1.31697e-07	
4262.57	1.3164e-07	
4263.57	1.31583e-07	
4264.57	1.31525e-07	
4265.57	1.31468e-07	
4266.57	1.31411e-07	
4267.57	1.31354e-07	
4268.57	1.31297e-07	
4269.57	1.3124e-07	
4270.57	1.31183e-07	
4271.57	1.31126e-07	
4272.57	1.31069e-07	
4273.57	1.31012e-07	
4274.57	1.30955e-07	
4275.57	1.30898e-07	
4276.57	1.30841e-07	
4277.57	1.30785e-07	
4278.57	1.30728e-07	
4279.57	1.30671e-07	
4280.57	1.30614e-07	
4281.57	1.30558e-07	
4282.57	1.30501e-07	
4283.57	1.30445e-07	
4284.57	1.30388e-07	
4285.57	1.30332e-07	
4286.57	1.30275e-07	
4287.57	1.30219e-07	
4288.57	1.30162e-07	
4289.57	1.30106e-07	
4290.57	1.3005e-07	
4291.57	1.29994e-07	
4292.57	1.29937e-07	
4293.57	1.29881e-07	
4294.57	1.29825e-07	
4295.57	1.29769e-07	
4296.57	1.29713e-07	
4297.57	1.29657e-07	
4298.57	1.29601e-07	
4299.57	1.29545e-07	
4300.57	1.29489e-07	
4301.57	1.29433e-07	
4302.57	1.29377e-07	
4303.57	1.29321e-07	
4304.57	1.29266e-07	
4305.57	1.2921e-07	
4306.57	1.29154e-07	
4307.57	1.29098e-07	
4308.57	1.29043e-07	
4309.57	1.28987e-07	
4310.57	1.28932e-07	
4311.57	1.28876e-07	
4312.57	1.2882e-07	
4313.57	1.28765e-07	
4314.57	1.2871e-07	
4315.57	1.28654e-07	
4316.57	1.28599e-07	
4317.57	1.28543e-07	
4318.57	1.28488e-07	
4319.57	1.28433e-07	
4320.57	1.28378e-07	
4321.57	1.28323e-07	
4322.57	1.28267e-07	
4323.57	1.28212e-07	
4324.57	1.28157e-07	
4325.57	1.28102e-07	
4326.57	1.28047e-07	
4327.57	1.27992e-07	
4328.57	1.27937e-07	
4329.57	1.27882e-07	
4330.57	1.27827e-07	
4331.57	1.27773e-07	
4332.57	1.27718e-07	
4333.57	1.27663e-07	
4334.57	1.27608e-07	
4335.57	1.27554e-07	
4336.57	1.27499e-07	
4337.57	1.27444e-07	
4338.57	1.2739e-07	
4339.57	1.27335e-07	
4340.57	1.27281e-07	
4341.57	1.27226e-07	
4342.57	1.27172e-07	
4343.57	1.27117e-07	
4344.57	1.27063e-07	
4345.57	1.27009e-07	
4346.57	1.26954e-07	
4347.57	1.269e-07	
4348.57	1.26846e-07	
4349.57	1.26792e-07	
4350.56	1.26737e-07	
4351.56	1.26683e-07	
4352.56	1.26629e-07	
4353.56	1.26575e-07	
4354.56	1.26521e-07	
4355.56	1.26467e-07	
4356.56	1.26413e-07	
4357.56	1.26372e-07	
4358.56	1.26305e-07	
4359.56	1.26251e-07	
4360.56	1.26198e-07	
4361.56	1.26144e-07	
4362.56	1.2609e-07	
4363.56	1.26036e-07	
4364.56	1.25983e-07	
4365.56	1.25929e-07	
4366.56	1.25875e-07	
4367.56	1.25822e-07	
4368.56	1.25768e-07	
4369.56	1.25715e-07	
4370.56	1.25661e-07	
4371.56	1.25608e-07	
4372.56	1.25554e-07	
4373.56	1.25501e-07	
4374.56	1.25447e-07	
4375.56	1.25394e-07	
4376.56	1.25342e-07	
4377.56	1.25289e-07	
4378.56	1.25236e-07	
4379.56	1.25183e-07	
4380.56	1.2513e-07	
4381.56	1.25075e-07	
4382.56	1.25022e-07	
4383.56	1.24969e-07	
4384.56	1.24916e-07	
4385.56	1.24863e-07	
4386.56	1.2481e-07	
4387.56	1.24757e-07	
4388.56	1.24704e-07	
4389.56	1.24651e-07	
4390.56	1.24598e-07	
4391.56	1.24546e-07	
4392.56	1.24493e-07	
4393.56	1.2444e-07	
4394.56	1.24387e-07	
4395.56	1.24335e-07	
4396.56	1.24282e-07	
4397.56	1.2423e-07	
4398.56	1.24177e-07	
4399.56	1.24124e-07	
4400.56	1.24072e-07	
4401.56	1.2402e-07	
4402.56	1.23967e-07	
4403.56	1.23915e-07	
4404.56	1.23862e-07	
4405.56	1.2381e-07	
4406.56	1.23758e-07	
4407.56	1.23706e-07	
4408.56	1.23653e-07	
4409.56	1.23601e-07	
4410.56	1.23549e-07	
4411.56	1.23497e-07	
4412.56	1.23445e-07	
4413.56	1.23393e-07	
4414.56	1.23341e-07	
4415.56	1.23289e-07	
4416.56	1.23237e-07	
4417.56	1.23185e-07	
4418.56	1.23133e-07	
4419.56	1.23081e-07	
4420.56	1.23029e-07	
4421.56	1.22977e-07	
4422.56	1.22926e-07	
4423.56	1.22874e-07	
4424.56	1.22822e-07	
4425.56	1.2277e-07	
4426.56	1.22719e-07	
4427.56	1.22667e-07	
4428.56	1.22616e-07	
4429.56	1.22564e-07	
4430.56	1.22513e-07	
4431.56	1.22461e-07	
4432.56	1.2241e-07	
4433.56	1.22358e-07	
4434.56	1.22307e-07	
4435.56	1.22256e-07	
4436.56	1.22204e-07	
4437.56	1.22153e-07	
4438.56	1.22102e-07	
4439.56	1.2205e-07	
4440.56	1.21999e-07	
4441.56	1.21948e-07	
4442.56	1.21897e-07	
4443.56	1.21846e-07	
4444.56	1.21795e-07	
4445.56	1.21744e-07	
4446.56	1.21693e-07	
4447.56	1.21642e-07	
4448.56	1.21591e-07	
4449.56	1.2154e-07	
4450.55	1.21489e-07	
4451.55	1.21438e-07	
4452.55	1.21388e-07	
4453.55	1.21337e-07	
4454.55	1.21286e-07	
4455.55	1.21235e-07	
4456.55	1.21185e-07	
4457.55	1.21134e-07	
4458.55	1.21083e-07	
4459.55	1.21033e-07	
4460.55	1.20982e-07	
4461.55	1.20932e-07	
4462.55	1.20881e-07	
4463.55	1.20831e-07	
4464.55	1.2078e-07	
4465.55	1.2073e-07	
4466.55	1.2068e-07	
4467.55	1.20629e-07	
4468.55	1.20579e-07	
4469.55	1.20529e-07	
4470.55	1.20478e-07	
4471.55	1.20428e-07	
4472.55	1.20378e-07	
4473.55	1.20328e-07	
4474.55	1.20278e-07	
4475.55	1.20228e-07	
4476.55	1.20178e-07	
4477.55	1.20128e-07	
4478.55	1.20078e-07	
4479.55	1.20028e-07	
4480.55	1.19978e-07	
4481.55	1.19928e-07	
4482.55	1.19878e-07	
4483.55	1.19828e-07	
4484.55	1.19778e-07	
4485.55	1.19729e-07	
4486.55	1.19679e-07	
4487.55	1.19629e-07	
4488.55	1.19579e-07	
4489.55	1.1953e-07	
4490.55	1.1948e-07	
4491.55	1.1943e-07	
4492.55	1.19381e-07	
4493.55	1.19331e-07	
4494.55	1.19282e-07	
4495.55	1.19232e-07	
4496.55	1.19183e-07	
4497.55	1.19134e-07	
4498.55	1.19084e-07	
4499.55	1.19035e-07	
4500.55	1.18986e-07	
4501.55	1.18936e-07	
4502.55	1.18887e-07	
4503.55	1.18838e-07	
4504.55	1.18789e-07	
4505.55	1.18739e-07	
4506.55	1.1869e-07	
4507.55	1.18641e-07	
4508.55	1.18592e-07	
4509.55	1.18543e-07	
4510.55	1.18494e-07	
4511.55	1.18445e-07	
4512.55	1.18396e-07	
4513.55	1.18347e-07	
4514.55	1.18298e-07	
4515.55	1.18249e-07	
4516.55	1.18201e-07	
4517.55	1.18152e-07	
4518.55	1.18103e-07	
4519.55	1.18054e-07	
4520.55	1.18006e-07	
4521.55	1.17957e-07	
4522.55	1.17908e-07	
4523.55	1.1786e-07	
4524.55	1.17811e-07	
4525.55	1.17762e-07	
4526.55	1.17714e-07	
4527.55	1.17665e-07	
4528.55	1.17617e-07	
4529.55	1.17568e-07	
4530.55	1.1752e-07	
4531.55	1.17472e-07	
4532.55	1.17423e-07	
4533.55	1.17375e-07	
4534.55	1.17327e-07	
4535.55	1.17279e-07	
4536.55	1.17231e-07	
4537.55	1.17182e-07	
4538.55	1.17134e-07	
4539.55	1.17086e-07	
4540.55	1.17038e-07	
4541.55	1.1699e-07	
4542.55	1.16942e-07	
4543.55	1.16894e-07	
4544.55	1.16846e-07	
4545.55	1.16798e-07	
4546.55	1.1675e-07	
4547.55	1.16702e-07	
4548.55	1.16654e-07	
4549.55	1.16606e-07	
4550.54	1.16558e-07	
4551.54	1.16511e-07	
4552.54	1.16463e-07	
4553.54	1.16415e-07	
4554.54	1.16367e-07	
4555.54	1.1632e-07	
4556.54	1.16272e-07	
4557.54	1.16224e-07	
4558.54	1.16176e-07	
4559.54	1.16129e-07	
4560.54	1.16081e-07	
4561.54	1.16034e-07	
4562.54	1.15986e-07	
4563.54	1.15939e-07	
4564.54	1.15891e-07	
4565.54	1.15844e-07	
4566.54	1.15797e-07	
4567.54	1.15749e-07	
4568.54	1.15702e-07	
4569.54	1.15655e-07	
4570.54	1.15608e-07	
4571.54	1.1556e-07	
4572.54	1.15513e-07	
4573.54	1.15466e-07	
4574.54	1.15419e-07	
4575.54	1.15372e-07	
4576.54	1.15325e-07	
4577.54	1.15278e-07	
4578.54	1.15231e-07	
4579.54	1.15184e-07	
4580.54	1.15137e-07	
4581.54	1.1509e-07	
4582.54	1.15043e-07	
4583.54	1.14996e-07	
4584.54	1.14949e-07	
4585.54	1.14902e-07	
4586.54	1.14855e-07	
4587.54	1.14809e-07	
4588.54	1.14762e-07	
4589.54	1.14715e-07	
4590.54	1.14669e-07	
4591.54	1.14622e-07	
4592.54	1.14575e-07	
4593.54	1.14529e-07	
4594.54	1.14482e-07	
4595.54	1.14436e-07	
4596.54	1.14389e-07	
4597.54	1.14343e-07	
4598.54	1.14296e-07	
4599.54	1.1425e-07	
4600.54	1.14203e-07	
4601.54	1.14157e-07	
4602.54	1.14111e-07	
4603.54	1.14072e-07	
4604.54	1.14026e-07	
4605.54	1.13972e-07	
4606.54	1.13926e-07	
4607.54	1.13879e-07	
4608.54	1.13833e-07	
4609.54	1.13787e-07	
4610.54	1.13741e-07	
4611.54	1.13695e-07	
4612.54	1.13649e-07	
4613.54	1.13603e-07	
4614.54	1.13557e-07	
4615.54	1.13511e-07	
4616.54	1.13465e-07	
4617.54	1.13419e-07	
4618.54	1.13373e-07	
4619.54	1.13327e-07	
4620.54	1.13281e-07	
4621.54	1.13235e-07	
4622.54	1.1319e-07	
4623.54	1.13144e-07	
4624.54	1.13098e-07	
4625.54	1.13052e-07	
4626.54	1.13007e-07	
4627.54	1.12961e-07	
4628.54	1.12916e-07	
4629.54	1.1287e-07	
4630.54	1.12824e-07	
4631.54	1.12779e-07	
4632.54	1.12733e-07	
4633.54	1.12688e-07	
4634.54	1.12642e-07	
4635.54	1.12597e-07	
4636.54	1.12552e-07	
4637.54	1.12506e-07	
4638.54	1.12461e-07	
4639.54	1.12416e-07	
4640.54	1.1237e-07	
4641.54	1.12325e-07	
4642.54	1.1228e-07	
4643.54	1.12235e-07	
4644.54	1.12189e-07	
4645.54	1.12144e-07	
4646.54	1.12099e-07	
4647.54	1.12054e-07	
4648.54	1.12009e-07	
4649.54	1.11964e-07	
4650.53	1.11919e-07	
4651.53	1.11874e-07	
4652.53	1.11829e-07	
4653.53	1.11784e-07	
4654.53	1.11739e-07	
4655.53	1.11694e-07	
4656.53	1.11649e-07	
4657.53	1.11604e-07	
4658.53	1.1156e-07	
4659.53	1.11515e-07	
4660.53	1.1147e-07	
4661.53	1.11425e-07	
4662.53	1.11381e-07	
4663.53	1.11336e-07	
4664.53	1.11291e-07	
4665.53	1.11247e-07	
4666.53	1.11202e-07	
4667.53	1.11158e-07	
4668.53	1.11113e-07	
4669.53	1.11068e-07	
4670.53	1.11024e-07	
4671.53	1.1098e-07	
4672.53	1.10935e-07	
4673.53	1.10891e-07	
4674.53	1.10846e-07	
4675.53	1.10802e-07	
4676.53	1.10758e-07	
4677.53	1.10713e-07	
4678.53	1.10669e-07	
4679.53	1.10625e-07	
4680.53	1.10581e-07	
4681.53	1.10536e-07	
4682.53	1.10492e-07	
4683.53	1.10448e-07	
4684.53	1.10404e-07	
4685.53	1.1036e-07	
4686.53	1.10316e-07	
4687.53	1.10272e-07	
4688.53	1.10228e-07	
4689.53	1.10184e-07	
4690.53	1.1014e-07	
4691.53	1.10096e-07	
4692.53	1.10052e-07	
4693.53	1.10008e-07	
4694.53	1.09964e-07	
4695.53	1.0992e-07	
4696.53	1.09877e-07	
4697.53	1.09833e-07	
4698.53	1.09789e-07	
4699.53	1.09745e-07	
4700.53	1.09702e-07	
4701.53	1.09658e-07	
4702.53	1.09614e-07	
4703.53	1.09571e-07	
4704.53	1.09527e-07	
4705.53	1.09483e-07	
4706.53	1.0944e-07	
4707.53	1.09396e-07	
4708.53	1.09353e-07	
4709.53	1.09309e-07	
4710.53	1.09266e-07	
4711.53	1.09223e-07	
4712.53	1.09179e-07	
4713.53	1.09136e-07	
4714.53	1.09093e-07	
4715.53	1.09049e-07	
4716.53	1.09006e-07	
4717.53	1.08963e-07	
4718.53	1.08919e-07	
4719.53	1.08876e-07	
4720.53	1.08833e-07	
4721.53	1.0879e-07	
4722.53	1.08747e-07	
4723.53	1.08704e-07	
4724.53	1.08661e-07	
4725.53	1.08617e-07	
4726.53	1.08574e-07	
4727.53	1.08531e-07	
4728.53	1.08488e-07	
4729.53	1.08445e-07	
4730.53	1.08403e-07	
4731.53	1.0836e-07	
4732.53	1.08317e-07	
4733.53	1.08274e-07	
4734.53	1.08231e-07	
4735.53	1.08188e-07	
4736.53	1.08145e-07	
4737.53	1.08103e-07	
4738.53	1.0806e-07	
4739.53	1.08017e-07	
4740.53	1.07975e-07	
4741.53	1.07932e-07	
4742.53	1.07889e-07	
4743.53	1.07847e-07	
4744.53	1.07804e-07	
4745.53	1.07762e-07	
4746.53	1.07719e-07	
4747.53	1.07677e-07	
4748.53	1.07634e-07	
4749.53	1.07592e-07	
4750.52	1.07549e-07	
4751.52	1.07507e-07	
4752.52	1.07464e-07	
4753.52	1.07422e-07	
4754.52	1.0738e-07	
4755.52	1.07337e-07	
4756.52	1.07295e-07	
4757.52	1.07253e-07	
4758.52	1.07211e-07	
4759.52	1.07168e-07	
4760.52	1.07126e-07	
4761.52	1.07084e-07	
4762.52	1.07042e-07	
4763.52	1.07e-07	
4764.52	1.06958e-07	
4765.52	1.06916e-07	
4766.52	1.06874e-07	
4767.52	1.06832e-07	
4768.52	1.0679e-07	
4769.52	1.06748e-07	
4770.52	1.06706e-07	
4771.52	1.06664e-07	
4772.52	1.06622e-07	
4773.52	1.0658e-07	
4774.52	1.06538e-07	
4775.52	1.06496e-07	
4776.52	1.06455e-07	
4777.52	1.06413e-07	
4778.52	1.06371e-07	
4779.52	1.06329e-07	
4780.52	1.06288e-07	
4781.52	1.06246e-07	
4782.52	1.06204e-07	
4783.52	1.06163e-07	
4784.52	1.06121e-07	
4785.52	1.0608e-07	
4786.52	1.06038e-07	
4787.52	1.05997e-07	
4788.52	1.05955e-07	
4789.52	1.05914e-07	
4790.52	1.05872e-07	
4791.52	1.05831e-07	
4792.52	1.05789e-07	
4793.52	1.05748e-07	
4794.52	1.05707e-07	
4795.52	1.05665e-07	
4796.52	1.05624e-07	
4797.52	1.05583e-07	
4798.52	1.05541e-07	
4799.52	1.055e-07	
4800.52	1.05459e-07	
4801.52	1.05418e-07	
4802.52	1.05377e-07	
4803.52	1.05335e-07	
4804.52	1.05294e-07	
4805.52	1.05253e-07	
4806.52	1.05212e-07	
4807.52	1.05171e-07	
4808.52	1.0513e-07	
4809.52	1.05089e-07	
4810.52	1.05048e-07	
4811.52	1.05007e-07	
4812.52	1.04966e-07	
4813.52	1.04925e-07	
4814.52	1.04885e-07	
4815.52	1.04844e-07	
4816.52	1.04803e-07	
4817.52	1.04762e-07	
4818.52	1.04721e-07	
4819.52	1.04681e-07	
4820.52	1.0464e-07	
4821.52	1.04599e-07	
4822.52	1.04558e-07	
4823.52	1.04518e-07	
4824.52	1.04477e-07	
4825.52	1.04436e-07	
4826.52	1.04396e-07	
4827.52	1.04355e-07	
4828.52	1.04315e-07	
4829.52	1.04274e-07	
4830.52	1.04234e-07	
4831.52	1.04193e-07	
4832.52	1.04153e-07	
4833.52	1.04112e-07	
4834.52	1.04072e-07	
4835.52	1.04032e-07	
4836.52	1.03991e-07	
4837.52	1.03951e-07	
4838.52	1.03911e-07	
4839.52	1.0387e-07	
4840.52	1.0383e-07	
4841.52	1.0379e-07	
4842.52	1.0375e-07	
4843.52	1.03709e-07	
4844.52	1.03669e-07	
4845.52	1.03629e-07	
4846.52	1.03589e-07	
4847.52	1.03549e-07	
4848.52	1.03509e-07	
4849.52	1.03469e-07	
4850.51	1.03429e-07	
4851.51	1.03389e-07	
4852.51	1.03349e-07	
4853.51	1.03309e-07	
4854.51	1.03269e-07	
4855.51	1.03229e-07	
4856.51	1.03189e-07	
4857.51	1.03149e-07	
4858.51	1.03109e-07	
4859.51	1.03069e-07	
4860.51	1.0303e-07	
4861.51	1.0299e-07	
4862.51	1.0295e-07	
4863.51	1.0291e-07	
4864.51	1.02871e-07	
4865.51	1.02831e-07	
4866.51	1.02791e-07	
4867.51	1.02752e-07	
4868.51	1.02712e-07	
4869.51	1.02672e-07	
4870.51	1.02633e-07	
4871.51	1.02593e-07	
4872.51	1.02554e-07	
4873.51	1.02514e-07	
4874.51	1.02475e-07	
4875.51	1.02435e-07	
4876.51	1.02396e-07	
4877.51	1.02356e-07	
4878.51	1.02317e-07	
4879.51	1.02278e-07	
4880.51	1.02238e-07	
4881.51	1.02199e-07	
4882.51	1.0216e-07	
4883.51	1.0212e-07	
4884.51	1.02081e-07	
4885.51	1.02042e-07	
4886.51	1.02003e-07	
4887.51	1.01963e-07	
4888.51	1.01924e-07	
4889.51	1.01885e-07	
4890.51	1.01846e-07	
4891.51	1.01807e-07	
4892.51	1.01768e-07	
4893.51	1.01729e-07	
4894.51	1.0169e-07	
4895.51	1.01651e-07	
4896.51	1.01612e-07	
4897.51	1.01573e-07	
4898.51	1.01534e-07	
4899.51	1.01495e-07	
4900.51	1.01456e-07	
4901.51	1.01417e-07	
4902.51	1.01378e-07	
4903.51	1.01339e-07	
4904.51	1.01301e-07	
4905.51	1.01262e-07	
4906.51	1.01223e-07	
4907.51	1.01184e-07	
4908.51	1.01146e-07	
4909.51	1.01107e-07	
4910.51	1.01068e-07	
4911.51	1.01029e-07	
4912.51	1.00991e-07	
4913.51	1.00952e-07	
4914.51	1.00914e-07	
4915.51	1.00875e-07	
4916.51	1.00837e-07	
4917.51	1.00798e-07	
4918.51	1.00759e-07	
4919.51	1.00721e-07	
4920.51	1.00683e-07	
4921.51	1.00644e-07	
4922.51	1.00606e-07	
4923.51	1.00567e-07	
4924.51	1.00529e-07	
4925.51	1.00491e-07	
4926.51	1.00452e-07	
4927.51	1.00414e-07	
4928.51	1.00376e-07	
4929.51	1.00337e-07	
4930.51	1.00299e-07	
4931.51	1.00261e-07	
4932.51	1.00223e-07	
4933.51	1.00185e-07	
4934.51	1.00146e-07	
4935.51	1.00108e-07	
4936.51	1.0007e-07	
4937.51	1.00032e-07	
4938.51	9.99939e-08	
4939.51	9.99559e-08	
4940.51	9.99179e-08	
4941.51	9.98799e-08	
4942.51	9.98419e-08	
4943.51	9.98039e-08	
4944.51	9.9766e-08	
4945.51	9.9728e-08	
4946.51	9.96901e-08	
4947.51	9.96523e-08	
4948.51	9.96144e-08	
4949.51	9.95766e-08	
4950.5	9.95388e-08	
4951.5	9.9501e-08	
4952.5	9.94632e-08	
4953.5	9.94254e-08	
4954.5	9.93877e-08	
4955.5	9.935e-08	
4956.5	9.93123e-08	
4957.5	9.92747e-08	
4958.5	9.9237e-08	
4959.5	9.91994e-08	
4960.5	9.91618e-08	
4961.5	9.91242e-08	
4962.5	9.90866e-08	
4963.5	9.90491e-08	
4964.5	9.90116e-08	
4965.5	9.89741e-08	
4966.5	9.89366e-08	
4967.5	9.88992e-08	
4968.5	9.88617e-08	
4969.5	9.88243e-08	
4970.5	9.87869e-08	
4971.5	9.87496e-08	
4972.5	9.87122e-08	
4973.5	9.86749e-08	
4974.5	9.86376e-08	
4975.5	9.86003e-08	
4976.5	9.8563e-08	
4977.5	9.85258e-08	
4978.5	9.84886e-08	
4979.5	9.84514e-08	
4980.5	9.84142e-08	
4981.5	9.8377e-08	
4982.5	9.83399e-08	
4983.5	9.83028e-08	
4984.5	9.82657e-08	
4985.5	9.82286e-08	
4986.5	9.81916e-08	
4987.5	9.81545e-08	
4988.5	9.81175e-08	
4989.5	9.80805e-08	
4990.5	9.80435e-08	
4991.5	9.80066e-08	
4992.5	9.79697e-08	
4993.5	9.79328e-08	
4994.5	9.78959e-08	
4995.5	9.7859e-08	
4996.5	9.78221e-08	
4997.5	9.77853e-08	
4998.5	9.77485e-08	
4999.5	9.77117e-08	
5000.5	9.7675e-08	
5001.5	9.76382e-08	
5002.5	9.76015e-08	
5003.5	9.75648e-08	
5004.5	9.75281e-08	
5005.5	9.74914e-08	
5006.5	9.74548e-08	
5007.5	9.74182e-08	
5008.5	9.73816e-08	
5009.5	9.7345e-08	
5010.5	9.73084e-08	
5011.5	9.72719e-08	
5012.5	9.72354e-08	
5013.5	9.71989e-08	
5014.5	9.71624e-08	
5015.5	9.7126e-08	
5016.5	9.70895e-08	
5017.5	9.70531e-08	
5018.5	9.70167e-08	
5019.5	9.69803e-08	
5020.5	9.6944e-08	
5021.5	9.69076e-08	
5022.5	9.68713e-08	
5023.5	9.6835e-08	
5024.5	9.67987e-08	
5025.5	9.67625e-08	
5026.5	9.67263e-08	
5027.5	9.669e-08	
5028.5	9.66538e-08	
5029.5	9.66177e-08	
5030.5	9.65815e-08	
5031.5	9.65454e-08	
5032.5	9.65093e-08	
5033.5	9.64732e-08	
5034.5	9.64371e-08	
5035.5	9.64011e-08	
5036.5	9.6365e-08	
5037.5	9.6329e-08	
5038.5	9.6293e-08	
5039.5	9.6257e-08	
5040.5	9.62211e-08	
5041.5	9.61851e-08	
5042.5	9.61492e-08	
5043.5	9.61133e-08	
5044.5	9.60775e-08	
5045.5	9.60416e-08	
5046.5	9.60058e-08	
5047.5	9.597e-08	
5048.5	9.59342e-08	
5049.5	9.58984e-08	
5050.49	9.58626e-08	
5051.49	9.58269e-08	
5052.49	9.57912e-08	
5053.49	9.57555e-08	
5054.49	9.57198e-08	
5055.49	9.56842e-08	
5056.49	9.56485e-08	
5057.49	9.56129e-08	
5058.49	9.55773e-08	
5059.49	9.55417e-08	
5060.49	9.55062e-08	
5061.49	9.54707e-08	
5062.49	9.54351e-08	
5063.49	9.53996e-08	
5064.49	9.53642e-08	
5065.49	9.53287e-08	
5066.49	9.52933e-08	
5067.49	9.52578e-08	
5068.49	9.52224e-08	
5069.49	9.51871e-08	
5070.49	9.51517e-08	
5071.49	9.51164e-08	
5072.49	9.5081e-08	
5073.49	9.50457e-08	
5074.49	9.50105e-08	
5075.49	9.49752e-08	
5076.49	9.494e-08	
5077.49	9.49047e-08	
5078.49	9.48695e-08	
5079.49	9.48343e-08	
5080.49	9.47992e-08	
5081.49	9.4764e-08	
5082.49	9.47289e-08	
5083.49	9.46938e-08	
5084.49	9.46587e-08	
5085.49	9.46236e-08	
5086.49	9.45886e-08	
5087.49	9.45536e-08	
5088.49	9.45185e-08	
5089.49	9.44836e-08	
5090.49	9.44486e-08	
5091.49	9.44136e-08	
5092.49	9.43787e-08	
5093.49	9.43438e-08	
5094.49	9.43089e-08	
5095.49	9.4274e-08	
5096.49	9.42392e-08	
5097.49	9.42043e-08	
5098.49	9.41695e-08	
5099.49	9.41347e-08	
5100.49	9.40999e-08	
5101.49	9.40652e-08	
5102.49	9.40304e-08	
5103.49	9.39957e-08	
5104.49	9.3961e-08	
5105.49	9.39263e-08	
5106.49	9.38916e-08	
5107.49	9.3857e-08	
5108.49	9.38224e-08	
5109.49	9.37878e-08	
5110.49	9.37532e-08	
5111.49	9.37186e-08	
5112.49	9.3684e-08	
5113.49	9.36495e-08	
5114.49	9.3615e-08	
5115.49	9.35805e-08	
5116.49	9.3546e-08	
5117.49	9.35116e-08	
5118.49	9.34771e-08	
5119.49	9.34427e-08	
5120.49	9.34083e-08	
5121.49	9.33739e-08	
5122.49	9.33396e-08	
5123.49	9.33052e-08	
5124.49	9.32709e-08	
5125.49	9.32366e-08	
5126.49	9.32023e-08	
5127.49	9.3168e-08	
5128.49	9.31338e-08	
5129.49	9.30996e-08	
5130.49	9.30653e-08	
5131.49	9.30312e-08	
5132.49	9.2997e-08	
5133.49	9.29628e-08	
5134.49	9.29287e-08	
5135.49	9.28946e-08	
5136.49	9.28605e-08	
5137.49	9.28264e-08	
5138.49	9.27923e-08	
5139.49	9.27583e-08	
5140.49	9.27243e-08	
5141.49	9.26902e-08	
5142.49	9.26563e-08	
5143.49	9.26223e-08	
5144.49	9.25883e-08	
5145.49	9.25544e-08	
5146.49	9.25205e-08	
5147.49	9.24866e-08	
5148.49	9.24527e-08	
5149.49	9.24189e-08	
5150.48	9.2385e-08	
5151.48	9.23512e-08	
5152.48	9.23174e-08	
5153.48	9.22836e-08	
5154.48	9.22498e-08	
5155.48	9.22161e-08	
5156.48	9.21824e-08	
5157.48	9.21486e-08	
5158.48	9.21149e-08	
5159.48	9.20813e-08	
5160.48	9.20476e-08	
5161.48	9.2014e-08	
5162.48	9.19804e-08	
5163.48	9.19468e-08	
5164.48	9.19132e-08	
5165.48	9.18796e-08	
5166.48	9.18461e-08	
5167.48	9.18125e-08	
5168.48	9.1779e-08	
5169.48	9.17455e-08	
5170.48	9.1712e-08	
5171.48	9.16786e-08	
5172.48	9.16452e-08	
5173.48	9.16117e-08	
5174.48	9.15783e-08	
5175.48	9.15449e-08	
5176.48	9.15116e-08	
5177.48	9.14782e-08	
5178.48	9.14449e-08	
5179.48	9.14116e-08	
5180.48	9.13783e-08	
5181.48	9.1345e-08	
5182.48	9.13118e-08	
5183.48	9.12785e-08	
5184.48	9.12453e-08	
5185.48	9.12121e-08	
5186.48	9.11789e-08	
5187.48	9.11457e-08	
5188.48	9.11126e-08	
5189.48	9.10795e-08	
5190.48	9.10464e-08	
5191.48	9.10133e-08	
5192.48	9.09802e-08	
5193.48	9.09471e-08	
5194.48	9.09141e-08	
5195.48	9.08811e-08	
5196.48	9.0848e-08	
5197.48	9.08151e-08	
5198.48	9.07821e-08	
5199.48	9.07491e-08	
5200.48	9.07162e-08	
5201.48	9.06833e-08	
5202.48	9.06504e-08	
5203.48	9.06175e-08	
5204.48	9.05846e-08	
5205.48	9.05518e-08	
5206.48	9.0519e-08	
5207.48	9.04862e-08	
5208.48	9.04534e-08	
5209.48	9.04206e-08	
5210.48	9.03878e-08	
5211.48	9.03551e-08	
5212.48	9.03224e-08	
5213.48	9.02897e-08	
5214.48	9.0257e-08	
5215.48	9.02243e-08	
5216.48	9.01917e-08	
5217.48	9.0159e-08	
5218.48	9.01264e-08	
5219.48	9.00938e-08	
5220.48	9.00612e-08	
5221.48	9.00287e-08	
5222.48	8.99961e-08	
5223.48	8.99636e-08	
5224.48	8.99311e-08	
5225.48	8.98986e-08	
5226.48	8.98661e-08	
5227.48	8.98336e-08	
5228.48	8.98012e-08	
5229.48	8.97688e-08	
5230.48	8.97364e-08	
5231.48	8.9704e-08	
5232.48	8.96716e-08	
5233.48	8.96392e-08	
5234.48	8.96069e-08	
5235.48	8.95746e-08	
5236.48	8.95423e-08	
5237.48	8.951e-08	
5238.48	8.94777e-08	
5239.48	8.94455e-08	
5240.48	8.94133e-08	
5241.48	8.9381e-08	
5242.48	8.93488e-08	
5243.48	8.93167e-08	
5244.48	8.92845e-08	
5245.48	8.92523e-08	
5246.48	8.92202e-08	
5247.48	8.91881e-08	
5248.48	8.9156e-08	
5249.48	8.91239e-08	
5250.47	8.90919e-08	
5251.47	8.90598e-08	
5252.47	8.90278e-08	
5253.47	8.89958e-08	
5254.47	8.89638e-08	
5255.47	8.89318e-08	
5256.47	8.88999e-08	
5257.47	8.88679e-08	
5258.47	8.8836e-08	
5259.47	8.88041e-08	
5260.47	8.87722e-08	
5261.47	8.87403e-08	
5262.47	8.87085e-08	
5263.47	8.86766e-08	
5264.47	8.86448e-08	
5265.47	8.8613e-08	
5266.47	8.85812e-08	
5267.47	8.85495e-08	
5268.47	8.85177e-08	
5269.47	8.8486e-08	
5270.47	8.84542e-08	
5271.47	8.84225e-08	
5272.47	8.83909e-08	
5273.47	8.83592e-08	
5274.47	8.83275e-08	
5275.47	8.82959e-08	
5276.47	8.82643e-08	
5277.47	8.82327e-08	
5278.47	8.82011e-08	
5279.47	8.81695e-08	
5280.47	8.8138e-08	
5281.47	8.81064e-08	
5282.47	8.80749e-08	
5283.47	8.80434e-08	
5284.47	8.80119e-08	
5285.47	8.79805e-08	
5286.47	8.7949e-08	
5287.47	8.79176e-08	
5288.47	8.78862e-08	
5289.47	8.78548e-08	
5290.47	8.78234e-08	
5291.47	8.7792e-08	
5292.47	8.77607e-08	
5293.47	8.77293e-08	
5294.47	8.7698e-08	
5295.47	8.76667e-08	
5296.47	8.76354e-08	
5297.47	8.76042e-08	
5298.47	8.75729e-08	
5299.47	8.75417e-08	
5300.47	8.75105e-08	
5301.47	8.74793e-08	
5302.47	8.74481e-08	
5303.47	8.74169e-08	
5304.47	8.73858e-08	
5305.47	8.73546e-08	
5306.47	8.73235e-08	
5307.47	8.72924e-08	
5308.47	8.72613e-08	
5309.47	8.72302e-08	
5310.47	8.71992e-08	
5311.47	8.71682e-08	
5312.47	8.71371e-08	
5313.47	8.71061e-08	
5314.47	8.70751e-08	
5315.47	8.70442e-08	
5316.47	8.70132e-08	
5317.47	8.69823e-08	
5318.47	8.69514e-08	
5319.47	8.69205e-08	
5320.47	8.68896e-08	
5321.47	8.68587e-08	
5322.47	8.68278e-08	
5323.47	8.6797e-08	
5324.47	8.67662e-08	
5325.47	8.67354e-08	
5326.47	8.67046e-08	
5327.47	8.66738e-08	
5328.47	8.66431e-08	
5329.47	8.66123e-08	
5330.47	8.65816e-08	
5331.47	8.65509e-08	
5332.47	8.65202e-08	
5333.47	8.64895e-08	
5334.47	8.64588e-08	
5335.47	8.64282e-08	
5336.47	8.63976e-08	
5337.47	8.6367e-08	
5338.47	8.63364e-08	
5339.47	8.63058e-08	
5340.47	8.62752e-08	
5341.47	8.62447e-08	
5342.47	8.62141e-08	
5343.47	8.61836e-08	
5344.47	8.61531e-08	
5345.47	8.61226e-08	
5346.47	8.60922e-08	
5347.47	8.60617e-08	
5348.47	8.60313e-08	
5349.47	8.60009e-08	
5350.46	8.59705e-08	
5351.46	8.59401e-08	
5352.46	8.59097e-08	
5353.46	8.58794e-08	
5354.46	8.5849e-08	
5355.46	8.58187e-08	
5356.46	8.57884e-08	
5357.46	8.57581e-08	
5358.46	8.57278e-08	
5359.46	8.56976e-08	
5360.46	8.56673e-08	
5361.46	8.56371e-08	
5362.46	8.56069e-08	
5363.46	8.55767e-08	
5364.46	8.55465e-08	
5365.46	8.55163e-08	
5366.46	8.54862e-08	
5367.46	8.54561e-08	
5368.46	8.54259e-08	
5369.46	8.53958e-08	
5370.46	8.53658e-08	
5371.46	8.53357e-08	
5372.46	8.53056e-08	
5373.46	8.52756e-08	
5374.46	8.52456e-08	
5375.46	8.52156e-08	
5376.46	8.51856e-08	
5377.46	8.51556e-08	
5378.46	8.51256e-08	
5379.46	8.50957e-08	
5380.46	8.50658e-08	
5381.46	8.50359e-08	
5382.46	8.5006e-08	
5383.46	8.49761e-08	
5384.46	8.49462e-08	
5385.46	8.49164e-08	
5386.46	8.48865e-08	
5387.46	8.48567e-08	
5388.46	8.48269e-08	
5389.46	8.47971e-08	
5390.46	8.47673e-08	
5391.46	8.47376e-08	
5392.46	8.47078e-08	
5393.46	8.46781e-08	
5394.46	8.46484e-08	
5395.46	8.46187e-08	
5396.46	8.4589e-08	
5397.46	8.45594e-08	
5398.46	8.45297e-08	
5399.46	8.45001e-08	
5400.46	8.44705e-08	
5401.46	8.44409e-08	
5402.46	8.44113e-08	
5403.46	8.43818e-08	
5404.46	8.43522e-08	
5405.46	8.43227e-08	
5406.46	8.42931e-08	
5407.46	8.42636e-08	
5408.46	8.42341e-08	
5409.46	8.42047e-08	
5410.46	8.41752e-08	
5411.46	8.41457e-08	
5412.46	8.41163e-08	
5413.46	8.40869e-08	
5414.46	8.40575e-08	
5415.46	8.40281e-08	
5416.46	8.39987e-08	
5417.46	8.39694e-08	
5418.46	8.394e-08	
5419.46	8.39107e-08	
5420.46	8.38814e-08	
5421.46	8.38521e-08	
5422.46	8.38228e-08	
5423.46	8.37936e-08	
5424.46	8.37643e-08	
5425.46	8.37351e-08	
5426.46	8.37058e-08	
5427.46	8.36766e-08	
5428.46	8.36474e-08	
5429.46	8.36183e-08	
5430.46	8.35891e-08	
5431.46	8.356e-08	
5432.46	8.35308e-08	
5433.46	8.35017e-08	
5434.46	8.34726e-08	
5435.46	8.34436e-08	
5436.46	8.34145e-08	
5437.46	8.33854e-08	
5438.46	8.33564e-08	
5439.46	8.33274e-08	
5440.46	8.32984e-08	
5441.46	8.32694e-08	
5442.46	8.32404e-08	
5443.46	8.32114e-08	
5444.46	8.31825e-08	
5445.46	8.31536e-08	
5446.46	8.31246e-08	
5447.46	8.30957e-08	
5448.46	8.30669e-08	
5449.46	8.3038e-08	
5450.45	8.30091e-08	
5451.45	8.29803e-08	
5452.45	8.29515e-08	
5453.45	8.29226e-08	
5454.45	8.28938e-08	
5455.45	8.28651e-08	
5456.45	8.28363e-08	
5457.45	8.28075e-08	
5458.45	8.27788e-08	
5459.45	8.27501e-08	
5460.45	8.27214e-08	
5461.45	8.26927e-08	
5462.45	8.2664e-08	
5463.45	8.26353e-08	
5464.45	8.26067e-08	
5465.45	8.2578e-08	
5466.45	8.25494e-08	
5467.45	8.25208e-08	
5468.45	8.24922e-08	
5469.45	8.24637e-08	
5470.45	8.24351e-08	
5471.45	8.24066e-08	
5472.45	8.2378e-08	
5473.45	8.23495e-08	
5474.45	8.2321e-08	
5475.45	8.22925e-08	
5476.45	8.2264e-08	
5477.45	8.22356e-08	
5478.45	8.22071e-08	
5479.45	8.21787e-08	
5480.45	8.21503e-08	
5481.45	8.21219e-08	
5482.45	8.20935e-08	
5483.45	8.20651e-08	
5484.45	8.20368e-08	
5485.45	8.20085e-08	
5486.45	8.19801e-08	
5487.45	8.19518e-08	
5488.45	8.19235e-08	
5489.45	8.18952e-08	
5490.45	8.1867e-08	
5491.45	8.18387e-08	
5492.45	8.18105e-08	
5493.45	8.17822e-08	
5494.45	8.1754e-08	
5495.45	8.17258e-08	
5496.45	8.16977e-08	
5497.45	8.16695e-08	
5498.45	8.16413e-08	
5499.45	8.16132e-08	
5500.45	8.15851e-08	
5501.45	8.1557e-08	
5502.45	8.15289e-08	
5503.45	8.15008e-08	
5504.45	8.14727e-08	
5505.45	8.14447e-08	
5506.45	8.14166e-08	
5507.45	8.13886e-08	
5508.45	8.13606e-08	
5509.45	8.13326e-08	
5510.45	8.13046e-08	
5511.45	8.12767e-08	
5512.45	8.12487e-08	
5513.45	8.12208e-08	
5514.45	8.11929e-08	
5515.45	8.1165e-08	
5516.45	8.11371e-08	
5517.45	8.11092e-08	
5518.45	8.10813e-08	
5519.45	8.10535e-08	
5520.45	8.10256e-08	
5521.45	8.09978e-08	
5522.45	8.097e-08	
5523.45	8.09422e-08	
5524.45	8.09144e-08	
5525.45	8.08867e-08	
5526.45	8.08589e-08	
5527.45	8.08312e-08	
5528.45	8.08035e-08	
5529.45	8.07757e-08	
5530.45	8.07481e-08	
5531.45	8.07204e-08	
5532.45	8.06927e-08	
5533.45	8.06651e-08	
5534.45	8.06374e-08	
5535.45	8.06098e-08	
5536.45	8.05823e-08	
5537.45	8.05547e-08	
5538.45	8.05271e-08	
5539.45	8.04994e-08	
5540.45	8.04719e-08	
5541.45	8.04443e-08	
5542.45	8.04168e-08	
5543.45	8.03893e-08	
5544.45	8.03618e-08	
5545.45	8.03343e-08	
5546.45	8.03069e-08	
5547.45	8.02794e-08	
5548.45	8.0252e-08	
5549.45	8.02245e-08	
5550.44	8.01971e-08	
5551.44	8.01697e-08	
5552.44	8.01423e-08	
5553.44	8.0115e-08	
5554.44	8.00876e-08	
5555.44	8.00603e-08	
5556.44	8.00329e-08	
5557.44	8.00056e-08	
5558.44	7.99783e-08	
5559.44	7.9951e-08	
5560.44	7.99237e-08	
5561.44	7.98965e-08	
5562.44	7.98692e-08	
5563.44	7.9842e-08	
5564.44	7.98148e-08	
5565.44	7.97876e-08	
5566.44	7.97604e-08	
5567.44	7.97332e-08	
5568.44	7.9706e-08	
5569.44	7.96789e-08	
5570.44	7.96518e-08	
5571.44	7.96246e-08	
5572.44	7.95975e-08	
5573.44	7.95704e-08	
5574.44	7.95433e-08	
5575.44	7.95163e-08	
5576.44	7.94892e-08	
5577.44	7.94622e-08	
5578.44	7.94352e-08	
5579.44	7.94081e-08	
5580.44	7.93811e-08	
5581.44	7.93542e-08	
5582.44	7.93272e-08	
5583.44	7.93002e-08	
5584.44	7.92733e-08	
5585.44	7.92463e-08	
5586.44	7.92194e-08	
5587.44	7.91925e-08	
5588.44	7.91656e-08	
5589.44	7.91388e-08	
5590.44	7.91119e-08	
5591.44	7.9085e-08	
5592.44	7.90582e-08	
5593.44	7.90314e-08	
5594.44	7.90046e-08	
5595.44	7.89778e-08	
5596.44	7.8951e-08	
5597.44	7.89242e-08	
5598.44	7.88975e-08	
5599.44	7.88707e-08	
5600.44	7.8844e-08	
5601.44	7.88173e-08	
5602.44	7.87906e-08	
5603.44	7.87639e-08	
5604.44	7.87372e-08	
5605.44	7.87106e-08	
5606.44	7.86839e-08	
5607.44	7.86573e-08	
5608.44	7.86307e-08	
5609.44	7.86041e-08	
5610.44	7.85775e-08	
5611.44	7.85509e-08	
5612.44	7.85243e-08	
5613.44	7.84978e-08	
5614.44	7.84712e-08	
5615.44	7.84447e-08	
5616.44	7.84182e-08	
5617.44	7.83917e-08	
5618.44	7.83652e-08	
5619.44	7.83387e-08	
5620.44	7.83123e-08	
5621.44	7.82858e-08	
5622.44	7.82594e-08	
5623.44	7.8233e-08	
5624.44	7.82066e-08	
5625.44	7.81802e-08	
5626.44	7.81538e-08	
5627.44	7.81274e-08	
5628.44	7.81011e-08	
5629.44	7.80747e-08	
5630.44	7.80484e-08	
5631.44	7.80221e-08	
5632.44	7.79958e-08	
5633.44	7.79695e-08	
5634.44	7.79432e-08	
5635.44	7.7917e-08	
5636.44	7.78907e-08	
5637.44	7.78645e-08	
5638.44	7.78383e-08	
5639.44	7.7812e-08	
5640.44	7.77859e-08	
5641.44	7.77597e-08	
5642.44	7.77335e-08	
5643.44	7.77073e-08	
5644.44	7.76812e-08	
5645.44	7.76551e-08	
5646.44	7.7629e-08	
5647.44	7.76029e-08	
5648.44	7.75768e-08	
5649.44	7.75507e-08	
5650.43	7.75246e-08	
5651.43	7.74986e-08	
5652.43	7.74725e-08	
5653.43	7.74465e-08	
5654.43	7.74205e-08	
5655.43	7.73945e-08	
5656.43	7.73685e-08	
5657.43	7.73425e-08	
5658.43	7.73166e-08	
5659.43	7.72906e-08	
5660.43	7.72647e-08	
5661.43	7.72388e-08	
5662.43	7.72129e-08	
5663.43	7.7187e-08	
5664.43	7.71611e-08	
5665.43	7.71352e-08	
5666.43	7.71094e-08	
5667.43	7.70835e-08	
5668.43	7.70577e-08	
5669.43	7.70319e-08	
5670.43	7.70061e-08	
5671.43	7.69803e-08	
5672.43	7.69545e-08	
5673.43	7.69287e-08	
5674.43	7.6903e-08	
5675.43	7.68772e-08	
5676.43	7.68515e-08	
5677.43	7.68258e-08	
5678.43	7.68001e-08	
5679.43	7.67744e-08	
5680.43	7.67487e-08	
5681.43	7.6723e-08	
5682.43	7.66974e-08	
5683.43	7.66718e-08	
5684.43	7.66461e-08	
5685.43	7.66205e-08	
5686.43	7.65949e-08	
5687.43	7.65693e-08	
5688.43	7.65437e-08	
5689.43	7.65182e-08	
5690.43	7.64926e-08	
5691.43	7.64671e-08	
5692.43	7.64416e-08	
5693.43	7.64161e-08	
5694.43	7.63906e-08	
5695.43	7.63651e-08	
5696.43	7.63396e-08	
5697.43	7.63141e-08	
5698.43	7.62887e-08	
5699.43	7.62633e-08	
5700.43	7.62378e-08	
5701.43	7.62124e-08	
5702.43	7.6187e-08	
5703.43	7.61616e-08	
5704.43	7.61363e-08	
5705.43	7.61109e-08	
5706.43	7.60856e-08	
5707.43	7.60602e-08	
5708.43	7.60349e-08	
5709.43	7.60096e-08	
5710.43	7.59843e-08	
5711.43	7.5959e-08	
5712.43	7.59337e-08	
5713.43	7.59085e-08	
5714.43	7.58832e-08	
5715.43	7.5858e-08	
5716.43	7.58328e-08	
5717.43	7.58076e-08	
5718.43	7.57824e-08	
5719.43	7.57572e-08	
5720.43	7.5732e-08	
5721.43	7.57069e-08	
5722.43	7.56817e-08	
5723.43	7.56566e-08	
5724.43	7.56315e-08	
5725.43	7.56063e-08	
5726.43	7.55812e-08	
5727.43	7.55562e-08	
5728.43	7.55311e-08	
5729.43	7.5506e-08	
5730.43	7.5481e-08	
5731.43	7.54559e-08	
5732.43	7.54309e-08	
5733.43	7.54059e-08	
5734.43	7.53809e-08	
5735.43	7.53559e-08	
5736.43	7.53309e-08	
5737.43	7.5306e-08	
5738.43	7.5281e-08	
5739.43	7.52561e-08	
5740.43	7.52312e-08	
5741.43	7.52063e-08	
5742.43	7.51814e-08	
5743.43	7.51565e-08	
5744.43	7.51316e-08	
5745.43	7.51067e-08	
5746.43	7.50819e-08	
5747.43	7.5057e-08	
5748.43	7.50322e-08	
5749.43	7.50074e-08	
5750.42	7.49826e-08	
5751.42	7.49578e-08	
5752.42	7.4933e-08	
5753.42	7.49083e-08	
5754.42	7.48835e-08	
5755.42	7.48588e-08	
5756.42	7.4834e-08	
5757.42	7.48093e-08	
5758.42	7.47846e-08	
5759.42	7.47599e-08	
5760.42	7.47352e-08	
5761.42	7.47106e-08	
5762.42	7.46859e-08	
5763.42	7.46613e-08	
5764.42	7.46366e-08	
5765.42	7.4612e-08	
5766.42	7.45874e-08	
5767.42	7.45628e-08	
5768.42	7.45382e-08	
5769.42	7.45137e-08	
5770.42	7.44891e-08	
5771.42	7.44646e-08	
5772.42	7.444e-08	
5773.42	7.44155e-08	
5774.42	7.4391e-08	
5775.42	7.43665e-08	
5776.42	7.4342e-08	
5777.42	7.43175e-08	
5778.42	7.42931e-08	
5779.42	7.42686e-08	
5780.42	7.42442e-08	
5781.42	7.42198e-08	
5782.42	7.41953e-08	
5783.42	7.41709e-08	
5784.42	7.41465e-08	
5785.42	7.41222e-08	
5786.42	7.40978e-08	
5787.42	7.40734e-08	
5788.42	7.40491e-08	
5789.42	7.40248e-08	
5790.42	7.40004e-08	
5791.42	7.39761e-08	
5792.42	7.39518e-08	
5793.42	7.39276e-08	
5794.42	7.39033e-08	
5795.42	7.3879e-08	
5796.42	7.38548e-08	
5797.42	7.38305e-08	
5798.42	7.38063e-08	
5799.42	7.37821e-08	
5800.42	7.37579e-08	
5801.42	7.37337e-08	
5802.42	7.37095e-08	
5803.42	7.37217e-08	
5804.42	7.36612e-08	
5805.42	7.36371e-08	
5806.42	7.36129e-08	
5807.42	7.35888e-08	
5808.42	7.35647e-08	
5809.42	7.35406e-08	
5810.42	7.35165e-08	
5811.42	7.34925e-08	
5812.42	7.34684e-08	
5813.42	7.34444e-08	
5814.42	7.34203e-08	
5815.42	7.33963e-08	
5816.42	7.33723e-08	
5817.42	7.33483e-08	
5818.42	7.33243e-08	
5819.42	7.33003e-08	
5820.42	7.32763e-08	
5821.42	7.32524e-08	
5822.42	7.32284e-08	
5823.42	7.32045e-08	
5824.42	7.31806e-08	
5825.42	7.31567e-08	
5826.42	7.31328e-08	
5827.42	7.31089e-08	
5828.42	7.3085e-08	
5829.42	7.30612e-08	
5830.42	7.30373e-08	
5831.42	7.30135e-08	
5832.42	7.29897e-08	
5833.42	7.29658e-08	
5834.42	7.2942e-08	
5835.42	7.29182e-08	
5836.42	7.28945e-08	
5837.42	7.28707e-08	
5838.42	7.28469e-08	
5839.42	7.28232e-08	
5840.42	7.27995e-08	
5841.42	7.27757e-08	
5842.42	7.2752e-08	
5843.42	7.27283e-08	
5844.42	7.27046e-08	
5845.42	7.2681e-08	
5846.42	7.26573e-08	
5847.42	7.26336e-08	
5848.42	7.261e-08	
5849.42	7.25864e-08	
5850.41	7.25627e-08	
5851.41	7.25391e-08	
5852.41	7.25155e-08	
5853.41	7.24919e-08	
5854.41	7.24684e-08	
5855.41	7.24448e-08	
5856.41	7.24213e-08	
5857.41	7.23977e-08	
5858.41	7.23742e-08	
5859.41	7.23507e-08	
5860.41	7.23272e-08	
5861.41	7.23037e-08	
5862.41	7.22802e-08	
5863.41	7.22567e-08	
5864.41	7.22333e-08	
5865.41	7.22098e-08	
5866.41	7.21864e-08	
5867.41	7.2163e-08	
5868.41	7.21395e-08	
5869.41	7.21161e-08	
5870.41	7.20927e-08	
5871.41	7.20694e-08	
5872.41	7.2046e-08	
5873.41	7.20226e-08	
5874.41	7.19993e-08	
5875.41	7.1976e-08	
5876.41	7.19526e-08	
5877.41	7.19293e-08	
5878.41	7.1906e-08	
5879.41	7.18827e-08	
5880.41	7.18594e-08	
5881.41	7.18362e-08	
5882.41	7.18129e-08	
5883.41	7.17897e-08	
5884.41	7.17664e-08	
5885.41	7.17432e-08	
5886.41	7.172e-08	
5887.41	7.16968e-08	
5888.41	7.16736e-08	
5889.41	7.16504e-08	
5890.41	7.16273e-08	
5891.41	7.16043e-08	
5892.41	7.15811e-08	
5893.41	7.1558e-08	
5894.41	7.15349e-08	
5895.41	7.15117e-08	
5896.41	7.14886e-08	
5897.41	7.14656e-08	
5898.41	7.14425e-08	
5899.41	7.14194e-08	
5900.41	7.13964e-08	
5901.41	7.13733e-08	
5902.41	7.13503e-08	
5903.41	7.13272e-08	
5904.41	7.13042e-08	
5905.41	7.12812e-08	
5906.41	7.12582e-08	
5907.41	7.12353e-08	
5908.41	7.12123e-08	
5909.41	7.11893e-08	
5910.41	7.11664e-08	
5911.41	7.11435e-08	
5912.41	7.11205e-08	
5913.41	7.10976e-08	
5914.41	7.10747e-08	
5915.41	7.10517e-08	
5916.41	7.10288e-08	
5917.41	7.10059e-08	
5918.41	7.09831e-08	
5919.41	7.09602e-08	
5920.41	7.09374e-08	
5921.41	7.09146e-08	
5922.41	7.08918e-08	
5923.41	7.0869e-08	
5924.41	7.08462e-08	
5925.41	7.08234e-08	
5926.41	7.08006e-08	
5927.41	7.07779e-08	
5928.41	7.07551e-08	
5929.41	7.07324e-08	
5930.41	7.07096e-08	
5931.41	7.06869e-08	
5932.41	7.06642e-08	
5933.41	7.06415e-08	
5934.41	7.06188e-08	
5935.41	7.05962e-08	
5936.41	7.05735e-08	
5937.41	7.05509e-08	
5938.41	7.05282e-08	
5939.41	7.05056e-08	
5940.41	7.0483e-08	
5941.41	7.04604e-08	
5942.41	7.04378e-08	
5943.41	7.04152e-08	
5944.41	7.03926e-08	
5945.41	7.037e-08	
5946.41	7.03475e-08	
5947.41	7.03249e-08	
5948.41	7.03024e-08	
5949.41	7.02799e-08	
5950.4	7.02574e-08	
5951.4	7.02349e-08	
5952.4	7.02124e-08	
5953.4	7.01899e-08	
5954.4	7.01674e-08	
5955.4	7.0145e-08	
5956.4	7.01225e-08	
5957.4	7.01001e-08	
5958.4	7.00777e-08	
5959.4	7.00553e-08	
5960.4	7.00329e-08	
5961.4	7.00105e-08	
5962.4	6.99881e-08	
5963.4	6.99657e-08	
5964.4	6.99434e-08	
5965.4	6.9921e-08	
5966.4	6.98987e-08	
5967.4	6.98763e-08	
5968.4	6.9854e-08	
5969.4	6.98317e-08	
5970.4	6.98094e-08	
5971.4	6.97871e-08	
5972.4	6.97649e-08	
5973.4	6.97426e-08	
5974.4	6.97203e-08	
5975.4	6.96981e-08	
5976.4	6.96759e-08	
5977.4	6.96536e-08	
5978.4	6.96314e-08	
5979.4	6.96092e-08	
5980.4	6.9587e-08	
5981.4	6.95648e-08	
5982.4	6.95427e-08	
5983.4	6.95205e-08	
5984.4	6.94984e-08	
5985.4	6.94762e-08	
5986.4	6.94541e-08	
5987.4	6.9432e-08	
5988.4	6.94099e-08	
5989.4	6.93878e-08	
5990.4	6.93657e-08	
5991.4	6.93436e-08	
5992.4	6.93215e-08	
5993.4	6.92995e-08	
5994.4	6.92774e-08	
5995.4	6.92554e-08	
5996.4	6.92334e-08	
5997.4	6.92114e-08	
5998.4	6.91894e-08	
5999.4	6.91674e-08	
6000.4	6.91454e-08	
6001.4	6.91234e-08	
6002.4	6.91015e-08	
6003.4	6.90795e-08	
6004.4	6.90576e-08	
6005.4	6.90356e-08	
6006.4	6.90137e-08	
6007.4	6.89918e-08	
6008.4	6.89699e-08	
6009.4	6.8948e-08	
6010.4	6.89262e-08	
6011.4	6.89043e-08	
6012.4	6.88824e-08	
6013.4	6.88606e-08	
6014.4	6.88387e-08	
6015.4	6.88169e-08	
6016.4	6.87951e-08	
6017.4	6.87733e-08	
6018.4	6.87515e-08	
6019.4	6.87297e-08	
6020.4	6.87079e-08	
6021.4	6.86862e-08	
6022.4	6.86644e-08	
6023.4	6.86427e-08	
6024.4	6.86209e-08	
6025.4	6.85992e-08	
6026.4	6.85775e-08	
6027.4	6.85558e-08	
6028.4	6.85341e-08	
6029.4	6.85124e-08	
6030.4	6.84908e-08	
6031.4	6.84691e-08	
6032.4	6.84474e-08	
6033.4	6.84258e-08	
6034.4	6.84042e-08	
6035.4	6.83825e-08	
6036.4	6.83609e-08	
6037.4	6.83393e-08	
6038.4	6.83177e-08	
6039.4	6.82962e-08	
6040.4	6.82746e-08	
6041.4	6.8253e-08	
6042.4	6.82315e-08	
6043.4	6.82099e-08	
6044.4	6.81884e-08	
6045.4	6.88706e-08	
6046.4	6.81454e-08	
6047.4	6.81239e-08	
6048.4	6.81024e-08	
6049.4	6.80809e-08	
6050.39	6.80594e-08	
6051.39	6.8038e-08	
6052.39	6.80165e-08	
6053.39	6.79951e-08	
6054.39	6.79737e-08	
6055.39	6.79522e-08	
6056.39	6.79308e-08	
6057.39	6.79094e-08	
6058.39	6.7888e-08	
6059.39	6.78667e-08	
6060.39	6.78453e-08	
6061.39	6.78239e-08	
6062.39	6.78026e-08	
6063.39	6.77812e-08	
6064.39	6.77599e-08	
6065.39	6.77386e-08	
6066.39	6.77173e-08	
6067.39	6.7696e-08	
6068.39	6.76747e-08	
6069.39	6.76534e-08	
6070.39	6.76322e-08	
6071.39	6.76109e-08	
6072.39	6.75896e-08	
6073.39	6.75684e-08	
6074.39	6.75472e-08	
6075.39	6.7526e-08	
6076.39	6.75047e-08	
6077.39	6.74835e-08	
6078.39	6.74624e-08	
6079.39	6.74412e-08	
6080.39	6.742e-08	
6081.39	6.73988e-08	
6082.39	6.73777e-08	
6083.39	6.73566e-08	
6084.39	6.73354e-08	
6085.39	6.73143e-08	
6086.39	6.72932e-08	
6087.39	6.72721e-08	
6088.39	6.7251e-08	
6089.39	6.72299e-08	
6090.39	6.72089e-08	
6091.39	6.71878e-08	
6092.39	6.71667e-08	
6093.39	6.71457e-08	
6094.39	6.71247e-08	
6095.39	6.71036e-08	
6096.39	6.70826e-08	
6097.39	6.70616e-08	
6098.39	6.70406e-08	
6099.39	6.70197e-08	
6100.39	6.69987e-08	
6101.39	6.69777e-08	
6102.39	6.69568e-08	
6103.39	6.69358e-08	
6104.39	6.69149e-08	
6105.39	6.6894e-08	
6106.39	6.6873e-08	
6107.39	6.68521e-08	
6108.39	6.68312e-08	
6109.39	6.68104e-08	
6110.39	6.67895e-08	
6111.39	6.67686e-08	
6112.39	6.67478e-08	
6113.39	6.67269e-08	
6114.39	6.67061e-08	
6115.39	6.66853e-08	
6116.39	6.66644e-08	
6117.39	6.66436e-08	
6118.39	6.66228e-08	
6119.39	6.6602e-08	
6120.39	6.65813e-08	
6121.39	6.65605e-08	
6122.39	6.65397e-08	
6123.39	6.6519e-08	
6124.39	6.65014e-08	
6125.39	6.64807e-08	
6126.39	6.646e-08	
6127.39	6.64393e-08	
6128.39	6.64154e-08	
6129.39	6.63947e-08	
6130.39	6.6374e-08	
6131.39	6.63533e-08	
6132.39	6.63327e-08	
6133.39	6.6312e-08	
6134.39	6.62914e-08	
6135.39	6.62707e-08	
6136.39	6.62501e-08	
6137.39	6.62295e-08	
6138.39	6.62089e-08	
6139.39	6.61883e-08	
6140.39	6.61677e-08	
6141.39	6.61471e-08	
6142.39	6.61266e-08	
6143.39	6.6106e-08	
6144.39	6.60855e-08	
6145.39	6.60649e-08	
6146.39	6.60444e-08	
6147.39	6.60239e-08	
6148.39	6.60034e-08	
6149.39	6.59829e-08	
6150.38	6.59624e-08	
6151.38	6.59419e-08	
6152.38	6.59214e-08	
6153.38	6.5901e-08	
6154.38	6.58805e-08	
6155.38	6.58601e-08	
6156.38	6.58396e-08	
6157.38	6.58192e-08	
6158.38	6.57988e-08	
6159.38	6.57784e-08	
6160.38	6.5758e-08	
6161.38	6.57376e-08	
6162.38	6.57172e-08	
6163.38	6.56968e-08	
6164.38	6.56765e-08	
6165.38	6.56561e-08	
6166.38	6.56358e-08	
6167.38	6.56155e-08	
6168.38	6.55951e-08	
6169.38	6.55748e-08	
6170.38	6.55545e-08	
6171.38	6.55342e-08	
6172.38	6.55139e-08	
6173.38	6.54937e-08	
6174.38	6.54734e-08	
6175.38	6.54531e-08	
6176.38	6.54329e-08	
6177.38	6.54127e-08	
6178.38	6.53924e-08	
6179.38	6.53722e-08	
6180.38	6.5352e-08	
6181.38	6.53318e-08	
6182.38	6.53116e-08	
6183.38	6.52914e-08	
6184.38	6.52713e-08	
6185.38	6.52511e-08	
6186.38	6.52309e-08	
6187.38	6.52108e-08	
6188.38	6.51907e-08	
6189.38	6.51705e-08	
6190.38	6.51504e-08	
6191.38	6.51303e-08	
6192.38	6.51102e-08	
6193.38	6.50901e-08	
6194.38	6.507e-08	
6195.38	6.505e-08	
6196.38	6.50299e-08	
6197.38	6.50099e-08	
6198.38	6.49898e-08	
6199.38	6.49698e-08	
6200.38	6.49498e-08	
6201.38	6.49297e-08	
6202.38	6.49097e-08	
6203.38	6.48897e-08	
6204.38	6.48697e-08	
6205.38	6.48498e-08	
6206.38	6.48298e-08	
6207.38	6.48098e-08	
6208.38	6.47899e-08	
6209.38	6.47699e-08	
6210.38	6.475e-08	
6211.38	6.47301e-08	
6212.38	6.47102e-08	
6213.38	6.46903e-08	
6214.38	6.46704e-08	
6215.38	6.46505e-08	
6216.38	6.46306e-08	
6217.38	6.46107e-08	
6218.38	6.45909e-08	
6219.38	6.4571e-08	
6220.38	6.45512e-08	
6221.38	6.45314e-08	
6222.38	6.45115e-08	
6223.38	6.44917e-08	
6224.38	6.44719e-08	
6225.38	6.44521e-08	
6226.38	6.44323e-08	
6227.38	6.44125e-08	
6228.38	6.43928e-08	
6229.38	6.4373e-08	
6230.38	6.43533e-08	
6231.38	6.43335e-08	
6232.38	6.43138e-08	
6233.38	6.42941e-08	
6234.38	6.42743e-08	
6235.38	6.42546e-08	
6236.38	6.42349e-08	
6237.38	6.42153e-08	
6238.38	6.41956e-08	
6239.38	6.41759e-08	
6240.38	6.41562e-08	
6241.38	6.41366e-08	
6242.38	6.41169e-08	
6243.38	6.40973e-08	
6244.38	6.40777e-08	
6245.38	6.40581e-08	
6246.38	6.40385e-08	
6247.38	6.40189e-08	
6248.38	6.39993e-08	
6249.38	6.39797e-08	
6250.37	6.39601e-08	
6251.37	6.39406e-08	
6252.37	6.3921e-08	
6253.37	6.39015e-08	
6254.37	6.38819e-08	
6255.37	6.38624e-08	
6256.37	6.38429e-08	
6257.37	6.38234e-08	
6258.37	6.38039e-08	
6259.37	6.37844e-08	
6260.37	6.37649e-08	
6261.37	6.37454e-08	
6262.37	6.3726e-08	
6263.37	6.37065e-08	
6264.37	6.36871e-08	
6265.37	6.36676e-08	
6266.37	6.36482e-08	
6267.37	6.36288e-08	
6268.37	6.36094e-08	
6269.37	6.35899e-08	
6270.37	6.35706e-08	
6271.37	6.35512e-08	
6272.37	6.35318e-08	
6273.37	6.35124e-08	
6274.37	6.34931e-08	
6275.37	6.34737e-08	
6276.37	6.34544e-08	
6277.37	6.3435e-08	
6278.37	6.34157e-08	
6279.37	6.33964e-08	
6280.37	6.33771e-08	
6281.37	6.33578e-08	
6282.37	6.33385e-08	
6283.37	6.33192e-08	
6284.37	6.33e-08	
6285.37	6.32807e-08	
6286.37	6.32614e-08	
6287.37	6.32422e-08	
6288.37	6.3223e-08	
6289.37	6.32037e-08	
6290.37	6.31845e-08	
6291.37	6.31653e-08	
6292.37	6.31461e-08	
6293.37	6.31269e-08	
6294.37	6.31077e-08	
6295.37	6.30885e-08	
6296.37	6.30694e-08	
6297.37	6.30502e-08	
6298.37	6.30311e-08	
6299.37	6.30119e-08	
6300.37	6.29928e-08	
6301.37	6.29737e-08	
6302.37	6.29546e-08	
6303.37	6.29354e-08	
6304.37	6.29164e-08	
6305.37	6.28973e-08	
6306.37	6.28782e-08	
6307.37	6.28591e-08	
6308.37	6.284e-08	
6309.37	6.2821e-08	
6310.37	6.28019e-08	
6311.37	6.27829e-08	
6312.37	6.27639e-08	
6313.37	6.27449e-08	
6314.37	6.27258e-08	
6315.37	6.27068e-08	
6316.37	6.26878e-08	
6317.37	6.26689e-08	
6318.37	6.26499e-08	
6319.37	6.26309e-08	
6320.37	6.2612e-08	
6321.37	6.2593e-08	
6322.37	6.25741e-08	
6323.37	6.25551e-08	
6324.37	6.25362e-08	
6325.37	6.25173e-08	
6326.37	6.24984e-08	
6327.37	6.24795e-08	
6328.37	6.24606e-08	
6329.37	6.24417e-08	
6330.37	6.24228e-08	
6331.37	6.2404e-08	
6332.37	6.23851e-08	
6333.37	6.23662e-08	
6334.37	6.23474e-08	
6335.37	6.23286e-08	
6336.37	6.23098e-08	
6337.37	6.22909e-08	
6338.37	6.22721e-08	
6339.37	6.22533e-08	
6340.37	6.22345e-08	
6341.37	6.22158e-08	
6342.37	6.2197e-08	
6343.37	6.21782e-08	
6344.37	6.21595e-08	
6345.37	6.21407e-08	
6346.37	6.2122e-08	
6347.37	6.21032e-08	
6348.37	6.20845e-08	
6349.37	6.20658e-08	
6350.36	6.20471e-08	
6351.36	6.20284e-08	
6352.36	6.20097e-08	
6353.36	6.1991e-08	
6354.36	6.19724e-08	
6355.36	6.19537e-08	
6356.36	6.1935e-08	
6357.36	6.19164e-08	
6358.36	6.18978e-08	
6359.36	6.18791e-08	
6360.36	6.18605e-08	
6361.36	6.18419e-08	
6362.36	6.18233e-08	
6363.36	6.18047e-08	
6364.36	6.17861e-08	
6365.36	6.17675e-08	
6366.36	6.17489e-08	
6367.36	6.17304e-08	
6368.36	6.17118e-08	
6369.36	6.16933e-08	
6370.36	6.16747e-08	
6371.36	6.16562e-08	
6372.36	6.16377e-08	
6373.36	6.16192e-08	
6374.36	6.16007e-08	
6375.36	6.15822e-08	
6376.36	6.15637e-08	
6377.36	6.15452e-08	
6378.36	6.15267e-08	
6379.36	6.15083e-08	
6380.36	6.14898e-08	
6381.36	6.14714e-08	
6382.36	6.14529e-08	
6383.36	6.14345e-08	
6384.36	6.14161e-08	
6385.36	6.13976e-08	
6386.36	6.13792e-08	
6387.36	6.13608e-08	
6388.36	6.13424e-08	
6389.36	6.13241e-08	
6390.36	6.13057e-08	
6391.36	6.12873e-08	
6392.36	6.1269e-08	
6393.36	6.12506e-08	
6394.36	6.12323e-08	
6395.36	6.12139e-08	
6396.36	6.11956e-08	
6397.36	6.11773e-08	
6398.36	6.1159e-08	
6399.36	6.11407e-08	
6400.36	6.11225e-08	
6401.36	6.11042e-08	
6402.36	6.1086e-08	
6403.36	6.10677e-08	
6404.36	6.10494e-08	
6405.36	6.10312e-08	
6406.36	6.10129e-08	
6407.36	6.09947e-08	
6408.36	6.09765e-08	
6409.36	6.09602e-08	
6410.36	6.0942e-08	
6411.36	6.09238e-08	
6412.36	6.09056e-08	
6413.36	6.08874e-08	
6414.36	6.08673e-08	
6415.36	6.08491e-08	
6416.36	6.0831e-08	
6417.36	6.08128e-08	
6418.36	6.07947e-08	
6419.36	6.07765e-08	
6420.36	6.07584e-08	
6421.36	6.07403e-08	
6422.36	6.07222e-08	
6423.36	6.07041e-08	
6424.36	6.0686e-08	
6425.36	6.06679e-08	
6426.36	6.06498e-08	
6427.36	6.06317e-08	
6428.36	6.06136e-08	
6429.36	6.05956e-08	
6430.36	6.05775e-08	
6431.36	6.05595e-08	
6432.36	6.05415e-08	
6433.36	6.05234e-08	
6434.36	6.05054e-08	
6435.36	6.04874e-08	
6436.36	6.04694e-08	
6437.36	6.04514e-08	
6438.36	6.04334e-08	
6439.36	6.04155e-08	
6440.36	6.03975e-08	
6441.36	6.03795e-08	
6442.36	6.03616e-08	
6443.36	6.03436e-08	
6444.36	6.03257e-08	
6445.36	6.03078e-08	
6446.36	6.02898e-08	
6447.36	6.02719e-08	
6448.36	6.0254e-08	
6449.36	6.02361e-08	
6450.35	6.02182e-08	
6451.35	6.02003e-08	
6452.35	6.01825e-08	
6453.35	6.01646e-08	
6454.35	6.01467e-08	
6455.35	6.01289e-08	
6456.35	6.01111e-08	
6457.35	6.00932e-08	
6458.35	6.00754e-08	
6459.35	6.00576e-08	
6460.35	6.00398e-08	
6461.35	6.0022e-08	
6462.35	6.00042e-08	
6463.35	5.99864e-08	
6464.35	5.99685e-08	
6465.35	5.99507e-08	
6466.35	5.99329e-08	
6467.35	5.99152e-08	
6468.35	5.98974e-08	
6469.35	5.98797e-08	
6470.35	5.98619e-08	
6471.35	5.98442e-08	
6472.35	5.98265e-08	
6473.35	5.98088e-08	
6474.35	5.97911e-08	
6475.35	5.97734e-08	
6476.35	5.97557e-08	
6477.35	5.9738e-08	
6478.35	5.97204e-08	
6479.35	5.97027e-08	
6480.35	5.9685e-08	
6481.35	5.96674e-08	
6482.35	5.96498e-08	
6483.35	5.96321e-08	
6484.35	5.96145e-08	
6485.35	5.95969e-08	
6486.35	5.95793e-08	
6487.35	5.95617e-08	
6488.35	5.95441e-08	
6489.35	5.95265e-08	
6490.35	5.95089e-08	
6491.35	5.94914e-08	
6492.35	5.94738e-08	
6493.35	5.94562e-08	
6494.35	5.94387e-08	
6495.35	5.94212e-08	
6496.35	5.94036e-08	
6497.35	5.93861e-08	
6498.35	5.93686e-08	
6499.35	5.93511e-08	
6500.35	5.93336e-08	
6501.35	5.93161e-08	
6502.35	5.92986e-08	
6503.35	5.92811e-08	
6504.35	5.92637e-08	
6505.35	5.92462e-08	
6506.35	5.92287e-08	
6507.35	5.92113e-08	
6508.35	5.91939e-08	
6509.35	5.91764e-08	
6510.35	5.9159e-08	
6511.35	5.91416e-08	
6512.35	5.91242e-08	
6513.35	5.91068e-08	
6514.35	5.90894e-08	
6515.35	5.9072e-08	
6516.35	5.90546e-08	
6517.35	5.90372e-08	
6518.35	5.90199e-08	
6519.35	5.90025e-08	
6520.35	5.89852e-08	
6521.35	5.89678e-08	
6522.35	5.89505e-08	
6523.35	5.89332e-08	
6524.35	5.89159e-08	
6525.35	5.88986e-08	
6526.35	5.88813e-08	
6527.35	5.8864e-08	
6528.35	5.88467e-08	
6529.35	5.88294e-08	
6530.35	5.88121e-08	
6531.35	5.87949e-08	
6532.35	5.87776e-08	
6533.35	5.87604e-08	
6534.35	5.87431e-08	
6535.35	5.87259e-08	
6536.35	5.87087e-08	
6537.35	5.86914e-08	
6538.35	5.86742e-08	
6539.35	5.8657e-08	
6540.35	5.86398e-08	
6541.35	5.86226e-08	
6542.35	5.86055e-08	
6543.35	5.85883e-08	
6544.35	5.85711e-08	
6545.35	5.8554e-08	
6546.35	5.85368e-08	
6547.35	5.85197e-08	
6548.35	5.85025e-08	
6549.35	5.84854e-08	
6550.34	5.84683e-08	
6551.34	5.84512e-08	
6552.34	5.84341e-08	
6553.34	5.8417e-08	
6554.34	5.83999e-08	
6555.34	5.83828e-08	
6556.34	5.83657e-08	
6557.34	5.83486e-08	
6558.34	5.83316e-08	
6559.34	5.83145e-08	
6560.34	5.82975e-08	
6561.34	5.82804e-08	
6562.34	5.82634e-08	
6563.34	5.82464e-08	
6564.34	5.82294e-08	
6565.34	5.82124e-08	
6566.34	5.81954e-08	
6567.34	5.81784e-08	
6568.34	5.81614e-08	
6569.34	5.81444e-08	
6570.34	5.81274e-08	
6571.34	5.81105e-08	
6572.34	5.80935e-08	
6573.34	5.80765e-08	
6574.34	5.80596e-08	
6575.34	5.80427e-08	
6576.34	5.80257e-08	
6577.34	5.80088e-08	
6578.34	5.79919e-08	
6579.34	5.7975e-08	
6580.34	5.79581e-08	
6581.34	5.79412e-08	
6582.34	5.79243e-08	
6583.34	5.79075e-08	
6584.34	5.78906e-08	
6585.34	5.78737e-08	
6586.34	5.78569e-08	
6587.34	5.784e-08	
6588.34	5.78232e-08	
6589.34	5.78063e-08	
6590.34	5.77895e-08	
6591.34	5.77727e-08	
6592.34	5.77559e-08	
6593.34	5.77391e-08	
6594.34	5.77223e-08	
6595.34	5.77055e-08	
6596.34	5.76887e-08	
6597.34	5.76719e-08	
6598.34	5.76552e-08	
6599.34	5.76384e-08	
6600.34	5.76217e-08	
6601.34	5.76049e-08	
6602.34	5.75882e-08	
6603.34	5.75714e-08	
6604.34	5.75547e-08	
6605.34	5.7538e-08	
6606.34	5.75213e-08	
6607.34	5.75046e-08	
6608.34	5.74879e-08	
6609.34	5.74712e-08	
6610.34	5.74545e-08	
6611.34	5.74379e-08	
6612.34	5.74212e-08	
6613.34	5.74045e-08	
6614.34	5.73879e-08	
6615.34	5.73712e-08	
6616.34	5.73546e-08	
6617.34	5.7338e-08	
6618.34	5.73213e-08	
6619.34	5.73047e-08	
6620.34	5.72881e-08	
6621.34	5.72715e-08	
6622.34	5.72549e-08	
6623.34	5.72383e-08	
6624.34	5.72218e-08	
6625.34	5.72052e-08	
6626.34	5.71886e-08	
6627.34	5.71721e-08	
6628.34	5.71555e-08	
6629.34	5.7139e-08	
6630.34	5.71224e-08	
6631.34	5.71059e-08	
6632.34	5.70894e-08	
6633.34	5.70729e-08	
6634.34	5.70564e-08	
6635.34	5.70398e-08	
6636.34	5.70234e-08	
6637.34	5.70069e-08	
6638.34	5.69904e-08	
6639.34	5.69739e-08	
6640.34	5.69574e-08	
6641.34	5.6941e-08	
6642.34	5.69245e-08	
6643.34	5.69081e-08	
6644.34	5.68917e-08	
6645.34	5.68756e-08	
6646.34	5.68592e-08	
6647.34	5.68428e-08	
6648.34	5.68264e-08	
6649.34	5.681e-08	
6650.33	5.67936e-08	
6651.33	5.67772e-08	
6652.33	5.67608e-08	
6653.33	5.67444e-08	
6654.33	5.67281e-08	
6655.33	5.67117e-08	
6656.33	5.66954e-08	
6657.33	5.6679e-08	
6658.33	5.66627e-08	
6659.33	5.66463e-08	
6660.33	5.663e-08	
6661.33	5.66133e-08	
6662.33	5.6597e-08	
6663.33	5.65807e-08	
6664.33	5.65644e-08	
6665.33	5.65481e-08	
6666.33	5.65318e-08	
6667.33	5.65155e-08	
6668.33	5.64993e-08	
6669.33	5.6483e-08	
6670.33	5.64668e-08	
6671.33	5.64505e-08	
6672.33	5.64343e-08	
6673.33	5.6418e-08	
6674.33	5.64018e-08	
6675.33	5.63856e-08	
6676.33	5.63694e-08	
6677.33	5.63532e-08	
6678.33	5.6337e-08	
6679.33	5.63208e-08	
6680.33	5.63046e-08	
6681.33	5.62884e-08	
6682.33	5.62722e-08	
6683.33	5.62561e-08	
6684.33	5.62399e-08	
6685.33	5.62238e-08	
6686.33	5.62076e-08	
6687.33	5.61915e-08	
6688.33	5.61754e-08	
6689.33	5.61592e-08	
6690.33	5.61431e-08	
6691.33	5.6127e-08	
6692.33	5.61109e-08	
6693.33	5.60948e-08	
6694.33	5.60787e-08	
6695.33	5.60626e-08	
6696.33	5.60466e-08	
6697.33	5.60305e-08	
6698.33	5.60144e-08	
6699.33	5.59984e-08	
6700.33	5.59823e-08	
6701.33	5.59663e-08	
6702.33	5.59503e-08	
6703.33	5.59342e-08	
6704.33	5.59182e-08	
6705.33	5.59022e-08	
6706.33	5.58862e-08	
6707.33	5.58702e-08	
6708.33	5.58542e-08	
6709.33	5.58382e-08	
6710.33	5.58222e-08	
6711.33	5.58063e-08	
6712.33	5.57903e-08	
6713.33	5.57743e-08	
6714.33	5.57584e-08	
6715.33	5.57424e-08	
6716.33	5.57265e-08	
6717.33	5.57106e-08	
6718.33	5.56946e-08	
6719.33	5.56787e-08	
6720.33	5.56628e-08	
6721.33	5.56469e-08	
6722.33	5.5631e-08	
6723.33	5.56151e-08	
6724.33	5.55992e-08	
6725.33	5.55834e-08	
6726.33	5.55675e-08	
6727.33	5.55516e-08	
6728.33	5.55358e-08	
6729.33	5.55199e-08	
6730.33	5.55041e-08	
6731.33	5.54882e-08	
6732.33	5.54724e-08	
6733.33	5.54566e-08	
6734.33	5.54408e-08	
6735.33	5.5425e-08	
6736.33	5.54092e-08	
6737.33	5.53934e-08	
6738.33	5.53776e-08	
6739.33	5.53618e-08	
6740.33	5.5346e-08	
6741.33	5.53302e-08	
6742.33	5.53145e-08	
6743.33	5.52987e-08	
6744.33	5.5283e-08	
6745.33	5.52672e-08	
6746.33	5.52515e-08	
6747.33	5.52358e-08	
6748.33	5.522e-08	
6749.33	5.52043e-08	
6750.32	5.51886e-08	
6751.32	5.51729e-08	
6752.32	5.51572e-08	
6753.32	5.51415e-08	
6754.32	5.51258e-08	
6755.32	5.51102e-08	
6756.32	5.50945e-08	
6757.32	5.50788e-08	
6758.32	5.50632e-08	
6759.32	5.50475e-08	
6760.32	5.50319e-08	
6761.32	5.50162e-08	
6762.32	5.50006e-08	
6763.32	5.4985e-08	
6764.32	5.49694e-08	
6765.32	5.49538e-08	
6766.32	5.49382e-08	
6767.32	5.49226e-08	
6768.32	5.4907e-08	
6769.32	5.48914e-08	
6770.32	5.48758e-08	
6771.32	5.48602e-08	
6772.32	5.48447e-08	
6773.32	5.48291e-08	
6774.32	5.48136e-08	
6775.32	5.4798e-08	
6776.32	5.47825e-08	
6777.32	5.4767e-08	
6778.32	5.47514e-08	
6779.32	5.47359e-08	
6780.32	5.47204e-08	
6781.32	5.47049e-08	
6782.32	5.46894e-08	
6783.32	5.46739e-08	
6784.32	5.46584e-08	
6785.32	5.46429e-08	
6786.32	5.46275e-08	
6787.32	5.4612e-08	
6788.32	5.45966e-08	
6789.32	5.45811e-08	
6790.32	5.45657e-08	
6791.32	5.45502e-08	
6792.32	5.45348e-08	
6793.32	5.45194e-08	
6794.32	5.45039e-08	
6795.32	5.44885e-08	
6796.32	5.44731e-08	
6797.32	5.44577e-08	
6798.32	5.44423e-08	
6799.32	5.44269e-08	
6800.32	5.44116e-08	
6801.32	5.43962e-08	
6802.32	5.43808e-08	
6803.32	5.43654e-08	
6804.32	5.43501e-08	
6805.32	5.43347e-08	
6806.32	5.43194e-08	
6807.32	5.43041e-08	
6808.32	5.42887e-08	
6809.32	5.42734e-08	
6810.32	5.42581e-08	
6811.32	5.42428e-08	
6812.32	5.42275e-08	
6813.32	5.42122e-08	
6814.32	5.41969e-08	
6815.32	5.41816e-08	
6816.32	5.41663e-08	
6817.32	5.41511e-08	
6818.32	5.41358e-08	
6819.32	5.41205e-08	
6820.32	5.41053e-08	
6821.32	5.409e-08	
6822.32	5.40748e-08	
6823.32	5.40596e-08	
6824.32	5.40443e-08	
6825.32	5.40291e-08	
6826.32	5.40139e-08	
6827.32	5.39987e-08	
6828.32	5.39835e-08	
6829.32	5.39683e-08	
6830.32	5.39531e-08	
6831.32	5.39379e-08	
6832.32	5.39228e-08	
6833.32	5.39076e-08	
6834.32	5.38924e-08	
6835.32	5.38773e-08	
6836.32	5.38621e-08	
6837.32	5.3847e-08	
6838.32	5.38318e-08	
6839.32	5.38167e-08	
6840.32	5.38016e-08	
6841.32	5.37865e-08	
6842.32	5.37714e-08	
6843.32	5.37563e-08	
6844.32	5.37412e-08	
6845.32	5.37261e-08	
6846.32	5.3711e-08	
6847.32	5.36959e-08	
6848.32	5.36808e-08	
6849.32	5.36657e-08	
6850.31	5.36507e-08	
6851.31	5.36356e-08	
6852.31	5.36206e-08	
6853.31	5.36055e-08	
6854.31	5.35905e-08	
6855.31	5.35755e-08	
6856.31	5.35605e-08	
6857.31	5.35454e-08	
6858.31	5.35304e-08	
6859.31	5.35154e-08	
6860.31	5.35004e-08	
6861.31	5.34854e-08	
6862.31	5.34704e-08	
6863.31	5.34555e-08	
6864.31	5.34405e-08	
6865.31	5.34255e-08	
6866.31	5.34106e-08	
6867.31	5.33956e-08	
6868.31	5.33807e-08	
6869.31	5.33657e-08	
6870.31	5.33508e-08	
6871.31	5.33358e-08	
6872.31	5.33209e-08	
6873.31	5.3306e-08	
6874.31	5.32911e-08	
6875.31	5.32762e-08	
6876.31	5.32613e-08	
6877.31	5.32464e-08	
6878.31	5.32315e-08	
6879.31	5.32166e-08	
6880.31	5.32018e-08	
6881.31	5.31869e-08	
6882.31	5.3172e-08	
6883.31	5.31572e-08	
6884.31	5.31423e-08	
6885.31	5.31275e-08	
6886.31	5.31126e-08	
6887.31	5.30978e-08	
6888.31	5.3083e-08	
6889.31	5.30682e-08	
6890.31	5.30534e-08	
6891.31	5.30386e-08	
6892.31	5.30238e-08	
6893.31	5.3009e-08	
6894.31	5.29942e-08	
6895.31	5.29794e-08	
6896.31	5.29646e-08	
6897.31	5.29498e-08	
6898.31	5.29351e-08	
6899.31	5.29203e-08	
6900.31	5.29056e-08	
6901.31	5.28908e-08	
6902.31	5.28761e-08	
6903.31	5.28614e-08	
6904.31	5.28466e-08	
6905.31	5.28319e-08	
6906.31	5.28172e-08	
6907.31	5.28025e-08	
6908.31	5.27878e-08	
6909.31	5.27731e-08	
6910.31	5.27584e-08	
6911.31	5.27437e-08	
6912.31	5.2729e-08	
6913.31	5.27144e-08	
6914.31	5.26997e-08	
6915.31	5.26851e-08	
6916.31	5.26704e-08	
6917.31	5.26558e-08	
6918.31	5.26411e-08	
6919.31	5.26265e-08	
6920.31	5.26118e-08	
6921.31	5.25972e-08	
6922.31	5.25826e-08	
6923.31	5.2568e-08	
6924.31	5.25534e-08	
6925.31	5.25388e-08	
6926.31	5.25242e-08	
6927.31	5.25096e-08	
6928.31	5.2495e-08	
6929.31	5.24805e-08	
6930.31	5.24659e-08	
6931.31	5.24513e-08	
6932.31	5.24368e-08	
6933.31	5.24222e-08	
6934.31	5.24077e-08	
6935.31	5.23931e-08	
6936.31	5.23786e-08	
6937.31	5.23641e-08	
6938.31	5.23496e-08	
6939.31	5.2335e-08	
6940.31	5.23205e-08	
6941.31	5.2306e-08	
6942.31	5.22915e-08	
6943.31	5.22771e-08	
6944.31	5.22626e-08	
6945.31	5.22481e-08	
6946.31	5.22336e-08	
6947.31	5.22192e-08	
6948.31	5.22047e-08	
6949.31	5.21902e-08	
6950.3	5.21758e-08	
6951.3	5.21613e-08	
6952.3	5.21469e-08	
6953.3	5.21325e-08	
6954.3	5.21181e-08	
6955.3	5.21036e-08	
6956.3	5.20892e-08	
6957.3	5.20748e-08	
6958.3	5.20604e-08	
6959.3	5.2046e-08	
6960.3	5.20316e-08	
6961.3	5.20172e-08	
6962.3	5.20029e-08	
6963.3	5.19885e-08	
6964.3	5.19741e-08	
6965.3	5.19598e-08	
6966.3	5.19454e-08	
6967.3	5.19311e-08	
6968.3	5.19167e-08	
6969.3	5.19024e-08	
6970.3	5.18881e-08	
6971.3	5.18737e-08	
6972.3	5.18594e-08	
6973.3	5.18451e-08	
6974.3	5.18308e-08	
6975.3	5.18165e-08	
6976.3	5.18022e-08	
6977.3	5.17879e-08	
6978.3	5.17736e-08	
6979.3	5.17594e-08	
6980.3	5.17451e-08	
6981.3	5.17308e-08	
6982.3	5.17166e-08	
6983.3	5.17023e-08	
6984.3	5.16881e-08	
6985.3	5.16738e-08	
6986.3	5.16596e-08	
6987.3	5.16454e-08	
6988.3	5.16311e-08	
6989.3	5.16169e-08	
6990.3	5.16027e-08	
6991.3	5.15885e-08	
6992.3	5.15743e-08	
6993.3	5.15601e-08	
6994.3	5.15459e-08	
6995.3	5.15317e-08	
6996.3	5.15176e-08	
6997.3	5.15034e-08	
6998.3	5.14892e-08	
6999.3	5.14751e-08	
7000.3	5.14609e-08	
7001.3	5.14468e-08	
7002.3	5.14326e-08	
7003.3	5.14185e-08	
7004.3	5.14043e-08	
7005.3	5.13902e-08	
7006.3	5.13761e-08	
7007.3	5.1362e-08	
7008.3	5.13479e-08	
7009.3	5.13338e-08	
7010.3	5.13197e-08	
7011.3	5.13056e-08	
7012.3	5.12915e-08	
7013.3	5.12774e-08	
7014.3	5.12634e-08	
7015.3	5.12493e-08	
7016.3	5.12352e-08	
7017.3	5.12212e-08	
7018.3	5.12071e-08	
7019.3	5.11931e-08	
7020.3	5.1179e-08	
7021.3	5.1165e-08	
7022.3	5.1151e-08	
7023.3	5.1137e-08	
7024.3	5.11229e-08	
7025.3	5.11089e-08	
7026.3	5.10949e-08	
7027.3	5.10809e-08	
7028.3	5.10669e-08	
7029.3	5.10529e-08	
7030.3	5.1039e-08	
7031.3	5.1025e-08	
7032.3	5.1011e-08	
7033.3	5.09971e-08	
7034.3	5.09831e-08	
7035.3	5.09691e-08	
7036.3	5.09552e-08	
7037.3	5.09413e-08	
7038.3	5.09273e-08	
7039.3	5.09134e-08	
7040.3	5.08995e-08	
7041.3	5.08855e-08	
7042.3	5.08716e-08	
7043.3	5.08577e-08	
7044.3	5.08438e-08	
7045.3	5.08299e-08	
7046.3	5.0816e-08	
7047.3	5.08021e-08	
7048.3	5.07883e-08	
7049.3	5.07744e-08	
7050.29	5.07605e-08	
7051.29	5.07467e-08	
7052.29	5.07328e-08	
7053.29	5.0719e-08	
7054.29	5.07051e-08	
7055.29	5.06913e-08	
7056.29	5.06774e-08	
7057.29	5.06636e-08	
7058.29	5.06498e-08	
7059.29	5.0636e-08	
7060.29	5.06222e-08	
7061.29	5.06084e-08	
7062.29	5.05946e-08	
7063.29	5.05808e-08	
7064.29	5.0567e-08	
7065.29	5.05532e-08	
7066.29	5.05394e-08	
7067.29	5.05256e-08	
7068.29	5.05119e-08	
7069.29	5.04981e-08	
7070.29	5.04844e-08	
7071.29	5.04706e-08	
7072.29	5.04569e-08	
7073.29	5.04431e-08	
7074.29	5.04294e-08	
7075.29	5.04157e-08	
7076.29	5.04019e-08	
7077.29	5.03882e-08	
7078.29	5.03745e-08	
7079.29	5.03608e-08	
7080.29	5.03471e-08	
7081.29	5.03334e-08	
7082.29	5.03197e-08	
7083.29	5.0306e-08	
7084.29	5.02924e-08	
7085.29	5.02787e-08	
7086.29	5.0265e-08	
7087.29	5.02514e-08	
7088.29	5.02377e-08	
7089.29	5.02241e-08	
7090.29	5.02104e-08	
7091.29	5.01968e-08	
7092.29	5.01831e-08	
7093.29	5.01695e-08	
7094.29	5.01559e-08	
7095.29	5.01423e-08	
7096.29	5.01287e-08	
7097.29	5.01151e-08	
7098.29	5.01015e-08	
7099.29	5.00879e-08	
7100.29	5.00743e-08	
7101.29	5.00607e-08	
7102.29	5.00471e-08	
7103.29	5.00335e-08	
7104.29	5.002e-08	
7105.29	5.00064e-08	
7106.29	4.99928e-08	
7107.29	4.99793e-08	
7108.29	4.99658e-08	
7109.29	4.99522e-08	
7110.29	4.99387e-08	
7111.29	4.99251e-08	
7112.29	4.99116e-08	
7113.29	4.98981e-08	
7114.29	4.98846e-08	
7115.29	4.98711e-08	
7116.29	4.98576e-08	
7117.29	4.98441e-08	
7118.29	4.98306e-08	
7119.29	4.98171e-08	
7120.29	4.98036e-08	
7121.29	4.97902e-08	
7122.29	4.97767e-08	
7123.29	4.97632e-08	
7124.29	4.97498e-08	
7125.29	4.97363e-08	
7126.29	4.97229e-08	
7127.29	4.97094e-08	
7128.29	4.9696e-08	
7129.29	4.96826e-08	
7130.29	4.96691e-08	
7131.29	4.96557e-08	
7132.29	4.96423e-08	
7133.29	4.96289e-08	
7134.29	4.96155e-08	
7135.29	4.96021e-08	
7136.29	4.95887e-08	
7137.29	4.95753e-08	
7138.29	4.95619e-08	
7139.29	4.95485e-08	
7140.29	4.95352e-08	
7141.29	4.95218e-08	
7142.29	4.95084e-08	
7143.29	4.94951e-08	
7144.29	4.94817e-08	
7145.29	4.94684e-08	
7146.29	4.94551e-08	
7147.29	4.94417e-08	
7148.29	4.94284e-08	
7149.29	4.94151e-08	
7150.28	4.94018e-08	
7151.28	4.93884e-08	
7152.28	4.93751e-08	
7153.28	4.93618e-08	
7154.28	4.93485e-08	
7155.28	4.93352e-08	
7156.28	4.9322e-08	
7157.28	4.93087e-08	
7158.28	4.92954e-08	
7159.28	4.92821e-08	
7160.28	4.92689e-08	
7161.28	4.92556e-08	
7162.28	4.92424e-08	
7163.28	4.92291e-08	
7164.28	4.92159e-08	
7165.28	4.92026e-08	
7166.28	4.91894e-08	
7167.28	4.91762e-08	
7168.28	4.91629e-08	
7169.28	4.91497e-08	
7170.28	4.91365e-08	
7171.28	4.91233e-08	
7172.28	4.91101e-08	
7173.28	4.90969e-08	
7174.28	4.90837e-08	
7175.28	4.90705e-08	
7176.28	4.90574e-08	
7177.28	4.90442e-08	
7178.28	4.9031e-08	
7179.28	4.90178e-08	
7180.28	4.90047e-08	
7181.28	4.89915e-08	
7182.28	4.89784e-08	
7183.28	4.89652e-08	
7184.28	4.89521e-08	
7185.28	4.8939e-08	
7186.28	4.89258e-08	
7187.28	4.89127e-08	
7188.28	4.88996e-08	
7189.28	4.88884e-08	
7190.28	4.88753e-08	
7191.28	4.88603e-08	
7192.28	4.88472e-08	
7193.28	4.88341e-08	
7194.28	4.8821e-08	
7195.28	4.88079e-08	
7196.28	4.87949e-08	
7197.28	4.87818e-08	
7198.28	4.87687e-08	
7199.28	4.87557e-08	
7200.28	4.87426e-08	
7201.28	4.87296e-08	
7202.28	4.87165e-08	
7203.28	4.87035e-08	
7204.28	4.86904e-08	
7205.28	4.86774e-08	
7206.28	4.86644e-08	
7207.28	4.86514e-08	
7208.28	4.86384e-08	
7209.28	4.86254e-08	
7210.28	4.86124e-08	
7211.28	4.85994e-08	
7212.28	4.85864e-08	
7213.28	4.85734e-08	
7214.28	4.85604e-08	
7215.28	4.85474e-08	
7216.28	4.85345e-08	
7217.28	4.85215e-08	
7218.28	4.85085e-08	
7219.28	4.84956e-08	
7220.28	4.84826e-08	
7221.28	4.84697e-08	
7222.28	4.84567e-08	
7223.28	4.84438e-08	
7224.28	4.84309e-08	
7225.28	4.8418e-08	
7226.28	4.8405e-08	
7227.28	4.83921e-08	
7228.28	4.83792e-08	
7229.28	4.83663e-08	
7230.28	4.83534e-08	
7231.28	4.83405e-08	
7232.28	4.83276e-08	
7233.28	4.83147e-08	
7234.28	4.83019e-08	
7235.28	4.8289e-08	
7236.28	4.82761e-08	
7237.28	4.82633e-08	
7238.28	4.82504e-08	
7239.28	4.82375e-08	
7240.28	4.82247e-08	
7241.28	4.82119e-08	
7242.28	4.8199e-08	
7243.28	4.81862e-08	
7244.28	4.81734e-08	
7245.28	4.81605e-08	
7246.28	4.81477e-08	
7247.28	4.81349e-08	
7248.28	4.81221e-08	
7249.28	4.81093e-08	
7250.27	4.80965e-08	
7251.27	4.80837e-08	
7252.27	4.80709e-08	
7253.27	4.80581e-08	
7254.27	4.80454e-08	
7255.27	4.80326e-08	
7256.27	4.80198e-08	
7257.27	4.80071e-08	
7258.27	4.79943e-08	
7259.27	4.79816e-08	
7260.27	4.79688e-08	
7261.27	4.79561e-08	
7262.27	4.79433e-08	
7263.27	4.79306e-08	
7264.27	4.79179e-08	
7265.27	4.79052e-08	
7266.27	4.78924e-08	
7267.27	4.78797e-08	
7268.27	4.7867e-08	
7269.27	4.78543e-08	
7270.27	4.78416e-08	
7271.27	4.78289e-08	
7272.27	4.78163e-08	
7273.27	4.78036e-08	
7274.27	4.77909e-08	
7275.27	4.77782e-08	
7276.27	4.77656e-08	
7277.27	4.77529e-08	
7278.27	4.77402e-08	
7279.27	4.77276e-08	
7280.27	4.77149e-08	
7281.27	4.77023e-08	
7282.27	4.76897e-08	
7283.27	4.7677e-08	
7284.27	4.76644e-08	
7285.27	4.76518e-08	
7286.27	4.76392e-08	
7287.27	4.76266e-08	
7288.27	4.7614e-08	
7289.27	4.76014e-08	
7290.27	4.75888e-08	
7291.27	4.75762e-08	
7292.27	4.75636e-08	
7293.27	4.7551e-08	
7294.27	4.75384e-08	
7295.27	4.75259e-08	
7296.27	4.75133e-08	
7297.27	4.75007e-08	
7298.27	4.74882e-08	
7299.27	4.74756e-08	
7300.27	4.74631e-08	
7301.27	4.74505e-08	
7302.27	4.7438e-08	
7303.27	4.74255e-08	
7304.27	4.74129e-08	
7305.27	4.74004e-08	
7306.27	4.73879e-08	
7307.27	4.73754e-08	
7308.27	4.73629e-08	
7309.27	4.73504e-08	
7310.27	4.73379e-08	
7311.27	4.73254e-08	
7312.27	4.73129e-08	
7313.27	4.73004e-08	
7314.27	4.7288e-08	
7315.27	4.72755e-08	
7316.27	4.7263e-08	
7317.27	4.72506e-08	
7318.27	4.72381e-08	
7319.27	4.72256e-08	
7320.27	4.72132e-08	
7321.27	4.72007e-08	
7322.27	4.71883e-08	
7323.27	4.71759e-08	
7324.27	4.71634e-08	
7325.27	4.7151e-08	
7326.27	4.71386e-08	
7327.27	4.71262e-08	
7328.27	4.71138e-08	
7329.27	4.71014e-08	
7330.27	4.7089e-08	
7331.27	4.70766e-08	
7332.27	4.70642e-08	
7333.27	4.70518e-08	
7334.27	4.70394e-08	
7335.27	4.70271e-08	
7336.27	4.70147e-08	
7337.27	4.70023e-08	
7338.27	4.699e-08	
7339.27	4.69776e-08	
7340.27	4.69653e-08	
7341.27	4.69529e-08	
7342.27	4.69406e-08	
7343.27	4.69282e-08	
7344.27	4.69159e-08	
7345.27	4.69036e-08	
7346.27	4.68913e-08	
7347.27	4.68789e-08	
7348.27	4.68666e-08	
7349.27	4.68543e-08	
7350.26	4.6842e-08	
7351.26	4.68297e-08	
7352.26	4.68174e-08	
7353.26	4.68051e-08	
7354.26	4.67929e-08	
7355.26	4.67806e-08	
7356.26	4.67683e-08	
7357.26	4.6756e-08	
7358.26	4.67438e-08	
7359.26	4.67315e-08	
7360.26	4.67193e-08	
7361.26	4.6707e-08	
7362.26	4.66948e-08	
7363.26	4.66825e-08	
7364.26	4.66703e-08	
7365.26	4.66581e-08	
7366.26	4.66458e-08	
7367.26	4.66336e-08	
7368.26	4.66214e-08	
7369.26	4.66092e-08	
7370.26	4.6597e-08	
7371.26	4.65848e-08	
7372.26	4.65726e-08	
7373.26	4.65604e-08	
7374.26	4.65482e-08	
7375.26	4.6536e-08	
7376.26	4.65238e-08	
7377.26	4.65117e-08	
7378.26	4.64995e-08	
7379.26	4.64873e-08	
7380.26	4.64752e-08	
7381.26	4.6463e-08	
7382.26	4.64509e-08	
7383.26	4.64387e-08	
7384.26	4.64266e-08	
7385.26	4.64145e-08	
7386.26	4.64023e-08	
7387.26	4.63902e-08	
7388.26	4.63781e-08	
7389.26	4.6366e-08	
7390.26	4.63539e-08	
7391.26	4.63417e-08	
7392.26	4.63296e-08	
7393.26	4.63176e-08	
7394.26	4.63055e-08	
7395.26	4.62934e-08	
7396.26	4.62813e-08	
7397.26	4.62692e-08	
7398.26	4.62571e-08	
7399.26	4.62451e-08	
7400.26	4.6233e-08	
7401.26	4.62209e-08	
7402.26	4.62089e-08	
7403.26	4.61968e-08	
7404.26	4.61848e-08	
7405.26	4.61727e-08	
7406.26	4.61607e-08	
7407.26	4.61487e-08	
7408.26	4.61367e-08	
7409.26	4.61246e-08	
7410.26	4.61126e-08	
7411.26	4.61006e-08	
7412.26	4.60886e-08	
7413.26	4.60766e-08	
7414.26	4.60646e-08	
7415.26	4.60526e-08	
7416.26	4.60406e-08	
7417.26	4.60286e-08	
7418.26	4.60166e-08	
7419.26	4.60047e-08	
7420.26	4.59927e-08	
7421.26	4.59807e-08	
7422.26	4.59688e-08	
7423.26	4.59568e-08	
7424.26	4.59449e-08	
7425.26	4.59329e-08	
7426.26	4.5921e-08	
7427.26	4.5909e-08	
7428.26	4.58971e-08	
7429.26	4.58852e-08	
7430.26	4.58732e-08	
7431.26	4.58613e-08	
7432.26	4.58494e-08	
7433.26	4.58375e-08	
7434.26	4.58256e-08	
7435.26	4.58137e-08	
7436.26	4.58018e-08	
7437.26	4.57899e-08	
7438.26	4.5778e-08	
7439.26	4.57661e-08	
7440.26	4.57542e-08	
7441.26	4.57424e-08	
7442.26	4.57305e-08	
7443.26	4.57186e-08	
7444.26	4.57068e-08	
7445.26	4.56949e-08	
7446.26	4.56831e-08	
7447.26	4.56712e-08	
7448.26	4.56594e-08	
7449.26	4.56475e-08	
7450.25	4.56357e-08	
7451.25	4.56239e-08	
7452.25	4.56121e-08	
7453.25	4.56002e-08	
7454.25	4.55884e-08	
7455.25	4.55766e-08	
7456.25	4.55648e-08	
7457.25	4.5553e-08	
7458.25	4.55412e-08	
7459.25	4.55294e-08	
7460.25	4.55176e-08	
7461.25	4.55059e-08	
7462.25	4.54941e-08	
7463.25	4.54823e-08	
7464.25	4.54705e-08	
7465.25	4.54588e-08	
7466.25	4.5447e-08	
7467.25	4.54353e-08	
7468.25	4.54235e-08	
7469.25	4.54118e-08	
7470.25	4.54e-08	
7471.25	4.53883e-08	
7472.25	4.53766e-08	
7473.25	4.53648e-08	
7474.25	4.53531e-08	
7475.25	4.53414e-08	
7476.25	4.53297e-08	
7477.25	4.5318e-08	
7478.25	4.53063e-08	
7479.25	4.52945e-08	
7480.25	4.52829e-08	
7481.25	4.52712e-08	
7482.25	4.52595e-08	
7483.25	4.52478e-08	
7484.25	4.52361e-08	
7485.25	4.52244e-08	
7486.25	4.52128e-08	
7487.25	4.52011e-08	
7488.25	4.51894e-08	
7489.25	4.51778e-08	
7490.25	4.51661e-08	
7491.25	4.51545e-08	
7492.25	4.51428e-08	
7493.25	4.51312e-08	
7494.25	4.51196e-08	
7495.25	4.51079e-08	
7496.25	4.50963e-08	
7497.25	4.50847e-08	
7498.25	4.50731e-08	
7499.25	4.50615e-08	
7500.25	4.50499e-08	
7501.25	4.50383e-08	
7502.25	4.50267e-08	
7503.25	4.50151e-08	
7504.25	4.50035e-08	
7505.25	4.49919e-08	
7506.25	4.49803e-08	
7507.25	4.49687e-08	
7508.25	4.49572e-08	
7509.25	4.49456e-08	
7510.25	4.4934e-08	
7511.25	4.49225e-08	
7512.25	4.49109e-08	
7513.25	4.48994e-08	
7514.25	4.48878e-08	
7515.25	4.48763e-08	
7516.25	4.48648e-08	
7517.25	4.48532e-08	
7518.25	4.48417e-08	
7519.25	4.48302e-08	
7520.25	4.48187e-08	
7521.25	4.48072e-08	
7522.25	4.47956e-08	
7523.25	4.47841e-08	
7524.25	4.47726e-08	
7525.25	4.47611e-08	
7526.25	4.47496e-08	
7527.25	4.47382e-08	
7528.25	4.47267e-08	
7529.25	4.47152e-08	
7530.25	4.47037e-08	
7531.25	4.46923e-08	
7532.25	4.46808e-08	
7533.25	4.46693e-08	
7534.25	4.46579e-08	
7535.25	4.46464e-08	
7536.25	4.4635e-08	
7537.25	4.46235e-08	
7538.25	4.46121e-08	
7539.25	4.46007e-08	
7540.25	4.45892e-08	
7541.25	4.45778e-08	
7542.25	4.45664e-08	
7543.25	4.4555e-08	
7544.25	4.45435e-08	
7545.25	4.45321e-08	
7546.25	4.45207e-08	
7547.25	4.45093e-08	
7548.25	4.44979e-08	
7549.25	4.44866e-08	
7550.24	4.44752e-08	
7551.24	4.44638e-08	
7552.24	4.44524e-08	
7553.24	4.4441e-08	
7554.24	4.44297e-08	
7555.24	4.44183e-08	
7556.24	4.44069e-08	
7557.24	4.43956e-08	
7558.24	4.43842e-08	
7559.24	4.43729e-08	
7560.24	4.43615e-08	
7561.24	4.43502e-08	
7562.24	4.43389e-08	
7563.24	4.43275e-08	
7564.24	4.43162e-08	
7565.24	4.43049e-08	
7566.24	4.42936e-08	
7567.24	4.42823e-08	
7568.24	4.42709e-08	
7569.24	4.42596e-08	
7570.24	4.42483e-08	
7571.24	4.4237e-08	
7572.24	4.42258e-08	
7573.24	4.42145e-08	
7574.24	4.42032e-08	
7575.24	4.41919e-08	
7576.24	4.41806e-08	
7577.24	4.41694e-08	
7578.24	4.41581e-08	
7579.24	4.41468e-08	
7580.24	4.41356e-08	
7581.24	4.41243e-08	
7582.24	4.41131e-08	
7583.24	4.41018e-08	
7584.24	4.40906e-08	
7585.24	4.40794e-08	
7586.24	4.40681e-08	
7587.24	4.40569e-08	
7588.24	4.40457e-08	
7589.24	4.40345e-08	
7590.24	4.40232e-08	
7591.24	4.4012e-08	
7592.24	4.40008e-08	
7593.24	4.39896e-08	
7594.24	4.39784e-08	
7595.24	4.39672e-08	
7596.24	4.39561e-08	
7597.24	4.39449e-08	
7598.24	4.39337e-08	
7599.24	4.39225e-08	
7600.24	4.39113e-08	
7601.24	4.39002e-08	
7602.24	4.3889e-08	
7603.24	4.38778e-08	
7604.24	4.38667e-08	
7605.24	4.38555e-08	
7606.24	4.38444e-08	
7607.24	4.38333e-08	
7608.24	4.38221e-08	
7609.24	4.3811e-08	
7610.24	4.37999e-08	
7611.24	4.37887e-08	
7612.24	4.37776e-08	
7613.24	4.37665e-08	
7614.24	4.37554e-08	
7615.24	4.37443e-08	
7616.24	4.37332e-08	
7617.24	4.37221e-08	
7618.24	4.3711e-08	
7619.24	4.36999e-08	
7620.24	4.36888e-08	
7621.24	4.36777e-08	
7622.24	4.36666e-08	
7623.24	4.36555e-08	
7624.24	4.36445e-08	
7625.24	4.36334e-08	
7626.24	4.36223e-08	
7627.24	4.36113e-08	
7628.24	4.36002e-08	
7629.24	4.35892e-08	
7630.24	4.35781e-08	
7631.24	4.35671e-08	
7632.24	4.35561e-08	
7633.24	4.3545e-08	
7634.24	4.3534e-08	
7635.24	4.3523e-08	
7636.24	4.3512e-08	
7637.24	4.35009e-08	
7638.24	4.34899e-08	
7639.24	4.34789e-08	
7640.24	4.34679e-08	
7641.24	4.34569e-08	
7642.24	4.34459e-08	
7643.24	4.34349e-08	
7644.24	4.34239e-08	
7645.24	4.3413e-08	
7646.24	4.3402e-08	
7647.24	4.3391e-08	
7648.24	4.338e-08	
7649.24	4.33691e-08	
7650.23	4.33581e-08	
7651.23	4.33471e-08	
7652.23	4.33362e-08	
7653.23	4.33252e-08	
7654.23	4.33143e-08	
7655.23	4.33033e-08	
7656.23	4.32924e-08	
7657.23	4.32815e-08	
7658.23	4.32705e-08	
7659.23	4.32596e-08	
7660.23	4.32487e-08	
7661.23	4.32378e-08	
7662.23	4.32269e-08	
7663.23	4.3216e-08	
7664.23	4.3205e-08	
7665.23	4.31941e-08	
7666.23	4.31832e-08	
7667.23	4.31724e-08	
7668.23	4.31615e-08	
7669.23	4.31506e-08	
7670.23	4.31397e-08	
7671.23	4.31288e-08	
7672.23	4.3118e-08	
7673.23	4.31071e-08	
7674.23	4.30962e-08	
7675.23	4.30854e-08	
7676.23	4.30745e-08	
7677.23	4.30637e-08	
7678.23	4.30528e-08	
7679.23	4.3042e-08	
7680.23	4.30311e-08	
7681.23	4.30203e-08	
7682.23	4.30095e-08	
7683.23	4.29986e-08	
7684.23	4.29878e-08	
7685.23	4.2977e-08	
7686.23	4.29662e-08	
7687.23	4.29554e-08	
7688.23	4.29446e-08	
7689.23	4.29338e-08	
7690.23	4.2923e-08	
7691.23	4.29122e-08	
7692.23	4.29014e-08	
7693.23	4.28906e-08	
7694.23	4.28798e-08	
7695.23	4.2869e-08	
7696.23	4.28582e-08	
7697.23	4.28475e-08	
7698.23	4.28367e-08	
7699.23	4.28259e-08	
7700.23	4.28152e-08	
7701.23	4.28044e-08	
7702.23	4.27937e-08	
7703.23	4.27829e-08	
7704.23	4.27722e-08	
7705.23	4.27615e-08	
7706.23	4.27507e-08	
7707.23	4.274e-08	
7708.23	4.27293e-08	
7709.23	4.27185e-08	
7710.23	4.27078e-08	
7711.23	4.26971e-08	
7712.23	4.26864e-08	
7713.23	4.26757e-08	
7714.23	4.2665e-08	
7715.23	4.26543e-08	
7716.23	4.26436e-08	
7717.23	4.26329e-08	
7718.23	4.26222e-08	
7719.23	4.26115e-08	
7720.23	4.26009e-08	
7721.23	4.25902e-08	
7722.23	4.25795e-08	
7723.23	4.25688e-08	
7724.23	4.25582e-08	
7725.23	4.25475e-08	
7726.23	4.25369e-08	
7727.23	4.25262e-08	
7728.23	4.25156e-08	
7729.23	4.25049e-08	
7730.23	4.24943e-08	
7731.23	4.24837e-08	
7732.23	4.2473e-08	
7733.23	4.24624e-08	
7734.23	4.24518e-08	
7735.23	4.24412e-08	
7736.23	4.24305e-08	
7737.23	4.24199e-08	
7738.23	4.24093e-08	
7739.23	4.23987e-08	
7740.23	4.23881e-08	
7741.23	4.23775e-08	
7742.23	4.23669e-08	
7743.23	4.23564e-08	
7744.23	4.23458e-08	
7745.23	4.23352e-08	
7746.23	4.23246e-08	
7747.23	4.2314e-08	
7748.23	4.23035e-08	
7749.23	4.22929e-08	
7750.22	4.22824e-08	
7751.22	4.22718e-08	
7752.22	4.22613e-08	
7753.22	4.22507e-08	
7754.22	4.22402e-08	
7755.22	4.22296e-08	
7756.22	4.22191e-08	
7757.22	4.22086e-08	
7758.22	4.2198e-08	
7759.22	4.21875e-08	
7760.22	4.2177e-08	
7761.22	4.21665e-08	
7762.22	4.2156e-08	
7763.22	4.21454e-08	
7764.22	4.21349e-08	
7765.22	4.21244e-08	
7766.22	4.21139e-08	
7767.22	4.21034e-08	
7768.22	4.2093e-08	
7769.22	4.20825e-08	
7770.22	4.2072e-08	
7771.22	4.20615e-08	
7772.22	4.2051e-08	
7773.22	4.20406e-08	
7774.22	4.20301e-08	
7775.22	4.20196e-08	
7776.22	4.20092e-08	
7777.22	4.19987e-08	
7778.22	4.19883e-08	
7779.22	4.19778e-08	
7780.22	4.19674e-08	
7781.22	4.1957e-08	
7782.22	4.19465e-08	
7783.22	4.19361e-08	
7784.22	4.19257e-08	
7785.22	4.19152e-08	
7786.22	4.19048e-08	
7787.22	4.18944e-08	
7788.22	4.1884e-08	
7789.22	4.18736e-08	
7790.22	4.18632e-08	
7791.22	4.18528e-08	
7792.22	4.18424e-08	
7793.22	4.1832e-08	
7794.22	4.18216e-08	
7795.22	4.18112e-08	
7796.22	4.18008e-08	
7797.22	4.17905e-08	
7798.22	4.17801e-08	
7799.22	4.17697e-08	
7800.22	4.17594e-08	
7801.22	4.1749e-08	
7802.22	4.17386e-08	
7803.22	4.17283e-08	
7804.22	4.17179e-08	
7805.22	4.17076e-08	
7806.22	4.16973e-08	
7807.22	4.16869e-08	
7808.22	4.16766e-08	
7809.22	4.16663e-08	
7810.22	4.16559e-08	
7811.22	4.16456e-08	
7812.22	4.16353e-08	
7813.22	4.1625e-08	
7814.22	4.16147e-08	
7815.22	4.16043e-08	
7816.22	4.1594e-08	
7817.22	4.15837e-08	
7818.22	4.15734e-08	
7819.22	4.15632e-08	
7820.22	4.15529e-08	
7821.22	4.15426e-08	
7822.22	4.15323e-08	
7823.22	4.1522e-08	
7824.22	4.15117e-08	
7825.22	4.15015e-08	
7826.22	4.14912e-08	
7827.22	4.1481e-08	
7828.22	4.14707e-08	
7829.22	4.14604e-08	
7830.22	4.14502e-08	
7831.22	4.14399e-08	
7832.22	4.14297e-08	
7833.22	4.14195e-08	
7834.22	4.14092e-08	
7835.22	4.1399e-08	
7836.22	4.13888e-08	
7837.22	4.13785e-08	
7838.22	4.13683e-08	
7839.22	4.13581e-08	
7840.22	4.13479e-08	
7841.22	4.13377e-08	
7842.22	4.13275e-08	
7843.22	4.13173e-08	
7844.22	4.13071e-08	
7845.22	4.12969e-08	
7846.22	4.12867e-08	
7847.22	4.12765e-08	
7848.22	4.12663e-08	
7849.22	4.12561e-08	
7850.21	4.1246e-08	
7851.21	4.12358e-08	
7852.21	4.12256e-08	
7853.21	4.12155e-08	
7854.21	4.12053e-08	
7855.21	4.11951e-08	
7856.21	4.1185e-08	
7857.21	4.11748e-08	
7858.21	4.11647e-08	
7859.21	4.11546e-08	
7860.21	4.11444e-08	
7861.21	4.11343e-08	
7862.21	4.11241e-08	
7863.21	4.1114e-08	
7864.21	4.11039e-08	
7865.21	4.10938e-08	
7866.21	4.10837e-08	
7867.21	4.10735e-08	
7868.21	4.10634e-08	
7869.21	4.10533e-08	
7870.21	4.10432e-08	
7871.21	4.10331e-08	
7872.21	4.1023e-08	
7873.21	4.1013e-08	
7874.21	4.10029e-08	
7875.21	4.09928e-08	
7876.21	4.09827e-08	
7877.21	4.09726e-08	
7878.21	4.09626e-08	
7879.21	4.09525e-08	
7880.21	4.09424e-08	
7881.21	4.09324e-08	
7882.21	4.09223e-08	
7883.21	4.09123e-08	
7884.21	4.09022e-08	
7885.21	4.08922e-08	
7886.21	4.08821e-08	
7887.21	4.08721e-08	
7888.21	4.0862e-08	
7889.21	4.0852e-08	
7890.21	4.0842e-08	
7891.21	4.0832e-08	
7892.21	4.08219e-08	
7893.21	4.08119e-08	
7894.21	4.08019e-08	
7895.21	4.07919e-08	
7896.21	4.07819e-08	
7897.21	4.07719e-08	
7898.21	4.07619e-08	
7899.21	4.07519e-08	
7900.21	4.07419e-08	
7901.21	4.07319e-08	
7902.21	4.07219e-08	
7903.21	4.0712e-08	
7904.21	4.0702e-08	
7905.21	4.0692e-08	
7906.21	4.06821e-08	
7907.21	4.06721e-08	
7908.21	4.06621e-08	
7909.21	4.06522e-08	
7910.21	4.06422e-08	
7911.21	4.06323e-08	
7912.21	4.06223e-08	
7913.21	4.06124e-08	
7914.21	4.06024e-08	
7915.21	4.05925e-08	
7916.21	4.05826e-08	
7917.21	4.05726e-08	
7918.21	4.05627e-08	
7919.21	4.05528e-08	
7920.21	4.05429e-08	
7921.21	4.0533e-08	
7922.21	4.0523e-08	
7923.21	4.05131e-08	
7924.21	4.05032e-08	
7925.21	4.04933e-08	
7926.21	4.04834e-08	
7927.21	4.04735e-08	
7928.21	4.04637e-08	
7929.21	4.04538e-08	
7930.21	4.04439e-08	
7931.21	4.0434e-08	
7932.21	4.04241e-08	
7933.21	4.04143e-08	
7934.21	4.04044e-08	
7935.21	4.03945e-08	
7936.21	4.03847e-08	
7937.21	4.03748e-08	
7938.21	4.0365e-08	
7939.21	4.03551e-08	
7940.21	4.03453e-08	
7941.21	4.03354e-08	
7942.21	4.03256e-08	
7943.21	4.03158e-08	
7944.21	4.03059e-08	
7945.21	4.02961e-08	
7946.21	4.02863e-08	
7947.21	4.02765e-08	
7948.21	4.02666e-08	
7949.21	4.02568e-08	
7950.2	4.0247e-08	
7951.2	4.02372e-08	
7952.2	4.02274e-08	
7953.2	4.02176e-08	
7954.2	4.02078e-08	
7955.2	4.0198e-08	
7956.2	4.01882e-08	
7957.2	4.01784e-08	
7958.2	4.01687e-08	
7959.2	4.01589e-08	
7960.2	4.01491e-08	
7961.2	4.01393e-08	
7962.2	4.01296e-08	
7963.2	4.01198e-08	
7964.2	4.011e-08	
7965.2	4.01003e-08	
7966.2	4.00905e-08	
7967.2	4.00808e-08	
7968.2	4.0071e-08	
7969.2	4.00613e-08	
7970.2	4.00516e-08	
7971.2	4.00418e-08	
7972.2	4.00321e-08	
7973.2	4.00224e-08	
7974.2	4.00126e-08	
7975.2	4.00029e-08	
7976.2	3.99932e-08	
7977.2	3.99835e-08	
7978.2	3.99738e-08	
7979.2	3.99641e-08	
7980.2	3.99544e-08	
7981.2	3.99447e-08	
7982.2	3.9935e-08	
7983.2	3.99253e-08	
7984.2	3.99156e-08	
7985.2	3.99059e-08	
7986.2	3.98962e-08	
7987.2	3.98865e-08	
7988.2	3.98769e-08	
7989.2	3.98672e-08	
7990.2	3.98575e-08	
7991.2	3.98479e-08	
7992.2	3.98382e-08	
7993.2	3.98285e-08	
7994.2	3.98189e-08	
7995.2	3.98092e-08	
7996.2	3.97996e-08	
7997.2	3.97899e-08	
7998.2	3.97803e-08	
7999.2	3.97707e-08	
8000.2	3.9761e-08	
8001.2	3.97514e-08	
8002.2	3.97418e-08	
8003.2	3.97321e-08	
8004.2	3.97225e-08	
8005.2	3.97129e-08	
8006.2	3.97033e-08	
8007.2	3.96937e-08	
8008.2	3.96841e-08	
8009.2	3.96745e-08	
8010.2	3.96649e-08	
8011.2	3.96553e-08	
8012.2	3.96457e-08	
8013.2	3.96361e-08	
8014.2	3.96265e-08	
8015.2	3.9617e-08	
8016.2	3.96074e-08	
8017.2	3.95978e-08	
8018.2	3.95882e-08	
8019.2	3.95786e-08	
8020.2	3.95691e-08	
8021.2	3.95595e-08	
8022.2	3.955e-08	
8023.2	3.95404e-08	
8024.2	3.95309e-08	
8025.2	3.95213e-08	
8026.2	3.95118e-08	
8027.2	3.95022e-08	
8028.2	3.94927e-08	
8029.2	3.94831e-08	
8030.2	3.94736e-08	
8031.2	3.94641e-08	
8032.2	3.94546e-08	
8033.2	3.9445e-08	
8034.2	3.94355e-08	
8035.2	3.9426e-08	
8036.2	3.94165e-08	
8037.2	3.9407e-08	
8038.2	3.93975e-08	
8039.2	3.9388e-08	
8040.2	3.93785e-08	
8041.2	3.9369e-08	
8042.2	3.93595e-08	
8043.2	3.935e-08	
8044.2	3.93406e-08	
8045.2	3.93311e-08	
8046.2	3.93216e-08	
8047.2	3.93121e-08	
8048.2	3.93027e-08	
8049.2	3.92932e-08	
8050.19	3.92837e-08	
8051.19	3.92743e-08	
8052.19	3.92648e-08	
8053.19	3.92554e-08	
8054.19	3.92459e-08	
8055.19	3.92365e-08	
8056.19	3.9227e-08	
8057.19	3.92176e-08	
8058.19	3.92082e-08	
8059.19	3.91987e-08	
8060.19	3.91893e-08	
8061.19	3.91799e-08	
8062.19	3.91705e-08	
8063.19	3.9161e-08	
8064.19	3.91516e-08	
8065.19	3.91422e-08	
8066.19	3.91328e-08	
8067.19	3.91234e-08	
8068.19	3.9114e-08	
8069.19	3.91046e-08	
8070.19	3.90952e-08	
8071.19	3.90858e-08	
8072.19	3.90764e-08	
8073.19	3.90671e-08	
8074.19	3.90577e-08	
8075.19	3.90483e-08	
8076.19	3.90389e-08	
8077.19	3.90295e-08	
8078.19	3.90202e-08	
8079.19	3.90108e-08	
8080.19	3.90015e-08	
8081.19	3.89921e-08	
8082.19	3.89827e-08	
8083.19	3.89734e-08	
8084.19	3.8964e-08	
8085.19	3.89547e-08	
8086.19	3.89454e-08	
8087.19	3.8936e-08	
8088.19	3.89267e-08	
8089.19	3.89174e-08	
8090.19	3.8908e-08	
8091.19	3.88987e-08	
8092.19	3.88894e-08	
8093.19	3.88801e-08	
8094.19	3.88708e-08	
8095.19	3.88615e-08	
8096.19	3.88521e-08	
8097.19	3.88428e-08	
8098.19	3.88335e-08	
8099.19	3.88242e-08	
8100.19	3.88149e-08	
8101.19	3.88057e-08	
8102.19	3.87964e-08	
8103.19	3.87871e-08	
8104.19	3.87778e-08	
8105.19	3.87685e-08	
8106.19	3.87593e-08	
8107.19	3.875e-08	
8108.19	3.87407e-08	
8109.19	3.87315e-08	
8110.19	3.87222e-08	
8111.19	3.87129e-08	
8112.19	3.87037e-08	
8113.19	3.86944e-08	
8114.19	3.86852e-08	
8115.19	3.86759e-08	
8116.19	3.86667e-08	
8117.19	3.86575e-08	
8118.19	3.86482e-08	
8119.19	3.8639e-08	
8120.19	3.86298e-08	
8121.19	3.86205e-08	
8122.19	3.86113e-08	
8123.19	3.86021e-08	
8124.19	3.85929e-08	
8125.19	3.85837e-08	
8126.19	3.85745e-08	
8127.19	3.85653e-08	
8128.19	3.85561e-08	
8129.19	3.85469e-08	
8130.19	3.85377e-08	
8131.19	3.85285e-08	
8132.19	3.85193e-08	
8133.19	3.85101e-08	
8134.19	3.85009e-08	
8135.19	3.84917e-08	
8136.19	3.84826e-08	
8137.19	3.84734e-08	
8138.19	3.84642e-08	
8139.19	3.84551e-08	
8140.19	3.84459e-08	
8141.19	3.84367e-08	
8142.19	3.84276e-08	
8143.19	3.84184e-08	
8144.19	3.84093e-08	
8145.19	3.84001e-08	
8146.19	3.8391e-08	
8147.19	3.83819e-08	
8148.19	3.83727e-08	
8149.19	3.83636e-08	
8150.18	3.83545e-08	
8151.18	3.83453e-08	
8152.18	3.83362e-08	
8153.18	3.83271e-08	
8154.18	3.8318e-08	
8155.18	3.83089e-08	
8156.18	3.82997e-08	
8157.18	3.82906e-08	
8158.18	3.82815e-08	
8159.18	3.82724e-08	
8160.18	3.82633e-08	
8161.18	3.82542e-08	
8162.18	3.82452e-08	
8163.18	3.82361e-08	
8164.18	3.8227e-08	
8165.18	3.82179e-08	
8166.18	3.82088e-08	
8167.18	3.81997e-08	
8168.18	3.81907e-08	
8169.18	3.81816e-08	
8170.18	3.81725e-08	
8171.18	3.81635e-08	
8172.18	3.81544e-08	
8173.18	3.81454e-08	
8174.18	3.81363e-08	
8175.18	3.81273e-08	
8176.18	3.81182e-08	
8177.18	3.81092e-08	
8178.18	3.81001e-08	
8179.18	3.80911e-08	
8180.18	3.80821e-08	
8181.18	3.8073e-08	
8182.18	3.8064e-08	
8183.18	3.8055e-08	
8184.18	3.8046e-08	
8185.18	3.8037e-08	
8186.18	3.80279e-08	
8187.18	3.80189e-08	
8188.18	3.80099e-08	
8189.18	3.80009e-08	
8190.18	3.79919e-08	
8191.18	3.79829e-08	
8192.18	3.79739e-08	
8193.18	3.79649e-08	
8194.18	3.79559e-08	
8195.18	3.7947e-08	
8196.18	3.7938e-08	
8197.18	3.7929e-08	
8198.18	3.792e-08	
8199.18	3.7911e-08	
8200.18	3.79021e-08	
8201.18	3.78931e-08	
8202.18	3.78841e-08	
8203.18	3.78752e-08	
8204.18	3.78662e-08	
8205.18	3.78573e-08	
8206.18	3.78483e-08	
8207.18	3.78394e-08	
8208.18	3.78304e-08	
8209.18	3.78215e-08	
8210.18	3.78126e-08	
8211.18	3.78036e-08	
8212.18	3.77947e-08	
8213.18	3.77858e-08	
8214.18	3.77768e-08	
8215.18	3.77679e-08	
8216.18	3.7759e-08	
8217.18	3.77501e-08	
8218.18	3.77412e-08	
8219.18	3.77323e-08	
8220.18	3.77233e-08	
8221.18	3.77144e-08	
8222.18	3.77055e-08	
8223.18	3.76966e-08	
8224.18	3.76878e-08	
8225.18	3.76789e-08	
8226.18	3.767e-08	
8227.18	3.76611e-08	
8228.18	3.76522e-08	
8229.18	3.76433e-08	
8230.18	3.76345e-08	
8231.18	3.76256e-08	
8232.18	3.76167e-08	
8233.18	3.76079e-08	
8234.18	3.7599e-08	
8235.18	3.75901e-08	
8236.18	3.75813e-08	
8237.18	3.75724e-08	
8238.18	3.75636e-08	
8239.18	3.75547e-08	
8240.18	3.75459e-08	
8241.18	3.7537e-08	
8242.18	3.75282e-08	
8243.18	3.75194e-08	
8244.18	3.75105e-08	
8245.18	3.75017e-08	
8246.18	3.74929e-08	
8247.18	3.74841e-08	
8248.18	3.74843e-08	
8249.18	3.74754e-08	
8250.17	3.74576e-08	
8251.17	3.74488e-08	
8252.17	3.744e-08	
8253.17	3.74312e-08	
8254.17	3.74224e-08	
8255.17	3.74136e-08	
8256.17	3.74048e-08	
8257.17	3.7396e-08	
8258.17	3.73872e-08	
8259.17	3.73784e-08	
8260.17	3.73696e-08	
8261.17	3.73609e-08	
8262.17	3.73521e-08	
8263.17	3.73433e-08	
8264.17	3.73346e-08	
8265.17	3.73258e-08	
8266.17	3.7317e-08	
8267.17	3.73083e-08	
8268.17	3.72995e-08	
8269.17	3.72907e-08	
8270.17	3.7282e-08	
8271.17	3.72732e-08	
8272.17	3.72645e-08	
8273.17	3.72558e-08	
8274.17	3.7247e-08	
8275.17	3.72383e-08	
8276.17	3.72296e-08	
8277.17	3.72208e-08	
8278.17	3.72121e-08	
8279.17	3.72034e-08	
8280.17	3.71947e-08	
8281.17	3.71859e-08	
8282.17	3.71772e-08	
8283.17	3.71685e-08	
8284.17	3.71598e-08	
8285.17	3.71511e-08	
8286.17	3.71424e-08	
8287.17	3.71337e-08	
8288.17	3.7125e-08	
8289.17	3.71163e-08	
8290.17	3.71076e-08	
8291.17	3.70989e-08	
8292.17	3.70902e-08	
8293.17	3.70816e-08	
8294.17	3.70729e-08	
8295.17	3.70642e-08	
8296.17	3.70555e-08	
8297.17	3.70469e-08	
8298.17	3.70382e-08	
8299.17	3.70295e-08	
8300.17	3.70209e-08	
8301.17	3.70122e-08	
8302.17	3.70036e-08	
8303.17	3.69949e-08	
8304.17	3.69863e-08	
8305.17	3.69776e-08	
8306.17	3.6969e-08	
8307.17	3.69603e-08	
8308.17	3.69517e-08	
8309.17	3.69431e-08	
8310.17	3.69344e-08	
8311.17	3.69258e-08	
8312.17	3.69172e-08	
8313.17	3.69086e-08	
8314.17	3.69e-08	
8315.17	3.68913e-08	
8316.17	3.68827e-08	
8317.17	3.68741e-08	
8318.17	3.68655e-08	
8319.17	3.68569e-08	
8320.17	3.68483e-08	
8321.17	3.68397e-08	
8322.17	3.68311e-08	
8323.17	3.68225e-08	
8324.17	3.68139e-08	
8325.17	3.68054e-08	
8326.17	3.67968e-08	
8327.17	3.67882e-08	
8328.17	3.67796e-08	
8329.17	3.6771e-08	
8330.17	3.67625e-08	
8331.17	3.67539e-08	
8332.17	3.67453e-08	
8333.17	3.67368e-08	
8334.17	3.67282e-08	
8335.17	3.67197e-08	
8336.17	3.67111e-08	
8337.17	3.67026e-08	
8338.17	3.6694e-08	
8339.17	3.66855e-08	
8340.17	3.66769e-08	
8341.17	3.66684e-08	
8342.17	3.66599e-08	
8343.17	3.66513e-08	
8344.17	3.66428e-08	
8345.17	3.66343e-08	
8346.17	3.66258e-08	
8347.17	3.66172e-08	
8348.17	3.66087e-08	
8349.17	3.66002e-08	
8350.16	3.65917e-08	
8351.16	3.65832e-08	
8352.16	3.65747e-08	
8353.16	3.65662e-08	
8354.16	3.65577e-08	
8355.16	3.65492e-08	
8356.16	3.65407e-08	
8357.16	3.65322e-08	
8358.16	3.65237e-08	
8359.16	3.65152e-08	
8360.16	3.65068e-08	
8361.16	3.64983e-08	
8362.16	3.64898e-08	
8363.16	3.64813e-08	
8364.16	3.64729e-08	
8365.16	3.64644e-08	
8366.16	3.64559e-08	
8367.16	3.64475e-08	
8368.16	3.6439e-08	
8369.16	3.64306e-08	
8370.16	3.64221e-08	
8371.16	3.64137e-08	
8372.16	3.64052e-08	
8373.16	3.63968e-08	
8374.16	3.63884e-08	
8375.16	3.63799e-08	
8376.16	3.63715e-08	
8377.16	3.63631e-08	
8378.16	3.63546e-08	
8379.16	3.63462e-08	
8380.16	3.63378e-08	
8381.16	3.63294e-08	
8382.16	3.63209e-08	
8383.16	3.63125e-08	
8384.16	3.63041e-08	
8385.16	3.62957e-08	
8386.16	3.62873e-08	
8387.16	3.62789e-08	
8388.16	3.62705e-08	
8389.16	3.62621e-08	
8390.16	3.62537e-08	
8391.16	3.62453e-08	
8392.16	3.62369e-08	
8393.16	3.62286e-08	
8394.16	3.62202e-08	
8395.16	3.62118e-08	
8396.16	3.62034e-08	
8397.16	3.6195e-08	
8398.16	3.61867e-08	
8399.16	3.61783e-08	
8400.16	3.61699e-08	
8401.16	3.61616e-08	
8402.16	3.61532e-08	
8403.16	3.61449e-08	
8404.16	3.61365e-08	
8405.16	3.61282e-08	
8406.16	3.61198e-08	
8407.16	3.61115e-08	
8408.16	3.61031e-08	
8409.16	3.60948e-08	
8410.16	3.60865e-08	
8411.16	3.60781e-08	
8412.16	3.60698e-08	
8413.16	3.60615e-08	
8414.16	3.60531e-08	
8415.16	3.60448e-08	
8416.16	3.60365e-08	
8417.16	3.60282e-08	
8418.16	3.60199e-08	
8419.16	3.60116e-08	
8420.16	3.60033e-08	
8421.16	3.59949e-08	
8422.16	3.59866e-08	
8423.16	3.59783e-08	
8424.16	3.59701e-08	
8425.16	3.59618e-08	
8426.16	3.59535e-08	
8427.16	3.59452e-08	
8428.16	3.59369e-08	
8429.16	3.59286e-08	
8430.16	3.59203e-08	
8431.16	3.59121e-08	
8432.16	3.59038e-08	
8433.16	3.58955e-08	
8434.16	3.58873e-08	
8435.16	3.5879e-08	
8436.16	3.58707e-08	
8437.16	3.58625e-08	
8438.16	3.58542e-08	
8439.16	3.5846e-08	
8440.16	3.58377e-08	
8441.16	3.58295e-08	
8442.16	3.58212e-08	
8443.16	3.5813e-08	
8444.16	3.58047e-08	
8445.16	3.57965e-08	
8446.16	3.57882e-08	
8447.16	3.578e-08	
8448.16	3.57718e-08	
8449.16	3.57635e-08	
8450.15	3.57553e-08	
8451.15	3.57471e-08	
8452.15	3.57389e-08	
8453.15	3.57307e-08	
8454.15	3.57225e-08	
8455.15	3.57143e-08	
8456.15	3.57061e-08	
8457.15	3.56979e-08	
8458.15	3.56897e-08	
8459.15	3.56815e-08	
8460.15	3.56733e-08	
8461.15	3.56651e-08	
8462.15	3.56569e-08	
8463.15	3.56487e-08	
8464.15	3.56405e-08	
8465.15	3.56323e-08	
8466.15	3.58047e-08	
8467.15	3.57964e-08	
8468.15	3.57882e-08	
8469.15	3.55996e-08	
8470.15	3.55915e-08	
8471.15	3.55833e-08	
8472.15	3.55752e-08	
8473.15	3.5567e-08	
8474.15	3.55588e-08	
8475.15	3.55507e-08	
8476.15	3.55425e-08	
8477.15	3.55344e-08	
8478.15	3.55263e-08	
8479.15	3.55181e-08	
8480.15	3.551e-08	
8481.15	3.55018e-08	
8482.15	3.54937e-08	
8483.15	3.54856e-08	
8484.15	3.54774e-08	
8485.15	3.54693e-08	
8486.15	3.54612e-08	
8487.15	3.54531e-08	
8488.15	3.5445e-08	
8489.15	3.54369e-08	
8490.15	3.54287e-08	
8491.15	3.54206e-08	
8492.15	3.54125e-08	
8493.15	3.54044e-08	
8494.15	3.53963e-08	
8495.15	3.53882e-08	
8496.15	3.53801e-08	
8497.15	3.53721e-08	
8498.15	3.5364e-08	
8499.15	3.53559e-08	
8500.15	3.53478e-08	
8501.15	3.53397e-08	
8502.15	3.53316e-08	
8503.15	3.53236e-08	
8504.15	3.53155e-08	
8505.15	3.53074e-08	
8506.15	3.52994e-08	
8507.15	3.52913e-08	
8508.15	3.52832e-08	
8509.15	3.52752e-08	
8510.15	3.52671e-08	
8511.15	3.52591e-08	
8512.15	3.5251e-08	
8513.15	3.5243e-08	
8514.15	3.52349e-08	
8515.15	3.52269e-08	
8516.15	3.52189e-08	
8517.15	3.52108e-08	
8518.15	3.52028e-08	
8519.15	3.51948e-08	
8520.15	3.51867e-08	
8521.15	3.51787e-08	
8522.15	3.51707e-08	
8523.15	3.51627e-08	
8524.15	3.51546e-08	
8525.15	3.51466e-08	
8526.15	3.51386e-08	
8527.15	3.51306e-08	
8528.15	3.51226e-08	
8529.15	3.51146e-08	
8530.15	3.51066e-08	
8531.15	3.50986e-08	
8532.15	3.50906e-08	
8533.15	3.50826e-08	
8534.15	3.50746e-08	
8535.15	3.50666e-08	
8536.15	3.50587e-08	
8537.15	3.50507e-08	
8538.15	3.50427e-08	
8539.15	3.50347e-08	
8540.15	3.50267e-08	
8541.15	3.50188e-08	
8542.15	3.50108e-08	
8543.15	3.50028e-08	
8544.15	3.49949e-08	
8545.15	3.49869e-08	
8546.15	3.4979e-08	
8547.15	3.4971e-08	
8548.15	3.49631e-08	
8549.15	3.49551e-08	
8550.14	3.49472e-08	
8551.14	3.49392e-08	
8552.14	3.49313e-08	
8553.14	3.49233e-08	
8554.14	3.49154e-08	
8555.14	3.49075e-08	
8556.14	3.48995e-08	
8557.14	3.48916e-08	
8558.14	3.48837e-08	
8559.14	3.48758e-08	
8560.14	3.48679e-08	
8561.14	3.48599e-08	
8562.14	3.4852e-08	
8563.14	3.48441e-08	
8564.14	3.48362e-08	
8565.14	3.48283e-08	
8566.14	3.48204e-08	
8567.14	3.48125e-08	
8568.14	3.48046e-08	
8569.14	3.47967e-08	
8570.14	3.47888e-08	
8571.14	3.47809e-08	
8572.14	3.4773e-08	
8573.14	3.47652e-08	
8574.14	3.47573e-08	
8575.14	3.47494e-08	
8576.14	3.47415e-08	
8577.14	3.47336e-08	
8578.14	3.47258e-08	
8579.14	3.47179e-08	
8580.14	3.471e-08	
8581.14	3.47022e-08	
8582.14	3.46943e-08	
8583.14	3.46865e-08	
8584.14	3.46786e-08	
8585.14	3.46707e-08	
8586.14	3.46629e-08	
8587.14	3.4655e-08	
8588.14	3.46472e-08	
8589.14	3.46394e-08	
8590.14	3.46315e-08	
8591.14	3.46237e-08	
8592.14	3.46159e-08	
8593.14	3.4608e-08	
8594.14	3.46002e-08	
8595.14	3.45924e-08	
8596.14	3.45845e-08	
8597.14	3.45767e-08	
8598.14	3.45689e-08	
8599.14	3.45611e-08	
8600.14	3.45533e-08	
8601.14	3.45455e-08	
8602.14	3.45377e-08	
8603.14	3.45299e-08	
8604.14	3.45221e-08	
8605.14	3.45143e-08	
8606.14	3.45065e-08	
8607.14	3.44987e-08	
8608.14	3.44909e-08	
8609.14	3.44831e-08	
8610.14	3.44753e-08	
8611.14	3.44675e-08	
8612.14	3.44597e-08	
8613.14	3.4452e-08	
8614.14	3.44442e-08	
8615.14	3.44364e-08	
8616.14	3.44286e-08	
8617.14	3.44209e-08	
8618.14	3.44131e-08	
8619.14	3.44053e-08	
8620.14	3.43976e-08	
8621.14	3.43898e-08	
8622.14	3.43821e-08	
8623.14	3.43743e-08	
8624.14	3.43666e-08	
8625.14	3.43588e-08	
8626.14	3.43511e-08	
8627.14	3.43433e-08	
8628.14	3.43356e-08	
8629.14	3.43278e-08	
8630.14	3.43201e-08	
8631.14	3.43124e-08	
8632.14	3.43055e-08	
8633.14	3.42977e-08	
8634.14	3.429e-08	
8635.14	3.42823e-08	
8636.14	3.42746e-08	
8637.14	3.42668e-08	
8638.14	3.42591e-08	
8639.14	3.42514e-08	
8640.14	3.42437e-08	
8641.14	3.4236e-08	
8642.14	3.42283e-08	
8643.14	3.42198e-08	
8644.14	3.42121e-08	
8645.14	3.42044e-08	
8646.14	3.41967e-08	
8647.14	3.4189e-08	
8648.14	3.41813e-08	
8649.14	3.41737e-08	
8650.13	3.4166e-08	
8651.13	3.41583e-08	
8652.13	3.41506e-08	
8653.13	3.41429e-08	
8654.13	3.41353e-08	
8655.13	3.41276e-08	
8656.13	3.41199e-08	
8657.13	3.41123e-08	
8658.13	3.41046e-08	
8659.13	3.4097e-08	
8660.13	3.40893e-08	
8661.13	3.40816e-08	
8662.13	3.4074e-08	
8663.13	3.40663e-08	
8664.13	3.40587e-08	
8665.13	3.4051e-08	
8666.13	3.40434e-08	
8667.13	3.40358e-08	
8668.13	3.40281e-08	
8669.13	3.40205e-08	
8670.13	3.40129e-08	
8671.13	3.40052e-08	
8672.13	3.39976e-08	
8673.13	3.399e-08	
8674.13	3.39824e-08	
8675.13	3.39748e-08	
8676.13	3.39671e-08	
8677.13	3.39595e-08	
8678.13	3.39519e-08	
8679.13	3.39443e-08	
8680.13	3.39367e-08	
8681.13	3.39291e-08	
8682.13	3.39215e-08	
8683.13	3.39139e-08	
8684.13	3.39063e-08	
8685.13	3.38987e-08	
8686.13	3.38911e-08	
8687.13	3.38835e-08	
8688.13	3.38759e-08	
8689.13	3.38684e-08	
8690.13	3.38608e-08	
8691.13	3.38532e-08	
8692.13	3.38456e-08	
8693.13	3.38381e-08	
8694.13	3.38305e-08	
8695.13	3.38229e-08	
8696.13	3.38154e-08	
8697.13	3.38078e-08	
8698.13	3.38002e-08	
8699.13	3.37927e-08	
8700.13	3.37851e-08	
8701.13	3.37776e-08	
8702.13	3.377e-08	
8703.13	3.37625e-08	
8704.13	3.37549e-08	
8705.13	3.37474e-08	
8706.13	3.37398e-08	
8707.13	3.37323e-08	
8708.13	3.37248e-08	
8709.13	3.37172e-08	
8710.13	3.37097e-08	
8711.13	3.37022e-08	
8712.13	3.36947e-08	
8713.13	3.36871e-08	
8714.13	3.36796e-08	
8715.13	3.36721e-08	
8716.13	3.36646e-08	
8717.13	3.36571e-08	
8718.13	3.36496e-08	
8719.13	3.36421e-08	
8720.13	3.36346e-08	
8721.13	3.3627e-08	
8722.13	3.36195e-08	
8723.13	3.36121e-08	
8724.13	3.36046e-08	
8725.13	3.35971e-08	
8726.13	3.35896e-08	
8727.13	3.35821e-08	
8728.13	3.35746e-08	
8729.13	3.35671e-08	
8730.13	3.35596e-08	
8731.13	3.35522e-08	
8732.13	3.35447e-08	
8733.13	3.35372e-08	
8734.13	3.35297e-08	
8735.13	3.35223e-08	
8736.13	3.35148e-08	
8737.13	3.35074e-08	
8738.13	3.34999e-08	
8739.13	3.34924e-08	
8740.13	3.3485e-08	
8741.13	3.34775e-08	
8742.13	3.34701e-08	
8743.13	3.34626e-08	
8744.13	3.34552e-08	
8745.13	3.34477e-08	
8746.13	3.34403e-08	
8747.13	3.34329e-08	
8748.13	3.34254e-08	
8749.13	3.3418e-08	
8750.12	3.34106e-08	
8751.12	3.34031e-08	
8752.12	3.33957e-08	
8753.12	3.33883e-08	
8754.12	3.33809e-08	
8755.12	3.33735e-08	
8756.12	3.3366e-08	
8757.12	3.33586e-08	
8758.12	3.33512e-08	
8759.12	3.33438e-08	
8760.12	3.33364e-08	
8761.12	3.3329e-08	
8762.12	3.33216e-08	
8763.12	3.33142e-08	
8764.12	3.33068e-08	
8765.12	3.32994e-08	
8766.12	3.3292e-08	
8767.12	3.32846e-08	
8768.12	3.32772e-08	
8769.12	3.32699e-08	
8770.12	3.32625e-08	
8771.12	3.32551e-08	
8772.12	3.32477e-08	
8773.12	3.32404e-08	
8774.12	3.3233e-08	
8775.12	3.32256e-08	
8776.12	3.32182e-08	
8777.12	3.32109e-08	
8778.12	3.32035e-08	
8779.12	3.31962e-08	
8780.12	3.31888e-08	
8781.12	3.31814e-08	
8782.12	3.31741e-08	
8783.12	3.31667e-08	
8784.12	3.31594e-08	
8785.12	3.31521e-08	
8786.12	3.31447e-08	
8787.12	3.31374e-08	
8788.12	3.313e-08	
8789.12	3.31227e-08	
8790.12	3.31154e-08	
8791.12	3.3108e-08	
8792.12	3.31007e-08	
8793.12	3.30934e-08	
8794.12	3.30861e-08	
8795.12	3.30787e-08	
8796.12	3.30714e-08	
8797.12	3.30641e-08	
8798.12	3.30568e-08	
8799.12	3.30495e-08	
8800.12	3.30422e-08	
8801.12	3.30349e-08	
8802.12	3.30276e-08	
8803.12	3.30203e-08	
8804.12	3.3013e-08	
8805.12	3.30057e-08	
8806.12	3.29984e-08	
8807.12	3.29911e-08	
8808.12	3.29838e-08	
8809.12	3.29765e-08	
8810.12	3.29692e-08	
8811.12	3.29619e-08	
8812.12	3.29547e-08	
8813.12	3.29474e-08	
8814.12	3.29401e-08	
8815.12	3.29328e-08	
8816.12	3.29256e-08	
8817.12	3.29183e-08	
8818.12	3.2911e-08	
8819.12	3.29038e-08	
8820.12	3.28965e-08	
8821.12	3.28893e-08	
8822.12	3.2882e-08	
8823.12	3.28748e-08	
8824.12	3.28675e-08	
8825.12	3.28603e-08	
8826.12	3.2853e-08	
8827.12	3.28458e-08	
8828.12	3.28385e-08	
8829.12	3.28313e-08	
8830.12	3.28241e-08	
8831.12	3.28168e-08	
8832.12	3.28096e-08	
8833.12	3.28024e-08	
8834.12	3.27951e-08	
8835.12	3.27879e-08	
8836.12	3.27807e-08	
8837.12	3.27735e-08	
8838.12	3.27662e-08	
8839.12	3.2759e-08	
8840.12	3.27518e-08	
8841.12	3.27446e-08	
8842.12	3.27374e-08	
8843.12	3.27302e-08	
8844.12	3.2723e-08	
8845.12	3.27158e-08	
8846.12	3.27086e-08	
8847.12	3.27014e-08	
8848.12	3.26942e-08	
8849.12	3.2687e-08	
8850.11	3.26798e-08	
8851.11	3.26726e-08	
8852.11	3.26655e-08	
8853.11	3.26583e-08	
8854.11	3.26511e-08	
8855.11	3.26439e-08	
8856.11	3.26367e-08	
8857.11	3.26296e-08	
8858.11	3.26224e-08	
8859.11	3.26152e-08	
8860.11	3.26081e-08	
8861.11	3.26009e-08	
8862.11	3.25937e-08	
8863.11	3.25866e-08	
8864.11	3.25794e-08	
8865.11	3.25723e-08	
8866.11	3.25651e-08	
8867.11	3.2558e-08	
8868.11	3.25508e-08	
8869.11	3.25437e-08	
8870.11	3.25365e-08	
8871.11	3.25294e-08	
8872.11	3.25223e-08	
8873.11	3.25151e-08	
8874.11	3.2508e-08	
8875.11	3.25009e-08	
8876.11	3.24937e-08	
8877.11	3.24866e-08	
8878.11	3.24795e-08	
8879.11	3.24724e-08	
8880.11	3.24652e-08	
8881.11	3.24581e-08	
8882.11	3.2451e-08	
8883.11	3.24439e-08	
8884.11	3.24368e-08	
8885.11	3.24297e-08	
8886.11	3.24226e-08	
8887.11	3.24155e-08	
8888.11	3.24084e-08	
8889.11	3.24013e-08	
8890.11	3.23942e-08	
8891.11	3.23871e-08	
8892.11	3.238e-08	
8893.11	3.23729e-08	
8894.11	3.23658e-08	
8895.11	3.23588e-08	
8896.11	3.23517e-08	
8897.11	3.23446e-08	
8898.11	3.23375e-08	
8899.11	3.23304e-08	
8900.11	3.23234e-08	
8901.11	3.23163e-08	
8902.11	3.23092e-08	
8903.11	3.23022e-08	
8904.11	3.22951e-08	
8905.11	3.2288e-08	
8906.11	3.2281e-08	
8907.11	3.22739e-08	
8908.11	3.22669e-08	
8909.11	3.22598e-08	
8910.11	3.22528e-08	
8911.11	3.22457e-08	
8912.11	3.22387e-08	
8913.11	3.22316e-08	
8914.11	3.22246e-08	
8915.11	3.22176e-08	
8916.11	3.22105e-08	
8917.11	3.22035e-08	
8918.11	3.21965e-08	
8919.11	3.21894e-08	
8920.11	3.21824e-08	
8921.11	3.21754e-08	
8922.11	3.21684e-08	
8923.11	3.21613e-08	
8924.11	3.21543e-08	
8925.11	3.21473e-08	
8926.11	3.21403e-08	
8927.11	3.21333e-08	
8928.11	3.21263e-08	
8929.11	3.21193e-08	
8930.11	3.21123e-08	
8931.11	3.21053e-08	
8932.11	3.20983e-08	
8933.11	3.20913e-08	
8934.11	3.20843e-08	
8935.11	3.20773e-08	
8936.11	3.20703e-08	
8937.11	3.20633e-08	
8938.11	3.20563e-08	
8939.11	3.20493e-08	
8940.11	3.20424e-08	
8941.11	3.20354e-08	
8942.11	3.20284e-08	
8943.11	3.20214e-08	
8944.11	3.20145e-08	
8945.11	3.20075e-08	
8946.11	3.20005e-08	
8947.11	3.19936e-08	
8948.11	3.19866e-08	
8949.11	3.19796e-08	
8950.1	3.19727e-08	
8951.1	3.19657e-08	
8952.1	3.19588e-08	
8953.1	3.19518e-08	
8954.1	3.19449e-08	
8955.1	3.19379e-08	
8956.1	3.1931e-08	
8957.1	3.1924e-08	
8958.1	3.19171e-08	
8959.1	3.19102e-08	
8960.1	3.19032e-08	
8961.1	3.18963e-08	
8962.1	3.18894e-08	
8963.1	3.18824e-08	
8964.1	3.18755e-08	
8965.1	3.18686e-08	
8966.1	3.18617e-08	
8967.1	3.18547e-08	
8968.1	3.18478e-08	
8969.1	3.18409e-08	
8970.1	3.1834e-08	
8971.1	3.18271e-08	
8972.1	3.18202e-08	
8973.1	3.18133e-08	
8974.1	3.18064e-08	
8975.1	3.17995e-08	
8976.1	3.17926e-08	
8977.1	3.17857e-08	
8978.1	3.17788e-08	
8979.1	3.17719e-08	
8980.1	3.1765e-08	
8981.1	3.17581e-08	
8982.1	3.17512e-08	
8983.1	3.17443e-08	
8984.1	3.17375e-08	
8985.1	3.17306e-08	
8986.1	3.17237e-08	
8987.1	3.17173e-08	
8988.1	3.17104e-08	
8989.1	3.17036e-08	
8990.1	3.16967e-08	
8991.1	3.16898e-08	
8992.1	3.1683e-08	
8993.1	3.16761e-08	
8994.1	3.16692e-08	
8995.1	3.16624e-08	
8996.1	3.16555e-08	
8997.1	3.16487e-08	
8998.1	3.16418e-08	
8999.1	3.1635e-08	
9000.1	3.16281e-08	
9001.1	3.16208e-08	
9002.1	3.1614e-08	
9003.1	3.16071e-08	
9004.1	3.16003e-08	
9005.1	3.15935e-08	
9006.1	3.15866e-08	
9007.1	3.15798e-08	
9008.1	3.1573e-08	
9009.1	3.15662e-08	
9010.1	3.15593e-08	
9011.1	3.15525e-08	
9012.1	3.15457e-08	
9013.1	3.15389e-08	
9014.1	3.15321e-08	
9015.1	3.15253e-08	
9016.1	3.15185e-08	
9017.1	3.15116e-08	
9018.1	3.15048e-08	
9019.1	3.1498e-08	
9020.1	3.14912e-08	
9021.1	3.14844e-08	
9022.1	3.14776e-08	
9023.1	3.14708e-08	
9024.1	3.1464e-08	
9025.1	3.14573e-08	
9026.1	3.14505e-08	
9027.1	3.14437e-08	
9028.1	3.14369e-08	
9029.1	3.14301e-08	
9030.1	3.14233e-08	
9031.1	3.14166e-08	
9032.1	3.14098e-08	
9033.1	3.1403e-08	
9034.1	3.13962e-08	
9035.1	3.13895e-08	
9036.1	3.13827e-08	
9037.1	3.13759e-08	
9038.1	3.13692e-08	
9039.1	3.13624e-08	
9040.1	3.13556e-08	
9041.1	3.13489e-08	
9042.1	3.13421e-08	
9043.1	3.13354e-08	
9044.1	3.13286e-08	
9045.1	3.13219e-08	
9046.1	3.13151e-08	
9047.1	3.13084e-08	
9048.1	3.13017e-08	
9049.1	3.12949e-08	
9050.09	3.12882e-08	
9051.09	3.12815e-08	
9052.09	3.12747e-08	
9053.09	3.1268e-08	
9054.09	3.12613e-08	
9055.09	3.12545e-08	
9056.09	3.12478e-08	
9057.09	3.12411e-08	
9058.09	3.12344e-08	
9059.09	3.12277e-08	
9060.09	3.12209e-08	
9061.09	3.12142e-08	
9062.09	3.12075e-08	
9063.09	3.12008e-08	
9064.09	3.11941e-08	
9065.09	3.11874e-08	
9066.09	3.11807e-08	
9067.09	3.1174e-08	
9068.09	3.11673e-08	
9069.09	3.11606e-08	
9070.09	3.11539e-08	
9071.09	3.11472e-08	
9072.09	3.11405e-08	
9073.09	3.11338e-08	
9074.09	3.11272e-08	
9075.09	3.11205e-08	
9076.09	3.11138e-08	
9077.09	3.11071e-08	
9078.09	3.11004e-08	
9079.09	3.10938e-08	
9080.09	3.10871e-08	
9081.09	3.10804e-08	
9082.09	3.10738e-08	
9083.09	3.10671e-08	
9084.09	3.10604e-08	
9085.09	3.10538e-08	
9086.09	3.10471e-08	
9087.09	3.10404e-08	
9088.09	3.10338e-08	
9089.09	3.10271e-08	
9090.09	3.10205e-08	
9091.09	3.10138e-08	
9092.09	3.10072e-08	
9093.09	3.10005e-08	
9094.09	3.09939e-08	
9095.09	3.09873e-08	
9096.09	3.09806e-08	
9097.09	3.0974e-08	
9098.09	3.09674e-08	
9099.09	3.09607e-08	
9100.09	3.09541e-08	
9101.09	3.09475e-08	
9102.09	3.09408e-08	
9103.09	3.09342e-08	
9104.09	3.09276e-08	
9105.09	3.0921e-08	
9106.09	3.09144e-08	
9107.09	3.09078e-08	
9108.09	3.09011e-08	
9109.09	3.08945e-08	
9110.09	3.08879e-08	
9111.09	3.08813e-08	
9112.09	3.08747e-08	
9113.09	3.08681e-08	
9114.09	3.08615e-08	
9115.09	3.08549e-08	
9116.09	3.08483e-08	
9117.09	3.08417e-08	
9118.09	3.08351e-08	
9119.09	3.08285e-08	
9120.09	3.0822e-08	
9121.09	3.08154e-08	
9122.09	3.08088e-08	
9123.09	3.08022e-08	
9124.09	3.07956e-08	
9125.09	3.0789e-08	
9126.09	3.07825e-08	
9127.09	3.07759e-08	
9128.09	3.07693e-08	
9129.09	3.07628e-08	
9130.09	3.07562e-08	
9131.09	3.07496e-08	
9132.09	3.07431e-08	
9133.09	3.07365e-08	
9134.09	3.07299e-08	
9135.09	3.07234e-08	
9136.09	3.07168e-08	
9137.09	3.07103e-08	
9138.09	3.07037e-08	
9139.09	3.06972e-08	
9140.09	3.06906e-08	
9141.09	3.06841e-08	
9142.09	3.06776e-08	
9143.09	3.0671e-08	
9144.09	3.06645e-08	
9145.09	3.06579e-08	
9146.09	3.06514e-08	
9147.09	3.06449e-08	
9148.09	3.06384e-08	
9149.09	3.06318e-08	
9150.08	3.06253e-08	
9151.08	3.06188e-08	
9152.08	3.06123e-08	
9153.08	3.06057e-08	
9154.08	3.05992e-08	
9155.08	3.05927e-08	
9156.08	3.05862e-08	
9157.08	3.05797e-08	
9158.08	3.05732e-08	
9159.08	3.05667e-08	
9160.08	3.05602e-08	
9161.08	3.05537e-08	
9162.08	3.05472e-08	
9163.08	3.05407e-08	
9164.08	3.05342e-08	
9165.08	3.05277e-08	
9166.08	3.05212e-08	
9167.08	3.05147e-08	
9168.08	3.05082e-08	
9169.08	3.05017e-08	
9170.08	3.04952e-08	
9171.08	3.04888e-08	
9172.08	3.04823e-08	
9173.08	3.04758e-08	
9174.08	3.04693e-08	
9175.08	3.04629e-08	
9176.08	3.04564e-08	
9177.08	3.04499e-08	
9178.08	3.04435e-08	
9179.08	3.0437e-08	
9180.08	3.04305e-08	
9181.08	3.04241e-08	
9182.08	3.04176e-08	
9183.08	3.04112e-08	
9184.08	3.04047e-08	
9185.08	3.03982e-08	
9186.08	3.03918e-08	
9187.08	3.03853e-08	
9188.08	3.03789e-08	
9189.08	3.03725e-08	
9190.08	3.0366e-08	
9191.08	3.03595e-08	
9192.08	3.03531e-08	
9193.08	3.03467e-08	
9194.08	3.03402e-08	
9195.08	3.03338e-08	
9196.08	3.03274e-08	
9197.08	3.03209e-08	
9198.08	3.03145e-08	
9199.08	3.03081e-08	
9200.08	3.03017e-08	
9201.08	3.02952e-08	
9202.08	3.02888e-08	
9203.08	3.02824e-08	
9204.08	3.0276e-08	
9205.08	3.02696e-08	
9206.08	3.02632e-08	
9207.08	3.02568e-08	
9208.08	3.02504e-08	
9209.08	3.0244e-08	
9210.08	3.02376e-08	
9211.08	3.02312e-08	
9212.08	3.02248e-08	
9213.08	3.02184e-08	
9214.08	3.0212e-08	
9215.08	3.02056e-08	
9216.08	3.01992e-08	
9217.08	3.01928e-08	
9218.08	3.01864e-08	
9219.08	3.018e-08	
9220.08	3.01737e-08	
9221.08	3.01673e-08	
9222.08	3.01609e-08	
9223.08	3.01545e-08	
9224.08	3.01482e-08	
9225.08	3.01418e-08	
9226.08	3.01354e-08	
9227.08	3.0129e-08	
9228.08	3.01227e-08	
9229.08	3.01163e-08	
9230.08	3.011e-08	
9231.08	3.01036e-08	
9232.08	3.00972e-08	
9233.08	3.00909e-08	
9234.08	3.00845e-08	
9235.08	3.00782e-08	
9236.08	3.00718e-08	
9237.08	3.00655e-08	
9238.08	3.00591e-08	
9239.08	3.00528e-08	
9240.08	3.00464e-08	
9241.08	3.00401e-08	
9242.08	3.00338e-08	
9243.08	3.00274e-08	
9244.08	3.00211e-08	
9245.08	3.00148e-08	
9246.08	3.00084e-08	
9247.08	3.00021e-08	
9248.08	2.99958e-08	
9249.08	2.99895e-08	
9250.07	2.99831e-08	
9251.07	2.99768e-08	
9252.07	2.99705e-08	
9253.07	2.99642e-08	
9254.07	2.99579e-08	
9255.07	2.99516e-08	
9256.07	2.99453e-08	
9257.07	2.9939e-08	
9258.07	2.99326e-08	
9259.07	2.99263e-08	
9260.07	2.992e-08	
9261.07	2.99137e-08	
9262.07	2.99074e-08	
9263.07	2.99011e-08	
9264.07	2.98949e-08	
9265.07	2.98886e-08	
9266.07	2.98823e-08	
9267.07	2.9876e-08	
9268.07	2.98697e-08	
9269.07	2.98634e-08	
9270.07	2.98571e-08	
9271.07	2.98509e-08	
9272.07	2.98446e-08	
9273.07	2.98383e-08	
9274.07	2.9832e-08	
9275.07	2.98258e-08	
9276.07	2.98195e-08	
9277.07	2.98132e-08	
9278.07	2.9807e-08	
9279.07	2.98007e-08	
9280.07	2.97944e-08	
9281.07	2.97882e-08	
9282.07	2.97819e-08	
9283.07	2.97757e-08	
9284.07	2.97694e-08	
9285.07	2.97631e-08	
9286.07	2.97569e-08	
9287.07	2.97506e-08	
9288.07	2.97444e-08	
9289.07	2.97382e-08	
9290.07	2.97319e-08	
9291.07	2.97257e-08	
9292.07	2.97194e-08	
9293.07	2.97132e-08	
9294.07	2.9707e-08	
9295.07	2.97007e-08	
9296.07	2.96945e-08	
9297.07	2.96883e-08	
9298.07	2.9682e-08	
9299.07	2.96758e-08	
9300.07	2.96696e-08	
9301.07	2.96634e-08	
9302.07	2.96572e-08	
9303.07	2.96509e-08	
9304.07	2.96447e-08	
9305.07	2.96385e-08	
9306.07	2.96323e-08	
9307.07	2.96261e-08	
9308.07	2.96199e-08	
9309.07	2.96137e-08	
9310.07	2.96075e-08	
9311.07	2.96013e-08	
9312.07	2.95951e-08	
9313.07	2.95889e-08	
9314.07	2.95827e-08	
9315.07	2.95765e-08	
9316.07	2.95703e-08	
9317.07	2.95641e-08	
9318.07	2.95579e-08	
9319.07	2.95517e-08	
9320.07	2.95455e-08	
9321.07	2.95394e-08	
9322.07	2.95332e-08	
9323.07	2.9527e-08	
9324.07	2.95208e-08	
9325.07	2.95147e-08	
9326.07	2.95085e-08	
9327.07	2.95023e-08	
9328.07	2.94961e-08	
9329.07	2.949e-08	
9330.07	2.94838e-08	
9331.07	2.94776e-08	
9332.07	2.94715e-08	
9333.07	2.94653e-08	
9334.07	2.94592e-08	
9335.07	2.9453e-08	
9336.07	2.94469e-08	
9337.07	2.94407e-08	
9338.07	2.94346e-08	
9339.07	2.94284e-08	
9340.07	2.94223e-08	
9341.07	2.94161e-08	
9342.07	2.941e-08	
9343.07	2.94038e-08	
9344.07	2.93977e-08	
9345.07	2.93916e-08	
9346.07	2.93854e-08	
9347.07	2.93793e-08	
9348.07	2.93732e-08	
9349.07	2.9367e-08	
9350.06	2.93609e-08	
9351.06	2.93548e-08	
9352.06	2.93487e-08	
9353.06	2.93426e-08	
9354.06	2.93364e-08	
9355.06	2.93303e-08	
9356.06	2.93242e-08	
9357.06	2.93181e-08	
9358.06	2.9312e-08	
9359.06	2.93059e-08	
9360.06	2.92998e-08	
9361.06	2.92937e-08	
9362.06	2.92876e-08	
9363.06	2.92814e-08	
9364.06	2.92753e-08	
9365.06	2.92693e-08	
9366.06	2.92632e-08	
9367.06	2.92571e-08	
9368.06	2.9251e-08	
9369.06	2.92449e-08	
9370.06	2.92388e-08	
9371.06	2.92327e-08	
9372.06	2.92266e-08	
9373.06	2.92205e-08	
9374.06	2.92145e-08	
9375.06	2.92084e-08	
9376.06	2.92023e-08	
9377.06	2.91962e-08	
9378.06	2.91902e-08	
9379.06	2.91841e-08	
9380.06	2.9178e-08	
9381.06	2.91719e-08	
9382.06	2.91659e-08	
9383.06	2.91598e-08	
9384.06	2.91538e-08	
9385.06	2.91477e-08	
9386.06	2.91416e-08	
9387.06	2.91356e-08	
9388.06	2.91295e-08	
9389.06	2.91235e-08	
9390.06	2.91174e-08	
9391.06	2.91114e-08	
9392.06	2.91053e-08	
9393.06	2.90993e-08	
9394.06	2.90932e-08	
9395.06	2.90872e-08	
9396.06	2.90812e-08	
9397.06	2.90751e-08	
9398.06	2.90691e-08	
9399.06	2.9063e-08	
9400.06	2.9057e-08	
9401.06	2.9051e-08	
9402.06	2.9045e-08	
9403.06	2.90389e-08	
9404.06	2.90329e-08	
9405.06	2.90269e-08	
9406.06	2.90209e-08	
9407.06	2.90148e-08	
9408.06	2.90088e-08	
9409.06	2.90028e-08	
9410.06	2.89968e-08	
9411.06	2.89908e-08	
9412.06	2.89848e-08	
9413.06	2.89788e-08	
9414.06	2.89728e-08	
9415.06	2.89668e-08	
9416.06	2.89608e-08	
9417.06	2.89548e-08	
9418.06	2.89488e-08	
9419.06	2.89428e-08	
9420.06	2.89368e-08	
9421.06	2.89308e-08	
9422.06	2.89248e-08	
9423.06	2.89188e-08	
9424.06	2.89128e-08	
9425.06	2.89068e-08	
9426.06	2.89008e-08	
9427.06	2.88949e-08	
9428.06	2.88889e-08	
9429.06	2.88829e-08	
9430.06	2.88769e-08	
9431.06	2.88709e-08	
9432.06	2.8865e-08	
9433.06	2.8859e-08	
9434.06	2.8853e-08	
9435.06	2.88471e-08	
9436.06	2.88411e-08	
9437.06	2.88351e-08	
9438.06	2.88292e-08	
9439.06	2.88232e-08	
9440.06	2.88173e-08	
9441.06	2.88113e-08	
9442.06	2.88053e-08	
9443.06	2.87994e-08	
9444.06	2.87934e-08	
9445.06	2.87875e-08	
9446.06	2.87816e-08	
9447.06	2.87756e-08	
9448.06	2.87697e-08	
9449.06	2.87637e-08	
9450.05	2.87578e-08	
9451.05	2.87518e-08	
9452.05	2.87459e-08	
9453.05	2.874e-08	
9454.05	2.8734e-08	
9455.05	2.87281e-08	
9456.05	2.87222e-08	
9457.05	2.87163e-08	
9458.05	2.87103e-08	
9459.05	2.87044e-08	
9460.05	2.86985e-08	
9461.05	2.86926e-08	
9462.05	2.86867e-08	
9463.05	2.86807e-08	
9464.05	2.86748e-08	
9465.05	2.86689e-08	
9466.05	2.8663e-08	
9467.05	2.86571e-08	
9468.05	2.86512e-08	
9469.05	2.86453e-08	
9470.05	2.86394e-08	
9471.05	2.86335e-08	
9472.05	2.86276e-08	
9473.05	2.86217e-08	
9474.05	2.86158e-08	
9475.05	2.86099e-08	
9476.05	2.8604e-08	
9477.05	2.85981e-08	
9478.05	2.85922e-08	
9479.05	2.85863e-08	
9480.05	2.85804e-08	
9481.05	2.85746e-08	
9482.05	2.85687e-08	
9483.05	2.85628e-08	
9484.05	2.85569e-08	
9485.05	2.8551e-08	
9486.05	2.85452e-08	
9487.05	2.85393e-08	
9488.05	2.85334e-08	
9489.05	2.85276e-08	
9490.05	2.85217e-08	
9491.05	2.85158e-08	
9492.05	2.851e-08	
9493.05	2.85041e-08	
9494.05	2.84982e-08	
9495.05	2.84924e-08	
9496.05	2.84865e-08	
9497.05	2.84807e-08	
9498.05	2.84748e-08	
9499.05	2.8469e-08	
9500.05	2.84631e-08	
9501.05	2.84573e-08	
9502.05	2.84514e-08	
9503.05	2.84456e-08	
9504.05	2.84398e-08	
9505.05	2.84339e-08	
9506.05	2.84281e-08	
9507.05	2.84222e-08	
9508.05	2.84164e-08	
9509.05	2.84106e-08	
9510.05	2.84047e-08	
9511.05	2.83989e-08	
9512.05	2.83931e-08	
9513.05	2.83873e-08	
9514.05	2.83814e-08	
9515.05	2.83756e-08	
9516.05	2.83698e-08	
9517.05	2.8364e-08	
9518.05	2.83582e-08	
9519.05	2.83523e-08	
9520.05	2.83465e-08	
9521.05	2.83407e-08	
9522.05	2.83349e-08	
9523.05	2.83291e-08	
9524.05	2.83233e-08	
9525.05	2.83175e-08	
9526.05	2.83117e-08	
9527.05	2.83059e-08	
9528.05	2.83001e-08	
9529.05	2.82943e-08	
9530.05	2.82885e-08	
9531.05	2.82827e-08	
9532.05	2.82769e-08	
9533.05	2.82711e-08	
9534.05	2.82653e-08	
9535.05	2.82595e-08	
9536.05	2.82538e-08	
9537.05	2.8248e-08	
9538.05	2.82422e-08	
9539.05	2.82364e-08	
9540.05	2.82306e-08	
9541.05	2.82249e-08	
9542.05	2.82191e-08	
9543.05	2.82133e-08	
9544.05	2.82075e-08	
9545.05	2.82018e-08	
9546.05	2.8196e-08	
9547.05	2.81902e-08	
9548.05	2.81845e-08	
9549.05	2.81787e-08	
9550.04	2.8173e-08	
9551.04	2.81672e-08	
9552.04	2.81614e-08	
9553.04	2.81557e-08	
9554.04	2.81499e-08	
9555.04	2.81442e-08	
9556.04	2.81384e-08	
9557.04	2.81327e-08	
9558.04	2.81269e-08	
9559.04	2.81212e-08	
9560.04	2.81155e-08	
9561.04	2.81097e-08	
9562.04	2.8104e-08	
9563.04	2.80982e-08	
9564.04	2.80925e-08	
9565.04	2.80868e-08	
9566.04	2.8081e-08	
9567.04	2.80753e-08	
9568.04	2.80696e-08	
9569.04	2.80639e-08	
9570.04	2.80581e-08	
9571.04	2.80524e-08	
9572.04	2.80467e-08	
9573.04	2.8041e-08	
9574.04	2.80352e-08	
9575.04	2.80295e-08	
9576.04	2.80238e-08	
9577.04	2.80181e-08	
9578.04	2.80124e-08	
9579.04	2.80067e-08	
9580.04	2.8001e-08	
9581.04	2.79953e-08	
9582.04	2.79896e-08	
9583.04	2.79839e-08	
9584.04	2.79782e-08	
9585.04	2.79725e-08	
9586.04	2.79668e-08	
9587.04	2.79611e-08	
9588.04	2.79554e-08	
9589.04	2.79497e-08	
9590.04	2.7944e-08	
9591.04	2.79383e-08	
9592.04	2.79326e-08	
9593.04	2.79269e-08	
9594.04	2.79213e-08	
9595.04	2.79156e-08	
9596.04	2.79099e-08	
9597.04	2.79042e-08	
9598.04	2.78985e-08	
9599.04	2.78929e-08	
9600.04	2.78872e-08	
9601.04	2.78815e-08	
9602.04	2.78759e-08	
9603.04	2.78702e-08	
9604.04	2.78645e-08	
9605.04	2.78589e-08	
9606.04	2.78532e-08	
9607.04	2.78475e-08	
9608.04	2.78419e-08	
9609.04	2.78362e-08	
9610.04	2.78306e-08	
9611.04	2.78249e-08	
9612.04	2.78193e-08	
9613.04	2.78136e-08	
9614.04	2.7808e-08	
9615.04	2.78023e-08	
9616.04	2.77967e-08	
9617.04	2.7791e-08	
9618.04	2.77854e-08	
9619.04	2.77797e-08	
9620.04	2.77741e-08	
9621.04	2.77685e-08	
9622.04	2.77628e-08	
9623.04	2.77572e-08	
9624.04	2.77516e-08	
9625.04	2.77459e-08	
9626.04	2.77403e-08	
9627.04	2.77347e-08	
9628.04	2.7729e-08	
9629.04	2.77234e-08	
9630.04	2.77178e-08	
9631.04	2.77122e-08	
9632.04	2.77066e-08	
9633.04	2.77009e-08	
9634.04	2.76953e-08	
9635.04	2.76897e-08	
9636.04	2.76841e-08	
9637.04	2.76785e-08	
9638.04	2.76729e-08	
9639.04	2.76673e-08	
9640.04	2.76617e-08	
9641.04	2.76561e-08	
9642.04	2.76505e-08	
9643.04	2.76449e-08	
9644.04	2.76393e-08	
9645.04	2.76337e-08	
9646.04	2.76281e-08	
9647.04	2.76225e-08	
9648.04	2.76169e-08	
9649.04	2.76113e-08	
9650.03	2.76057e-08	
9651.03	2.76001e-08	
9652.03	2.75946e-08	
9653.03	2.7589e-08	
9654.03	2.75834e-08	
9655.03	2.75778e-08	
9656.03	2.75722e-08	
9657.03	2.75667e-08	
9658.03	2.75611e-08	
9659.03	2.75555e-08	
9660.03	2.75499e-08	
9661.03	2.75444e-08	
9662.03	2.75388e-08	
9663.03	2.75332e-08	
9664.03	2.75277e-08	
9665.03	2.75221e-08	
9666.03	2.75166e-08	
9667.03	2.7511e-08	
9668.03	2.75054e-08	
9669.03	2.74999e-08	
9670.03	2.74943e-08	
9671.03	2.74888e-08	
9672.03	2.74832e-08	
9673.03	2.74777e-08	
9674.03	2.74721e-08	
9675.03	2.74666e-08	
9676.03	2.7461e-08	
9677.03	2.74555e-08	
9678.03	2.745e-08	
9679.03	2.74444e-08	
9680.03	2.74389e-08	
9681.03	2.74333e-08	
9682.03	2.74278e-08	
9683.03	2.74223e-08	
9684.03	2.74168e-08	
9685.03	2.74112e-08	
9686.03	2.74057e-08	
9687.03	2.74002e-08	
9688.03	2.73946e-08	
9689.03	2.73891e-08	
9690.03	2.73836e-08	
9691.03	2.73781e-08	
9692.03	2.73726e-08	
9693.03	2.73671e-08	
9694.03	2.73615e-08	
9695.03	2.7356e-08	
9696.03	2.73505e-08	
9697.03	2.7345e-08	
9698.03	2.73395e-08	
9699.03	2.7334e-08	
9700.03	2.73285e-08	
9701.03	2.73231e-08	
9702.03	2.73176e-08	
9703.03	2.73121e-08	
9704.03	2.73066e-08	
9705.03	2.73011e-08	
9706.03	2.72956e-08	
9707.03	2.72901e-08	
9708.03	2.72846e-08	
9709.03	2.72791e-08	
9710.03	2.72736e-08	
9711.03	2.72682e-08	
9712.03	2.72627e-08	
9713.03	2.72572e-08	
9714.03	2.72517e-08	
9715.03	2.72462e-08	
9716.03	2.72408e-08	
9717.03	2.72353e-08	
9718.03	2.72298e-08	
9719.03	2.72243e-08	
9720.03	2.72189e-08	
9721.03	2.72134e-08	
9722.03	2.72079e-08	
9723.03	2.72025e-08	
9724.03	2.7197e-08	
9725.03	2.71915e-08	
9726.03	2.71861e-08	
9727.03	2.71806e-08	
9728.03	2.71751e-08	
9729.03	2.71697e-08	
9730.03	2.71642e-08	
9731.03	2.71588e-08	
9732.03	2.71533e-08	
9733.03	2.71479e-08	
9734.03	2.71424e-08	
9735.03	2.7137e-08	
9736.03	2.71315e-08	
9737.03	2.71261e-08	
9738.03	2.71207e-08	
9739.03	2.71152e-08	
9740.03	2.71098e-08	
9741.03	2.71043e-08	
9742.03	2.70989e-08	
9743.03	2.70935e-08	
9744.03	2.7088e-08	
9745.03	2.70825e-08	
9746.03	2.70771e-08	
9747.03	2.70717e-08	
9748.03	2.70662e-08	
9749.03	2.70608e-08	
9750.02	2.70554e-08	
9751.02	2.705e-08	
9752.02	2.70445e-08	
9753.02	2.70391e-08	
9754.02	2.70337e-08	
9755.02	2.70283e-08	
9756.02	2.70229e-08	
9757.02	2.70175e-08	
9758.02	2.70121e-08	
9759.02	2.70067e-08	
9760.02	2.70013e-08	
9761.02	2.69959e-08	
9762.02	2.69904e-08	
9763.02	2.6985e-08	
9764.02	2.69796e-08	
9765.02	2.69742e-08	
9766.02	2.69689e-08	
9767.02	2.69635e-08	
9768.02	2.69581e-08	
9769.02	2.69527e-08	
9770.02	2.69473e-08	
9771.02	2.69419e-08	
9772.02	2.69365e-08	
9773.02	2.69311e-08	
9774.02	2.69257e-08	
9775.02	2.69204e-08	
9776.02	2.6915e-08	
9777.02	2.69096e-08	
9778.02	2.69042e-08	
9779.02	2.68989e-08	
9780.02	2.68935e-08	
9781.02	2.68881e-08	
9782.02	2.68827e-08	
9783.02	2.68774e-08	
9784.02	2.6872e-08	
9785.02	2.68666e-08	
9786.02	2.68613e-08	
9787.02	2.68559e-08	
9788.02	2.68505e-08	
9789.02	2.68452e-08	
9790.02	2.68398e-08	
9791.02	2.68345e-08	
9792.02	2.68291e-08	
9793.02	2.68238e-08	
9794.02	2.68184e-08	
9795.02	2.68131e-08	
9796.02	2.68077e-08	
9797.02	2.68024e-08	
9798.02	2.6797e-08	
9799.02	2.67917e-08	
9800.02	2.67863e-08	
9801.02	2.6781e-08	
9802.02	2.67757e-08	
9803.02	2.67703e-08	
9804.02	2.6765e-08	
9805.02	2.67597e-08	
9806.02	2.67543e-08	
9807.02	2.6749e-08	
9808.02	2.67437e-08	
9809.02	2.67383e-08	
9810.02	2.6733e-08	
9811.02	2.67277e-08	
9812.02	2.67224e-08	
9813.02	2.6717e-08	
9814.02	2.67117e-08	
9815.02	2.67064e-08	
9816.02	2.67011e-08	
9817.02	2.66958e-08	
9818.02	2.66905e-08	
9819.02	2.66851e-08	
9820.02	2.66798e-08	
9821.02	2.66745e-08	
9822.02	2.66692e-08	
9823.02	2.66639e-08	
9824.02	2.66586e-08	
9825.02	2.66533e-08	
9826.02	2.6648e-08	
9827.02	2.66427e-08	
9828.02	2.66374e-08	
9829.02	2.66321e-08	
9830.02	2.66268e-08	
9831.02	2.66215e-08	
9832.02	2.66162e-08	
9833.02	2.6611e-08	
9834.02	2.66057e-08	
9835.02	2.66004e-08	
9836.02	2.65951e-08	
9837.02	2.65898e-08	
9838.02	2.65845e-08	
9839.02	2.65792e-08	
9840.02	2.6574e-08	
9841.02	2.65687e-08	
9842.02	2.65634e-08	
9843.02	2.65581e-08	
9844.02	2.65529e-08	
9845.02	2.65476e-08	
9846.02	2.65423e-08	
9847.02	2.65371e-08	
9848.02	2.65318e-08	
9849.02	2.65265e-08	
9850.01	2.65213e-08	
9851.01	2.6516e-08	
9852.01	2.65108e-08	
9853.01	2.65055e-08	
9854.01	2.65002e-08	
9855.01	2.6495e-08	
9856.01	2.64897e-08	
9857.01	2.64845e-08	
9858.01	2.64792e-08	
9859.01	2.6474e-08	
9860.01	2.64687e-08	
9861.01	2.64635e-08	
9862.01	2.64582e-08	
9863.01	2.6453e-08	
9864.01	2.64478e-08	
9865.01	2.64425e-08	
9866.01	2.64373e-08	
9867.01	2.6432e-08	
9868.01	2.64268e-08	
9869.01	2.64216e-08	
9870.01	2.64163e-08	
9871.01	2.64111e-08	
9872.01	2.64059e-08	
9873.01	2.64007e-08	
9874.01	2.63954e-08	
9875.01	2.63902e-08	
9876.01	2.6385e-08	
9877.01	2.63798e-08	
9878.01	2.63745e-08	
9879.01	2.63693e-08	
9880.01	2.63641e-08	
9881.01	2.63589e-08	
9882.01	2.63537e-08	
9883.01	2.63485e-08	
9884.01	2.63433e-08	
9885.01	2.6338e-08	
9886.01	2.63328e-08	
9887.01	2.63276e-08	
9888.01	2.63224e-08	
9889.01	2.63172e-08	
9890.01	2.6312e-08	
9891.01	2.63068e-08	
9892.01	2.63016e-08	
9893.01	2.62964e-08	
9894.01	2.62912e-08	
9895.01	2.6286e-08	
9896.01	2.62809e-08	
9897.01	2.62757e-08	
9898.01	2.62705e-08	
9899.01	2.62653e-08	
9900.01	2.62601e-08	
9901.01	2.62549e-08	
9902.01	2.62497e-08	
9903.01	2.62446e-08	
9904.01	2.62394e-08	
9905.01	2.62342e-08	
9906.01	2.6229e-08	
9907.01	2.62238e-08	
9908.01	2.62187e-08	
9909.01	2.62135e-08	
9910.01	2.62083e-08	
9911.01	2.62032e-08	
9912.01	2.6198e-08	
9913.01	2.61928e-08	
9914.01	2.61877e-08	
9915.01	2.61825e-08	
9916.01	2.61773e-08	
9917.01	2.61722e-08	
9918.01	2.6167e-08	
9919.01	2.61619e-08	
9920.01	2.61567e-08	
9921.01	2.61516e-08	
9922.01	2.61464e-08	
9923.01	2.61413e-08	
9924.01	2.61361e-08	
9925.01	2.6131e-08	
9926.01	2.61258e-08	
9927.01	2.61207e-08	
9928.01	2.61155e-08	
9929.01	2.61104e-08	
9930.01	2.61052e-08	
9931.01	2.61001e-08	
9932.01	2.6095e-08	
9933.01	2.60898e-08	
9934.01	2.60847e-08	
9935.01	2.60796e-08	
9936.01	2.60744e-08	
9937.01	2.60693e-08	
9938.01	2.60642e-08	
9939.01	2.6059e-08	
9940.01	2.60539e-08	
9941.01	2.60488e-08	
9942.01	2.60437e-08	
9943.01	2.60386e-08	
9944.01	2.60334e-08	
9945.01	2.60283e-08	
9946.01	2.60232e-08	
9947.01	2.60181e-08	
9948.01	2.6013e-08	
9949.01	2.60079e-08	
9950.01	2.60028e-08	
9951	2.59976e-08	
9952	2.59925e-08	
9953	2.59874e-08	
9954	2.59823e-08	
9955	2.59772e-08	
9956	2.59721e-08	
9957	2.5967e-08	
9958	2.59619e-08	
9959	2.59568e-08	
9960	2.59517e-08	
9961	2.59466e-08	
9962	2.59416e-08	
9963	2.59365e-08	
9964	2.59314e-08	
9965	2.59263e-08	
9966	2.59212e-08	
9967	2.59161e-08	
9968	2.5911e-08	
9969	2.5906e-08	
9970	2.59009e-08	
9971	2.58958e-08	
9972	2.58907e-08	
9973	2.58856e-08	
9974	2.58806e-08	
9975	2.58755e-08	
9976	2.58704e-08	
9977	2.58654e-08	
9978	2.58603e-08	
9979	2.58552e-08	
9980	2.58502e-08	
9981	2.58451e-08	
9982	2.584e-08	
9983	2.5835e-08	
9984	2.58299e-08	
9985	2.58248e-08	
9986	2.58198e-08	
9987	2.58147e-08	
9988	2.58097e-08	
9989	2.58046e-08	
9990	2.57996e-08	
9991	2.57945e-08	
9992	2.57895e-08	
9993	2.57844e-08	
9994	2.57794e-08	
9995	2.57744e-08	
9996	2.57693e-08	
9997	2.57643e-08	
9998	2.57592e-08	
9999	2.57542e-08	
